TimeQuest Timing Analyzer report for keypad_freq_sel_module
Fri Dec 26 17:23:51 2025
Quartus II 64-Bit Version 13.0.1 Build 232 06/12/2013 Service Pack 1 SJ Web Edition


---------------------
; Table of Contents ;
---------------------
  1. Legal Notice
  2. TimeQuest Timing Analyzer Summary
  3. Parallel Compilation
  4. Clocks
  5. Slow Model Fmax Summary
  6. Slow Model Setup Summary
  7. Slow Model Hold Summary
  8. Slow Model Recovery Summary
  9. Slow Model Removal Summary
 10. Slow Model Minimum Pulse Width Summary
 11. Slow Model Setup: 'CLOCK_50'
 12. Slow Model Hold: 'CLOCK_50'
 13. Slow Model Minimum Pulse Width: 'CLOCK_50'
 14. Setup Times
 15. Hold Times
 16. Clock to Output Times
 17. Minimum Clock to Output Times
 18. Fast Model Setup Summary
 19. Fast Model Hold Summary
 20. Fast Model Recovery Summary
 21. Fast Model Removal Summary
 22. Fast Model Minimum Pulse Width Summary
 23. Fast Model Setup: 'CLOCK_50'
 24. Fast Model Hold: 'CLOCK_50'
 25. Fast Model Minimum Pulse Width: 'CLOCK_50'
 26. Setup Times
 27. Hold Times
 28. Clock to Output Times
 29. Minimum Clock to Output Times
 30. Multicorner Timing Analysis Summary
 31. Setup Times
 32. Hold Times
 33. Clock to Output Times
 34. Minimum Clock to Output Times
 35. Setup Transfers
 36. Hold Transfers
 37. Report TCCS
 38. Report RSKM
 39. Unconstrained Paths
 40. TimeQuest Timing Analyzer Messages



----------------
; Legal Notice ;
----------------
Copyright (C) 1991-2013 Altera Corporation
Your use of Altera Corporation's design tools, logic functions 
and other software and tools, and its AMPP partner logic 
functions, and any output files from any of the foregoing 
(including device programming or simulation files), and any 
associated documentation or information are expressly subject 
to the terms and conditions of the Altera Program License 
Subscription Agreement, Altera MegaCore Function License 
Agreement, or other applicable license agreement, including, 
without limitation, that your use is for the sole purpose of 
programming logic devices manufactured by Altera and sold by 
Altera or its authorized distributors.  Please refer to the 
applicable agreement for further details.



+----------------------------------------------------------------------------------------+
; TimeQuest Timing Analyzer Summary                                                      ;
+--------------------+-------------------------------------------------------------------+
; Quartus II Version ; Version 13.0.1 Build 232 06/12/2013 Service Pack 1 SJ Web Edition ;
; Revision Name      ; keypad_freq_sel_module                                            ;
; Device Family      ; Cyclone II                                                        ;
; Device Name        ; EP2C35F672C6                                                      ;
; Timing Models      ; Final                                                             ;
; Delay Model        ; Combined                                                          ;
; Rise/Fall Delays   ; Unavailable                                                       ;
+--------------------+-------------------------------------------------------------------+


Parallel compilation was disabled, but you have multiple processors available. Enable parallel compilation to reduce compilation time.
+-------------------------------------+
; Parallel Compilation                ;
+----------------------------+--------+
; Processors                 ; Number ;
+----------------------------+--------+
; Number detected on machine ; 12     ;
; Maximum allowed            ; 1      ;
+----------------------------+--------+


+--------------------------------------------------------------------------------------------------------------------------------------------------------------------------------------+
; Clocks                                                                                                                                                                               ;
+------------+------+--------+------------+-------+-------+------------+-----------+-------------+-------+--------+-----------+------------+----------+--------+--------+--------------+
; Clock Name ; Type ; Period ; Frequency  ; Rise  ; Fall  ; Duty Cycle ; Divide by ; Multiply by ; Phase ; Offset ; Edge List ; Edge Shift ; Inverted ; Master ; Source ; Targets      ;
+------------+------+--------+------------+-------+-------+------------+-----------+-------------+-------+--------+-----------+------------+----------+--------+--------+--------------+
; CLOCK_50   ; Base ; 1.000  ; 1000.0 MHz ; 0.000 ; 0.500 ;            ;           ;             ;       ;        ;           ;            ;          ;        ;        ; { CLOCK_50 } ;
+------------+------+--------+------------+-------+-------+------------+-----------+-------------+-------+--------+-----------+------------+----------+--------+--------+--------------+


+------------------------------------------------+
; Slow Model Fmax Summary                        ;
+----------+-----------------+------------+------+
; Fmax     ; Restricted Fmax ; Clock Name ; Note ;
+----------+-----------------+------------+------+
; 79.9 MHz ; 79.9 MHz        ; CLOCK_50   ;      ;
+----------+-----------------+------------+------+
This panel reports FMAX for every clock in the design, regardless of the user-specified clock periods.  FMAX is only computed for paths where the source and destination registers or ports are driven by the same clock.  Paths of different clocks, including generated clocks, are ignored.  For paths between a clock and its inversion, FMAX is computed as if the rising and falling edges are scaled along with FMAX, such that the duty cycle (in terms of a percentage) is maintained. Altera recommends that you always use clock constraints and other slack reports for sign-off analysis.


+------------------------------------+
; Slow Model Setup Summary           ;
+----------+---------+---------------+
; Clock    ; Slack   ; End Point TNS ;
+----------+---------+---------------+
; CLOCK_50 ; -11.515 ; -5696.762     ;
+----------+---------+---------------+


+----------------------------------+
; Slow Model Hold Summary          ;
+----------+-------+---------------+
; Clock    ; Slack ; End Point TNS ;
+----------+-------+---------------+
; CLOCK_50 ; 0.391 ; 0.000         ;
+----------+-------+---------------+


-------------------------------
; Slow Model Recovery Summary ;
-------------------------------
No paths to report.


------------------------------
; Slow Model Removal Summary ;
------------------------------
No paths to report.


+----------------------------------------+
; Slow Model Minimum Pulse Width Summary ;
+----------+--------+--------------------+
; Clock    ; Slack  ; End Point TNS      ;
+----------+--------+--------------------+
; CLOCK_50 ; -1.423 ; -1827.078          ;
+----------+--------+--------------------+


+------------------------------------------------------------------------------------------------------------------------------------------------------------------------------------------------------------------------------------------------------------------------------------+
; Slow Model Setup: 'CLOCK_50'                                                                                                                                                                                                                                                       ;
+---------+------------------------------------------------------------------------------------------+---------------------------------------------------------------------------------------------------------+--------------+-------------+--------------+------------+------------+
; Slack   ; From Node                                                                                ; To Node                                                                                                 ; Launch Clock ; Latch Clock ; Relationship ; Clock Skew ; Data Delay ;
+---------+------------------------------------------------------------------------------------------+---------------------------------------------------------------------------------------------------------+--------------+-------------+--------------+------------+------------+
; -11.515 ; keypad_freq_sel_module:inst1|DDFS_frequency_converter:DDFS_freq_conv_inst|final_freq[1]  ; keypad_freq_sel_module:inst1|DDFS_frequency_converter:DDFS_freq_conv_inst|mult_1000000[42]              ; CLOCK_50     ; CLOCK_50    ; 1.000        ; 0.037      ; 12.505     ;
; -11.490 ; keypad_freq_sel_module:inst1|DDFS_frequency_converter:DDFS_freq_conv_inst|final_freq[1]  ; keypad_freq_sel_module:inst1|DDFS_frequency_converter:DDFS_freq_conv_inst|mult_1000000[43]              ; CLOCK_50     ; CLOCK_50    ; 1.000        ; 0.037      ; 12.480     ;
; -11.479 ; keypad_freq_sel_module:inst1|DDFS_frequency_converter:DDFS_freq_conv_inst|final_freq[1]  ; keypad_freq_sel_module:inst1|DDFS_frequency_converter:DDFS_freq_conv_inst|mult_1000000[40]              ; CLOCK_50     ; CLOCK_50    ; 1.000        ; 0.037      ; 12.469     ;
; -11.399 ; keypad_freq_sel_module:inst1|DDFS_frequency_converter:DDFS_freq_conv_inst|final_freq[1]  ; keypad_freq_sel_module:inst1|DDFS_frequency_converter:DDFS_freq_conv_inst|mult_1000000[34]~_Duplicate_1 ; CLOCK_50     ; CLOCK_50    ; 1.000        ; 0.018      ; 12.370     ;
; -11.360 ; keypad_freq_sel_module:inst1|DDFS_frequency_converter:DDFS_freq_conv_inst|final_freq[1]  ; keypad_freq_sel_module:inst1|DDFS_frequency_converter:DDFS_freq_conv_inst|mult_1000000[41]              ; CLOCK_50     ; CLOCK_50    ; 1.000        ; 0.037      ; 12.350     ;
; -11.332 ; keypad_freq_sel_module:inst1|DDFS_frequency_converter:DDFS_freq_conv_inst|final_freq[3]  ; keypad_freq_sel_module:inst1|DDFS_frequency_converter:DDFS_freq_conv_inst|mult_1000000[42]              ; CLOCK_50     ; CLOCK_50    ; 1.000        ; 0.037      ; 12.322     ;
; -11.326 ; keypad_freq_sel_module:inst1|DDFS_frequency_converter:DDFS_freq_conv_inst|final_freq[1]  ; keypad_freq_sel_module:inst1|DDFS_frequency_converter:DDFS_freq_conv_inst|mult_1000000[35]~_Duplicate_1 ; CLOCK_50     ; CLOCK_50    ; 1.000        ; 0.018      ; 12.297     ;
; -11.307 ; keypad_freq_sel_module:inst1|DDFS_frequency_converter:DDFS_freq_conv_inst|final_freq[3]  ; keypad_freq_sel_module:inst1|DDFS_frequency_converter:DDFS_freq_conv_inst|mult_1000000[43]              ; CLOCK_50     ; CLOCK_50    ; 1.000        ; 0.037      ; 12.297     ;
; -11.296 ; keypad_freq_sel_module:inst1|DDFS_frequency_converter:DDFS_freq_conv_inst|final_freq[3]  ; keypad_freq_sel_module:inst1|DDFS_frequency_converter:DDFS_freq_conv_inst|mult_1000000[40]              ; CLOCK_50     ; CLOCK_50    ; 1.000        ; 0.037      ; 12.286     ;
; -11.279 ; keypad_freq_sel_module:inst1|DDFS_frequency_converter:DDFS_freq_conv_inst|final_freq[0]  ; keypad_freq_sel_module:inst1|DDFS_frequency_converter:DDFS_freq_conv_inst|mult_1000000[42]              ; CLOCK_50     ; CLOCK_50    ; 1.000        ; 0.037      ; 12.269     ;
; -11.270 ; keypad_freq_sel_module:inst1|DDFS_frequency_converter:DDFS_freq_conv_inst|final_freq[1]  ; keypad_freq_sel_module:inst1|DDFS_frequency_converter:DDFS_freq_conv_inst|mult_1000000[35]              ; CLOCK_50     ; CLOCK_50    ; 1.000        ; 0.041      ; 12.264     ;
; -11.254 ; keypad_freq_sel_module:inst1|DDFS_frequency_converter:DDFS_freq_conv_inst|final_freq[0]  ; keypad_freq_sel_module:inst1|DDFS_frequency_converter:DDFS_freq_conv_inst|mult_1000000[43]              ; CLOCK_50     ; CLOCK_50    ; 1.000        ; 0.037      ; 12.244     ;
; -11.250 ; keypad_freq_sel_module:inst1|DDFS_frequency_converter:DDFS_freq_conv_inst|final_freq[10] ; keypad_freq_sel_module:inst1|DDFS_frequency_converter:DDFS_freq_conv_inst|mult_1000000[42]              ; CLOCK_50     ; CLOCK_50    ; 1.000        ; 0.037      ; 12.240     ;
; -11.243 ; keypad_freq_sel_module:inst1|DDFS_frequency_converter:DDFS_freq_conv_inst|final_freq[2]  ; keypad_freq_sel_module:inst1|DDFS_frequency_converter:DDFS_freq_conv_inst|mult_1000000[42]              ; CLOCK_50     ; CLOCK_50    ; 1.000        ; 0.037      ; 12.233     ;
; -11.243 ; keypad_freq_sel_module:inst1|DDFS_frequency_converter:DDFS_freq_conv_inst|final_freq[0]  ; keypad_freq_sel_module:inst1|DDFS_frequency_converter:DDFS_freq_conv_inst|mult_1000000[40]              ; CLOCK_50     ; CLOCK_50    ; 1.000        ; 0.037      ; 12.233     ;
; -11.225 ; keypad_freq_sel_module:inst1|DDFS_frequency_converter:DDFS_freq_conv_inst|final_freq[10] ; keypad_freq_sel_module:inst1|DDFS_frequency_converter:DDFS_freq_conv_inst|mult_1000000[43]              ; CLOCK_50     ; CLOCK_50    ; 1.000        ; 0.037      ; 12.215     ;
; -11.218 ; keypad_freq_sel_module:inst1|DDFS_frequency_converter:DDFS_freq_conv_inst|final_freq[2]  ; keypad_freq_sel_module:inst1|DDFS_frequency_converter:DDFS_freq_conv_inst|mult_1000000[43]              ; CLOCK_50     ; CLOCK_50    ; 1.000        ; 0.037      ; 12.208     ;
; -11.216 ; keypad_freq_sel_module:inst1|DDFS_frequency_converter:DDFS_freq_conv_inst|final_freq[3]  ; keypad_freq_sel_module:inst1|DDFS_frequency_converter:DDFS_freq_conv_inst|mult_1000000[34]~_Duplicate_1 ; CLOCK_50     ; CLOCK_50    ; 1.000        ; 0.018      ; 12.187     ;
; -11.214 ; keypad_freq_sel_module:inst1|DDFS_frequency_converter:DDFS_freq_conv_inst|final_freq[10] ; keypad_freq_sel_module:inst1|DDFS_frequency_converter:DDFS_freq_conv_inst|mult_1000000[40]              ; CLOCK_50     ; CLOCK_50    ; 1.000        ; 0.037      ; 12.204     ;
; -11.207 ; keypad_freq_sel_module:inst1|DDFS_frequency_converter:DDFS_freq_conv_inst|final_freq[2]  ; keypad_freq_sel_module:inst1|DDFS_frequency_converter:DDFS_freq_conv_inst|mult_1000000[40]              ; CLOCK_50     ; CLOCK_50    ; 1.000        ; 0.037      ; 12.197     ;
; -11.177 ; keypad_freq_sel_module:inst1|DDFS_frequency_converter:DDFS_freq_conv_inst|final_freq[3]  ; keypad_freq_sel_module:inst1|DDFS_frequency_converter:DDFS_freq_conv_inst|mult_1000000[41]              ; CLOCK_50     ; CLOCK_50    ; 1.000        ; 0.037      ; 12.167     ;
; -11.163 ; keypad_freq_sel_module:inst1|DDFS_frequency_converter:DDFS_freq_conv_inst|final_freq[0]  ; keypad_freq_sel_module:inst1|DDFS_frequency_converter:DDFS_freq_conv_inst|mult_1000000[34]~_Duplicate_1 ; CLOCK_50     ; CLOCK_50    ; 1.000        ; 0.018      ; 12.134     ;
; -11.144 ; keypad_freq_sel_module:inst1|DDFS_frequency_converter:DDFS_freq_conv_inst|final_freq[1]  ; keypad_freq_sel_module:inst1|DDFS_frequency_converter:DDFS_freq_conv_inst|mult_1000000[38]              ; CLOCK_50     ; CLOCK_50    ; 1.000        ; 0.037      ; 12.134     ;
; -11.143 ; keypad_freq_sel_module:inst1|DDFS_frequency_converter:DDFS_freq_conv_inst|final_freq[3]  ; keypad_freq_sel_module:inst1|DDFS_frequency_converter:DDFS_freq_conv_inst|mult_1000000[35]~_Duplicate_1 ; CLOCK_50     ; CLOCK_50    ; 1.000        ; 0.018      ; 12.114     ;
; -11.131 ; keypad_freq_sel_module:inst1|DDFS_frequency_converter:DDFS_freq_conv_inst|final_freq[1]  ; keypad_freq_sel_module:inst1|DDFS_frequency_converter:DDFS_freq_conv_inst|mult_1000000[33]~_Duplicate_1 ; CLOCK_50     ; CLOCK_50    ; 1.000        ; 0.018      ; 12.102     ;
; -11.127 ; keypad_freq_sel_module:inst1|DDFS_frequency_converter:DDFS_freq_conv_inst|final_freq[2]  ; keypad_freq_sel_module:inst1|DDFS_frequency_converter:DDFS_freq_conv_inst|mult_1000000[34]~_Duplicate_1 ; CLOCK_50     ; CLOCK_50    ; 1.000        ; 0.018      ; 12.098     ;
; -11.124 ; keypad_freq_sel_module:inst1|DDFS_frequency_converter:DDFS_freq_conv_inst|final_freq[0]  ; keypad_freq_sel_module:inst1|DDFS_frequency_converter:DDFS_freq_conv_inst|mult_1000000[41]              ; CLOCK_50     ; CLOCK_50    ; 1.000        ; 0.037      ; 12.114     ;
; -11.095 ; keypad_freq_sel_module:inst1|DDFS_frequency_converter:DDFS_freq_conv_inst|final_freq[10] ; keypad_freq_sel_module:inst1|DDFS_frequency_converter:DDFS_freq_conv_inst|mult_1000000[41]              ; CLOCK_50     ; CLOCK_50    ; 1.000        ; 0.037      ; 12.085     ;
; -11.090 ; keypad_freq_sel_module:inst1|DDFS_frequency_converter:DDFS_freq_conv_inst|final_freq[0]  ; keypad_freq_sel_module:inst1|DDFS_frequency_converter:DDFS_freq_conv_inst|mult_1000000[35]~_Duplicate_1 ; CLOCK_50     ; CLOCK_50    ; 1.000        ; 0.018      ; 12.061     ;
; -11.089 ; keypad_freq_sel_module:inst1|DDFS_frequency_converter:DDFS_freq_conv_inst|final_freq[1]  ; keypad_freq_sel_module:inst1|DDFS_frequency_converter:DDFS_freq_conv_inst|mult_1000000[39]              ; CLOCK_50     ; CLOCK_50    ; 1.000        ; 0.037      ; 12.079     ;
; -11.088 ; keypad_freq_sel_module:inst1|DDFS_frequency_converter:DDFS_freq_conv_inst|final_freq[2]  ; keypad_freq_sel_module:inst1|DDFS_frequency_converter:DDFS_freq_conv_inst|mult_1000000[41]              ; CLOCK_50     ; CLOCK_50    ; 1.000        ; 0.037      ; 12.078     ;
; -11.087 ; keypad_freq_sel_module:inst1|DDFS_frequency_converter:DDFS_freq_conv_inst|final_freq[3]  ; keypad_freq_sel_module:inst1|DDFS_frequency_converter:DDFS_freq_conv_inst|mult_1000000[35]              ; CLOCK_50     ; CLOCK_50    ; 1.000        ; 0.041      ; 12.081     ;
; -11.073 ; keypad_freq_sel_module:inst1|DDFS_frequency_converter:DDFS_freq_conv_inst|final_freq[4]  ; keypad_freq_sel_module:inst1|DDFS_frequency_converter:DDFS_freq_conv_inst|mult_1000000[42]              ; CLOCK_50     ; CLOCK_50    ; 1.000        ; 0.037      ; 12.063     ;
; -11.064 ; keypad_freq_sel_module:inst1|DDFS_frequency_converter:DDFS_freq_conv_inst|final_freq[1]  ; keypad_freq_sel_module:inst1|DDFS_frequency_converter:DDFS_freq_conv_inst|mult_1000000[36]              ; CLOCK_50     ; CLOCK_50    ; 1.000        ; 0.037      ; 12.054     ;
; -11.054 ; keypad_freq_sel_module:inst1|DDFS_frequency_converter:DDFS_freq_conv_inst|final_freq[2]  ; keypad_freq_sel_module:inst1|DDFS_frequency_converter:DDFS_freq_conv_inst|mult_1000000[35]~_Duplicate_1 ; CLOCK_50     ; CLOCK_50    ; 1.000        ; 0.018      ; 12.025     ;
; -11.052 ; keypad_freq_sel_module:inst1|DDFS_frequency_converter:DDFS_freq_conv_inst|final_freq[1]  ; keypad_freq_sel_module:inst1|DDFS_frequency_converter:DDFS_freq_conv_inst|mult_1000000[34]              ; CLOCK_50     ; CLOCK_50    ; 1.000        ; 0.041      ; 12.046     ;
; -11.051 ; keypad_freq_sel_module:inst1|DDFS_frequency_converter:DDFS_freq_conv_inst|final_freq[1]  ; keypad_freq_sel_module:inst1|DDFS_frequency_converter:DDFS_freq_conv_inst|mult_1000000[32]~_Duplicate_1 ; CLOCK_50     ; CLOCK_50    ; 1.000        ; 0.018      ; 12.022     ;
; -11.048 ; keypad_freq_sel_module:inst1|DDFS_frequency_converter:DDFS_freq_conv_inst|final_freq[4]  ; keypad_freq_sel_module:inst1|DDFS_frequency_converter:DDFS_freq_conv_inst|mult_1000000[43]              ; CLOCK_50     ; CLOCK_50    ; 1.000        ; 0.037      ; 12.038     ;
; -11.037 ; keypad_freq_sel_module:inst1|DDFS_frequency_converter:DDFS_freq_conv_inst|final_freq[4]  ; keypad_freq_sel_module:inst1|DDFS_frequency_converter:DDFS_freq_conv_inst|mult_1000000[40]              ; CLOCK_50     ; CLOCK_50    ; 1.000        ; 0.037      ; 12.027     ;
; -11.034 ; keypad_freq_sel_module:inst1|DDFS_frequency_converter:DDFS_freq_conv_inst|final_freq[0]  ; keypad_freq_sel_module:inst1|DDFS_frequency_converter:DDFS_freq_conv_inst|mult_1000000[35]              ; CLOCK_50     ; CLOCK_50    ; 1.000        ; 0.041      ; 12.028     ;
; -11.023 ; keypad_freq_sel_module:inst1|DDFS_frequency_converter:DDFS_freq_conv_inst|final_freq[6]  ; keypad_freq_sel_module:inst1|DDFS_frequency_converter:DDFS_freq_conv_inst|mult_1000000[42]              ; CLOCK_50     ; CLOCK_50    ; 1.000        ; 0.037      ; 12.013     ;
; -10.998 ; keypad_freq_sel_module:inst1|DDFS_frequency_converter:DDFS_freq_conv_inst|final_freq[6]  ; keypad_freq_sel_module:inst1|DDFS_frequency_converter:DDFS_freq_conv_inst|mult_1000000[43]              ; CLOCK_50     ; CLOCK_50    ; 1.000        ; 0.037      ; 11.988     ;
; -10.998 ; keypad_freq_sel_module:inst1|DDFS_frequency_converter:DDFS_freq_conv_inst|final_freq[2]  ; keypad_freq_sel_module:inst1|DDFS_frequency_converter:DDFS_freq_conv_inst|mult_1000000[35]              ; CLOCK_50     ; CLOCK_50    ; 1.000        ; 0.041      ; 11.992     ;
; -10.987 ; keypad_freq_sel_module:inst1|DDFS_frequency_converter:DDFS_freq_conv_inst|final_freq[6]  ; keypad_freq_sel_module:inst1|DDFS_frequency_converter:DDFS_freq_conv_inst|mult_1000000[40]              ; CLOCK_50     ; CLOCK_50    ; 1.000        ; 0.037      ; 11.977     ;
; -10.961 ; keypad_freq_sel_module:inst1|DDFS_frequency_converter:DDFS_freq_conv_inst|final_freq[3]  ; keypad_freq_sel_module:inst1|DDFS_frequency_converter:DDFS_freq_conv_inst|mult_1000000[38]              ; CLOCK_50     ; CLOCK_50    ; 1.000        ; 0.037      ; 11.951     ;
; -10.957 ; keypad_freq_sel_module:inst1|DDFS_frequency_converter:DDFS_freq_conv_inst|final_freq[4]  ; keypad_freq_sel_module:inst1|DDFS_frequency_converter:DDFS_freq_conv_inst|mult_1000000[34]~_Duplicate_1 ; CLOCK_50     ; CLOCK_50    ; 1.000        ; 0.018      ; 11.928     ;
; -10.955 ; keypad_freq_sel_module:inst1|DDFS_frequency_converter:DDFS_freq_conv_inst|final_freq[1]  ; keypad_freq_sel_module:inst1|DDFS_frequency_converter:DDFS_freq_conv_inst|mult_1000000[31]~_Duplicate_1 ; CLOCK_50     ; CLOCK_50    ; 1.000        ; 0.018      ; 11.926     ;
; -10.948 ; keypad_freq_sel_module:inst1|DDFS_frequency_converter:DDFS_freq_conv_inst|final_freq[3]  ; keypad_freq_sel_module:inst1|DDFS_frequency_converter:DDFS_freq_conv_inst|mult_1000000[33]~_Duplicate_1 ; CLOCK_50     ; CLOCK_50    ; 1.000        ; 0.018      ; 11.919     ;
; -10.937 ; keypad_freq_sel_module:inst1|DDFS_frequency_converter:DDFS_freq_conv_inst|final_freq[1]  ; keypad_freq_sel_module:inst1|DDFS_frequency_converter:DDFS_freq_conv_inst|mult_1000000[37]              ; CLOCK_50     ; CLOCK_50    ; 1.000        ; 0.037      ; 11.927     ;
; -10.918 ; keypad_freq_sel_module:inst1|DDFS_frequency_converter:DDFS_freq_conv_inst|final_freq[4]  ; keypad_freq_sel_module:inst1|DDFS_frequency_converter:DDFS_freq_conv_inst|mult_1000000[41]              ; CLOCK_50     ; CLOCK_50    ; 1.000        ; 0.037      ; 11.908     ;
; -10.916 ; keypad_freq_sel_module:inst1|DDFS_frequency_converter:DDFS_freq_conv_inst|final_freq[5]  ; keypad_freq_sel_module:inst1|DDFS_frequency_converter:DDFS_freq_conv_inst|mult_1000000[42]              ; CLOCK_50     ; CLOCK_50    ; 1.000        ; 0.037      ; 11.906     ;
; -10.908 ; keypad_freq_sel_module:inst1|DDFS_frequency_converter:DDFS_freq_conv_inst|final_freq[0]  ; keypad_freq_sel_module:inst1|DDFS_frequency_converter:DDFS_freq_conv_inst|mult_1000000[38]              ; CLOCK_50     ; CLOCK_50    ; 1.000        ; 0.037      ; 11.898     ;
; -10.907 ; keypad_freq_sel_module:inst1|DDFS_frequency_converter:DDFS_freq_conv_inst|final_freq[6]  ; keypad_freq_sel_module:inst1|DDFS_frequency_converter:DDFS_freq_conv_inst|mult_1000000[34]~_Duplicate_1 ; CLOCK_50     ; CLOCK_50    ; 1.000        ; 0.018      ; 11.878     ;
; -10.906 ; keypad_freq_sel_module:inst1|DDFS_frequency_converter:DDFS_freq_conv_inst|final_freq[3]  ; keypad_freq_sel_module:inst1|DDFS_frequency_converter:DDFS_freq_conv_inst|mult_1000000[39]              ; CLOCK_50     ; CLOCK_50    ; 1.000        ; 0.037      ; 11.896     ;
; -10.895 ; keypad_freq_sel_module:inst1|DDFS_frequency_converter:DDFS_freq_conv_inst|final_freq[0]  ; keypad_freq_sel_module:inst1|DDFS_frequency_converter:DDFS_freq_conv_inst|mult_1000000[33]~_Duplicate_1 ; CLOCK_50     ; CLOCK_50    ; 1.000        ; 0.018      ; 11.866     ;
; -10.891 ; keypad_freq_sel_module:inst1|DDFS_frequency_converter:DDFS_freq_conv_inst|final_freq[5]  ; keypad_freq_sel_module:inst1|DDFS_frequency_converter:DDFS_freq_conv_inst|mult_1000000[43]              ; CLOCK_50     ; CLOCK_50    ; 1.000        ; 0.037      ; 11.881     ;
; -10.884 ; keypad_freq_sel_module:inst1|DDFS_frequency_converter:DDFS_freq_conv_inst|final_freq[4]  ; keypad_freq_sel_module:inst1|DDFS_frequency_converter:DDFS_freq_conv_inst|mult_1000000[35]~_Duplicate_1 ; CLOCK_50     ; CLOCK_50    ; 1.000        ; 0.018      ; 11.855     ;
; -10.881 ; keypad_freq_sel_module:inst1|DDFS_frequency_converter:DDFS_freq_conv_inst|final_freq[3]  ; keypad_freq_sel_module:inst1|DDFS_frequency_converter:DDFS_freq_conv_inst|mult_1000000[36]              ; CLOCK_50     ; CLOCK_50    ; 1.000        ; 0.037      ; 11.871     ;
; -10.880 ; keypad_freq_sel_module:inst1|DDFS_frequency_converter:DDFS_freq_conv_inst|final_freq[5]  ; keypad_freq_sel_module:inst1|DDFS_frequency_converter:DDFS_freq_conv_inst|mult_1000000[40]              ; CLOCK_50     ; CLOCK_50    ; 1.000        ; 0.037      ; 11.870     ;
; -10.872 ; keypad_freq_sel_module:inst1|DDFS_frequency_converter:DDFS_freq_conv_inst|final_freq[2]  ; keypad_freq_sel_module:inst1|DDFS_frequency_converter:DDFS_freq_conv_inst|mult_1000000[38]              ; CLOCK_50     ; CLOCK_50    ; 1.000        ; 0.037      ; 11.862     ;
; -10.869 ; keypad_freq_sel_module:inst1|DDFS_frequency_converter:DDFS_freq_conv_inst|final_freq[3]  ; keypad_freq_sel_module:inst1|DDFS_frequency_converter:DDFS_freq_conv_inst|mult_1000000[34]              ; CLOCK_50     ; CLOCK_50    ; 1.000        ; 0.041      ; 11.863     ;
; -10.868 ; keypad_freq_sel_module:inst1|DDFS_frequency_converter:DDFS_freq_conv_inst|final_freq[6]  ; keypad_freq_sel_module:inst1|DDFS_frequency_converter:DDFS_freq_conv_inst|mult_1000000[41]              ; CLOCK_50     ; CLOCK_50    ; 1.000        ; 0.037      ; 11.858     ;
; -10.868 ; keypad_freq_sel_module:inst1|DDFS_frequency_converter:DDFS_freq_conv_inst|final_freq[3]  ; keypad_freq_sel_module:inst1|DDFS_frequency_converter:DDFS_freq_conv_inst|mult_1000000[32]~_Duplicate_1 ; CLOCK_50     ; CLOCK_50    ; 1.000        ; 0.018      ; 11.839     ;
; -10.859 ; keypad_freq_sel_module:inst1|DDFS_frequency_converter:DDFS_freq_conv_inst|final_freq[2]  ; keypad_freq_sel_module:inst1|DDFS_frequency_converter:DDFS_freq_conv_inst|mult_1000000[33]~_Duplicate_1 ; CLOCK_50     ; CLOCK_50    ; 1.000        ; 0.018      ; 11.830     ;
; -10.858 ; keypad_freq_sel_module:inst1|DDFS_frequency_converter:DDFS_freq_conv_inst|final_freq[1]  ; keypad_freq_sel_module:inst1|DDFS_frequency_converter:DDFS_freq_conv_inst|mult_1000000[30]~_Duplicate_1 ; CLOCK_50     ; CLOCK_50    ; 1.000        ; 0.018      ; 11.829     ;
; -10.854 ; keypad_freq_sel_module:inst1|DDFS_frequency_converter:DDFS_freq_conv_inst|final_freq[10] ; keypad_freq_sel_module:inst1|DDFS_frequency_converter:DDFS_freq_conv_inst|mult_1000000[34]~_Duplicate_1 ; CLOCK_50     ; CLOCK_50    ; 1.000        ; 0.018      ; 11.825     ;
; -10.853 ; keypad_freq_sel_module:inst1|DDFS_frequency_converter:DDFS_freq_conv_inst|final_freq[0]  ; keypad_freq_sel_module:inst1|DDFS_frequency_converter:DDFS_freq_conv_inst|mult_1000000[39]              ; CLOCK_50     ; CLOCK_50    ; 1.000        ; 0.037      ; 11.843     ;
; -10.834 ; keypad_freq_sel_module:inst1|DDFS_frequency_converter:DDFS_freq_conv_inst|final_freq[6]  ; keypad_freq_sel_module:inst1|DDFS_frequency_converter:DDFS_freq_conv_inst|mult_1000000[35]~_Duplicate_1 ; CLOCK_50     ; CLOCK_50    ; 1.000        ; 0.018      ; 11.805     ;
; -10.828 ; keypad_freq_sel_module:inst1|DDFS_frequency_converter:DDFS_freq_conv_inst|final_freq[4]  ; keypad_freq_sel_module:inst1|DDFS_frequency_converter:DDFS_freq_conv_inst|mult_1000000[35]              ; CLOCK_50     ; CLOCK_50    ; 1.000        ; 0.041      ; 11.822     ;
; -10.828 ; keypad_freq_sel_module:inst1|DDFS_frequency_converter:DDFS_freq_conv_inst|final_freq[0]  ; keypad_freq_sel_module:inst1|DDFS_frequency_converter:DDFS_freq_conv_inst|mult_1000000[36]              ; CLOCK_50     ; CLOCK_50    ; 1.000        ; 0.037      ; 11.818     ;
; -10.824 ; keypad_freq_sel_module:inst1|DDFS_frequency_converter:DDFS_freq_conv_inst|final_freq[10] ; keypad_freq_sel_module:inst1|DDFS_frequency_converter:DDFS_freq_conv_inst|mult_1000000[39]              ; CLOCK_50     ; CLOCK_50    ; 1.000        ; 0.037      ; 11.814     ;
; -10.819 ; keypad_freq_sel_module:inst1|DDFS_frequency_converter:DDFS_freq_conv_inst|final_freq[1]  ; keypad_freq_sel_module:inst1|DDFS_frequency_converter:DDFS_freq_conv_inst|mult_1000[30]                 ; CLOCK_50     ; CLOCK_50    ; 1.000        ; 0.046      ; 11.818     ;
; -10.817 ; keypad_freq_sel_module:inst1|DDFS_frequency_converter:DDFS_freq_conv_inst|final_freq[2]  ; keypad_freq_sel_module:inst1|DDFS_frequency_converter:DDFS_freq_conv_inst|mult_1000000[39]              ; CLOCK_50     ; CLOCK_50    ; 1.000        ; 0.037      ; 11.807     ;
; -10.816 ; keypad_freq_sel_module:inst1|DDFS_frequency_converter:DDFS_freq_conv_inst|final_freq[0]  ; keypad_freq_sel_module:inst1|DDFS_frequency_converter:DDFS_freq_conv_inst|mult_1000000[34]              ; CLOCK_50     ; CLOCK_50    ; 1.000        ; 0.041      ; 11.810     ;
; -10.815 ; keypad_freq_sel_module:inst1|DDFS_frequency_converter:DDFS_freq_conv_inst|final_freq[0]  ; keypad_freq_sel_module:inst1|DDFS_frequency_converter:DDFS_freq_conv_inst|mult_1000000[32]~_Duplicate_1 ; CLOCK_50     ; CLOCK_50    ; 1.000        ; 0.018      ; 11.786     ;
; -10.800 ; keypad_freq_sel_module:inst1|DDFS_frequency_converter:DDFS_freq_conv_inst|final_freq[1]  ; keypad_freq_sel_module:inst1|DDFS_frequency_converter:DDFS_freq_conv_inst|mult_100000[41]               ; CLOCK_50     ; CLOCK_50    ; 1.000        ; 0.044      ; 11.797     ;
; -10.800 ; keypad_freq_sel_module:inst1|DDFS_frequency_converter:DDFS_freq_conv_inst|final_freq[5]  ; keypad_freq_sel_module:inst1|DDFS_frequency_converter:DDFS_freq_conv_inst|mult_1000000[34]~_Duplicate_1 ; CLOCK_50     ; CLOCK_50    ; 1.000        ; 0.018      ; 11.771     ;
; -10.792 ; keypad_freq_sel_module:inst1|DDFS_frequency_converter:DDFS_freq_conv_inst|final_freq[2]  ; keypad_freq_sel_module:inst1|DDFS_frequency_converter:DDFS_freq_conv_inst|mult_1000000[36]              ; CLOCK_50     ; CLOCK_50    ; 1.000        ; 0.037      ; 11.782     ;
; -10.790 ; keypad_freq_sel_module:inst1|DDFS_frequency_converter:DDFS_freq_conv_inst|final_freq[1]  ; keypad_freq_sel_module:inst1|DDFS_frequency_converter:DDFS_freq_conv_inst|mult_1000000[33]              ; CLOCK_50     ; CLOCK_50    ; 1.000        ; 0.041      ; 11.784     ;
; -10.784 ; keypad_freq_sel_module:inst1|DDFS_frequency_converter:DDFS_freq_conv_inst|final_freq[10] ; keypad_freq_sel_module:inst1|DDFS_frequency_converter:DDFS_freq_conv_inst|mult_1000[30]                 ; CLOCK_50     ; CLOCK_50    ; 1.000        ; 0.046      ; 11.783     ;
; -10.781 ; keypad_freq_sel_module:inst1|DDFS_frequency_converter:DDFS_freq_conv_inst|final_freq[10] ; keypad_freq_sel_module:inst1|DDFS_frequency_converter:DDFS_freq_conv_inst|mult_1000000[35]~_Duplicate_1 ; CLOCK_50     ; CLOCK_50    ; 1.000        ; 0.018      ; 11.752     ;
; -10.780 ; keypad_freq_sel_module:inst1|DDFS_frequency_converter:DDFS_freq_conv_inst|final_freq[2]  ; keypad_freq_sel_module:inst1|DDFS_frequency_converter:DDFS_freq_conv_inst|mult_1000000[34]              ; CLOCK_50     ; CLOCK_50    ; 1.000        ; 0.041      ; 11.774     ;
; -10.779 ; keypad_freq_sel_module:inst1|DDFS_frequency_converter:DDFS_freq_conv_inst|final_freq[2]  ; keypad_freq_sel_module:inst1|DDFS_frequency_converter:DDFS_freq_conv_inst|mult_1000000[32]~_Duplicate_1 ; CLOCK_50     ; CLOCK_50    ; 1.000        ; 0.018      ; 11.750     ;
; -10.778 ; keypad_freq_sel_module:inst1|DDFS_frequency_converter:DDFS_freq_conv_inst|final_freq[6]  ; keypad_freq_sel_module:inst1|DDFS_frequency_converter:DDFS_freq_conv_inst|mult_1000000[35]              ; CLOCK_50     ; CLOCK_50    ; 1.000        ; 0.041      ; 11.772     ;
; -10.772 ; keypad_freq_sel_module:inst1|DDFS_frequency_converter:DDFS_freq_conv_inst|final_freq[3]  ; keypad_freq_sel_module:inst1|DDFS_frequency_converter:DDFS_freq_conv_inst|mult_1000000[31]~_Duplicate_1 ; CLOCK_50     ; CLOCK_50    ; 1.000        ; 0.018      ; 11.743     ;
; -10.764 ; keypad_freq_sel_module:inst1|DDFS_frequency_converter:DDFS_freq_conv_inst|final_freq[7]  ; keypad_freq_sel_module:inst1|DDFS_frequency_converter:DDFS_freq_conv_inst|mult_1000000[42]              ; CLOCK_50     ; CLOCK_50    ; 1.000        ; 0.037      ; 11.754     ;
; -10.761 ; keypad_freq_sel_module:inst1|DDFS_frequency_converter:DDFS_freq_conv_inst|final_freq[5]  ; keypad_freq_sel_module:inst1|DDFS_frequency_converter:DDFS_freq_conv_inst|mult_1000000[41]              ; CLOCK_50     ; CLOCK_50    ; 1.000        ; 0.037      ; 11.751     ;
; -10.754 ; keypad_freq_sel_module:inst1|DDFS_frequency_converter:DDFS_freq_conv_inst|final_freq[3]  ; keypad_freq_sel_module:inst1|DDFS_frequency_converter:DDFS_freq_conv_inst|mult_1000000[37]              ; CLOCK_50     ; CLOCK_50    ; 1.000        ; 0.037      ; 11.744     ;
; -10.753 ; keypad_freq_sel_module:inst1|DDFS_frequency_converter:DDFS_freq_conv_inst|final_freq[1]  ; keypad_freq_sel_module:inst1|DDFS_frequency_converter:DDFS_freq_conv_inst|mult_100000[42]               ; CLOCK_50     ; CLOCK_50    ; 1.000        ; 0.044      ; 11.750     ;
; -10.739 ; keypad_freq_sel_module:inst1|DDFS_frequency_converter:DDFS_freq_conv_inst|final_freq[7]  ; keypad_freq_sel_module:inst1|DDFS_frequency_converter:DDFS_freq_conv_inst|mult_1000000[43]              ; CLOCK_50     ; CLOCK_50    ; 1.000        ; 0.037      ; 11.729     ;
; -10.734 ; keypad_freq_sel_module:inst1|DDFS_frequency_converter:DDFS_freq_conv_inst|final_freq[1]  ; keypad_freq_sel_module:inst1|DDFS_frequency_converter:DDFS_freq_conv_inst|mult_100000[31]~_Duplicate_1  ; CLOCK_50     ; CLOCK_50    ; 1.000        ; 0.026      ; 11.713     ;
; -10.728 ; keypad_freq_sel_module:inst1|DDFS_frequency_converter:DDFS_freq_conv_inst|final_freq[7]  ; keypad_freq_sel_module:inst1|DDFS_frequency_converter:DDFS_freq_conv_inst|mult_1000000[40]              ; CLOCK_50     ; CLOCK_50    ; 1.000        ; 0.037      ; 11.718     ;
; -10.727 ; keypad_freq_sel_module:inst1|DDFS_frequency_converter:DDFS_freq_conv_inst|final_freq[5]  ; keypad_freq_sel_module:inst1|DDFS_frequency_converter:DDFS_freq_conv_inst|mult_1000000[35]~_Duplicate_1 ; CLOCK_50     ; CLOCK_50    ; 1.000        ; 0.018      ; 11.698     ;
; -10.725 ; keypad_freq_sel_module:inst1|DDFS_frequency_converter:DDFS_freq_conv_inst|final_freq[10] ; keypad_freq_sel_module:inst1|DDFS_frequency_converter:DDFS_freq_conv_inst|mult_1000000[35]              ; CLOCK_50     ; CLOCK_50    ; 1.000        ; 0.041      ; 11.719     ;
; -10.719 ; keypad_freq_sel_module:inst1|DDFS_frequency_converter:DDFS_freq_conv_inst|final_freq[0]  ; keypad_freq_sel_module:inst1|DDFS_frequency_converter:DDFS_freq_conv_inst|mult_1000000[31]~_Duplicate_1 ; CLOCK_50     ; CLOCK_50    ; 1.000        ; 0.018      ; 11.690     ;
; -10.718 ; keypad_freq_sel_module:inst1|DDFS_frequency_converter:DDFS_freq_conv_inst|final_freq[1]  ; keypad_freq_sel_module:inst1|DDFS_frequency_converter:DDFS_freq_conv_inst|mult_1000000[32]              ; CLOCK_50     ; CLOCK_50    ; 1.000        ; 0.041      ; 11.712     ;
; -10.703 ; keypad_freq_sel_module:inst1|DDFS_frequency_converter:DDFS_freq_conv_inst|final_freq[1]  ; keypad_freq_sel_module:inst1|DDFS_frequency_converter:DDFS_freq_conv_inst|mult_1000000[40]~_Duplicate_1 ; CLOCK_50     ; CLOCK_50    ; 1.000        ; -0.006     ; 11.733     ;
; -10.702 ; keypad_freq_sel_module:inst1|DDFS_frequency_converter:DDFS_freq_conv_inst|final_freq[4]  ; keypad_freq_sel_module:inst1|DDFS_frequency_converter:DDFS_freq_conv_inst|mult_1000000[38]              ; CLOCK_50     ; CLOCK_50    ; 1.000        ; 0.037      ; 11.692     ;
; -10.701 ; keypad_freq_sel_module:inst1|DDFS_frequency_converter:DDFS_freq_conv_inst|final_freq[1]  ; keypad_freq_sel_module:inst1|DDFS_frequency_converter:DDFS_freq_conv_inst|mult_100000[29]~_Duplicate_1  ; CLOCK_50     ; CLOCK_50    ; 1.000        ; 0.026      ; 11.680     ;
; -10.701 ; keypad_freq_sel_module:inst1|DDFS_frequency_converter:DDFS_freq_conv_inst|final_freq[0]  ; keypad_freq_sel_module:inst1|DDFS_frequency_converter:DDFS_freq_conv_inst|mult_1000000[37]              ; CLOCK_50     ; CLOCK_50    ; 1.000        ; 0.037      ; 11.691     ;
+---------+------------------------------------------------------------------------------------------+---------------------------------------------------------------------------------------------------------+--------------+-------------+--------------+------------+------------+


+-----------------------------------------------------------------------------------------------------------------------------------------------------------------------------------------------------------------------------------------------+
; Slow Model Hold: 'CLOCK_50'                                                                                                                                                                                                                   ;
+-------+-------------------------------------------------------------------------------+---------------------------------------------------------------------------------+--------------+-------------+--------------+------------+------------+
; Slack ; From Node                                                                     ; To Node                                                                         ; Launch Clock ; Latch Clock ; Relationship ; Clock Skew ; Data Delay ;
+-------+-------------------------------------------------------------------------------+---------------------------------------------------------------------------------+--------------+-------------+--------------+------------+------------+
; 0.391 ; keypad_freq_sel_module:inst1|keypad_module:keypad_mod_inst|data_valid         ; keypad_freq_sel_module:inst1|keypad_module:keypad_mod_inst|data_valid           ; CLOCK_50     ; CLOCK_50    ; 0.000        ; 0.000      ; 0.657      ;
; 0.391 ; keypad_freq_sel_module:inst1|keypad_module:keypad_mod_inst|tmp_out_keys[0]    ; keypad_freq_sel_module:inst1|keypad_module:keypad_mod_inst|tmp_out_keys[0]      ; CLOCK_50     ; CLOCK_50    ; 0.000        ; 0.000      ; 0.657      ;
; 0.391 ; keypad_freq_sel_module:inst1|keypad_module:keypad_mod_inst|tmp_out_keys[15]   ; keypad_freq_sel_module:inst1|keypad_module:keypad_mod_inst|tmp_out_keys[15]     ; CLOCK_50     ; CLOCK_50    ; 0.000        ; 0.000      ; 0.657      ;
; 0.391 ; keypad_freq_sel_module:inst1|keypad_module:keypad_mod_inst|tmp_out_keys[14]   ; keypad_freq_sel_module:inst1|keypad_module:keypad_mod_inst|tmp_out_keys[14]     ; CLOCK_50     ; CLOCK_50    ; 0.000        ; 0.000      ; 0.657      ;
; 0.391 ; keypad_freq_sel_module:inst1|keypad_module:keypad_mod_inst|tmp_out_keys[13]   ; keypad_freq_sel_module:inst1|keypad_module:keypad_mod_inst|tmp_out_keys[13]     ; CLOCK_50     ; CLOCK_50    ; 0.000        ; 0.000      ; 0.657      ;
; 0.391 ; keypad_freq_sel_module:inst1|keypad_module:keypad_mod_inst|tmp_out_keys[6]    ; keypad_freq_sel_module:inst1|keypad_module:keypad_mod_inst|tmp_out_keys[6]      ; CLOCK_50     ; CLOCK_50    ; 0.000        ; 0.000      ; 0.657      ;
; 0.391 ; keypad_freq_sel_module:inst1|keypad_module:keypad_mod_inst|tmp_out_keys[5]    ; keypad_freq_sel_module:inst1|keypad_module:keypad_mod_inst|tmp_out_keys[5]      ; CLOCK_50     ; CLOCK_50    ; 0.000        ; 0.000      ; 0.657      ;
; 0.391 ; keypad_freq_sel_module:inst1|keypad_module:keypad_mod_inst|tmp_out_keys[7]    ; keypad_freq_sel_module:inst1|keypad_module:keypad_mod_inst|tmp_out_keys[7]      ; CLOCK_50     ; CLOCK_50    ; 0.000        ; 0.000      ; 0.657      ;
; 0.391 ; keypad_freq_sel_module:inst1|keypad_module:keypad_mod_inst|tmp_out_keys[8]    ; keypad_freq_sel_module:inst1|keypad_module:keypad_mod_inst|tmp_out_keys[8]      ; CLOCK_50     ; CLOCK_50    ; 0.000        ; 0.000      ; 0.657      ;
; 0.391 ; keypad_freq_sel_module:inst1|keypad_module:keypad_mod_inst|tmp_out_keys[2]    ; keypad_freq_sel_module:inst1|keypad_module:keypad_mod_inst|tmp_out_keys[2]      ; CLOCK_50     ; CLOCK_50    ; 0.000        ; 0.000      ; 0.657      ;
; 0.391 ; keypad_freq_sel_module:inst1|keypad_module:keypad_mod_inst|tmp_out_keys[1]    ; keypad_freq_sel_module:inst1|keypad_module:keypad_mod_inst|tmp_out_keys[1]      ; CLOCK_50     ; CLOCK_50    ; 0.000        ; 0.000      ; 0.657      ;
; 0.391 ; keypad_freq_sel_module:inst1|keypad_module:keypad_mod_inst|tmp_out_keys[4]    ; keypad_freq_sel_module:inst1|keypad_module:keypad_mod_inst|tmp_out_keys[4]      ; CLOCK_50     ; CLOCK_50    ; 0.000        ; 0.000      ; 0.657      ;
; 0.391 ; keypad_freq_sel_module:inst1|keypad_module:keypad_mod_inst|tmp_out_keys[3]    ; keypad_freq_sel_module:inst1|keypad_module:keypad_mod_inst|tmp_out_keys[3]      ; CLOCK_50     ; CLOCK_50    ; 0.000        ; 0.000      ; 0.657      ;
; 0.391 ; keypad_freq_sel_module:inst1|keypad_module:keypad_mod_inst|tmp_out_keys[9]    ; keypad_freq_sel_module:inst1|keypad_module:keypad_mod_inst|tmp_out_keys[9]      ; CLOCK_50     ; CLOCK_50    ; 0.000        ; 0.000      ; 0.657      ;
; 0.391 ; keypad_freq_sel_module:inst1|keypad_module:keypad_mod_inst|tmp_out_keys[10]   ; keypad_freq_sel_module:inst1|keypad_module:keypad_mod_inst|tmp_out_keys[10]     ; CLOCK_50     ; CLOCK_50    ; 0.000        ; 0.000      ; 0.657      ;
; 0.391 ; keypad_freq_sel_module:inst1|keypad_module:keypad_mod_inst|tmp_out_keys[11]   ; keypad_freq_sel_module:inst1|keypad_module:keypad_mod_inst|tmp_out_keys[11]     ; CLOCK_50     ; CLOCK_50    ; 0.000        ; 0.000      ; 0.657      ;
; 0.391 ; keypad_freq_sel_module:inst1|keypad_module:keypad_mod_inst|tmp_out_keys[12]   ; keypad_freq_sel_module:inst1|keypad_module:keypad_mod_inst|tmp_out_keys[12]     ; CLOCK_50     ; CLOCK_50    ; 0.000        ; 0.000      ; 0.657      ;
; 0.391 ; keypad_freq_sel_module:inst1|debounced_keypad_pressed                         ; keypad_freq_sel_module:inst1|debounced_keypad_pressed                           ; CLOCK_50     ; CLOCK_50    ; 0.000        ; 0.000      ; 0.657      ;
; 0.391 ; keypad_freq_sel_module:inst1|button_pressed                                   ; keypad_freq_sel_module:inst1|button_pressed                                     ; CLOCK_50     ; CLOCK_50    ; 0.000        ; 0.000      ; 0.657      ;
; 0.391 ; keypad_freq_sel_module:inst1|digit_counter[2]                                 ; keypad_freq_sel_module:inst1|digit_counter[2]                                   ; CLOCK_50     ; CLOCK_50    ; 0.000        ; 0.000      ; 0.657      ;
; 0.391 ; keypad_freq_sel_module:inst1|digit_counter[0]                                 ; keypad_freq_sel_module:inst1|digit_counter[0]                                   ; CLOCK_50     ; CLOCK_50    ; 0.000        ; 0.000      ; 0.657      ;
; 0.391 ; keypad_freq_sel_module:inst1|number_not_sel                                   ; keypad_freq_sel_module:inst1|number_not_sel                                     ; CLOCK_50     ; CLOCK_50    ; 0.000        ; 0.000      ; 0.657      ;
; 0.391 ; keypad_freq_sel_module:inst1|freq_1[0]                                        ; keypad_freq_sel_module:inst1|freq_1[0]                                          ; CLOCK_50     ; CLOCK_50    ; 0.000        ; 0.000      ; 0.657      ;
; 0.391 ; keypad_freq_sel_module:inst1|freq_1[1]                                        ; keypad_freq_sel_module:inst1|freq_1[1]                                          ; CLOCK_50     ; CLOCK_50    ; 0.000        ; 0.000      ; 0.657      ;
; 0.391 ; keypad_freq_sel_module:inst1|freq_1[2]                                        ; keypad_freq_sel_module:inst1|freq_1[2]                                          ; CLOCK_50     ; CLOCK_50    ; 0.000        ; 0.000      ; 0.657      ;
; 0.391 ; keypad_freq_sel_module:inst1|freq_1[3]                                        ; keypad_freq_sel_module:inst1|freq_1[3]                                          ; CLOCK_50     ; CLOCK_50    ; 0.000        ; 0.000      ; 0.657      ;
; 0.391 ; keypad_freq_sel_module:inst1|prev_page                                        ; keypad_freq_sel_module:inst1|prev_page                                          ; CLOCK_50     ; CLOCK_50    ; 0.000        ; 0.000      ; 0.657      ;
; 0.391 ; keypad_freq_sel_module:inst1|next_page                                        ; keypad_freq_sel_module:inst1|next_page                                          ; CLOCK_50     ; CLOCK_50    ; 0.000        ; 0.000      ; 0.657      ;
; 0.391 ; keypad_freq_sel_module:inst1|sel_B                                            ; keypad_freq_sel_module:inst1|sel_B                                              ; CLOCK_50     ; CLOCK_50    ; 0.000        ; 0.000      ; 0.657      ;
; 0.391 ; keypad_freq_sel_module:inst1|sel_A                                            ; keypad_freq_sel_module:inst1|sel_A                                              ; CLOCK_50     ; CLOCK_50    ; 0.000        ; 0.000      ; 0.657      ;
; 0.521 ; keypad_freq_sel_module:inst1|BCD_to_C1_converter:BCD_C1_conv_inst|w_7[22]     ; keypad_freq_sel_module:inst1|BCD_to_C1_converter:BCD_C1_conv_inst|output_C1[22] ; CLOCK_50     ; CLOCK_50    ; 0.000        ; 0.000      ; 0.787      ;
; 0.526 ; keypad_freq_sel_module:inst1|BCD_4[1]                                         ; keypad_freq_sel_module:inst1|freq_4[1]                                          ; CLOCK_50     ; CLOCK_50    ; 0.000        ; 0.000      ; 0.792      ;
; 0.527 ; keypad_freq_sel_module:inst1|BCD_2[1]                                         ; keypad_freq_sel_module:inst1|freq_2[1]                                          ; CLOCK_50     ; CLOCK_50    ; 0.000        ; 0.000      ; 0.793      ;
; 0.530 ; keypad_freq_sel_module:inst1|BCD_6[0]                                         ; keypad_freq_sel_module:inst1|freq_6[0]                                          ; CLOCK_50     ; CLOCK_50    ; 0.000        ; 0.000      ; 0.796      ;
; 0.531 ; keypad_freq_sel_module:inst1|keypad_module:keypad_mod_inst|clock_div_cont[31] ; keypad_freq_sel_module:inst1|keypad_module:keypad_mod_inst|clock_div_cont[31]   ; CLOCK_50     ; CLOCK_50    ; 0.000        ; 0.000      ; 0.797      ;
; 0.531 ; keypad_freq_sel_module:inst1|keypad_module:keypad_mod_inst|i_column[31]       ; keypad_freq_sel_module:inst1|keypad_module:keypad_mod_inst|i_column[31]         ; CLOCK_50     ; CLOCK_50    ; 0.000        ; 0.000      ; 0.797      ;
; 0.532 ; keypad_freq_sel_module:inst1|BCD_4[0]                                         ; keypad_freq_sel_module:inst1|freq_4[0]                                          ; CLOCK_50     ; CLOCK_50    ; 0.000        ; 0.000      ; 0.798      ;
; 0.536 ; keypad_freq_sel_module:inst1|freq_7[0]                                        ; keypad_freq_sel_module:inst1|BCD_7[0]                                           ; CLOCK_50     ; CLOCK_50    ; 0.000        ; 0.000      ; 0.802      ;
; 0.537 ; keypad_freq_sel_module:inst1|BCD_2[3]                                         ; keypad_freq_sel_module:inst1|freq_2[3]                                          ; CLOCK_50     ; CLOCK_50    ; 0.000        ; 0.000      ; 0.803      ;
; 0.540 ; keypad_freq_sel_module:inst1|freq_6[0]                                        ; keypad_freq_sel_module:inst1|BCD_6[0]                                           ; CLOCK_50     ; CLOCK_50    ; 0.000        ; 0.000      ; 0.806      ;
; 0.541 ; keypad_freq_sel_module:inst1|freq_6[0]                                        ; keypad_freq_sel_module:inst1|freq_5[0]                                          ; CLOCK_50     ; CLOCK_50    ; 0.000        ; 0.000      ; 0.807      ;
; 0.583 ; keypad_freq_sel_module:inst1|freq_7[2]                                        ; keypad_freq_sel_module:inst1|BCD_7[2]                                           ; CLOCK_50     ; CLOCK_50    ; 0.000        ; 0.000      ; 0.849      ;
; 0.655 ; keypad_freq_sel_module:inst1|freq_2[0]                                        ; keypad_freq_sel_module:inst1|BCD_2[0]                                           ; CLOCK_50     ; CLOCK_50    ; 0.000        ; 0.000      ; 0.921      ;
; 0.656 ; keypad_freq_sel_module:inst1|keypad_module:keypad_mod_inst|row_1[2]           ; keypad_freq_sel_module:inst1|keypad_module:keypad_mod_inst|row_2[2]             ; CLOCK_50     ; CLOCK_50    ; 0.000        ; 0.000      ; 0.922      ;
; 0.657 ; keypad_freq_sel_module:inst1|keypad_module:keypad_mod_inst|out_keys[5]        ; keypad_freq_sel_module:inst1|out_keys_sync[5]                                   ; CLOCK_50     ; CLOCK_50    ; 0.000        ; 0.000      ; 0.923      ;
; 0.659 ; keypad_freq_sel_module:inst1|keypad_module:keypad_mod_inst|row_2[2]           ; keypad_freq_sel_module:inst1|keypad_module:keypad_mod_inst|row_sync[2]          ; CLOCK_50     ; CLOCK_50    ; 0.000        ; 0.000      ; 0.925      ;
; 0.660 ; keypad_freq_sel_module:inst1|keypad_module:keypad_mod_inst|row_1[0]           ; keypad_freq_sel_module:inst1|keypad_module:keypad_mod_inst|row_2[0]             ; CLOCK_50     ; CLOCK_50    ; 0.000        ; 0.000      ; 0.926      ;
; 0.667 ; keypad_freq_sel_module:inst1|freq_1[0]                                        ; keypad_freq_sel_module:inst1|BCD_1[0]                                           ; CLOCK_50     ; CLOCK_50    ; 0.000        ; 0.000      ; 0.933      ;
; 0.678 ; keypad_freq_sel_module:inst1|freq_3[2]                                        ; keypad_freq_sel_module:inst1|BCD_3[2]                                           ; CLOCK_50     ; CLOCK_50    ; 0.000        ; 0.000      ; 0.944      ;
; 0.678 ; keypad_freq_sel_module:inst1|freq_2[3]                                        ; keypad_freq_sel_module:inst1|freq_3[3]                                          ; CLOCK_50     ; CLOCK_50    ; 0.000        ; 0.000      ; 0.944      ;
; 0.681 ; keypad_freq_sel_module:inst1|freq_5[0]                                        ; keypad_freq_sel_module:inst1|freq_6[0]                                          ; CLOCK_50     ; CLOCK_50    ; 0.000        ; 0.000      ; 0.947      ;
; 0.684 ; keypad_freq_sel_module:inst1|freq_3[2]                                        ; keypad_freq_sel_module:inst1|freq_4[2]                                          ; CLOCK_50     ; CLOCK_50    ; 0.000        ; 0.000      ; 0.950      ;
; 0.688 ; keypad_freq_sel_module:inst1|freq_2[1]                                        ; keypad_freq_sel_module:inst1|BCD_2[1]                                           ; CLOCK_50     ; CLOCK_50    ; 0.000        ; 0.000      ; 0.954      ;
; 0.692 ; keypad_freq_sel_module:inst1|keypad_module:keypad_mod_inst|tmp_out_keys[11]   ; keypad_freq_sel_module:inst1|keypad_module:keypad_mod_inst|out_keys[11]         ; CLOCK_50     ; CLOCK_50    ; 0.000        ; -0.001     ; 0.957      ;
; 0.696 ; keypad_freq_sel_module:inst1|keypad_module:keypad_mod_inst|tmp_out_keys[0]    ; keypad_freq_sel_module:inst1|keypad_module:keypad_mod_inst|out_keys[0]          ; CLOCK_50     ; CLOCK_50    ; 0.000        ; 0.000      ; 0.962      ;
; 0.700 ; keypad_freq_sel_module:inst1|freq_4[1]                                        ; keypad_freq_sel_module:inst1|BCD_4[1]                                           ; CLOCK_50     ; CLOCK_50    ; 0.000        ; 0.000      ; 0.966      ;
; 0.703 ; keypad_freq_sel_module:inst1|keypad_module:keypad_mod_inst|tmp_out_keys[13]   ; keypad_freq_sel_module:inst1|keypad_module:keypad_mod_inst|out_keys[13]         ; CLOCK_50     ; CLOCK_50    ; 0.000        ; 0.000      ; 0.969      ;
; 0.706 ; keypad_freq_sel_module:inst1|freq_5[1]                                        ; keypad_freq_sel_module:inst1|freq_6[1]                                          ; CLOCK_50     ; CLOCK_50    ; 0.000        ; 0.000      ; 0.972      ;
; 0.708 ; keypad_freq_sel_module:inst1|keypad_module:keypad_mod_inst|tmp_out_keys[14]   ; keypad_freq_sel_module:inst1|keypad_module:keypad_mod_inst|out_keys[14]         ; CLOCK_50     ; CLOCK_50    ; 0.000        ; 0.000      ; 0.974      ;
; 0.708 ; keypad_freq_sel_module:inst1|keypad_module:keypad_mod_inst|tmp_out_keys[2]    ; keypad_freq_sel_module:inst1|keypad_module:keypad_mod_inst|out_keys[2]          ; CLOCK_50     ; CLOCK_50    ; 0.000        ; -0.001     ; 0.973      ;
; 0.708 ; keypad_freq_sel_module:inst1|freq_4[3]                                        ; keypad_freq_sel_module:inst1|BCD_4[3]                                           ; CLOCK_50     ; CLOCK_50    ; 0.000        ; 0.000      ; 0.974      ;
; 0.709 ; keypad_freq_sel_module:inst1|keypad_module:keypad_mod_inst|tmp_out_keys[15]   ; keypad_freq_sel_module:inst1|keypad_module:keypad_mod_inst|out_keys[15]         ; CLOCK_50     ; CLOCK_50    ; 0.000        ; 0.000      ; 0.975      ;
; 0.712 ; keypad_freq_sel_module:inst1|keypad_module:keypad_mod_inst|tmp_out_keys[6]    ; keypad_freq_sel_module:inst1|keypad_module:keypad_mod_inst|out_keys[6]          ; CLOCK_50     ; CLOCK_50    ; 0.000        ; -0.001     ; 0.977      ;
; 0.713 ; keypad_freq_sel_module:inst1|keypad_module:keypad_mod_inst|tmp_out_keys[3]    ; keypad_freq_sel_module:inst1|keypad_module:keypad_mod_inst|out_keys[3]          ; CLOCK_50     ; CLOCK_50    ; 0.000        ; -0.001     ; 0.978      ;
; 0.713 ; keypad_freq_sel_module:inst1|keypad_module:keypad_mod_inst|tmp_out_keys[9]    ; keypad_freq_sel_module:inst1|keypad_module:keypad_mod_inst|out_keys[9]          ; CLOCK_50     ; CLOCK_50    ; 0.000        ; -0.001     ; 0.978      ;
; 0.716 ; keypad_freq_sel_module:inst1|freq_4[1]                                        ; keypad_freq_sel_module:inst1|freq_5[1]                                          ; CLOCK_50     ; CLOCK_50    ; 0.000        ; 0.000      ; 0.982      ;
; 0.716 ; keypad_freq_sel_module:inst1|freq_3[1]                                        ; keypad_freq_sel_module:inst1|BCD_3[1]                                           ; CLOCK_50     ; CLOCK_50    ; 0.000        ; 0.000      ; 0.982      ;
; 0.717 ; keypad_freq_sel_module:inst1|BCD_1[0]                                         ; keypad_freq_sel_module:inst1|BCD_to_C1_converter:BCD_C1_conv_inst|w_1[0]        ; CLOCK_50     ; CLOCK_50    ; 0.000        ; 0.000      ; 0.983      ;
; 0.722 ; keypad_freq_sel_module:inst1|freq_4[3]                                        ; keypad_freq_sel_module:inst1|freq_5[3]                                          ; CLOCK_50     ; CLOCK_50    ; 0.000        ; 0.000      ; 0.988      ;
; 0.728 ; keypad_freq_sel_module:inst1|keypad_module:keypad_mod_inst|tmp_out_keys[4]    ; keypad_freq_sel_module:inst1|keypad_module:keypad_mod_inst|out_keys[4]          ; CLOCK_50     ; CLOCK_50    ; 0.000        ; -0.001     ; 0.993      ;
; 0.749 ; keypad_freq_sel_module:inst1|keypad_module:keypad_mod_inst|data_valid         ; keypad_freq_sel_module:inst1|button_pressed                                     ; CLOCK_50     ; CLOCK_50    ; 0.000        ; 0.008      ; 1.023      ;
; 0.788 ; keypad_freq_sel_module:inst1|keypad_module:keypad_mod_inst|clock_div_cont[0]  ; keypad_freq_sel_module:inst1|keypad_module:keypad_mod_inst|clock_div_cont[0]    ; CLOCK_50     ; CLOCK_50    ; 0.000        ; 0.000      ; 1.054      ;
; 0.790 ; keypad_freq_sel_module:inst1|keypad_module:keypad_mod_inst|row_2[3]           ; keypad_freq_sel_module:inst1|keypad_module:keypad_mod_inst|row_sync[3]          ; CLOCK_50     ; CLOCK_50    ; 0.000        ; 0.000      ; 1.056      ;
; 0.790 ; keypad_freq_sel_module:inst1|BCD_to_C1_converter:BCD_C1_conv_inst|w_4[3]      ; keypad_freq_sel_module:inst1|BCD_to_C1_converter:BCD_C1_conv_inst|output_C1[3]  ; CLOCK_50     ; CLOCK_50    ; 0.000        ; 0.000      ; 1.056      ;
; 0.792 ; keypad_freq_sel_module:inst1|keypad_module:keypad_mod_inst|row_2[0]           ; keypad_freq_sel_module:inst1|keypad_module:keypad_mod_inst|row_sync[0]          ; CLOCK_50     ; CLOCK_50    ; 0.000        ; 0.000      ; 1.058      ;
; 0.793 ; keypad_freq_sel_module:inst1|BCD_to_C1_converter:BCD_C1_conv_inst|w_3[2]      ; keypad_freq_sel_module:inst1|BCD_to_C1_converter:BCD_C1_conv_inst|output_C1[2]  ; CLOCK_50     ; CLOCK_50    ; 0.000        ; 0.000      ; 1.059      ;
; 0.793 ; keypad_freq_sel_module:inst1|BCD_to_C1_converter:BCD_C1_conv_inst|w_6[5]      ; keypad_freq_sel_module:inst1|BCD_to_C1_converter:BCD_C1_conv_inst|output_C1[5]  ; CLOCK_50     ; CLOCK_50    ; 0.000        ; 0.000      ; 1.059      ;
; 0.793 ; keypad_freq_sel_module:inst1|BCD_to_C1_converter:BCD_C1_conv_inst|w_7[18]     ; keypad_freq_sel_module:inst1|BCD_to_C1_converter:BCD_C1_conv_inst|output_C1[18] ; CLOCK_50     ; CLOCK_50    ; 0.000        ; 0.000      ; 1.059      ;
; 0.794 ; keypad_freq_sel_module:inst1|BCD_to_C1_converter:BCD_C1_conv_inst|w_7[8]      ; keypad_freq_sel_module:inst1|BCD_to_C1_converter:BCD_C1_conv_inst|output_C1[8]  ; CLOCK_50     ; CLOCK_50    ; 0.000        ; 0.000      ; 1.060      ;
; 0.795 ; keypad_freq_sel_module:inst1|keypad_module:keypad_mod_inst|clock_div_cont[16] ; keypad_freq_sel_module:inst1|keypad_module:keypad_mod_inst|clock_div_cont[16]   ; CLOCK_50     ; CLOCK_50    ; 0.000        ; 0.000      ; 1.061      ;
; 0.795 ; keypad_freq_sel_module:inst1|keypad_module:keypad_mod_inst|i_column[0]        ; keypad_freq_sel_module:inst1|keypad_module:keypad_mod_inst|i_column[0]          ; CLOCK_50     ; CLOCK_50    ; 0.000        ; 0.000      ; 1.061      ;
; 0.795 ; keypad_freq_sel_module:inst1|keypad_module:keypad_mod_inst|i_column[16]       ; keypad_freq_sel_module:inst1|keypad_module:keypad_mod_inst|i_column[16]         ; CLOCK_50     ; CLOCK_50    ; 0.000        ; 0.000      ; 1.061      ;
; 0.795 ; keypad_freq_sel_module:inst1|keypad_module:keypad_mod_inst|row_2[1]           ; keypad_freq_sel_module:inst1|keypad_module:keypad_mod_inst|row_sync[1]          ; CLOCK_50     ; CLOCK_50    ; 0.000        ; 0.000      ; 1.061      ;
; 0.796 ; keypad_freq_sel_module:inst1|BCD_to_C1_converter:BCD_C1_conv_inst|w_7[20]     ; keypad_freq_sel_module:inst1|BCD_to_C1_converter:BCD_C1_conv_inst|output_C1[20] ; CLOCK_50     ; CLOCK_50    ; 0.000        ; 0.000      ; 1.062      ;
; 0.797 ; keypad_freq_sel_module:inst1|keypad_module:keypad_mod_inst|row_1[1]           ; keypad_freq_sel_module:inst1|keypad_module:keypad_mod_inst|row_2[1]             ; CLOCK_50     ; CLOCK_50    ; 0.000        ; 0.000      ; 1.063      ;
; 0.797 ; keypad_freq_sel_module:inst1|BCD_6[3]                                         ; keypad_freq_sel_module:inst1|freq_6[3]                                          ; CLOCK_50     ; CLOCK_50    ; 0.000        ; 0.000      ; 1.063      ;
; 0.797 ; keypad_freq_sel_module:inst1|BCD_to_C1_converter:BCD_C1_conv_inst|w_7[12]     ; keypad_freq_sel_module:inst1|BCD_to_C1_converter:BCD_C1_conv_inst|output_C1[12] ; CLOCK_50     ; CLOCK_50    ; 0.000        ; 0.000      ; 1.063      ;
; 0.798 ; keypad_freq_sel_module:inst1|keypad_module:keypad_mod_inst|clock_div_cont[1]  ; keypad_freq_sel_module:inst1|keypad_module:keypad_mod_inst|clock_div_cont[1]    ; CLOCK_50     ; CLOCK_50    ; 0.000        ; 0.000      ; 1.064      ;
; 0.798 ; keypad_freq_sel_module:inst1|BCD_2[2]                                         ; keypad_freq_sel_module:inst1|freq_2[2]                                          ; CLOCK_50     ; CLOCK_50    ; 0.000        ; 0.000      ; 1.064      ;
; 0.799 ; keypad_freq_sel_module:inst1|keypad_module:keypad_mod_inst|clock_div_cont[2]  ; keypad_freq_sel_module:inst1|keypad_module:keypad_mod_inst|clock_div_cont[2]    ; CLOCK_50     ; CLOCK_50    ; 0.000        ; 0.000      ; 1.065      ;
; 0.800 ; keypad_freq_sel_module:inst1|keypad_module:keypad_mod_inst|tmp_out_keys[7]    ; keypad_freq_sel_module:inst1|keypad_module:keypad_mod_inst|out_keys[7]          ; CLOCK_50     ; CLOCK_50    ; 0.000        ; 0.000      ; 1.066      ;
; 0.800 ; keypad_freq_sel_module:inst1|BCD_to_C1_converter:BCD_C1_conv_inst|w_7[7]      ; keypad_freq_sel_module:inst1|BCD_to_C1_converter:BCD_C1_conv_inst|output_C1[7]  ; CLOCK_50     ; CLOCK_50    ; 0.000        ; 0.000      ; 1.066      ;
; 0.801 ; keypad_freq_sel_module:inst1|freq_3[3]                                        ; keypad_freq_sel_module:inst1|BCD_3[3]                                           ; CLOCK_50     ; CLOCK_50    ; 0.000        ; 0.000      ; 1.067      ;
; 0.805 ; keypad_freq_sel_module:inst1|keypad_module:keypad_mod_inst|clock_div_cont[17] ; keypad_freq_sel_module:inst1|keypad_module:keypad_mod_inst|clock_div_cont[17]   ; CLOCK_50     ; CLOCK_50    ; 0.000        ; 0.000      ; 1.071      ;
; 0.805 ; keypad_freq_sel_module:inst1|keypad_module:keypad_mod_inst|i_column[1]        ; keypad_freq_sel_module:inst1|keypad_module:keypad_mod_inst|i_column[1]          ; CLOCK_50     ; CLOCK_50    ; 0.000        ; 0.000      ; 1.071      ;
; 0.805 ; keypad_freq_sel_module:inst1|keypad_module:keypad_mod_inst|i_column[17]       ; keypad_freq_sel_module:inst1|keypad_module:keypad_mod_inst|i_column[17]         ; CLOCK_50     ; CLOCK_50    ; 0.000        ; 0.000      ; 1.071      ;
; 0.805 ; keypad_freq_sel_module:inst1|BCD_3[3]                                         ; keypad_freq_sel_module:inst1|freq_3[3]                                          ; CLOCK_50     ; CLOCK_50    ; 0.000        ; 0.000      ; 1.071      ;
; 0.806 ; keypad_freq_sel_module:inst1|keypad_module:keypad_mod_inst|clock_div_cont[4]  ; keypad_freq_sel_module:inst1|keypad_module:keypad_mod_inst|clock_div_cont[4]    ; CLOCK_50     ; CLOCK_50    ; 0.000        ; 0.000      ; 1.072      ;
; 0.806 ; keypad_freq_sel_module:inst1|keypad_module:keypad_mod_inst|clock_div_cont[7]  ; keypad_freq_sel_module:inst1|keypad_module:keypad_mod_inst|clock_div_cont[7]    ; CLOCK_50     ; CLOCK_50    ; 0.000        ; 0.000      ; 1.072      ;
; 0.806 ; keypad_freq_sel_module:inst1|keypad_module:keypad_mod_inst|clock_div_cont[9]  ; keypad_freq_sel_module:inst1|keypad_module:keypad_mod_inst|clock_div_cont[9]    ; CLOCK_50     ; CLOCK_50    ; 0.000        ; 0.000      ; 1.072      ;
+-------+-------------------------------------------------------------------------------+---------------------------------------------------------------------------------+--------------+-------------+--------------+------------+------------+


+---------------------------------------------------------------------------------------------------------------------------------------------------------------------------------------------+
; Slow Model Minimum Pulse Width: 'CLOCK_50'                                                                                                                                                  ;
+--------+--------------+----------------+------------------+----------+------------+---------------------------------------------------------------------------------------------------------+
; Slack  ; Actual Width ; Required Width ; Type             ; Clock    ; Clock Edge ; Target                                                                                                  ;
+--------+--------------+----------------+------------------+----------+------------+---------------------------------------------------------------------------------------------------------+
; -1.423 ; 0.500        ; 1.923          ; High Pulse Width ; CLOCK_50 ; Rise       ; keypad_freq_sel_module:inst1|DDFS_frequency_converter:DDFS_freq_conv_inst|mult_1000000[10]              ;
; -1.423 ; 0.500        ; 1.923          ; Low Pulse Width  ; CLOCK_50 ; Rise       ; keypad_freq_sel_module:inst1|DDFS_frequency_converter:DDFS_freq_conv_inst|mult_1000000[10]              ;
; -1.423 ; 0.500        ; 1.923          ; High Pulse Width ; CLOCK_50 ; Rise       ; keypad_freq_sel_module:inst1|DDFS_frequency_converter:DDFS_freq_conv_inst|mult_1000000[10]~_Duplicate_1 ;
; -1.423 ; 0.500        ; 1.923          ; Low Pulse Width  ; CLOCK_50 ; Rise       ; keypad_freq_sel_module:inst1|DDFS_frequency_converter:DDFS_freq_conv_inst|mult_1000000[10]~_Duplicate_1 ;
; -1.423 ; 0.500        ; 1.923          ; High Pulse Width ; CLOCK_50 ; Rise       ; keypad_freq_sel_module:inst1|DDFS_frequency_converter:DDFS_freq_conv_inst|mult_1000000[11]              ;
; -1.423 ; 0.500        ; 1.923          ; Low Pulse Width  ; CLOCK_50 ; Rise       ; keypad_freq_sel_module:inst1|DDFS_frequency_converter:DDFS_freq_conv_inst|mult_1000000[11]              ;
; -1.423 ; 0.500        ; 1.923          ; High Pulse Width ; CLOCK_50 ; Rise       ; keypad_freq_sel_module:inst1|DDFS_frequency_converter:DDFS_freq_conv_inst|mult_1000000[11]~_Duplicate_1 ;
; -1.423 ; 0.500        ; 1.923          ; Low Pulse Width  ; CLOCK_50 ; Rise       ; keypad_freq_sel_module:inst1|DDFS_frequency_converter:DDFS_freq_conv_inst|mult_1000000[11]~_Duplicate_1 ;
; -1.423 ; 0.500        ; 1.923          ; High Pulse Width ; CLOCK_50 ; Rise       ; keypad_freq_sel_module:inst1|DDFS_frequency_converter:DDFS_freq_conv_inst|mult_1000000[12]              ;
; -1.423 ; 0.500        ; 1.923          ; Low Pulse Width  ; CLOCK_50 ; Rise       ; keypad_freq_sel_module:inst1|DDFS_frequency_converter:DDFS_freq_conv_inst|mult_1000000[12]              ;
; -1.423 ; 0.500        ; 1.923          ; High Pulse Width ; CLOCK_50 ; Rise       ; keypad_freq_sel_module:inst1|DDFS_frequency_converter:DDFS_freq_conv_inst|mult_1000000[12]~_Duplicate_1 ;
; -1.423 ; 0.500        ; 1.923          ; Low Pulse Width  ; CLOCK_50 ; Rise       ; keypad_freq_sel_module:inst1|DDFS_frequency_converter:DDFS_freq_conv_inst|mult_1000000[12]~_Duplicate_1 ;
; -1.423 ; 0.500        ; 1.923          ; High Pulse Width ; CLOCK_50 ; Rise       ; keypad_freq_sel_module:inst1|DDFS_frequency_converter:DDFS_freq_conv_inst|mult_1000000[13]              ;
; -1.423 ; 0.500        ; 1.923          ; Low Pulse Width  ; CLOCK_50 ; Rise       ; keypad_freq_sel_module:inst1|DDFS_frequency_converter:DDFS_freq_conv_inst|mult_1000000[13]              ;
; -1.423 ; 0.500        ; 1.923          ; High Pulse Width ; CLOCK_50 ; Rise       ; keypad_freq_sel_module:inst1|DDFS_frequency_converter:DDFS_freq_conv_inst|mult_1000000[13]~_Duplicate_1 ;
; -1.423 ; 0.500        ; 1.923          ; Low Pulse Width  ; CLOCK_50 ; Rise       ; keypad_freq_sel_module:inst1|DDFS_frequency_converter:DDFS_freq_conv_inst|mult_1000000[13]~_Duplicate_1 ;
; -1.423 ; 0.500        ; 1.923          ; High Pulse Width ; CLOCK_50 ; Rise       ; keypad_freq_sel_module:inst1|DDFS_frequency_converter:DDFS_freq_conv_inst|mult_1000000[14]              ;
; -1.423 ; 0.500        ; 1.923          ; Low Pulse Width  ; CLOCK_50 ; Rise       ; keypad_freq_sel_module:inst1|DDFS_frequency_converter:DDFS_freq_conv_inst|mult_1000000[14]              ;
; -1.423 ; 0.500        ; 1.923          ; High Pulse Width ; CLOCK_50 ; Rise       ; keypad_freq_sel_module:inst1|DDFS_frequency_converter:DDFS_freq_conv_inst|mult_1000000[14]~_Duplicate_1 ;
; -1.423 ; 0.500        ; 1.923          ; Low Pulse Width  ; CLOCK_50 ; Rise       ; keypad_freq_sel_module:inst1|DDFS_frequency_converter:DDFS_freq_conv_inst|mult_1000000[14]~_Duplicate_1 ;
; -1.423 ; 0.500        ; 1.923          ; High Pulse Width ; CLOCK_50 ; Rise       ; keypad_freq_sel_module:inst1|DDFS_frequency_converter:DDFS_freq_conv_inst|mult_1000000[15]              ;
; -1.423 ; 0.500        ; 1.923          ; Low Pulse Width  ; CLOCK_50 ; Rise       ; keypad_freq_sel_module:inst1|DDFS_frequency_converter:DDFS_freq_conv_inst|mult_1000000[15]              ;
; -1.423 ; 0.500        ; 1.923          ; High Pulse Width ; CLOCK_50 ; Rise       ; keypad_freq_sel_module:inst1|DDFS_frequency_converter:DDFS_freq_conv_inst|mult_1000000[15]~_Duplicate_1 ;
; -1.423 ; 0.500        ; 1.923          ; Low Pulse Width  ; CLOCK_50 ; Rise       ; keypad_freq_sel_module:inst1|DDFS_frequency_converter:DDFS_freq_conv_inst|mult_1000000[15]~_Duplicate_1 ;
; -1.423 ; 0.500        ; 1.923          ; High Pulse Width ; CLOCK_50 ; Rise       ; keypad_freq_sel_module:inst1|DDFS_frequency_converter:DDFS_freq_conv_inst|mult_1000000[16]              ;
; -1.423 ; 0.500        ; 1.923          ; Low Pulse Width  ; CLOCK_50 ; Rise       ; keypad_freq_sel_module:inst1|DDFS_frequency_converter:DDFS_freq_conv_inst|mult_1000000[16]              ;
; -1.423 ; 0.500        ; 1.923          ; High Pulse Width ; CLOCK_50 ; Rise       ; keypad_freq_sel_module:inst1|DDFS_frequency_converter:DDFS_freq_conv_inst|mult_1000000[16]~_Duplicate_1 ;
; -1.423 ; 0.500        ; 1.923          ; Low Pulse Width  ; CLOCK_50 ; Rise       ; keypad_freq_sel_module:inst1|DDFS_frequency_converter:DDFS_freq_conv_inst|mult_1000000[16]~_Duplicate_1 ;
; -1.423 ; 0.500        ; 1.923          ; High Pulse Width ; CLOCK_50 ; Rise       ; keypad_freq_sel_module:inst1|DDFS_frequency_converter:DDFS_freq_conv_inst|mult_1000000[17]              ;
; -1.423 ; 0.500        ; 1.923          ; Low Pulse Width  ; CLOCK_50 ; Rise       ; keypad_freq_sel_module:inst1|DDFS_frequency_converter:DDFS_freq_conv_inst|mult_1000000[17]              ;
; -1.423 ; 0.500        ; 1.923          ; High Pulse Width ; CLOCK_50 ; Rise       ; keypad_freq_sel_module:inst1|DDFS_frequency_converter:DDFS_freq_conv_inst|mult_1000000[17]~_Duplicate_1 ;
; -1.423 ; 0.500        ; 1.923          ; Low Pulse Width  ; CLOCK_50 ; Rise       ; keypad_freq_sel_module:inst1|DDFS_frequency_converter:DDFS_freq_conv_inst|mult_1000000[17]~_Duplicate_1 ;
; -1.423 ; 0.500        ; 1.923          ; High Pulse Width ; CLOCK_50 ; Rise       ; keypad_freq_sel_module:inst1|DDFS_frequency_converter:DDFS_freq_conv_inst|mult_1000000[18]              ;
; -1.423 ; 0.500        ; 1.923          ; Low Pulse Width  ; CLOCK_50 ; Rise       ; keypad_freq_sel_module:inst1|DDFS_frequency_converter:DDFS_freq_conv_inst|mult_1000000[18]              ;
; -1.423 ; 0.500        ; 1.923          ; High Pulse Width ; CLOCK_50 ; Rise       ; keypad_freq_sel_module:inst1|DDFS_frequency_converter:DDFS_freq_conv_inst|mult_1000000[18]~_Duplicate_1 ;
; -1.423 ; 0.500        ; 1.923          ; Low Pulse Width  ; CLOCK_50 ; Rise       ; keypad_freq_sel_module:inst1|DDFS_frequency_converter:DDFS_freq_conv_inst|mult_1000000[18]~_Duplicate_1 ;
; -1.423 ; 0.500        ; 1.923          ; High Pulse Width ; CLOCK_50 ; Rise       ; keypad_freq_sel_module:inst1|DDFS_frequency_converter:DDFS_freq_conv_inst|mult_1000000[19]              ;
; -1.423 ; 0.500        ; 1.923          ; Low Pulse Width  ; CLOCK_50 ; Rise       ; keypad_freq_sel_module:inst1|DDFS_frequency_converter:DDFS_freq_conv_inst|mult_1000000[19]              ;
; -1.423 ; 0.500        ; 1.923          ; High Pulse Width ; CLOCK_50 ; Rise       ; keypad_freq_sel_module:inst1|DDFS_frequency_converter:DDFS_freq_conv_inst|mult_1000000[19]~_Duplicate_1 ;
; -1.423 ; 0.500        ; 1.923          ; Low Pulse Width  ; CLOCK_50 ; Rise       ; keypad_freq_sel_module:inst1|DDFS_frequency_converter:DDFS_freq_conv_inst|mult_1000000[19]~_Duplicate_1 ;
; -1.423 ; 0.500        ; 1.923          ; High Pulse Width ; CLOCK_50 ; Rise       ; keypad_freq_sel_module:inst1|DDFS_frequency_converter:DDFS_freq_conv_inst|mult_1000000[20]              ;
; -1.423 ; 0.500        ; 1.923          ; Low Pulse Width  ; CLOCK_50 ; Rise       ; keypad_freq_sel_module:inst1|DDFS_frequency_converter:DDFS_freq_conv_inst|mult_1000000[20]              ;
; -1.423 ; 0.500        ; 1.923          ; High Pulse Width ; CLOCK_50 ; Rise       ; keypad_freq_sel_module:inst1|DDFS_frequency_converter:DDFS_freq_conv_inst|mult_1000000[20]~_Duplicate_1 ;
; -1.423 ; 0.500        ; 1.923          ; Low Pulse Width  ; CLOCK_50 ; Rise       ; keypad_freq_sel_module:inst1|DDFS_frequency_converter:DDFS_freq_conv_inst|mult_1000000[20]~_Duplicate_1 ;
; -1.423 ; 0.500        ; 1.923          ; High Pulse Width ; CLOCK_50 ; Rise       ; keypad_freq_sel_module:inst1|DDFS_frequency_converter:DDFS_freq_conv_inst|mult_1000000[21]              ;
; -1.423 ; 0.500        ; 1.923          ; Low Pulse Width  ; CLOCK_50 ; Rise       ; keypad_freq_sel_module:inst1|DDFS_frequency_converter:DDFS_freq_conv_inst|mult_1000000[21]              ;
; -1.423 ; 0.500        ; 1.923          ; High Pulse Width ; CLOCK_50 ; Rise       ; keypad_freq_sel_module:inst1|DDFS_frequency_converter:DDFS_freq_conv_inst|mult_1000000[21]~_Duplicate_1 ;
; -1.423 ; 0.500        ; 1.923          ; Low Pulse Width  ; CLOCK_50 ; Rise       ; keypad_freq_sel_module:inst1|DDFS_frequency_converter:DDFS_freq_conv_inst|mult_1000000[21]~_Duplicate_1 ;
; -1.423 ; 0.500        ; 1.923          ; High Pulse Width ; CLOCK_50 ; Rise       ; keypad_freq_sel_module:inst1|DDFS_frequency_converter:DDFS_freq_conv_inst|mult_1000000[22]              ;
; -1.423 ; 0.500        ; 1.923          ; Low Pulse Width  ; CLOCK_50 ; Rise       ; keypad_freq_sel_module:inst1|DDFS_frequency_converter:DDFS_freq_conv_inst|mult_1000000[22]              ;
; -1.423 ; 0.500        ; 1.923          ; High Pulse Width ; CLOCK_50 ; Rise       ; keypad_freq_sel_module:inst1|DDFS_frequency_converter:DDFS_freq_conv_inst|mult_1000000[22]~_Duplicate_1 ;
; -1.423 ; 0.500        ; 1.923          ; Low Pulse Width  ; CLOCK_50 ; Rise       ; keypad_freq_sel_module:inst1|DDFS_frequency_converter:DDFS_freq_conv_inst|mult_1000000[22]~_Duplicate_1 ;
; -1.423 ; 0.500        ; 1.923          ; High Pulse Width ; CLOCK_50 ; Rise       ; keypad_freq_sel_module:inst1|DDFS_frequency_converter:DDFS_freq_conv_inst|mult_1000000[23]              ;
; -1.423 ; 0.500        ; 1.923          ; Low Pulse Width  ; CLOCK_50 ; Rise       ; keypad_freq_sel_module:inst1|DDFS_frequency_converter:DDFS_freq_conv_inst|mult_1000000[23]              ;
; -1.423 ; 0.500        ; 1.923          ; High Pulse Width ; CLOCK_50 ; Rise       ; keypad_freq_sel_module:inst1|DDFS_frequency_converter:DDFS_freq_conv_inst|mult_1000000[23]~_Duplicate_1 ;
; -1.423 ; 0.500        ; 1.923          ; Low Pulse Width  ; CLOCK_50 ; Rise       ; keypad_freq_sel_module:inst1|DDFS_frequency_converter:DDFS_freq_conv_inst|mult_1000000[23]~_Duplicate_1 ;
; -1.423 ; 0.500        ; 1.923          ; High Pulse Width ; CLOCK_50 ; Rise       ; keypad_freq_sel_module:inst1|DDFS_frequency_converter:DDFS_freq_conv_inst|mult_1000000[24]              ;
; -1.423 ; 0.500        ; 1.923          ; Low Pulse Width  ; CLOCK_50 ; Rise       ; keypad_freq_sel_module:inst1|DDFS_frequency_converter:DDFS_freq_conv_inst|mult_1000000[24]              ;
; -1.423 ; 0.500        ; 1.923          ; High Pulse Width ; CLOCK_50 ; Rise       ; keypad_freq_sel_module:inst1|DDFS_frequency_converter:DDFS_freq_conv_inst|mult_1000000[24]~_Duplicate_1 ;
; -1.423 ; 0.500        ; 1.923          ; Low Pulse Width  ; CLOCK_50 ; Rise       ; keypad_freq_sel_module:inst1|DDFS_frequency_converter:DDFS_freq_conv_inst|mult_1000000[24]~_Duplicate_1 ;
; -1.423 ; 0.500        ; 1.923          ; High Pulse Width ; CLOCK_50 ; Rise       ; keypad_freq_sel_module:inst1|DDFS_frequency_converter:DDFS_freq_conv_inst|mult_1000000[25]              ;
; -1.423 ; 0.500        ; 1.923          ; Low Pulse Width  ; CLOCK_50 ; Rise       ; keypad_freq_sel_module:inst1|DDFS_frequency_converter:DDFS_freq_conv_inst|mult_1000000[25]              ;
; -1.423 ; 0.500        ; 1.923          ; High Pulse Width ; CLOCK_50 ; Rise       ; keypad_freq_sel_module:inst1|DDFS_frequency_converter:DDFS_freq_conv_inst|mult_1000000[25]~_Duplicate_1 ;
; -1.423 ; 0.500        ; 1.923          ; Low Pulse Width  ; CLOCK_50 ; Rise       ; keypad_freq_sel_module:inst1|DDFS_frequency_converter:DDFS_freq_conv_inst|mult_1000000[25]~_Duplicate_1 ;
; -1.423 ; 0.500        ; 1.923          ; High Pulse Width ; CLOCK_50 ; Rise       ; keypad_freq_sel_module:inst1|DDFS_frequency_converter:DDFS_freq_conv_inst|mult_1000000[26]              ;
; -1.423 ; 0.500        ; 1.923          ; Low Pulse Width  ; CLOCK_50 ; Rise       ; keypad_freq_sel_module:inst1|DDFS_frequency_converter:DDFS_freq_conv_inst|mult_1000000[26]              ;
; -1.423 ; 0.500        ; 1.923          ; High Pulse Width ; CLOCK_50 ; Rise       ; keypad_freq_sel_module:inst1|DDFS_frequency_converter:DDFS_freq_conv_inst|mult_1000000[26]~_Duplicate_1 ;
; -1.423 ; 0.500        ; 1.923          ; Low Pulse Width  ; CLOCK_50 ; Rise       ; keypad_freq_sel_module:inst1|DDFS_frequency_converter:DDFS_freq_conv_inst|mult_1000000[26]~_Duplicate_1 ;
; -1.423 ; 0.500        ; 1.923          ; High Pulse Width ; CLOCK_50 ; Rise       ; keypad_freq_sel_module:inst1|DDFS_frequency_converter:DDFS_freq_conv_inst|mult_1000000[27]              ;
; -1.423 ; 0.500        ; 1.923          ; Low Pulse Width  ; CLOCK_50 ; Rise       ; keypad_freq_sel_module:inst1|DDFS_frequency_converter:DDFS_freq_conv_inst|mult_1000000[27]              ;
; -1.423 ; 0.500        ; 1.923          ; High Pulse Width ; CLOCK_50 ; Rise       ; keypad_freq_sel_module:inst1|DDFS_frequency_converter:DDFS_freq_conv_inst|mult_1000000[27]~_Duplicate_1 ;
; -1.423 ; 0.500        ; 1.923          ; Low Pulse Width  ; CLOCK_50 ; Rise       ; keypad_freq_sel_module:inst1|DDFS_frequency_converter:DDFS_freq_conv_inst|mult_1000000[27]~_Duplicate_1 ;
; -1.423 ; 0.500        ; 1.923          ; High Pulse Width ; CLOCK_50 ; Rise       ; keypad_freq_sel_module:inst1|DDFS_frequency_converter:DDFS_freq_conv_inst|mult_1000000[28]              ;
; -1.423 ; 0.500        ; 1.923          ; Low Pulse Width  ; CLOCK_50 ; Rise       ; keypad_freq_sel_module:inst1|DDFS_frequency_converter:DDFS_freq_conv_inst|mult_1000000[28]              ;
; -1.423 ; 0.500        ; 1.923          ; High Pulse Width ; CLOCK_50 ; Rise       ; keypad_freq_sel_module:inst1|DDFS_frequency_converter:DDFS_freq_conv_inst|mult_1000000[28]~_Duplicate_1 ;
; -1.423 ; 0.500        ; 1.923          ; Low Pulse Width  ; CLOCK_50 ; Rise       ; keypad_freq_sel_module:inst1|DDFS_frequency_converter:DDFS_freq_conv_inst|mult_1000000[28]~_Duplicate_1 ;
; -1.423 ; 0.500        ; 1.923          ; High Pulse Width ; CLOCK_50 ; Rise       ; keypad_freq_sel_module:inst1|DDFS_frequency_converter:DDFS_freq_conv_inst|mult_1000000[29]              ;
; -1.423 ; 0.500        ; 1.923          ; Low Pulse Width  ; CLOCK_50 ; Rise       ; keypad_freq_sel_module:inst1|DDFS_frequency_converter:DDFS_freq_conv_inst|mult_1000000[29]              ;
; -1.423 ; 0.500        ; 1.923          ; High Pulse Width ; CLOCK_50 ; Rise       ; keypad_freq_sel_module:inst1|DDFS_frequency_converter:DDFS_freq_conv_inst|mult_1000000[29]~_Duplicate_1 ;
; -1.423 ; 0.500        ; 1.923          ; Low Pulse Width  ; CLOCK_50 ; Rise       ; keypad_freq_sel_module:inst1|DDFS_frequency_converter:DDFS_freq_conv_inst|mult_1000000[29]~_Duplicate_1 ;
; -1.423 ; 0.500        ; 1.923          ; High Pulse Width ; CLOCK_50 ; Rise       ; keypad_freq_sel_module:inst1|DDFS_frequency_converter:DDFS_freq_conv_inst|mult_1000000[30]              ;
; -1.423 ; 0.500        ; 1.923          ; Low Pulse Width  ; CLOCK_50 ; Rise       ; keypad_freq_sel_module:inst1|DDFS_frequency_converter:DDFS_freq_conv_inst|mult_1000000[30]              ;
; -1.423 ; 0.500        ; 1.923          ; High Pulse Width ; CLOCK_50 ; Rise       ; keypad_freq_sel_module:inst1|DDFS_frequency_converter:DDFS_freq_conv_inst|mult_1000000[30]~_Duplicate_1 ;
; -1.423 ; 0.500        ; 1.923          ; Low Pulse Width  ; CLOCK_50 ; Rise       ; keypad_freq_sel_module:inst1|DDFS_frequency_converter:DDFS_freq_conv_inst|mult_1000000[30]~_Duplicate_1 ;
; -1.423 ; 0.500        ; 1.923          ; High Pulse Width ; CLOCK_50 ; Rise       ; keypad_freq_sel_module:inst1|DDFS_frequency_converter:DDFS_freq_conv_inst|mult_1000000[31]              ;
; -1.423 ; 0.500        ; 1.923          ; Low Pulse Width  ; CLOCK_50 ; Rise       ; keypad_freq_sel_module:inst1|DDFS_frequency_converter:DDFS_freq_conv_inst|mult_1000000[31]              ;
; -1.423 ; 0.500        ; 1.923          ; High Pulse Width ; CLOCK_50 ; Rise       ; keypad_freq_sel_module:inst1|DDFS_frequency_converter:DDFS_freq_conv_inst|mult_1000000[31]~_Duplicate_1 ;
; -1.423 ; 0.500        ; 1.923          ; Low Pulse Width  ; CLOCK_50 ; Rise       ; keypad_freq_sel_module:inst1|DDFS_frequency_converter:DDFS_freq_conv_inst|mult_1000000[31]~_Duplicate_1 ;
; -1.423 ; 0.500        ; 1.923          ; High Pulse Width ; CLOCK_50 ; Rise       ; keypad_freq_sel_module:inst1|DDFS_frequency_converter:DDFS_freq_conv_inst|mult_1000000[32]              ;
; -1.423 ; 0.500        ; 1.923          ; Low Pulse Width  ; CLOCK_50 ; Rise       ; keypad_freq_sel_module:inst1|DDFS_frequency_converter:DDFS_freq_conv_inst|mult_1000000[32]              ;
; -1.423 ; 0.500        ; 1.923          ; High Pulse Width ; CLOCK_50 ; Rise       ; keypad_freq_sel_module:inst1|DDFS_frequency_converter:DDFS_freq_conv_inst|mult_1000000[32]~_Duplicate_1 ;
; -1.423 ; 0.500        ; 1.923          ; Low Pulse Width  ; CLOCK_50 ; Rise       ; keypad_freq_sel_module:inst1|DDFS_frequency_converter:DDFS_freq_conv_inst|mult_1000000[32]~_Duplicate_1 ;
; -1.423 ; 0.500        ; 1.923          ; High Pulse Width ; CLOCK_50 ; Rise       ; keypad_freq_sel_module:inst1|DDFS_frequency_converter:DDFS_freq_conv_inst|mult_1000000[33]              ;
; -1.423 ; 0.500        ; 1.923          ; Low Pulse Width  ; CLOCK_50 ; Rise       ; keypad_freq_sel_module:inst1|DDFS_frequency_converter:DDFS_freq_conv_inst|mult_1000000[33]              ;
; -1.423 ; 0.500        ; 1.923          ; High Pulse Width ; CLOCK_50 ; Rise       ; keypad_freq_sel_module:inst1|DDFS_frequency_converter:DDFS_freq_conv_inst|mult_1000000[33]~_Duplicate_1 ;
; -1.423 ; 0.500        ; 1.923          ; Low Pulse Width  ; CLOCK_50 ; Rise       ; keypad_freq_sel_module:inst1|DDFS_frequency_converter:DDFS_freq_conv_inst|mult_1000000[33]~_Duplicate_1 ;
; -1.423 ; 0.500        ; 1.923          ; High Pulse Width ; CLOCK_50 ; Rise       ; keypad_freq_sel_module:inst1|DDFS_frequency_converter:DDFS_freq_conv_inst|mult_1000000[34]              ;
; -1.423 ; 0.500        ; 1.923          ; Low Pulse Width  ; CLOCK_50 ; Rise       ; keypad_freq_sel_module:inst1|DDFS_frequency_converter:DDFS_freq_conv_inst|mult_1000000[34]              ;
; -1.423 ; 0.500        ; 1.923          ; High Pulse Width ; CLOCK_50 ; Rise       ; keypad_freq_sel_module:inst1|DDFS_frequency_converter:DDFS_freq_conv_inst|mult_1000000[34]~_Duplicate_1 ;
; -1.423 ; 0.500        ; 1.923          ; Low Pulse Width  ; CLOCK_50 ; Rise       ; keypad_freq_sel_module:inst1|DDFS_frequency_converter:DDFS_freq_conv_inst|mult_1000000[34]~_Duplicate_1 ;
+--------+--------------+----------------+------------------+----------+------------+---------------------------------------------------------------------------------------------------------+


+------------------------------------------------------------------------+
; Setup Times                                                            ;
+------------+------------+-------+-------+------------+-----------------+
; Data Port  ; Clock Port ; Rise  ; Fall  ; Clock Edge ; Clock Reference ;
+------------+------------+-------+-------+------------+-----------------+
; GPIO_0[*]  ; CLOCK_50   ; 4.910 ; 4.910 ; Rise       ; CLOCK_50        ;
;  GPIO_0[0] ; CLOCK_50   ; 4.910 ; 4.910 ; Rise       ; CLOCK_50        ;
;  GPIO_0[1] ; CLOCK_50   ; 4.680 ; 4.680 ; Rise       ; CLOCK_50        ;
;  GPIO_0[2] ; CLOCK_50   ; 4.328 ; 4.328 ; Rise       ; CLOCK_50        ;
;  GPIO_0[3] ; CLOCK_50   ; 4.583 ; 4.583 ; Rise       ; CLOCK_50        ;
; SW[*]      ; CLOCK_50   ; 4.535 ; 4.535 ; Rise       ; CLOCK_50        ;
;  SW[0]     ; CLOCK_50   ; 4.535 ; 4.535 ; Rise       ; CLOCK_50        ;
+------------+------------+-------+-------+------------+-----------------+


+--------------------------------------------------------------------------+
; Hold Times                                                               ;
+------------+------------+--------+--------+------------+-----------------+
; Data Port  ; Clock Port ; Rise   ; Fall   ; Clock Edge ; Clock Reference ;
+------------+------------+--------+--------+------------+-----------------+
; GPIO_0[*]  ; CLOCK_50   ; -4.098 ; -4.098 ; Rise       ; CLOCK_50        ;
;  GPIO_0[0] ; CLOCK_50   ; -4.680 ; -4.680 ; Rise       ; CLOCK_50        ;
;  GPIO_0[1] ; CLOCK_50   ; -4.450 ; -4.450 ; Rise       ; CLOCK_50        ;
;  GPIO_0[2] ; CLOCK_50   ; -4.098 ; -4.098 ; Rise       ; CLOCK_50        ;
;  GPIO_0[3] ; CLOCK_50   ; -4.353 ; -4.353 ; Rise       ; CLOCK_50        ;
; SW[*]      ; CLOCK_50   ; 0.316  ; 0.316  ; Rise       ; CLOCK_50        ;
;  SW[0]     ; CLOCK_50   ; 0.316  ; 0.316  ; Rise       ; CLOCK_50        ;
+------------+------------+--------+--------+------------+-----------------+


+--------------------------------------------------------------------------+
; Clock to Output Times                                                    ;
+------------+------------+--------+--------+------------+-----------------+
; Data Port  ; Clock Port ; Rise   ; Fall   ; Clock Edge ; Clock Reference ;
+------------+------------+--------+--------+------------+-----------------+
; GPIO_1[*]  ; CLOCK_50   ; 11.503 ; 11.503 ; Rise       ; CLOCK_50        ;
;  GPIO_1[0] ; CLOCK_50   ; 11.503 ; 11.503 ; Rise       ; CLOCK_50        ;
;  GPIO_1[1] ; CLOCK_50   ; 11.484 ; 11.484 ; Rise       ; CLOCK_50        ;
;  GPIO_1[2] ; CLOCK_50   ; 11.411 ; 11.411 ; Rise       ; CLOCK_50        ;
;  GPIO_1[3] ; CLOCK_50   ; 11.420 ; 11.420 ; Rise       ; CLOCK_50        ;
; HEX0[*]    ; CLOCK_50   ; 9.619  ; 9.619  ; Rise       ; CLOCK_50        ;
;  HEX0[0]   ; CLOCK_50   ; 9.619  ; 9.619  ; Rise       ; CLOCK_50        ;
;  HEX0[1]   ; CLOCK_50   ; 9.585  ; 9.585  ; Rise       ; CLOCK_50        ;
;  HEX0[2]   ; CLOCK_50   ; 9.598  ; 9.598  ; Rise       ; CLOCK_50        ;
;  HEX0[3]   ; CLOCK_50   ; 9.371  ; 9.371  ; Rise       ; CLOCK_50        ;
;  HEX0[4]   ; CLOCK_50   ; 9.363  ; 9.363  ; Rise       ; CLOCK_50        ;
;  HEX0[5]   ; CLOCK_50   ; 9.347  ; 9.347  ; Rise       ; CLOCK_50        ;
;  HEX0[6]   ; CLOCK_50   ; 9.357  ; 9.357  ; Rise       ; CLOCK_50        ;
; HEX1[*]    ; CLOCK_50   ; 9.235  ; 9.235  ; Rise       ; CLOCK_50        ;
;  HEX1[0]   ; CLOCK_50   ; 9.211  ; 9.211  ; Rise       ; CLOCK_50        ;
;  HEX1[1]   ; CLOCK_50   ; 9.235  ; 9.235  ; Rise       ; CLOCK_50        ;
;  HEX1[2]   ; CLOCK_50   ; 8.578  ; 8.578  ; Rise       ; CLOCK_50        ;
;  HEX1[3]   ; CLOCK_50   ; 9.038  ; 9.038  ; Rise       ; CLOCK_50        ;
;  HEX1[4]   ; CLOCK_50   ; 9.030  ; 9.030  ; Rise       ; CLOCK_50        ;
;  HEX1[5]   ; CLOCK_50   ; 8.920  ; 8.920  ; Rise       ; CLOCK_50        ;
;  HEX1[6]   ; CLOCK_50   ; 9.041  ; 9.041  ; Rise       ; CLOCK_50        ;
; HEX2[*]    ; CLOCK_50   ; 9.304  ; 9.304  ; Rise       ; CLOCK_50        ;
;  HEX2[0]   ; CLOCK_50   ; 9.254  ; 9.254  ; Rise       ; CLOCK_50        ;
;  HEX2[1]   ; CLOCK_50   ; 9.257  ; 9.257  ; Rise       ; CLOCK_50        ;
;  HEX2[2]   ; CLOCK_50   ; 9.304  ; 9.304  ; Rise       ; CLOCK_50        ;
;  HEX2[3]   ; CLOCK_50   ; 9.253  ; 9.253  ; Rise       ; CLOCK_50        ;
;  HEX2[4]   ; CLOCK_50   ; 9.005  ; 9.005  ; Rise       ; CLOCK_50        ;
;  HEX2[5]   ; CLOCK_50   ; 8.961  ; 8.961  ; Rise       ; CLOCK_50        ;
;  HEX2[6]   ; CLOCK_50   ; 8.988  ; 8.988  ; Rise       ; CLOCK_50        ;
; HEX3[*]    ; CLOCK_50   ; 8.653  ; 8.653  ; Rise       ; CLOCK_50        ;
;  HEX3[0]   ; CLOCK_50   ; 8.623  ; 8.623  ; Rise       ; CLOCK_50        ;
;  HEX3[1]   ; CLOCK_50   ; 8.579  ; 8.579  ; Rise       ; CLOCK_50        ;
;  HEX3[2]   ; CLOCK_50   ; 8.376  ; 8.376  ; Rise       ; CLOCK_50        ;
;  HEX3[3]   ; CLOCK_50   ; 8.382  ; 8.382  ; Rise       ; CLOCK_50        ;
;  HEX3[4]   ; CLOCK_50   ; 8.639  ; 8.639  ; Rise       ; CLOCK_50        ;
;  HEX3[5]   ; CLOCK_50   ; 8.653  ; 8.653  ; Rise       ; CLOCK_50        ;
;  HEX3[6]   ; CLOCK_50   ; 8.644  ; 8.644  ; Rise       ; CLOCK_50        ;
; HEX4[*]    ; CLOCK_50   ; 10.264 ; 10.264 ; Rise       ; CLOCK_50        ;
;  HEX4[0]   ; CLOCK_50   ; 8.428  ; 8.428  ; Rise       ; CLOCK_50        ;
;  HEX4[1]   ; CLOCK_50   ; 9.840  ; 9.840  ; Rise       ; CLOCK_50        ;
;  HEX4[2]   ; CLOCK_50   ; 8.963  ; 8.963  ; Rise       ; CLOCK_50        ;
;  HEX4[3]   ; CLOCK_50   ; 8.868  ; 8.868  ; Rise       ; CLOCK_50        ;
;  HEX4[4]   ; CLOCK_50   ; 10.264 ; 10.264 ; Rise       ; CLOCK_50        ;
;  HEX4[5]   ; CLOCK_50   ; 9.235  ; 9.235  ; Rise       ; CLOCK_50        ;
;  HEX4[6]   ; CLOCK_50   ; 8.555  ; 8.555  ; Rise       ; CLOCK_50        ;
; HEX5[*]    ; CLOCK_50   ; 10.800 ; 10.800 ; Rise       ; CLOCK_50        ;
;  HEX5[0]   ; CLOCK_50   ; 10.511 ; 10.511 ; Rise       ; CLOCK_50        ;
;  HEX5[1]   ; CLOCK_50   ; 10.494 ; 10.494 ; Rise       ; CLOCK_50        ;
;  HEX5[2]   ; CLOCK_50   ; 10.482 ; 10.482 ; Rise       ; CLOCK_50        ;
;  HEX5[3]   ; CLOCK_50   ; 10.799 ; 10.799 ; Rise       ; CLOCK_50        ;
;  HEX5[4]   ; CLOCK_50   ; 10.655 ; 10.655 ; Rise       ; CLOCK_50        ;
;  HEX5[5]   ; CLOCK_50   ; 10.792 ; 10.792 ; Rise       ; CLOCK_50        ;
;  HEX5[6]   ; CLOCK_50   ; 10.800 ; 10.800 ; Rise       ; CLOCK_50        ;
; HEX6[*]    ; CLOCK_50   ; 10.618 ; 10.618 ; Rise       ; CLOCK_50        ;
;  HEX6[0]   ; CLOCK_50   ; 10.326 ; 10.326 ; Rise       ; CLOCK_50        ;
;  HEX6[1]   ; CLOCK_50   ; 8.632  ; 8.632  ; Rise       ; CLOCK_50        ;
;  HEX6[2]   ; CLOCK_50   ; 9.374  ; 9.374  ; Rise       ; CLOCK_50        ;
;  HEX6[3]   ; CLOCK_50   ; 9.412  ; 9.412  ; Rise       ; CLOCK_50        ;
;  HEX6[4]   ; CLOCK_50   ; 9.394  ; 9.394  ; Rise       ; CLOCK_50        ;
;  HEX6[5]   ; CLOCK_50   ; 9.136  ; 9.136  ; Rise       ; CLOCK_50        ;
;  HEX6[6]   ; CLOCK_50   ; 10.618 ; 10.618 ; Rise       ; CLOCK_50        ;
; LEDG[*]    ; CLOCK_50   ; 7.972  ; 7.972  ; Rise       ; CLOCK_50        ;
;  LEDG[0]   ; CLOCK_50   ; 7.788  ; 7.788  ; Rise       ; CLOCK_50        ;
;  LEDG[1]   ; CLOCK_50   ; 7.949  ; 7.949  ; Rise       ; CLOCK_50        ;
;  LEDG[2]   ; CLOCK_50   ; 7.972  ; 7.972  ; Rise       ; CLOCK_50        ;
;  LEDG[3]   ; CLOCK_50   ; 7.247  ; 7.247  ; Rise       ; CLOCK_50        ;
;  LEDG[4]   ; CLOCK_50   ; 7.074  ; 7.074  ; Rise       ; CLOCK_50        ;
;  LEDG[5]   ; CLOCK_50   ; 7.069  ; 7.069  ; Rise       ; CLOCK_50        ;
;  LEDG[6]   ; CLOCK_50   ; 7.056  ; 7.056  ; Rise       ; CLOCK_50        ;
;  LEDG[7]   ; CLOCK_50   ; 7.044  ; 7.044  ; Rise       ; CLOCK_50        ;
; LEDR[*]    ; CLOCK_50   ; 18.842 ; 18.842 ; Rise       ; CLOCK_50        ;
;  LEDR[0]   ; CLOCK_50   ; 16.233 ; 16.233 ; Rise       ; CLOCK_50        ;
;  LEDR[1]   ; CLOCK_50   ; 14.083 ; 14.083 ; Rise       ; CLOCK_50        ;
;  LEDR[2]   ; CLOCK_50   ; 13.601 ; 13.601 ; Rise       ; CLOCK_50        ;
;  LEDR[3]   ; CLOCK_50   ; 18.493 ; 18.493 ; Rise       ; CLOCK_50        ;
;  LEDR[4]   ; CLOCK_50   ; 18.268 ; 18.268 ; Rise       ; CLOCK_50        ;
;  LEDR[5]   ; CLOCK_50   ; 18.842 ; 18.842 ; Rise       ; CLOCK_50        ;
;  LEDR[6]   ; CLOCK_50   ; 18.638 ; 18.638 ; Rise       ; CLOCK_50        ;
;  LEDR[7]   ; CLOCK_50   ; 18.786 ; 18.786 ; Rise       ; CLOCK_50        ;
;  LEDR[8]   ; CLOCK_50   ; 17.415 ; 17.415 ; Rise       ; CLOCK_50        ;
;  LEDR[9]   ; CLOCK_50   ; 17.347 ; 17.347 ; Rise       ; CLOCK_50        ;
+------------+------------+--------+--------+------------+-----------------+


+--------------------------------------------------------------------------+
; Minimum Clock to Output Times                                            ;
+------------+------------+--------+--------+------------+-----------------+
; Data Port  ; Clock Port ; Rise   ; Fall   ; Clock Edge ; Clock Reference ;
+------------+------------+--------+--------+------------+-----------------+
; GPIO_1[*]  ; CLOCK_50   ; 8.517  ; 8.517  ; Rise       ; CLOCK_50        ;
;  GPIO_1[0] ; CLOCK_50   ; 8.608  ; 8.608  ; Rise       ; CLOCK_50        ;
;  GPIO_1[1] ; CLOCK_50   ; 8.588  ; 8.588  ; Rise       ; CLOCK_50        ;
;  GPIO_1[2] ; CLOCK_50   ; 8.517  ; 8.517  ; Rise       ; CLOCK_50        ;
;  GPIO_1[3] ; CLOCK_50   ; 8.524  ; 8.524  ; Rise       ; CLOCK_50        ;
; HEX0[*]    ; CLOCK_50   ; 8.376  ; 8.376  ; Rise       ; CLOCK_50        ;
;  HEX0[0]   ; CLOCK_50   ; 8.640  ; 8.640  ; Rise       ; CLOCK_50        ;
;  HEX0[1]   ; CLOCK_50   ; 8.606  ; 8.606  ; Rise       ; CLOCK_50        ;
;  HEX0[2]   ; CLOCK_50   ; 8.618  ; 8.618  ; Rise       ; CLOCK_50        ;
;  HEX0[3]   ; CLOCK_50   ; 8.392  ; 8.392  ; Rise       ; CLOCK_50        ;
;  HEX0[4]   ; CLOCK_50   ; 8.389  ; 8.389  ; Rise       ; CLOCK_50        ;
;  HEX0[5]   ; CLOCK_50   ; 8.379  ; 8.379  ; Rise       ; CLOCK_50        ;
;  HEX0[6]   ; CLOCK_50   ; 8.376  ; 8.376  ; Rise       ; CLOCK_50        ;
; HEX1[*]    ; CLOCK_50   ; 8.048  ; 8.048  ; Rise       ; CLOCK_50        ;
;  HEX1[0]   ; CLOCK_50   ; 8.704  ; 8.704  ; Rise       ; CLOCK_50        ;
;  HEX1[1]   ; CLOCK_50   ; 8.705  ; 8.705  ; Rise       ; CLOCK_50        ;
;  HEX1[2]   ; CLOCK_50   ; 8.048  ; 8.048  ; Rise       ; CLOCK_50        ;
;  HEX1[3]   ; CLOCK_50   ; 8.507  ; 8.507  ; Rise       ; CLOCK_50        ;
;  HEX1[4]   ; CLOCK_50   ; 8.523  ; 8.523  ; Rise       ; CLOCK_50        ;
;  HEX1[5]   ; CLOCK_50   ; 8.417  ; 8.417  ; Rise       ; CLOCK_50        ;
;  HEX1[6]   ; CLOCK_50   ; 8.510  ; 8.510  ; Rise       ; CLOCK_50        ;
; HEX2[*]    ; CLOCK_50   ; 8.392  ; 8.392  ; Rise       ; CLOCK_50        ;
;  HEX2[0]   ; CLOCK_50   ; 8.675  ; 8.675  ; Rise       ; CLOCK_50        ;
;  HEX2[1]   ; CLOCK_50   ; 8.683  ; 8.683  ; Rise       ; CLOCK_50        ;
;  HEX2[2]   ; CLOCK_50   ; 8.704  ; 8.704  ; Rise       ; CLOCK_50        ;
;  HEX2[3]   ; CLOCK_50   ; 8.690  ; 8.690  ; Rise       ; CLOCK_50        ;
;  HEX2[4]   ; CLOCK_50   ; 8.427  ; 8.427  ; Rise       ; CLOCK_50        ;
;  HEX2[5]   ; CLOCK_50   ; 8.392  ; 8.392  ; Rise       ; CLOCK_50        ;
;  HEX2[6]   ; CLOCK_50   ; 8.426  ; 8.426  ; Rise       ; CLOCK_50        ;
; HEX3[*]    ; CLOCK_50   ; 8.047  ; 8.047  ; Rise       ; CLOCK_50        ;
;  HEX3[0]   ; CLOCK_50   ; 8.336  ; 8.336  ; Rise       ; CLOCK_50        ;
;  HEX3[1]   ; CLOCK_50   ; 8.157  ; 8.157  ; Rise       ; CLOCK_50        ;
;  HEX3[2]   ; CLOCK_50   ; 8.052  ; 8.052  ; Rise       ; CLOCK_50        ;
;  HEX3[3]   ; CLOCK_50   ; 8.047  ; 8.047  ; Rise       ; CLOCK_50        ;
;  HEX3[4]   ; CLOCK_50   ; 8.314  ; 8.314  ; Rise       ; CLOCK_50        ;
;  HEX3[5]   ; CLOCK_50   ; 8.322  ; 8.322  ; Rise       ; CLOCK_50        ;
;  HEX3[6]   ; CLOCK_50   ; 8.310  ; 8.310  ; Rise       ; CLOCK_50        ;
; HEX4[*]    ; CLOCK_50   ; 8.335  ; 8.335  ; Rise       ; CLOCK_50        ;
;  HEX4[0]   ; CLOCK_50   ; 8.335  ; 8.335  ; Rise       ; CLOCK_50        ;
;  HEX4[1]   ; CLOCK_50   ; 9.702  ; 9.702  ; Rise       ; CLOCK_50        ;
;  HEX4[2]   ; CLOCK_50   ; 8.843  ; 8.843  ; Rise       ; CLOCK_50        ;
;  HEX4[3]   ; CLOCK_50   ; 8.753  ; 8.753  ; Rise       ; CLOCK_50        ;
;  HEX4[4]   ; CLOCK_50   ; 10.170 ; 10.170 ; Rise       ; CLOCK_50        ;
;  HEX4[5]   ; CLOCK_50   ; 9.119  ; 9.119  ; Rise       ; CLOCK_50        ;
;  HEX4[6]   ; CLOCK_50   ; 8.412  ; 8.412  ; Rise       ; CLOCK_50        ;
; HEX5[*]    ; CLOCK_50   ; 8.663  ; 8.663  ; Rise       ; CLOCK_50        ;
;  HEX5[0]   ; CLOCK_50   ; 8.694  ; 8.694  ; Rise       ; CLOCK_50        ;
;  HEX5[1]   ; CLOCK_50   ; 8.677  ; 8.677  ; Rise       ; CLOCK_50        ;
;  HEX5[2]   ; CLOCK_50   ; 8.663  ; 8.663  ; Rise       ; CLOCK_50        ;
;  HEX5[3]   ; CLOCK_50   ; 8.990  ; 8.990  ; Rise       ; CLOCK_50        ;
;  HEX5[4]   ; CLOCK_50   ; 8.847  ; 8.847  ; Rise       ; CLOCK_50        ;
;  HEX5[5]   ; CLOCK_50   ; 8.971  ; 8.971  ; Rise       ; CLOCK_50        ;
;  HEX5[6]   ; CLOCK_50   ; 8.993  ; 8.993  ; Rise       ; CLOCK_50        ;
; HEX6[*]    ; CLOCK_50   ; 8.497  ; 8.497  ; Rise       ; CLOCK_50        ;
;  HEX6[0]   ; CLOCK_50   ; 10.188 ; 10.188 ; Rise       ; CLOCK_50        ;
;  HEX6[1]   ; CLOCK_50   ; 8.497  ; 8.497  ; Rise       ; CLOCK_50        ;
;  HEX6[2]   ; CLOCK_50   ; 9.237  ; 9.237  ; Rise       ; CLOCK_50        ;
;  HEX6[3]   ; CLOCK_50   ; 9.261  ; 9.261  ; Rise       ; CLOCK_50        ;
;  HEX6[4]   ; CLOCK_50   ; 9.239  ; 9.239  ; Rise       ; CLOCK_50        ;
;  HEX6[5]   ; CLOCK_50   ; 8.972  ; 8.972  ; Rise       ; CLOCK_50        ;
;  HEX6[6]   ; CLOCK_50   ; 10.480 ; 10.480 ; Rise       ; CLOCK_50        ;
; LEDG[*]    ; CLOCK_50   ; 7.044  ; 7.044  ; Rise       ; CLOCK_50        ;
;  LEDG[0]   ; CLOCK_50   ; 7.788  ; 7.788  ; Rise       ; CLOCK_50        ;
;  LEDG[1]   ; CLOCK_50   ; 7.949  ; 7.949  ; Rise       ; CLOCK_50        ;
;  LEDG[2]   ; CLOCK_50   ; 7.972  ; 7.972  ; Rise       ; CLOCK_50        ;
;  LEDG[3]   ; CLOCK_50   ; 7.247  ; 7.247  ; Rise       ; CLOCK_50        ;
;  LEDG[4]   ; CLOCK_50   ; 7.074  ; 7.074  ; Rise       ; CLOCK_50        ;
;  LEDG[5]   ; CLOCK_50   ; 7.069  ; 7.069  ; Rise       ; CLOCK_50        ;
;  LEDG[6]   ; CLOCK_50   ; 7.056  ; 7.056  ; Rise       ; CLOCK_50        ;
;  LEDG[7]   ; CLOCK_50   ; 7.044  ; 7.044  ; Rise       ; CLOCK_50        ;
; LEDR[*]    ; CLOCK_50   ; 8.719  ; 8.719  ; Rise       ; CLOCK_50        ;
;  LEDR[0]   ; CLOCK_50   ; 10.136 ; 10.136 ; Rise       ; CLOCK_50        ;
;  LEDR[1]   ; CLOCK_50   ; 10.374 ; 10.374 ; Rise       ; CLOCK_50        ;
;  LEDR[2]   ; CLOCK_50   ; 10.052 ; 10.052 ; Rise       ; CLOCK_50        ;
;  LEDR[3]   ; CLOCK_50   ; 9.303  ; 9.303  ; Rise       ; CLOCK_50        ;
;  LEDR[4]   ; CLOCK_50   ; 10.257 ; 10.257 ; Rise       ; CLOCK_50        ;
;  LEDR[5]   ; CLOCK_50   ; 10.409 ; 10.409 ; Rise       ; CLOCK_50        ;
;  LEDR[6]   ; CLOCK_50   ; 10.542 ; 10.542 ; Rise       ; CLOCK_50        ;
;  LEDR[7]   ; CLOCK_50   ; 10.119 ; 10.119 ; Rise       ; CLOCK_50        ;
;  LEDR[8]   ; CLOCK_50   ; 8.873  ; 8.873  ; Rise       ; CLOCK_50        ;
;  LEDR[9]   ; CLOCK_50   ; 8.719  ; 8.719  ; Rise       ; CLOCK_50        ;
+------------+------------+--------+--------+------------+-----------------+


+-----------------------------------+
; Fast Model Setup Summary          ;
+----------+--------+---------------+
; Clock    ; Slack  ; End Point TNS ;
+----------+--------+---------------+
; CLOCK_50 ; -4.380 ; -1981.218     ;
+----------+--------+---------------+


+----------------------------------+
; Fast Model Hold Summary          ;
+----------+-------+---------------+
; Clock    ; Slack ; End Point TNS ;
+----------+-------+---------------+
; CLOCK_50 ; 0.215 ; 0.000         ;
+----------+-------+---------------+


-------------------------------
; Fast Model Recovery Summary ;
-------------------------------
No paths to report.


------------------------------
; Fast Model Removal Summary ;
------------------------------
No paths to report.


+----------------------------------------+
; Fast Model Minimum Pulse Width Summary ;
+----------+--------+--------------------+
; Clock    ; Slack  ; End Point TNS      ;
+----------+--------+--------------------+
; CLOCK_50 ; -1.519 ; -1915.974          ;
+----------+--------+--------------------+


+-----------------------------------------------------------------------------------------------------------------------------------------------------------------------------------------------------------------------------------------------------------------------------------+
; Fast Model Setup: 'CLOCK_50'                                                                                                                                                                                                                                                      ;
+--------+------------------------------------------------------------------------------------------+---------------------------------------------------------------------------------------------------------+--------------+-------------+--------------+------------+------------+
; Slack  ; From Node                                                                                ; To Node                                                                                                 ; Launch Clock ; Latch Clock ; Relationship ; Clock Skew ; Data Delay ;
+--------+------------------------------------------------------------------------------------------+---------------------------------------------------------------------------------------------------------+--------------+-------------+--------------+------------+------------+
; -4.380 ; keypad_freq_sel_module:inst1|DDFS_frequency_converter:DDFS_freq_conv_inst|final_freq[1]  ; keypad_freq_sel_module:inst1|DDFS_frequency_converter:DDFS_freq_conv_inst|mult_1000000[42]              ; CLOCK_50     ; CLOCK_50    ; 1.000        ; 0.038      ; 5.393      ;
; -4.359 ; keypad_freq_sel_module:inst1|DDFS_frequency_converter:DDFS_freq_conv_inst|final_freq[1]  ; keypad_freq_sel_module:inst1|DDFS_frequency_converter:DDFS_freq_conv_inst|mult_1000000[43]              ; CLOCK_50     ; CLOCK_50    ; 1.000        ; 0.038      ; 5.372      ;
; -4.333 ; keypad_freq_sel_module:inst1|DDFS_frequency_converter:DDFS_freq_conv_inst|final_freq[1]  ; keypad_freq_sel_module:inst1|DDFS_frequency_converter:DDFS_freq_conv_inst|mult_1000000[40]              ; CLOCK_50     ; CLOCK_50    ; 1.000        ; 0.038      ; 5.346      ;
; -4.296 ; keypad_freq_sel_module:inst1|DDFS_frequency_converter:DDFS_freq_conv_inst|final_freq[3]  ; keypad_freq_sel_module:inst1|DDFS_frequency_converter:DDFS_freq_conv_inst|mult_1000000[42]              ; CLOCK_50     ; CLOCK_50    ; 1.000        ; 0.038      ; 5.309      ;
; -4.291 ; keypad_freq_sel_module:inst1|DDFS_frequency_converter:DDFS_freq_conv_inst|final_freq[1]  ; keypad_freq_sel_module:inst1|DDFS_frequency_converter:DDFS_freq_conv_inst|mult_1000000[34]~_Duplicate_1 ; CLOCK_50     ; CLOCK_50    ; 1.000        ; 0.020      ; 5.286      ;
; -4.288 ; keypad_freq_sel_module:inst1|DDFS_frequency_converter:DDFS_freq_conv_inst|final_freq[1]  ; keypad_freq_sel_module:inst1|DDFS_frequency_converter:DDFS_freq_conv_inst|mult_1000000[41]              ; CLOCK_50     ; CLOCK_50    ; 1.000        ; 0.038      ; 5.301      ;
; -4.275 ; keypad_freq_sel_module:inst1|DDFS_frequency_converter:DDFS_freq_conv_inst|final_freq[0]  ; keypad_freq_sel_module:inst1|DDFS_frequency_converter:DDFS_freq_conv_inst|mult_1000000[42]              ; CLOCK_50     ; CLOCK_50    ; 1.000        ; 0.038      ; 5.288      ;
; -4.275 ; keypad_freq_sel_module:inst1|DDFS_frequency_converter:DDFS_freq_conv_inst|final_freq[3]  ; keypad_freq_sel_module:inst1|DDFS_frequency_converter:DDFS_freq_conv_inst|mult_1000000[43]              ; CLOCK_50     ; CLOCK_50    ; 1.000        ; 0.038      ; 5.288      ;
; -4.254 ; keypad_freq_sel_module:inst1|DDFS_frequency_converter:DDFS_freq_conv_inst|final_freq[0]  ; keypad_freq_sel_module:inst1|DDFS_frequency_converter:DDFS_freq_conv_inst|mult_1000000[43]              ; CLOCK_50     ; CLOCK_50    ; 1.000        ; 0.038      ; 5.267      ;
; -4.253 ; keypad_freq_sel_module:inst1|DDFS_frequency_converter:DDFS_freq_conv_inst|final_freq[2]  ; keypad_freq_sel_module:inst1|DDFS_frequency_converter:DDFS_freq_conv_inst|mult_1000000[42]              ; CLOCK_50     ; CLOCK_50    ; 1.000        ; 0.038      ; 5.266      ;
; -4.249 ; keypad_freq_sel_module:inst1|DDFS_frequency_converter:DDFS_freq_conv_inst|final_freq[3]  ; keypad_freq_sel_module:inst1|DDFS_frequency_converter:DDFS_freq_conv_inst|mult_1000000[40]              ; CLOCK_50     ; CLOCK_50    ; 1.000        ; 0.038      ; 5.262      ;
; -4.241 ; keypad_freq_sel_module:inst1|DDFS_frequency_converter:DDFS_freq_conv_inst|final_freq[1]  ; keypad_freq_sel_module:inst1|DDFS_frequency_converter:DDFS_freq_conv_inst|mult_1000000[35]~_Duplicate_1 ; CLOCK_50     ; CLOCK_50    ; 1.000        ; 0.020      ; 5.236      ;
; -4.232 ; keypad_freq_sel_module:inst1|DDFS_frequency_converter:DDFS_freq_conv_inst|final_freq[2]  ; keypad_freq_sel_module:inst1|DDFS_frequency_converter:DDFS_freq_conv_inst|mult_1000000[43]              ; CLOCK_50     ; CLOCK_50    ; 1.000        ; 0.038      ; 5.245      ;
; -4.228 ; keypad_freq_sel_module:inst1|DDFS_frequency_converter:DDFS_freq_conv_inst|final_freq[0]  ; keypad_freq_sel_module:inst1|DDFS_frequency_converter:DDFS_freq_conv_inst|mult_1000000[40]              ; CLOCK_50     ; CLOCK_50    ; 1.000        ; 0.038      ; 5.241      ;
; -4.210 ; keypad_freq_sel_module:inst1|DDFS_frequency_converter:DDFS_freq_conv_inst|final_freq[10] ; keypad_freq_sel_module:inst1|DDFS_frequency_converter:DDFS_freq_conv_inst|mult_1000000[42]              ; CLOCK_50     ; CLOCK_50    ; 1.000        ; 0.038      ; 5.223      ;
; -4.207 ; keypad_freq_sel_module:inst1|DDFS_frequency_converter:DDFS_freq_conv_inst|final_freq[3]  ; keypad_freq_sel_module:inst1|DDFS_frequency_converter:DDFS_freq_conv_inst|mult_1000000[34]~_Duplicate_1 ; CLOCK_50     ; CLOCK_50    ; 1.000        ; 0.020      ; 5.202      ;
; -4.206 ; keypad_freq_sel_module:inst1|DDFS_frequency_converter:DDFS_freq_conv_inst|final_freq[2]  ; keypad_freq_sel_module:inst1|DDFS_frequency_converter:DDFS_freq_conv_inst|mult_1000000[40]              ; CLOCK_50     ; CLOCK_50    ; 1.000        ; 0.038      ; 5.219      ;
; -4.204 ; keypad_freq_sel_module:inst1|DDFS_frequency_converter:DDFS_freq_conv_inst|final_freq[3]  ; keypad_freq_sel_module:inst1|DDFS_frequency_converter:DDFS_freq_conv_inst|mult_1000000[41]              ; CLOCK_50     ; CLOCK_50    ; 1.000        ; 0.038      ; 5.217      ;
; -4.195 ; keypad_freq_sel_module:inst1|DDFS_frequency_converter:DDFS_freq_conv_inst|final_freq[1]  ; keypad_freq_sel_module:inst1|DDFS_frequency_converter:DDFS_freq_conv_inst|mult_1000000[35]              ; CLOCK_50     ; CLOCK_50    ; 1.000        ; 0.042      ; 5.212      ;
; -4.189 ; keypad_freq_sel_module:inst1|DDFS_frequency_converter:DDFS_freq_conv_inst|final_freq[10] ; keypad_freq_sel_module:inst1|DDFS_frequency_converter:DDFS_freq_conv_inst|mult_1000000[43]              ; CLOCK_50     ; CLOCK_50    ; 1.000        ; 0.038      ; 5.202      ;
; -4.186 ; keypad_freq_sel_module:inst1|DDFS_frequency_converter:DDFS_freq_conv_inst|final_freq[0]  ; keypad_freq_sel_module:inst1|DDFS_frequency_converter:DDFS_freq_conv_inst|mult_1000000[34]~_Duplicate_1 ; CLOCK_50     ; CLOCK_50    ; 1.000        ; 0.020      ; 5.181      ;
; -4.183 ; keypad_freq_sel_module:inst1|DDFS_frequency_converter:DDFS_freq_conv_inst|final_freq[0]  ; keypad_freq_sel_module:inst1|DDFS_frequency_converter:DDFS_freq_conv_inst|mult_1000000[41]              ; CLOCK_50     ; CLOCK_50    ; 1.000        ; 0.038      ; 5.196      ;
; -4.179 ; keypad_freq_sel_module:inst1|DDFS_frequency_converter:DDFS_freq_conv_inst|final_freq[1]  ; keypad_freq_sel_module:inst1|DDFS_frequency_converter:DDFS_freq_conv_inst|mult_1000000[38]              ; CLOCK_50     ; CLOCK_50    ; 1.000        ; 0.038      ; 5.192      ;
; -4.168 ; keypad_freq_sel_module:inst1|DDFS_frequency_converter:DDFS_freq_conv_inst|final_freq[4]  ; keypad_freq_sel_module:inst1|DDFS_frequency_converter:DDFS_freq_conv_inst|mult_1000000[42]              ; CLOCK_50     ; CLOCK_50    ; 1.000        ; 0.038      ; 5.181      ;
; -4.164 ; keypad_freq_sel_module:inst1|DDFS_frequency_converter:DDFS_freq_conv_inst|final_freq[2]  ; keypad_freq_sel_module:inst1|DDFS_frequency_converter:DDFS_freq_conv_inst|mult_1000000[34]~_Duplicate_1 ; CLOCK_50     ; CLOCK_50    ; 1.000        ; 0.020      ; 5.159      ;
; -4.163 ; keypad_freq_sel_module:inst1|DDFS_frequency_converter:DDFS_freq_conv_inst|final_freq[10] ; keypad_freq_sel_module:inst1|DDFS_frequency_converter:DDFS_freq_conv_inst|mult_1000000[40]              ; CLOCK_50     ; CLOCK_50    ; 1.000        ; 0.038      ; 5.176      ;
; -4.161 ; keypad_freq_sel_module:inst1|DDFS_frequency_converter:DDFS_freq_conv_inst|final_freq[2]  ; keypad_freq_sel_module:inst1|DDFS_frequency_converter:DDFS_freq_conv_inst|mult_1000000[41]              ; CLOCK_50     ; CLOCK_50    ; 1.000        ; 0.038      ; 5.174      ;
; -4.157 ; keypad_freq_sel_module:inst1|DDFS_frequency_converter:DDFS_freq_conv_inst|final_freq[3]  ; keypad_freq_sel_module:inst1|DDFS_frequency_converter:DDFS_freq_conv_inst|mult_1000000[35]~_Duplicate_1 ; CLOCK_50     ; CLOCK_50    ; 1.000        ; 0.020      ; 5.152      ;
; -4.147 ; keypad_freq_sel_module:inst1|DDFS_frequency_converter:DDFS_freq_conv_inst|final_freq[4]  ; keypad_freq_sel_module:inst1|DDFS_frequency_converter:DDFS_freq_conv_inst|mult_1000000[43]              ; CLOCK_50     ; CLOCK_50    ; 1.000        ; 0.038      ; 5.160      ;
; -4.143 ; keypad_freq_sel_module:inst1|DDFS_frequency_converter:DDFS_freq_conv_inst|final_freq[1]  ; keypad_freq_sel_module:inst1|DDFS_frequency_converter:DDFS_freq_conv_inst|mult_1000000[39]              ; CLOCK_50     ; CLOCK_50    ; 1.000        ; 0.038      ; 5.156      ;
; -4.136 ; keypad_freq_sel_module:inst1|DDFS_frequency_converter:DDFS_freq_conv_inst|final_freq[1]  ; keypad_freq_sel_module:inst1|DDFS_frequency_converter:DDFS_freq_conv_inst|mult_100000[41]               ; CLOCK_50     ; CLOCK_50    ; 1.000        ; 0.045      ; 5.156      ;
; -4.136 ; keypad_freq_sel_module:inst1|DDFS_frequency_converter:DDFS_freq_conv_inst|final_freq[0]  ; keypad_freq_sel_module:inst1|DDFS_frequency_converter:DDFS_freq_conv_inst|mult_1000000[35]~_Duplicate_1 ; CLOCK_50     ; CLOCK_50    ; 1.000        ; 0.020      ; 5.131      ;
; -4.134 ; keypad_freq_sel_module:inst1|DDFS_frequency_converter:DDFS_freq_conv_inst|final_freq[1]  ; keypad_freq_sel_module:inst1|DDFS_frequency_converter:DDFS_freq_conv_inst|mult_1000000[33]~_Duplicate_1 ; CLOCK_50     ; CLOCK_50    ; 1.000        ; 0.020      ; 5.129      ;
; -4.129 ; keypad_freq_sel_module:inst1|DDFS_frequency_converter:DDFS_freq_conv_inst|final_freq[6]  ; keypad_freq_sel_module:inst1|DDFS_frequency_converter:DDFS_freq_conv_inst|mult_1000000[42]              ; CLOCK_50     ; CLOCK_50    ; 1.000        ; 0.038      ; 5.142      ;
; -4.121 ; keypad_freq_sel_module:inst1|DDFS_frequency_converter:DDFS_freq_conv_inst|final_freq[4]  ; keypad_freq_sel_module:inst1|DDFS_frequency_converter:DDFS_freq_conv_inst|mult_1000000[40]              ; CLOCK_50     ; CLOCK_50    ; 1.000        ; 0.038      ; 5.134      ;
; -4.119 ; keypad_freq_sel_module:inst1|DDFS_frequency_converter:DDFS_freq_conv_inst|final_freq[1]  ; keypad_freq_sel_module:inst1|DDFS_frequency_converter:DDFS_freq_conv_inst|mult_1000000[36]              ; CLOCK_50     ; CLOCK_50    ; 1.000        ; 0.038      ; 5.132      ;
; -4.118 ; keypad_freq_sel_module:inst1|DDFS_frequency_converter:DDFS_freq_conv_inst|final_freq[10] ; keypad_freq_sel_module:inst1|DDFS_frequency_converter:DDFS_freq_conv_inst|mult_1000000[41]              ; CLOCK_50     ; CLOCK_50    ; 1.000        ; 0.038      ; 5.131      ;
; -4.116 ; keypad_freq_sel_module:inst1|DDFS_frequency_converter:DDFS_freq_conv_inst|final_freq[1]  ; keypad_freq_sel_module:inst1|DDFS_frequency_converter:DDFS_freq_conv_inst|mult_1000[30]                 ; CLOCK_50     ; CLOCK_50    ; 1.000        ; 0.047      ; 5.138      ;
; -4.114 ; keypad_freq_sel_module:inst1|DDFS_frequency_converter:DDFS_freq_conv_inst|final_freq[1]  ; keypad_freq_sel_module:inst1|DDFS_frequency_converter:DDFS_freq_conv_inst|mult_1000000[34]              ; CLOCK_50     ; CLOCK_50    ; 1.000        ; 0.042      ; 5.131      ;
; -4.114 ; keypad_freq_sel_module:inst1|DDFS_frequency_converter:DDFS_freq_conv_inst|final_freq[2]  ; keypad_freq_sel_module:inst1|DDFS_frequency_converter:DDFS_freq_conv_inst|mult_1000000[35]~_Duplicate_1 ; CLOCK_50     ; CLOCK_50    ; 1.000        ; 0.020      ; 5.109      ;
; -4.111 ; keypad_freq_sel_module:inst1|DDFS_frequency_converter:DDFS_freq_conv_inst|final_freq[3]  ; keypad_freq_sel_module:inst1|DDFS_frequency_converter:DDFS_freq_conv_inst|mult_1000000[35]              ; CLOCK_50     ; CLOCK_50    ; 1.000        ; 0.042      ; 5.128      ;
; -4.108 ; keypad_freq_sel_module:inst1|DDFS_frequency_converter:DDFS_freq_conv_inst|final_freq[6]  ; keypad_freq_sel_module:inst1|DDFS_frequency_converter:DDFS_freq_conv_inst|mult_1000000[43]              ; CLOCK_50     ; CLOCK_50    ; 1.000        ; 0.038      ; 5.121      ;
; -4.104 ; keypad_freq_sel_module:inst1|DDFS_frequency_converter:DDFS_freq_conv_inst|final_freq[1]  ; keypad_freq_sel_module:inst1|DDFS_frequency_converter:DDFS_freq_conv_inst|mult_100000[42]               ; CLOCK_50     ; CLOCK_50    ; 1.000        ; 0.045      ; 5.124      ;
; -4.095 ; keypad_freq_sel_module:inst1|DDFS_frequency_converter:DDFS_freq_conv_inst|final_freq[1]  ; keypad_freq_sel_module:inst1|DDFS_frequency_converter:DDFS_freq_conv_inst|mult_1000000[32]~_Duplicate_1 ; CLOCK_50     ; CLOCK_50    ; 1.000        ; 0.020      ; 5.090      ;
; -4.095 ; keypad_freq_sel_module:inst1|DDFS_frequency_converter:DDFS_freq_conv_inst|final_freq[3]  ; keypad_freq_sel_module:inst1|DDFS_frequency_converter:DDFS_freq_conv_inst|mult_1000000[38]              ; CLOCK_50     ; CLOCK_50    ; 1.000        ; 0.038      ; 5.108      ;
; -4.090 ; keypad_freq_sel_module:inst1|DDFS_frequency_converter:DDFS_freq_conv_inst|final_freq[0]  ; keypad_freq_sel_module:inst1|DDFS_frequency_converter:DDFS_freq_conv_inst|mult_1000000[35]              ; CLOCK_50     ; CLOCK_50    ; 1.000        ; 0.042      ; 5.107      ;
; -4.082 ; keypad_freq_sel_module:inst1|DDFS_frequency_converter:DDFS_freq_conv_inst|final_freq[6]  ; keypad_freq_sel_module:inst1|DDFS_frequency_converter:DDFS_freq_conv_inst|mult_1000000[40]              ; CLOCK_50     ; CLOCK_50    ; 1.000        ; 0.038      ; 5.095      ;
; -4.079 ; keypad_freq_sel_module:inst1|DDFS_frequency_converter:DDFS_freq_conv_inst|final_freq[4]  ; keypad_freq_sel_module:inst1|DDFS_frequency_converter:DDFS_freq_conv_inst|mult_1000000[34]~_Duplicate_1 ; CLOCK_50     ; CLOCK_50    ; 1.000        ; 0.020      ; 5.074      ;
; -4.076 ; keypad_freq_sel_module:inst1|DDFS_frequency_converter:DDFS_freq_conv_inst|final_freq[4]  ; keypad_freq_sel_module:inst1|DDFS_frequency_converter:DDFS_freq_conv_inst|mult_1000000[41]              ; CLOCK_50     ; CLOCK_50    ; 1.000        ; 0.038      ; 5.089      ;
; -4.075 ; keypad_freq_sel_module:inst1|DDFS_frequency_converter:DDFS_freq_conv_inst|final_freq[5]  ; keypad_freq_sel_module:inst1|DDFS_frequency_converter:DDFS_freq_conv_inst|mult_1000000[42]              ; CLOCK_50     ; CLOCK_50    ; 1.000        ; 0.038      ; 5.088      ;
; -4.074 ; keypad_freq_sel_module:inst1|DDFS_frequency_converter:DDFS_freq_conv_inst|final_freq[0]  ; keypad_freq_sel_module:inst1|DDFS_frequency_converter:DDFS_freq_conv_inst|mult_1000000[38]              ; CLOCK_50     ; CLOCK_50    ; 1.000        ; 0.038      ; 5.087      ;
; -4.069 ; keypad_freq_sel_module:inst1|DDFS_frequency_converter:DDFS_freq_conv_inst|final_freq[1]  ; keypad_freq_sel_module:inst1|DDFS_frequency_converter:DDFS_freq_conv_inst|mult_100000[40]               ; CLOCK_50     ; CLOCK_50    ; 1.000        ; 0.045      ; 5.089      ;
; -4.068 ; keypad_freq_sel_module:inst1|DDFS_frequency_converter:DDFS_freq_conv_inst|final_freq[1]  ; keypad_freq_sel_module:inst1|DDFS_frequency_converter:DDFS_freq_conv_inst|mult_1000000[37]              ; CLOCK_50     ; CLOCK_50    ; 1.000        ; 0.038      ; 5.081      ;
; -4.068 ; keypad_freq_sel_module:inst1|DDFS_frequency_converter:DDFS_freq_conv_inst|final_freq[2]  ; keypad_freq_sel_module:inst1|DDFS_frequency_converter:DDFS_freq_conv_inst|mult_1000000[35]              ; CLOCK_50     ; CLOCK_50    ; 1.000        ; 0.042      ; 5.085      ;
; -4.059 ; keypad_freq_sel_module:inst1|DDFS_frequency_converter:DDFS_freq_conv_inst|final_freq[3]  ; keypad_freq_sel_module:inst1|DDFS_frequency_converter:DDFS_freq_conv_inst|mult_1000000[39]              ; CLOCK_50     ; CLOCK_50    ; 1.000        ; 0.038      ; 5.072      ;
; -4.054 ; keypad_freq_sel_module:inst1|DDFS_frequency_converter:DDFS_freq_conv_inst|final_freq[5]  ; keypad_freq_sel_module:inst1|DDFS_frequency_converter:DDFS_freq_conv_inst|mult_1000000[43]              ; CLOCK_50     ; CLOCK_50    ; 1.000        ; 0.038      ; 5.067      ;
; -4.052 ; keypad_freq_sel_module:inst1|DDFS_frequency_converter:DDFS_freq_conv_inst|final_freq[2]  ; keypad_freq_sel_module:inst1|DDFS_frequency_converter:DDFS_freq_conv_inst|mult_1000000[38]              ; CLOCK_50     ; CLOCK_50    ; 1.000        ; 0.038      ; 5.065      ;
; -4.051 ; keypad_freq_sel_module:inst1|DDFS_frequency_converter:DDFS_freq_conv_inst|final_freq[1]  ; keypad_freq_sel_module:inst1|DDFS_frequency_converter:DDFS_freq_conv_inst|mult_100000[31]~_Duplicate_1  ; CLOCK_50     ; CLOCK_50    ; 1.000        ; 0.028      ; 5.054      ;
; -4.050 ; keypad_freq_sel_module:inst1|DDFS_frequency_converter:DDFS_freq_conv_inst|final_freq[1]  ; keypad_freq_sel_module:inst1|DDFS_frequency_converter:DDFS_freq_conv_inst|mult_1000000[40]~_Duplicate_1 ; CLOCK_50     ; CLOCK_50    ; 1.000        ; -0.008     ; 5.074      ;
; -4.050 ; keypad_freq_sel_module:inst1|DDFS_frequency_converter:DDFS_freq_conv_inst|final_freq[3]  ; keypad_freq_sel_module:inst1|DDFS_frequency_converter:DDFS_freq_conv_inst|mult_1000000[33]~_Duplicate_1 ; CLOCK_50     ; CLOCK_50    ; 1.000        ; 0.020      ; 5.045      ;
; -4.050 ; keypad_freq_sel_module:inst1|DDFS_frequency_converter:DDFS_freq_conv_inst|final_freq[10] ; keypad_freq_sel_module:inst1|DDFS_frequency_converter:DDFS_freq_conv_inst|mult_1000[30]                 ; CLOCK_50     ; CLOCK_50    ; 1.000        ; 0.047      ; 5.072      ;
; -4.046 ; keypad_freq_sel_module:inst1|DDFS_frequency_converter:DDFS_freq_conv_inst|final_freq[1]  ; keypad_freq_sel_module:inst1|DDFS_frequency_converter:DDFS_freq_conv_inst|mult_100000[35]~_Duplicate_1  ; CLOCK_50     ; CLOCK_50    ; 1.000        ; 0.028      ; 5.049      ;
; -4.046 ; keypad_freq_sel_module:inst1|DDFS_frequency_converter:DDFS_freq_conv_inst|final_freq[1]  ; keypad_freq_sel_module:inst1|DDFS_frequency_converter:DDFS_freq_conv_inst|mult_1000000[31]~_Duplicate_1 ; CLOCK_50     ; CLOCK_50    ; 1.000        ; 0.020      ; 5.041      ;
; -4.040 ; keypad_freq_sel_module:inst1|DDFS_frequency_converter:DDFS_freq_conv_inst|final_freq[6]  ; keypad_freq_sel_module:inst1|DDFS_frequency_converter:DDFS_freq_conv_inst|mult_1000000[34]~_Duplicate_1 ; CLOCK_50     ; CLOCK_50    ; 1.000        ; 0.020      ; 5.035      ;
; -4.038 ; keypad_freq_sel_module:inst1|DDFS_frequency_converter:DDFS_freq_conv_inst|final_freq[0]  ; keypad_freq_sel_module:inst1|DDFS_frequency_converter:DDFS_freq_conv_inst|mult_1000000[39]              ; CLOCK_50     ; CLOCK_50    ; 1.000        ; 0.038      ; 5.051      ;
; -4.038 ; keypad_freq_sel_module:inst1|DDFS_frequency_converter:DDFS_freq_conv_inst|final_freq[10] ; keypad_freq_sel_module:inst1|DDFS_frequency_converter:DDFS_freq_conv_inst|mult_100000[41]               ; CLOCK_50     ; CLOCK_50    ; 1.000        ; 0.045      ; 5.058      ;
; -4.037 ; keypad_freq_sel_module:inst1|DDFS_frequency_converter:DDFS_freq_conv_inst|final_freq[6]  ; keypad_freq_sel_module:inst1|DDFS_frequency_converter:DDFS_freq_conv_inst|mult_1000000[41]              ; CLOCK_50     ; CLOCK_50    ; 1.000        ; 0.038      ; 5.050      ;
; -4.035 ; keypad_freq_sel_module:inst1|DDFS_frequency_converter:DDFS_freq_conv_inst|final_freq[1]  ; keypad_freq_sel_module:inst1|DDFS_frequency_converter:DDFS_freq_conv_inst|mult_100000[35]               ; CLOCK_50     ; CLOCK_50    ; 1.000        ; 0.034      ; 5.044      ;
; -4.035 ; keypad_freq_sel_module:inst1|DDFS_frequency_converter:DDFS_freq_conv_inst|final_freq[3]  ; keypad_freq_sel_module:inst1|DDFS_frequency_converter:DDFS_freq_conv_inst|mult_1000000[36]              ; CLOCK_50     ; CLOCK_50    ; 1.000        ; 0.038      ; 5.048      ;
; -4.032 ; keypad_freq_sel_module:inst1|DDFS_frequency_converter:DDFS_freq_conv_inst|final_freq[3]  ; keypad_freq_sel_module:inst1|DDFS_frequency_converter:DDFS_freq_conv_inst|mult_1000[30]                 ; CLOCK_50     ; CLOCK_50    ; 1.000        ; 0.047      ; 5.054      ;
; -4.031 ; keypad_freq_sel_module:inst1|DDFS_frequency_converter:DDFS_freq_conv_inst|final_freq[1]  ; keypad_freq_sel_module:inst1|DDFS_frequency_converter:DDFS_freq_conv_inst|mult_100000[29]~_Duplicate_1  ; CLOCK_50     ; CLOCK_50    ; 1.000        ; 0.028      ; 5.034      ;
; -4.031 ; keypad_freq_sel_module:inst1|DDFS_frequency_converter:DDFS_freq_conv_inst|final_freq[0]  ; keypad_freq_sel_module:inst1|DDFS_frequency_converter:DDFS_freq_conv_inst|mult_100000[41]               ; CLOCK_50     ; CLOCK_50    ; 1.000        ; 0.045      ; 5.051      ;
; -4.031 ; keypad_freq_sel_module:inst1|DDFS_frequency_converter:DDFS_freq_conv_inst|final_freq[3]  ; keypad_freq_sel_module:inst1|DDFS_frequency_converter:DDFS_freq_conv_inst|mult_100000[41]               ; CLOCK_50     ; CLOCK_50    ; 1.000        ; 0.045      ; 5.051      ;
; -4.030 ; keypad_freq_sel_module:inst1|DDFS_frequency_converter:DDFS_freq_conv_inst|final_freq[1]  ; keypad_freq_sel_module:inst1|DDFS_frequency_converter:DDFS_freq_conv_inst|mult_1000[32]                 ; CLOCK_50     ; CLOCK_50    ; 1.000        ; 0.047      ; 5.052      ;
; -4.030 ; keypad_freq_sel_module:inst1|DDFS_frequency_converter:DDFS_freq_conv_inst|final_freq[3]  ; keypad_freq_sel_module:inst1|DDFS_frequency_converter:DDFS_freq_conv_inst|mult_1000000[34]              ; CLOCK_50     ; CLOCK_50    ; 1.000        ; 0.042      ; 5.047      ;
; -4.029 ; keypad_freq_sel_module:inst1|DDFS_frequency_converter:DDFS_freq_conv_inst|final_freq[4]  ; keypad_freq_sel_module:inst1|DDFS_frequency_converter:DDFS_freq_conv_inst|mult_1000000[35]~_Duplicate_1 ; CLOCK_50     ; CLOCK_50    ; 1.000        ; 0.020      ; 5.024      ;
; -4.029 ; keypad_freq_sel_module:inst1|DDFS_frequency_converter:DDFS_freq_conv_inst|final_freq[0]  ; keypad_freq_sel_module:inst1|DDFS_frequency_converter:DDFS_freq_conv_inst|mult_1000000[33]~_Duplicate_1 ; CLOCK_50     ; CLOCK_50    ; 1.000        ; 0.020      ; 5.024      ;
; -4.028 ; keypad_freq_sel_module:inst1|DDFS_frequency_converter:DDFS_freq_conv_inst|final_freq[5]  ; keypad_freq_sel_module:inst1|DDFS_frequency_converter:DDFS_freq_conv_inst|mult_1000000[40]              ; CLOCK_50     ; CLOCK_50    ; 1.000        ; 0.038      ; 5.041      ;
; -4.024 ; keypad_freq_sel_module:inst1|DDFS_frequency_converter:DDFS_freq_conv_inst|final_freq[10] ; keypad_freq_sel_module:inst1|DDFS_frequency_converter:DDFS_freq_conv_inst|mult_1000000[34]~_Duplicate_1 ; CLOCK_50     ; CLOCK_50    ; 1.000        ; 0.020      ; 5.019      ;
; -4.021 ; keypad_freq_sel_module:inst1|DDFS_frequency_converter:DDFS_freq_conv_inst|final_freq[1]  ; keypad_freq_sel_module:inst1|DDFS_frequency_converter:DDFS_freq_conv_inst|mult_100000[32]~_Duplicate_1  ; CLOCK_50     ; CLOCK_50    ; 1.000        ; 0.028      ; 5.024      ;
; -4.020 ; keypad_freq_sel_module:inst1|DDFS_frequency_converter:DDFS_freq_conv_inst|final_freq[1]  ; keypad_freq_sel_module:inst1|DDFS_frequency_converter:DDFS_freq_conv_inst|mult_100000[31]               ; CLOCK_50     ; CLOCK_50    ; 1.000        ; 0.034      ; 5.029      ;
; -4.016 ; keypad_freq_sel_module:inst1|DDFS_frequency_converter:DDFS_freq_conv_inst|final_freq[2]  ; keypad_freq_sel_module:inst1|DDFS_frequency_converter:DDFS_freq_conv_inst|mult_1000000[39]              ; CLOCK_50     ; CLOCK_50    ; 1.000        ; 0.038      ; 5.029      ;
; -4.014 ; keypad_freq_sel_module:inst1|DDFS_frequency_converter:DDFS_freq_conv_inst|final_freq[0]  ; keypad_freq_sel_module:inst1|DDFS_frequency_converter:DDFS_freq_conv_inst|mult_1000000[36]              ; CLOCK_50     ; CLOCK_50    ; 1.000        ; 0.038      ; 5.027      ;
; -4.013 ; keypad_freq_sel_module:inst1|DDFS_frequency_converter:DDFS_freq_conv_inst|final_freq[1]  ; keypad_freq_sel_module:inst1|DDFS_frequency_converter:DDFS_freq_conv_inst|mult_100000[34]~_Duplicate_1  ; CLOCK_50     ; CLOCK_50    ; 1.000        ; 0.028      ; 5.016      ;
; -4.011 ; keypad_freq_sel_module:inst1|DDFS_frequency_converter:DDFS_freq_conv_inst|final_freq[0]  ; keypad_freq_sel_module:inst1|DDFS_frequency_converter:DDFS_freq_conv_inst|mult_1000[30]                 ; CLOCK_50     ; CLOCK_50    ; 1.000        ; 0.047      ; 5.033      ;
; -4.011 ; keypad_freq_sel_module:inst1|DDFS_frequency_converter:DDFS_freq_conv_inst|final_freq[3]  ; keypad_freq_sel_module:inst1|DDFS_frequency_converter:DDFS_freq_conv_inst|mult_1000000[32]~_Duplicate_1 ; CLOCK_50     ; CLOCK_50    ; 1.000        ; 0.020      ; 5.006      ;
; -4.009 ; keypad_freq_sel_module:inst1|DDFS_frequency_converter:DDFS_freq_conv_inst|final_freq[0]  ; keypad_freq_sel_module:inst1|DDFS_frequency_converter:DDFS_freq_conv_inst|mult_1000000[34]              ; CLOCK_50     ; CLOCK_50    ; 1.000        ; 0.042      ; 5.026      ;
; -4.008 ; keypad_freq_sel_module:inst1|DDFS_frequency_converter:DDFS_freq_conv_inst|final_freq[7]  ; keypad_freq_sel_module:inst1|DDFS_frequency_converter:DDFS_freq_conv_inst|mult_1000000[42]              ; CLOCK_50     ; CLOCK_50    ; 1.000        ; 0.038      ; 5.021      ;
; -4.007 ; keypad_freq_sel_module:inst1|DDFS_frequency_converter:DDFS_freq_conv_inst|final_freq[2]  ; keypad_freq_sel_module:inst1|DDFS_frequency_converter:DDFS_freq_conv_inst|mult_1000000[33]~_Duplicate_1 ; CLOCK_50     ; CLOCK_50    ; 1.000        ; 0.020      ; 5.002      ;
; -4.006 ; keypad_freq_sel_module:inst1|DDFS_frequency_converter:DDFS_freq_conv_inst|final_freq[10] ; keypad_freq_sel_module:inst1|DDFS_frequency_converter:DDFS_freq_conv_inst|mult_100000[42]               ; CLOCK_50     ; CLOCK_50    ; 1.000        ; 0.045      ; 5.026      ;
; -4.003 ; keypad_freq_sel_module:inst1|DDFS_frequency_converter:DDFS_freq_conv_inst|final_freq[1]  ; keypad_freq_sel_module:inst1|DDFS_frequency_converter:DDFS_freq_conv_inst|mult_1000000[30]~_Duplicate_1 ; CLOCK_50     ; CLOCK_50    ; 1.000        ; 0.020      ; 4.998      ;
; -4.002 ; keypad_freq_sel_module:inst1|DDFS_frequency_converter:DDFS_freq_conv_inst|final_freq[1]  ; keypad_freq_sel_module:inst1|DDFS_frequency_converter:DDFS_freq_conv_inst|mult_100000[34]               ; CLOCK_50     ; CLOCK_50    ; 1.000        ; 0.034      ; 5.011      ;
; -3.999 ; keypad_freq_sel_module:inst1|DDFS_frequency_converter:DDFS_freq_conv_inst|final_freq[0]  ; keypad_freq_sel_module:inst1|DDFS_frequency_converter:DDFS_freq_conv_inst|mult_100000[42]               ; CLOCK_50     ; CLOCK_50    ; 1.000        ; 0.045      ; 5.019      ;
; -3.999 ; keypad_freq_sel_module:inst1|DDFS_frequency_converter:DDFS_freq_conv_inst|final_freq[3]  ; keypad_freq_sel_module:inst1|DDFS_frequency_converter:DDFS_freq_conv_inst|mult_100000[42]               ; CLOCK_50     ; CLOCK_50    ; 1.000        ; 0.045      ; 5.019      ;
; -3.994 ; keypad_freq_sel_module:inst1|DDFS_frequency_converter:DDFS_freq_conv_inst|final_freq[2]  ; keypad_freq_sel_module:inst1|DDFS_frequency_converter:DDFS_freq_conv_inst|mult_100000[41]               ; CLOCK_50     ; CLOCK_50    ; 1.000        ; 0.045      ; 5.014      ;
; -3.992 ; keypad_freq_sel_module:inst1|DDFS_frequency_converter:DDFS_freq_conv_inst|final_freq[2]  ; keypad_freq_sel_module:inst1|DDFS_frequency_converter:DDFS_freq_conv_inst|mult_1000000[36]              ; CLOCK_50     ; CLOCK_50    ; 1.000        ; 0.038      ; 5.005      ;
; -3.990 ; keypad_freq_sel_module:inst1|DDFS_frequency_converter:DDFS_freq_conv_inst|final_freq[6]  ; keypad_freq_sel_module:inst1|DDFS_frequency_converter:DDFS_freq_conv_inst|mult_1000000[35]~_Duplicate_1 ; CLOCK_50     ; CLOCK_50    ; 1.000        ; 0.020      ; 4.985      ;
; -3.990 ; keypad_freq_sel_module:inst1|DDFS_frequency_converter:DDFS_freq_conv_inst|final_freq[0]  ; keypad_freq_sel_module:inst1|DDFS_frequency_converter:DDFS_freq_conv_inst|mult_1000000[32]~_Duplicate_1 ; CLOCK_50     ; CLOCK_50    ; 1.000        ; 0.020      ; 4.985      ;
; -3.989 ; keypad_freq_sel_module:inst1|DDFS_frequency_converter:DDFS_freq_conv_inst|final_freq[2]  ; keypad_freq_sel_module:inst1|DDFS_frequency_converter:DDFS_freq_conv_inst|mult_1000[30]                 ; CLOCK_50     ; CLOCK_50    ; 1.000        ; 0.047      ; 5.011      ;
; -3.987 ; keypad_freq_sel_module:inst1|DDFS_frequency_converter:DDFS_freq_conv_inst|final_freq[7]  ; keypad_freq_sel_module:inst1|DDFS_frequency_converter:DDFS_freq_conv_inst|mult_1000000[43]              ; CLOCK_50     ; CLOCK_50    ; 1.000        ; 0.038      ; 5.000      ;
+--------+------------------------------------------------------------------------------------------+---------------------------------------------------------------------------------------------------------+--------------+-------------+--------------+------------+------------+


+-----------------------------------------------------------------------------------------------------------------------------------------------------------------------------------------------------------------------------------------------+
; Fast Model Hold: 'CLOCK_50'                                                                                                                                                                                                                   ;
+-------+-------------------------------------------------------------------------------+---------------------------------------------------------------------------------+--------------+-------------+--------------+------------+------------+
; Slack ; From Node                                                                     ; To Node                                                                         ; Launch Clock ; Latch Clock ; Relationship ; Clock Skew ; Data Delay ;
+-------+-------------------------------------------------------------------------------+---------------------------------------------------------------------------------+--------------+-------------+--------------+------------+------------+
; 0.215 ; keypad_freq_sel_module:inst1|keypad_module:keypad_mod_inst|data_valid         ; keypad_freq_sel_module:inst1|keypad_module:keypad_mod_inst|data_valid           ; CLOCK_50     ; CLOCK_50    ; 0.000        ; 0.000      ; 0.367      ;
; 0.215 ; keypad_freq_sel_module:inst1|keypad_module:keypad_mod_inst|tmp_out_keys[0]    ; keypad_freq_sel_module:inst1|keypad_module:keypad_mod_inst|tmp_out_keys[0]      ; CLOCK_50     ; CLOCK_50    ; 0.000        ; 0.000      ; 0.367      ;
; 0.215 ; keypad_freq_sel_module:inst1|keypad_module:keypad_mod_inst|tmp_out_keys[15]   ; keypad_freq_sel_module:inst1|keypad_module:keypad_mod_inst|tmp_out_keys[15]     ; CLOCK_50     ; CLOCK_50    ; 0.000        ; 0.000      ; 0.367      ;
; 0.215 ; keypad_freq_sel_module:inst1|keypad_module:keypad_mod_inst|tmp_out_keys[14]   ; keypad_freq_sel_module:inst1|keypad_module:keypad_mod_inst|tmp_out_keys[14]     ; CLOCK_50     ; CLOCK_50    ; 0.000        ; 0.000      ; 0.367      ;
; 0.215 ; keypad_freq_sel_module:inst1|keypad_module:keypad_mod_inst|tmp_out_keys[13]   ; keypad_freq_sel_module:inst1|keypad_module:keypad_mod_inst|tmp_out_keys[13]     ; CLOCK_50     ; CLOCK_50    ; 0.000        ; 0.000      ; 0.367      ;
; 0.215 ; keypad_freq_sel_module:inst1|keypad_module:keypad_mod_inst|tmp_out_keys[6]    ; keypad_freq_sel_module:inst1|keypad_module:keypad_mod_inst|tmp_out_keys[6]      ; CLOCK_50     ; CLOCK_50    ; 0.000        ; 0.000      ; 0.367      ;
; 0.215 ; keypad_freq_sel_module:inst1|keypad_module:keypad_mod_inst|tmp_out_keys[5]    ; keypad_freq_sel_module:inst1|keypad_module:keypad_mod_inst|tmp_out_keys[5]      ; CLOCK_50     ; CLOCK_50    ; 0.000        ; 0.000      ; 0.367      ;
; 0.215 ; keypad_freq_sel_module:inst1|keypad_module:keypad_mod_inst|tmp_out_keys[7]    ; keypad_freq_sel_module:inst1|keypad_module:keypad_mod_inst|tmp_out_keys[7]      ; CLOCK_50     ; CLOCK_50    ; 0.000        ; 0.000      ; 0.367      ;
; 0.215 ; keypad_freq_sel_module:inst1|keypad_module:keypad_mod_inst|tmp_out_keys[8]    ; keypad_freq_sel_module:inst1|keypad_module:keypad_mod_inst|tmp_out_keys[8]      ; CLOCK_50     ; CLOCK_50    ; 0.000        ; 0.000      ; 0.367      ;
; 0.215 ; keypad_freq_sel_module:inst1|keypad_module:keypad_mod_inst|tmp_out_keys[2]    ; keypad_freq_sel_module:inst1|keypad_module:keypad_mod_inst|tmp_out_keys[2]      ; CLOCK_50     ; CLOCK_50    ; 0.000        ; 0.000      ; 0.367      ;
; 0.215 ; keypad_freq_sel_module:inst1|keypad_module:keypad_mod_inst|tmp_out_keys[1]    ; keypad_freq_sel_module:inst1|keypad_module:keypad_mod_inst|tmp_out_keys[1]      ; CLOCK_50     ; CLOCK_50    ; 0.000        ; 0.000      ; 0.367      ;
; 0.215 ; keypad_freq_sel_module:inst1|keypad_module:keypad_mod_inst|tmp_out_keys[4]    ; keypad_freq_sel_module:inst1|keypad_module:keypad_mod_inst|tmp_out_keys[4]      ; CLOCK_50     ; CLOCK_50    ; 0.000        ; 0.000      ; 0.367      ;
; 0.215 ; keypad_freq_sel_module:inst1|keypad_module:keypad_mod_inst|tmp_out_keys[3]    ; keypad_freq_sel_module:inst1|keypad_module:keypad_mod_inst|tmp_out_keys[3]      ; CLOCK_50     ; CLOCK_50    ; 0.000        ; 0.000      ; 0.367      ;
; 0.215 ; keypad_freq_sel_module:inst1|keypad_module:keypad_mod_inst|tmp_out_keys[9]    ; keypad_freq_sel_module:inst1|keypad_module:keypad_mod_inst|tmp_out_keys[9]      ; CLOCK_50     ; CLOCK_50    ; 0.000        ; 0.000      ; 0.367      ;
; 0.215 ; keypad_freq_sel_module:inst1|keypad_module:keypad_mod_inst|tmp_out_keys[10]   ; keypad_freq_sel_module:inst1|keypad_module:keypad_mod_inst|tmp_out_keys[10]     ; CLOCK_50     ; CLOCK_50    ; 0.000        ; 0.000      ; 0.367      ;
; 0.215 ; keypad_freq_sel_module:inst1|keypad_module:keypad_mod_inst|tmp_out_keys[11]   ; keypad_freq_sel_module:inst1|keypad_module:keypad_mod_inst|tmp_out_keys[11]     ; CLOCK_50     ; CLOCK_50    ; 0.000        ; 0.000      ; 0.367      ;
; 0.215 ; keypad_freq_sel_module:inst1|keypad_module:keypad_mod_inst|tmp_out_keys[12]   ; keypad_freq_sel_module:inst1|keypad_module:keypad_mod_inst|tmp_out_keys[12]     ; CLOCK_50     ; CLOCK_50    ; 0.000        ; 0.000      ; 0.367      ;
; 0.215 ; keypad_freq_sel_module:inst1|debounced_keypad_pressed                         ; keypad_freq_sel_module:inst1|debounced_keypad_pressed                           ; CLOCK_50     ; CLOCK_50    ; 0.000        ; 0.000      ; 0.367      ;
; 0.215 ; keypad_freq_sel_module:inst1|button_pressed                                   ; keypad_freq_sel_module:inst1|button_pressed                                     ; CLOCK_50     ; CLOCK_50    ; 0.000        ; 0.000      ; 0.367      ;
; 0.215 ; keypad_freq_sel_module:inst1|digit_counter[2]                                 ; keypad_freq_sel_module:inst1|digit_counter[2]                                   ; CLOCK_50     ; CLOCK_50    ; 0.000        ; 0.000      ; 0.367      ;
; 0.215 ; keypad_freq_sel_module:inst1|digit_counter[0]                                 ; keypad_freq_sel_module:inst1|digit_counter[0]                                   ; CLOCK_50     ; CLOCK_50    ; 0.000        ; 0.000      ; 0.367      ;
; 0.215 ; keypad_freq_sel_module:inst1|number_not_sel                                   ; keypad_freq_sel_module:inst1|number_not_sel                                     ; CLOCK_50     ; CLOCK_50    ; 0.000        ; 0.000      ; 0.367      ;
; 0.215 ; keypad_freq_sel_module:inst1|freq_1[0]                                        ; keypad_freq_sel_module:inst1|freq_1[0]                                          ; CLOCK_50     ; CLOCK_50    ; 0.000        ; 0.000      ; 0.367      ;
; 0.215 ; keypad_freq_sel_module:inst1|freq_1[1]                                        ; keypad_freq_sel_module:inst1|freq_1[1]                                          ; CLOCK_50     ; CLOCK_50    ; 0.000        ; 0.000      ; 0.367      ;
; 0.215 ; keypad_freq_sel_module:inst1|freq_1[2]                                        ; keypad_freq_sel_module:inst1|freq_1[2]                                          ; CLOCK_50     ; CLOCK_50    ; 0.000        ; 0.000      ; 0.367      ;
; 0.215 ; keypad_freq_sel_module:inst1|freq_1[3]                                        ; keypad_freq_sel_module:inst1|freq_1[3]                                          ; CLOCK_50     ; CLOCK_50    ; 0.000        ; 0.000      ; 0.367      ;
; 0.215 ; keypad_freq_sel_module:inst1|prev_page                                        ; keypad_freq_sel_module:inst1|prev_page                                          ; CLOCK_50     ; CLOCK_50    ; 0.000        ; 0.000      ; 0.367      ;
; 0.215 ; keypad_freq_sel_module:inst1|next_page                                        ; keypad_freq_sel_module:inst1|next_page                                          ; CLOCK_50     ; CLOCK_50    ; 0.000        ; 0.000      ; 0.367      ;
; 0.215 ; keypad_freq_sel_module:inst1|sel_B                                            ; keypad_freq_sel_module:inst1|sel_B                                              ; CLOCK_50     ; CLOCK_50    ; 0.000        ; 0.000      ; 0.367      ;
; 0.215 ; keypad_freq_sel_module:inst1|sel_A                                            ; keypad_freq_sel_module:inst1|sel_A                                              ; CLOCK_50     ; CLOCK_50    ; 0.000        ; 0.000      ; 0.367      ;
; 0.240 ; keypad_freq_sel_module:inst1|BCD_to_C1_converter:BCD_C1_conv_inst|w_7[22]     ; keypad_freq_sel_module:inst1|BCD_to_C1_converter:BCD_C1_conv_inst|output_C1[22] ; CLOCK_50     ; CLOCK_50    ; 0.000        ; 0.000      ; 0.392      ;
; 0.241 ; keypad_freq_sel_module:inst1|BCD_4[1]                                         ; keypad_freq_sel_module:inst1|freq_4[1]                                          ; CLOCK_50     ; CLOCK_50    ; 0.000        ; 0.000      ; 0.393      ;
; 0.241 ; keypad_freq_sel_module:inst1|BCD_2[1]                                         ; keypad_freq_sel_module:inst1|freq_2[1]                                          ; CLOCK_50     ; CLOCK_50    ; 0.000        ; 0.000      ; 0.393      ;
; 0.243 ; keypad_freq_sel_module:inst1|keypad_module:keypad_mod_inst|clock_div_cont[31] ; keypad_freq_sel_module:inst1|keypad_module:keypad_mod_inst|clock_div_cont[31]   ; CLOCK_50     ; CLOCK_50    ; 0.000        ; 0.000      ; 0.395      ;
; 0.243 ; keypad_freq_sel_module:inst1|keypad_module:keypad_mod_inst|i_column[31]       ; keypad_freq_sel_module:inst1|keypad_module:keypad_mod_inst|i_column[31]         ; CLOCK_50     ; CLOCK_50    ; 0.000        ; 0.000      ; 0.395      ;
; 0.243 ; keypad_freq_sel_module:inst1|BCD_6[0]                                         ; keypad_freq_sel_module:inst1|freq_6[0]                                          ; CLOCK_50     ; CLOCK_50    ; 0.000        ; 0.000      ; 0.395      ;
; 0.244 ; keypad_freq_sel_module:inst1|BCD_4[0]                                         ; keypad_freq_sel_module:inst1|freq_4[0]                                          ; CLOCK_50     ; CLOCK_50    ; 0.000        ; 0.000      ; 0.396      ;
; 0.247 ; keypad_freq_sel_module:inst1|freq_7[0]                                        ; keypad_freq_sel_module:inst1|BCD_7[0]                                           ; CLOCK_50     ; CLOCK_50    ; 0.000        ; 0.000      ; 0.399      ;
; 0.248 ; keypad_freq_sel_module:inst1|freq_6[0]                                        ; keypad_freq_sel_module:inst1|BCD_6[0]                                           ; CLOCK_50     ; CLOCK_50    ; 0.000        ; 0.000      ; 0.400      ;
; 0.248 ; keypad_freq_sel_module:inst1|BCD_2[3]                                         ; keypad_freq_sel_module:inst1|freq_2[3]                                          ; CLOCK_50     ; CLOCK_50    ; 0.000        ; 0.000      ; 0.400      ;
; 0.249 ; keypad_freq_sel_module:inst1|freq_6[0]                                        ; keypad_freq_sel_module:inst1|freq_5[0]                                          ; CLOCK_50     ; CLOCK_50    ; 0.000        ; 0.000      ; 0.401      ;
; 0.274 ; keypad_freq_sel_module:inst1|freq_7[2]                                        ; keypad_freq_sel_module:inst1|BCD_7[2]                                           ; CLOCK_50     ; CLOCK_50    ; 0.000        ; 0.000      ; 0.426      ;
; 0.316 ; keypad_freq_sel_module:inst1|keypad_module:keypad_mod_inst|row_1[2]           ; keypad_freq_sel_module:inst1|keypad_module:keypad_mod_inst|row_2[2]             ; CLOCK_50     ; CLOCK_50    ; 0.000        ; 0.000      ; 0.468      ;
; 0.318 ; keypad_freq_sel_module:inst1|keypad_module:keypad_mod_inst|tmp_out_keys[0]    ; keypad_freq_sel_module:inst1|keypad_module:keypad_mod_inst|out_keys[0]          ; CLOCK_50     ; CLOCK_50    ; 0.000        ; 0.000      ; 0.470      ;
; 0.319 ; keypad_freq_sel_module:inst1|freq_2[0]                                        ; keypad_freq_sel_module:inst1|BCD_2[0]                                           ; CLOCK_50     ; CLOCK_50    ; 0.000        ; 0.000      ; 0.471      ;
; 0.320 ; keypad_freq_sel_module:inst1|keypad_module:keypad_mod_inst|row_1[0]           ; keypad_freq_sel_module:inst1|keypad_module:keypad_mod_inst|row_2[0]             ; CLOCK_50     ; CLOCK_50    ; 0.000        ; 0.000      ; 0.472      ;
; 0.320 ; keypad_freq_sel_module:inst1|keypad_module:keypad_mod_inst|row_2[2]           ; keypad_freq_sel_module:inst1|keypad_module:keypad_mod_inst|row_sync[2]          ; CLOCK_50     ; CLOCK_50    ; 0.000        ; 0.000      ; 0.472      ;
; 0.323 ; keypad_freq_sel_module:inst1|keypad_module:keypad_mod_inst|tmp_out_keys[13]   ; keypad_freq_sel_module:inst1|keypad_module:keypad_mod_inst|out_keys[13]         ; CLOCK_50     ; CLOCK_50    ; 0.000        ; 0.000      ; 0.475      ;
; 0.323 ; keypad_freq_sel_module:inst1|freq_1[0]                                        ; keypad_freq_sel_module:inst1|BCD_1[0]                                           ; CLOCK_50     ; CLOCK_50    ; 0.000        ; 0.000      ; 0.475      ;
; 0.324 ; keypad_freq_sel_module:inst1|keypad_module:keypad_mod_inst|tmp_out_keys[14]   ; keypad_freq_sel_module:inst1|keypad_module:keypad_mod_inst|out_keys[14]         ; CLOCK_50     ; CLOCK_50    ; 0.000        ; 0.000      ; 0.476      ;
; 0.324 ; keypad_freq_sel_module:inst1|keypad_module:keypad_mod_inst|out_keys[5]        ; keypad_freq_sel_module:inst1|out_keys_sync[5]                                   ; CLOCK_50     ; CLOCK_50    ; 0.000        ; 0.000      ; 0.476      ;
; 0.325 ; keypad_freq_sel_module:inst1|keypad_module:keypad_mod_inst|tmp_out_keys[2]    ; keypad_freq_sel_module:inst1|keypad_module:keypad_mod_inst|out_keys[2]          ; CLOCK_50     ; CLOCK_50    ; 0.000        ; -0.001     ; 0.476      ;
; 0.326 ; keypad_freq_sel_module:inst1|freq_3[1]                                        ; keypad_freq_sel_module:inst1|BCD_3[1]                                           ; CLOCK_50     ; CLOCK_50    ; 0.000        ; 0.000      ; 0.478      ;
; 0.327 ; keypad_freq_sel_module:inst1|keypad_module:keypad_mod_inst|tmp_out_keys[15]   ; keypad_freq_sel_module:inst1|keypad_module:keypad_mod_inst|out_keys[15]         ; CLOCK_50     ; CLOCK_50    ; 0.000        ; 0.000      ; 0.479      ;
; 0.327 ; keypad_freq_sel_module:inst1|keypad_module:keypad_mod_inst|tmp_out_keys[6]    ; keypad_freq_sel_module:inst1|keypad_module:keypad_mod_inst|out_keys[6]          ; CLOCK_50     ; CLOCK_50    ; 0.000        ; -0.001     ; 0.478      ;
; 0.327 ; keypad_freq_sel_module:inst1|keypad_module:keypad_mod_inst|tmp_out_keys[3]    ; keypad_freq_sel_module:inst1|keypad_module:keypad_mod_inst|out_keys[3]          ; CLOCK_50     ; CLOCK_50    ; 0.000        ; -0.001     ; 0.478      ;
; 0.327 ; keypad_freq_sel_module:inst1|BCD_1[0]                                         ; keypad_freq_sel_module:inst1|BCD_to_C1_converter:BCD_C1_conv_inst|w_1[0]        ; CLOCK_50     ; CLOCK_50    ; 0.000        ; 0.000      ; 0.479      ;
; 0.328 ; keypad_freq_sel_module:inst1|keypad_module:keypad_mod_inst|tmp_out_keys[11]   ; keypad_freq_sel_module:inst1|keypad_module:keypad_mod_inst|out_keys[11]         ; CLOCK_50     ; CLOCK_50    ; 0.000        ; -0.001     ; 0.479      ;
; 0.329 ; keypad_freq_sel_module:inst1|keypad_module:keypad_mod_inst|tmp_out_keys[9]    ; keypad_freq_sel_module:inst1|keypad_module:keypad_mod_inst|out_keys[9]          ; CLOCK_50     ; CLOCK_50    ; 0.000        ; -0.001     ; 0.480      ;
; 0.330 ; keypad_freq_sel_module:inst1|freq_3[2]                                        ; keypad_freq_sel_module:inst1|BCD_3[2]                                           ; CLOCK_50     ; CLOCK_50    ; 0.000        ; 0.000      ; 0.482      ;
; 0.335 ; keypad_freq_sel_module:inst1|freq_5[0]                                        ; keypad_freq_sel_module:inst1|freq_6[0]                                          ; CLOCK_50     ; CLOCK_50    ; 0.000        ; 0.000      ; 0.487      ;
; 0.336 ; keypad_freq_sel_module:inst1|freq_2[1]                                        ; keypad_freq_sel_module:inst1|BCD_2[1]                                           ; CLOCK_50     ; CLOCK_50    ; 0.000        ; 0.000      ; 0.488      ;
; 0.336 ; keypad_freq_sel_module:inst1|freq_2[3]                                        ; keypad_freq_sel_module:inst1|freq_3[3]                                          ; CLOCK_50     ; CLOCK_50    ; 0.000        ; 0.000      ; 0.488      ;
; 0.337 ; keypad_freq_sel_module:inst1|keypad_module:keypad_mod_inst|tmp_out_keys[4]    ; keypad_freq_sel_module:inst1|keypad_module:keypad_mod_inst|out_keys[4]          ; CLOCK_50     ; CLOCK_50    ; 0.000        ; -0.001     ; 0.488      ;
; 0.339 ; keypad_freq_sel_module:inst1|freq_3[2]                                        ; keypad_freq_sel_module:inst1|freq_4[2]                                          ; CLOCK_50     ; CLOCK_50    ; 0.000        ; 0.000      ; 0.491      ;
; 0.342 ; keypad_freq_sel_module:inst1|freq_4[1]                                        ; keypad_freq_sel_module:inst1|BCD_4[1]                                           ; CLOCK_50     ; CLOCK_50    ; 0.000        ; 0.000      ; 0.494      ;
; 0.345 ; keypad_freq_sel_module:inst1|keypad_module:keypad_mod_inst|data_valid         ; keypad_freq_sel_module:inst1|button_pressed                                     ; CLOCK_50     ; CLOCK_50    ; 0.000        ; 0.008      ; 0.505      ;
; 0.351 ; keypad_freq_sel_module:inst1|freq_4[3]                                        ; keypad_freq_sel_module:inst1|BCD_4[3]                                           ; CLOCK_50     ; CLOCK_50    ; 0.000        ; 0.000      ; 0.503      ;
; 0.353 ; keypad_freq_sel_module:inst1|keypad_module:keypad_mod_inst|clock_div_cont[0]  ; keypad_freq_sel_module:inst1|keypad_module:keypad_mod_inst|clock_div_cont[0]    ; CLOCK_50     ; CLOCK_50    ; 0.000        ; 0.000      ; 0.505      ;
; 0.353 ; keypad_freq_sel_module:inst1|freq_5[1]                                        ; keypad_freq_sel_module:inst1|freq_6[1]                                          ; CLOCK_50     ; CLOCK_50    ; 0.000        ; 0.000      ; 0.505      ;
; 0.355 ; keypad_freq_sel_module:inst1|keypad_module:keypad_mod_inst|clock_div_cont[16] ; keypad_freq_sel_module:inst1|keypad_module:keypad_mod_inst|clock_div_cont[16]   ; CLOCK_50     ; CLOCK_50    ; 0.000        ; 0.000      ; 0.507      ;
; 0.355 ; keypad_freq_sel_module:inst1|keypad_module:keypad_mod_inst|i_column[0]        ; keypad_freq_sel_module:inst1|keypad_module:keypad_mod_inst|i_column[0]          ; CLOCK_50     ; CLOCK_50    ; 0.000        ; 0.000      ; 0.507      ;
; 0.355 ; keypad_freq_sel_module:inst1|keypad_module:keypad_mod_inst|i_column[16]       ; keypad_freq_sel_module:inst1|keypad_module:keypad_mod_inst|i_column[16]         ; CLOCK_50     ; CLOCK_50    ; 0.000        ; 0.000      ; 0.507      ;
; 0.356 ; keypad_freq_sel_module:inst1|BCD_to_C1_converter:BCD_C1_conv_inst|w_7[18]     ; keypad_freq_sel_module:inst1|BCD_to_C1_converter:BCD_C1_conv_inst|output_C1[18] ; CLOCK_50     ; CLOCK_50    ; 0.000        ; 0.000      ; 0.508      ;
; 0.357 ; keypad_freq_sel_module:inst1|keypad_module:keypad_mod_inst|clock_div_cont[1]  ; keypad_freq_sel_module:inst1|keypad_module:keypad_mod_inst|clock_div_cont[1]    ; CLOCK_50     ; CLOCK_50    ; 0.000        ; 0.000      ; 0.509      ;
; 0.357 ; keypad_freq_sel_module:inst1|freq_4[1]                                        ; keypad_freq_sel_module:inst1|freq_5[1]                                          ; CLOCK_50     ; CLOCK_50    ; 0.000        ; 0.000      ; 0.509      ;
; 0.357 ; keypad_freq_sel_module:inst1|BCD_to_C1_converter:BCD_C1_conv_inst|w_4[3]      ; keypad_freq_sel_module:inst1|BCD_to_C1_converter:BCD_C1_conv_inst|output_C1[3]  ; CLOCK_50     ; CLOCK_50    ; 0.000        ; 0.000      ; 0.509      ;
; 0.357 ; keypad_freq_sel_module:inst1|BCD_to_C1_converter:BCD_C1_conv_inst|w_7[8]      ; keypad_freq_sel_module:inst1|BCD_to_C1_converter:BCD_C1_conv_inst|output_C1[8]  ; CLOCK_50     ; CLOCK_50    ; 0.000        ; 0.000      ; 0.509      ;
; 0.357 ; keypad_freq_sel_module:inst1|BCD_to_C1_converter:BCD_C1_conv_inst|w_7[20]     ; keypad_freq_sel_module:inst1|BCD_to_C1_converter:BCD_C1_conv_inst|output_C1[20] ; CLOCK_50     ; CLOCK_50    ; 0.000        ; 0.000      ; 0.509      ;
; 0.358 ; keypad_freq_sel_module:inst1|keypad_module:keypad_mod_inst|clock_div_cont[2]  ; keypad_freq_sel_module:inst1|keypad_module:keypad_mod_inst|clock_div_cont[2]    ; CLOCK_50     ; CLOCK_50    ; 0.000        ; 0.000      ; 0.510      ;
; 0.358 ; keypad_freq_sel_module:inst1|BCD_to_C1_converter:BCD_C1_conv_inst|w_7[12]     ; keypad_freq_sel_module:inst1|BCD_to_C1_converter:BCD_C1_conv_inst|output_C1[12] ; CLOCK_50     ; CLOCK_50    ; 0.000        ; 0.000      ; 0.510      ;
; 0.359 ; keypad_freq_sel_module:inst1|keypad_module:keypad_mod_inst|clock_div_cont[17] ; keypad_freq_sel_module:inst1|keypad_module:keypad_mod_inst|clock_div_cont[17]   ; CLOCK_50     ; CLOCK_50    ; 0.000        ; 0.000      ; 0.511      ;
; 0.359 ; keypad_freq_sel_module:inst1|keypad_module:keypad_mod_inst|i_column[1]        ; keypad_freq_sel_module:inst1|keypad_module:keypad_mod_inst|i_column[1]          ; CLOCK_50     ; CLOCK_50    ; 0.000        ; 0.000      ; 0.511      ;
; 0.359 ; keypad_freq_sel_module:inst1|keypad_module:keypad_mod_inst|i_column[17]       ; keypad_freq_sel_module:inst1|keypad_module:keypad_mod_inst|i_column[17]         ; CLOCK_50     ; CLOCK_50    ; 0.000        ; 0.000      ; 0.511      ;
; 0.359 ; keypad_freq_sel_module:inst1|BCD_6[3]                                         ; keypad_freq_sel_module:inst1|freq_6[3]                                          ; CLOCK_50     ; CLOCK_50    ; 0.000        ; 0.000      ; 0.511      ;
; 0.359 ; keypad_freq_sel_module:inst1|BCD_to_C1_converter:BCD_C1_conv_inst|w_3[2]      ; keypad_freq_sel_module:inst1|BCD_to_C1_converter:BCD_C1_conv_inst|output_C1[2]  ; CLOCK_50     ; CLOCK_50    ; 0.000        ; 0.000      ; 0.511      ;
; 0.360 ; keypad_freq_sel_module:inst1|keypad_module:keypad_mod_inst|clock_div_cont[9]  ; keypad_freq_sel_module:inst1|keypad_module:keypad_mod_inst|clock_div_cont[9]    ; CLOCK_50     ; CLOCK_50    ; 0.000        ; 0.000      ; 0.512      ;
; 0.360 ; keypad_freq_sel_module:inst1|keypad_module:keypad_mod_inst|clock_div_cont[11] ; keypad_freq_sel_module:inst1|keypad_module:keypad_mod_inst|clock_div_cont[11]   ; CLOCK_50     ; CLOCK_50    ; 0.000        ; 0.000      ; 0.512      ;
; 0.360 ; keypad_freq_sel_module:inst1|keypad_module:keypad_mod_inst|clock_div_cont[18] ; keypad_freq_sel_module:inst1|keypad_module:keypad_mod_inst|clock_div_cont[18]   ; CLOCK_50     ; CLOCK_50    ; 0.000        ; 0.000      ; 0.512      ;
; 0.360 ; keypad_freq_sel_module:inst1|keypad_module:keypad_mod_inst|clock_div_cont[27] ; keypad_freq_sel_module:inst1|keypad_module:keypad_mod_inst|clock_div_cont[27]   ; CLOCK_50     ; CLOCK_50    ; 0.000        ; 0.000      ; 0.512      ;
; 0.360 ; keypad_freq_sel_module:inst1|keypad_module:keypad_mod_inst|clock_div_cont[25] ; keypad_freq_sel_module:inst1|keypad_module:keypad_mod_inst|clock_div_cont[25]   ; CLOCK_50     ; CLOCK_50    ; 0.000        ; 0.000      ; 0.512      ;
; 0.360 ; keypad_freq_sel_module:inst1|keypad_module:keypad_mod_inst|i_column[2]        ; keypad_freq_sel_module:inst1|keypad_module:keypad_mod_inst|i_column[2]          ; CLOCK_50     ; CLOCK_50    ; 0.000        ; 0.000      ; 0.512      ;
; 0.360 ; keypad_freq_sel_module:inst1|keypad_module:keypad_mod_inst|i_column[9]        ; keypad_freq_sel_module:inst1|keypad_module:keypad_mod_inst|i_column[9]          ; CLOCK_50     ; CLOCK_50    ; 0.000        ; 0.000      ; 0.512      ;
; 0.360 ; keypad_freq_sel_module:inst1|keypad_module:keypad_mod_inst|i_column[11]       ; keypad_freq_sel_module:inst1|keypad_module:keypad_mod_inst|i_column[11]         ; CLOCK_50     ; CLOCK_50    ; 0.000        ; 0.000      ; 0.512      ;
; 0.360 ; keypad_freq_sel_module:inst1|keypad_module:keypad_mod_inst|i_column[18]       ; keypad_freq_sel_module:inst1|keypad_module:keypad_mod_inst|i_column[18]         ; CLOCK_50     ; CLOCK_50    ; 0.000        ; 0.000      ; 0.512      ;
; 0.360 ; keypad_freq_sel_module:inst1|keypad_module:keypad_mod_inst|i_column[25]       ; keypad_freq_sel_module:inst1|keypad_module:keypad_mod_inst|i_column[25]         ; CLOCK_50     ; CLOCK_50    ; 0.000        ; 0.000      ; 0.512      ;
; 0.360 ; keypad_freq_sel_module:inst1|keypad_module:keypad_mod_inst|i_column[27]       ; keypad_freq_sel_module:inst1|keypad_module:keypad_mod_inst|i_column[27]         ; CLOCK_50     ; CLOCK_50    ; 0.000        ; 0.000      ; 0.512      ;
; 0.360 ; keypad_freq_sel_module:inst1|keypad_module:keypad_mod_inst|row_2[3]           ; keypad_freq_sel_module:inst1|keypad_module:keypad_mod_inst|row_sync[3]          ; CLOCK_50     ; CLOCK_50    ; 0.000        ; 0.000      ; 0.512      ;
; 0.360 ; keypad_freq_sel_module:inst1|BCD_2[2]                                         ; keypad_freq_sel_module:inst1|freq_2[2]                                          ; CLOCK_50     ; CLOCK_50    ; 0.000        ; 0.000      ; 0.512      ;
; 0.360 ; keypad_freq_sel_module:inst1|BCD_to_C1_converter:BCD_C1_conv_inst|w_6[5]      ; keypad_freq_sel_module:inst1|BCD_to_C1_converter:BCD_C1_conv_inst|output_C1[5]  ; CLOCK_50     ; CLOCK_50    ; 0.000        ; 0.000      ; 0.512      ;
+-------+-------------------------------------------------------------------------------+---------------------------------------------------------------------------------+--------------+-------------+--------------+------------+------------+


+---------------------------------------------------------------------------------------------------------------------------------------------------------------------------------------------+
; Fast Model Minimum Pulse Width: 'CLOCK_50'                                                                                                                                                  ;
+--------+--------------+----------------+------------------+----------+------------+---------------------------------------------------------------------------------------------------------+
; Slack  ; Actual Width ; Required Width ; Type             ; Clock    ; Clock Edge ; Target                                                                                                  ;
+--------+--------------+----------------+------------------+----------+------------+---------------------------------------------------------------------------------------------------------+
; -1.519 ; 0.500        ; 2.019          ; High Pulse Width ; CLOCK_50 ; Rise       ; keypad_freq_sel_module:inst1|DDFS_frequency_converter:DDFS_freq_conv_inst|mult_1000000[10]              ;
; -1.519 ; 0.500        ; 2.019          ; Low Pulse Width  ; CLOCK_50 ; Rise       ; keypad_freq_sel_module:inst1|DDFS_frequency_converter:DDFS_freq_conv_inst|mult_1000000[10]              ;
; -1.519 ; 0.500        ; 2.019          ; High Pulse Width ; CLOCK_50 ; Rise       ; keypad_freq_sel_module:inst1|DDFS_frequency_converter:DDFS_freq_conv_inst|mult_1000000[10]~_Duplicate_1 ;
; -1.519 ; 0.500        ; 2.019          ; Low Pulse Width  ; CLOCK_50 ; Rise       ; keypad_freq_sel_module:inst1|DDFS_frequency_converter:DDFS_freq_conv_inst|mult_1000000[10]~_Duplicate_1 ;
; -1.519 ; 0.500        ; 2.019          ; High Pulse Width ; CLOCK_50 ; Rise       ; keypad_freq_sel_module:inst1|DDFS_frequency_converter:DDFS_freq_conv_inst|mult_1000000[11]              ;
; -1.519 ; 0.500        ; 2.019          ; Low Pulse Width  ; CLOCK_50 ; Rise       ; keypad_freq_sel_module:inst1|DDFS_frequency_converter:DDFS_freq_conv_inst|mult_1000000[11]              ;
; -1.519 ; 0.500        ; 2.019          ; High Pulse Width ; CLOCK_50 ; Rise       ; keypad_freq_sel_module:inst1|DDFS_frequency_converter:DDFS_freq_conv_inst|mult_1000000[11]~_Duplicate_1 ;
; -1.519 ; 0.500        ; 2.019          ; Low Pulse Width  ; CLOCK_50 ; Rise       ; keypad_freq_sel_module:inst1|DDFS_frequency_converter:DDFS_freq_conv_inst|mult_1000000[11]~_Duplicate_1 ;
; -1.519 ; 0.500        ; 2.019          ; High Pulse Width ; CLOCK_50 ; Rise       ; keypad_freq_sel_module:inst1|DDFS_frequency_converter:DDFS_freq_conv_inst|mult_1000000[12]              ;
; -1.519 ; 0.500        ; 2.019          ; Low Pulse Width  ; CLOCK_50 ; Rise       ; keypad_freq_sel_module:inst1|DDFS_frequency_converter:DDFS_freq_conv_inst|mult_1000000[12]              ;
; -1.519 ; 0.500        ; 2.019          ; High Pulse Width ; CLOCK_50 ; Rise       ; keypad_freq_sel_module:inst1|DDFS_frequency_converter:DDFS_freq_conv_inst|mult_1000000[12]~_Duplicate_1 ;
; -1.519 ; 0.500        ; 2.019          ; Low Pulse Width  ; CLOCK_50 ; Rise       ; keypad_freq_sel_module:inst1|DDFS_frequency_converter:DDFS_freq_conv_inst|mult_1000000[12]~_Duplicate_1 ;
; -1.519 ; 0.500        ; 2.019          ; High Pulse Width ; CLOCK_50 ; Rise       ; keypad_freq_sel_module:inst1|DDFS_frequency_converter:DDFS_freq_conv_inst|mult_1000000[13]              ;
; -1.519 ; 0.500        ; 2.019          ; Low Pulse Width  ; CLOCK_50 ; Rise       ; keypad_freq_sel_module:inst1|DDFS_frequency_converter:DDFS_freq_conv_inst|mult_1000000[13]              ;
; -1.519 ; 0.500        ; 2.019          ; High Pulse Width ; CLOCK_50 ; Rise       ; keypad_freq_sel_module:inst1|DDFS_frequency_converter:DDFS_freq_conv_inst|mult_1000000[13]~_Duplicate_1 ;
; -1.519 ; 0.500        ; 2.019          ; Low Pulse Width  ; CLOCK_50 ; Rise       ; keypad_freq_sel_module:inst1|DDFS_frequency_converter:DDFS_freq_conv_inst|mult_1000000[13]~_Duplicate_1 ;
; -1.519 ; 0.500        ; 2.019          ; High Pulse Width ; CLOCK_50 ; Rise       ; keypad_freq_sel_module:inst1|DDFS_frequency_converter:DDFS_freq_conv_inst|mult_1000000[14]              ;
; -1.519 ; 0.500        ; 2.019          ; Low Pulse Width  ; CLOCK_50 ; Rise       ; keypad_freq_sel_module:inst1|DDFS_frequency_converter:DDFS_freq_conv_inst|mult_1000000[14]              ;
; -1.519 ; 0.500        ; 2.019          ; High Pulse Width ; CLOCK_50 ; Rise       ; keypad_freq_sel_module:inst1|DDFS_frequency_converter:DDFS_freq_conv_inst|mult_1000000[14]~_Duplicate_1 ;
; -1.519 ; 0.500        ; 2.019          ; Low Pulse Width  ; CLOCK_50 ; Rise       ; keypad_freq_sel_module:inst1|DDFS_frequency_converter:DDFS_freq_conv_inst|mult_1000000[14]~_Duplicate_1 ;
; -1.519 ; 0.500        ; 2.019          ; High Pulse Width ; CLOCK_50 ; Rise       ; keypad_freq_sel_module:inst1|DDFS_frequency_converter:DDFS_freq_conv_inst|mult_1000000[15]              ;
; -1.519 ; 0.500        ; 2.019          ; Low Pulse Width  ; CLOCK_50 ; Rise       ; keypad_freq_sel_module:inst1|DDFS_frequency_converter:DDFS_freq_conv_inst|mult_1000000[15]              ;
; -1.519 ; 0.500        ; 2.019          ; High Pulse Width ; CLOCK_50 ; Rise       ; keypad_freq_sel_module:inst1|DDFS_frequency_converter:DDFS_freq_conv_inst|mult_1000000[15]~_Duplicate_1 ;
; -1.519 ; 0.500        ; 2.019          ; Low Pulse Width  ; CLOCK_50 ; Rise       ; keypad_freq_sel_module:inst1|DDFS_frequency_converter:DDFS_freq_conv_inst|mult_1000000[15]~_Duplicate_1 ;
; -1.519 ; 0.500        ; 2.019          ; High Pulse Width ; CLOCK_50 ; Rise       ; keypad_freq_sel_module:inst1|DDFS_frequency_converter:DDFS_freq_conv_inst|mult_1000000[16]              ;
; -1.519 ; 0.500        ; 2.019          ; Low Pulse Width  ; CLOCK_50 ; Rise       ; keypad_freq_sel_module:inst1|DDFS_frequency_converter:DDFS_freq_conv_inst|mult_1000000[16]              ;
; -1.519 ; 0.500        ; 2.019          ; High Pulse Width ; CLOCK_50 ; Rise       ; keypad_freq_sel_module:inst1|DDFS_frequency_converter:DDFS_freq_conv_inst|mult_1000000[16]~_Duplicate_1 ;
; -1.519 ; 0.500        ; 2.019          ; Low Pulse Width  ; CLOCK_50 ; Rise       ; keypad_freq_sel_module:inst1|DDFS_frequency_converter:DDFS_freq_conv_inst|mult_1000000[16]~_Duplicate_1 ;
; -1.519 ; 0.500        ; 2.019          ; High Pulse Width ; CLOCK_50 ; Rise       ; keypad_freq_sel_module:inst1|DDFS_frequency_converter:DDFS_freq_conv_inst|mult_1000000[17]              ;
; -1.519 ; 0.500        ; 2.019          ; Low Pulse Width  ; CLOCK_50 ; Rise       ; keypad_freq_sel_module:inst1|DDFS_frequency_converter:DDFS_freq_conv_inst|mult_1000000[17]              ;
; -1.519 ; 0.500        ; 2.019          ; High Pulse Width ; CLOCK_50 ; Rise       ; keypad_freq_sel_module:inst1|DDFS_frequency_converter:DDFS_freq_conv_inst|mult_1000000[17]~_Duplicate_1 ;
; -1.519 ; 0.500        ; 2.019          ; Low Pulse Width  ; CLOCK_50 ; Rise       ; keypad_freq_sel_module:inst1|DDFS_frequency_converter:DDFS_freq_conv_inst|mult_1000000[17]~_Duplicate_1 ;
; -1.519 ; 0.500        ; 2.019          ; High Pulse Width ; CLOCK_50 ; Rise       ; keypad_freq_sel_module:inst1|DDFS_frequency_converter:DDFS_freq_conv_inst|mult_1000000[18]              ;
; -1.519 ; 0.500        ; 2.019          ; Low Pulse Width  ; CLOCK_50 ; Rise       ; keypad_freq_sel_module:inst1|DDFS_frequency_converter:DDFS_freq_conv_inst|mult_1000000[18]              ;
; -1.519 ; 0.500        ; 2.019          ; High Pulse Width ; CLOCK_50 ; Rise       ; keypad_freq_sel_module:inst1|DDFS_frequency_converter:DDFS_freq_conv_inst|mult_1000000[18]~_Duplicate_1 ;
; -1.519 ; 0.500        ; 2.019          ; Low Pulse Width  ; CLOCK_50 ; Rise       ; keypad_freq_sel_module:inst1|DDFS_frequency_converter:DDFS_freq_conv_inst|mult_1000000[18]~_Duplicate_1 ;
; -1.519 ; 0.500        ; 2.019          ; High Pulse Width ; CLOCK_50 ; Rise       ; keypad_freq_sel_module:inst1|DDFS_frequency_converter:DDFS_freq_conv_inst|mult_1000000[19]              ;
; -1.519 ; 0.500        ; 2.019          ; Low Pulse Width  ; CLOCK_50 ; Rise       ; keypad_freq_sel_module:inst1|DDFS_frequency_converter:DDFS_freq_conv_inst|mult_1000000[19]              ;
; -1.519 ; 0.500        ; 2.019          ; High Pulse Width ; CLOCK_50 ; Rise       ; keypad_freq_sel_module:inst1|DDFS_frequency_converter:DDFS_freq_conv_inst|mult_1000000[19]~_Duplicate_1 ;
; -1.519 ; 0.500        ; 2.019          ; Low Pulse Width  ; CLOCK_50 ; Rise       ; keypad_freq_sel_module:inst1|DDFS_frequency_converter:DDFS_freq_conv_inst|mult_1000000[19]~_Duplicate_1 ;
; -1.519 ; 0.500        ; 2.019          ; High Pulse Width ; CLOCK_50 ; Rise       ; keypad_freq_sel_module:inst1|DDFS_frequency_converter:DDFS_freq_conv_inst|mult_1000000[20]              ;
; -1.519 ; 0.500        ; 2.019          ; Low Pulse Width  ; CLOCK_50 ; Rise       ; keypad_freq_sel_module:inst1|DDFS_frequency_converter:DDFS_freq_conv_inst|mult_1000000[20]              ;
; -1.519 ; 0.500        ; 2.019          ; High Pulse Width ; CLOCK_50 ; Rise       ; keypad_freq_sel_module:inst1|DDFS_frequency_converter:DDFS_freq_conv_inst|mult_1000000[20]~_Duplicate_1 ;
; -1.519 ; 0.500        ; 2.019          ; Low Pulse Width  ; CLOCK_50 ; Rise       ; keypad_freq_sel_module:inst1|DDFS_frequency_converter:DDFS_freq_conv_inst|mult_1000000[20]~_Duplicate_1 ;
; -1.519 ; 0.500        ; 2.019          ; High Pulse Width ; CLOCK_50 ; Rise       ; keypad_freq_sel_module:inst1|DDFS_frequency_converter:DDFS_freq_conv_inst|mult_1000000[21]              ;
; -1.519 ; 0.500        ; 2.019          ; Low Pulse Width  ; CLOCK_50 ; Rise       ; keypad_freq_sel_module:inst1|DDFS_frequency_converter:DDFS_freq_conv_inst|mult_1000000[21]              ;
; -1.519 ; 0.500        ; 2.019          ; High Pulse Width ; CLOCK_50 ; Rise       ; keypad_freq_sel_module:inst1|DDFS_frequency_converter:DDFS_freq_conv_inst|mult_1000000[21]~_Duplicate_1 ;
; -1.519 ; 0.500        ; 2.019          ; Low Pulse Width  ; CLOCK_50 ; Rise       ; keypad_freq_sel_module:inst1|DDFS_frequency_converter:DDFS_freq_conv_inst|mult_1000000[21]~_Duplicate_1 ;
; -1.519 ; 0.500        ; 2.019          ; High Pulse Width ; CLOCK_50 ; Rise       ; keypad_freq_sel_module:inst1|DDFS_frequency_converter:DDFS_freq_conv_inst|mult_1000000[22]              ;
; -1.519 ; 0.500        ; 2.019          ; Low Pulse Width  ; CLOCK_50 ; Rise       ; keypad_freq_sel_module:inst1|DDFS_frequency_converter:DDFS_freq_conv_inst|mult_1000000[22]              ;
; -1.519 ; 0.500        ; 2.019          ; High Pulse Width ; CLOCK_50 ; Rise       ; keypad_freq_sel_module:inst1|DDFS_frequency_converter:DDFS_freq_conv_inst|mult_1000000[22]~_Duplicate_1 ;
; -1.519 ; 0.500        ; 2.019          ; Low Pulse Width  ; CLOCK_50 ; Rise       ; keypad_freq_sel_module:inst1|DDFS_frequency_converter:DDFS_freq_conv_inst|mult_1000000[22]~_Duplicate_1 ;
; -1.519 ; 0.500        ; 2.019          ; High Pulse Width ; CLOCK_50 ; Rise       ; keypad_freq_sel_module:inst1|DDFS_frequency_converter:DDFS_freq_conv_inst|mult_1000000[23]              ;
; -1.519 ; 0.500        ; 2.019          ; Low Pulse Width  ; CLOCK_50 ; Rise       ; keypad_freq_sel_module:inst1|DDFS_frequency_converter:DDFS_freq_conv_inst|mult_1000000[23]              ;
; -1.519 ; 0.500        ; 2.019          ; High Pulse Width ; CLOCK_50 ; Rise       ; keypad_freq_sel_module:inst1|DDFS_frequency_converter:DDFS_freq_conv_inst|mult_1000000[23]~_Duplicate_1 ;
; -1.519 ; 0.500        ; 2.019          ; Low Pulse Width  ; CLOCK_50 ; Rise       ; keypad_freq_sel_module:inst1|DDFS_frequency_converter:DDFS_freq_conv_inst|mult_1000000[23]~_Duplicate_1 ;
; -1.519 ; 0.500        ; 2.019          ; High Pulse Width ; CLOCK_50 ; Rise       ; keypad_freq_sel_module:inst1|DDFS_frequency_converter:DDFS_freq_conv_inst|mult_1000000[24]              ;
; -1.519 ; 0.500        ; 2.019          ; Low Pulse Width  ; CLOCK_50 ; Rise       ; keypad_freq_sel_module:inst1|DDFS_frequency_converter:DDFS_freq_conv_inst|mult_1000000[24]              ;
; -1.519 ; 0.500        ; 2.019          ; High Pulse Width ; CLOCK_50 ; Rise       ; keypad_freq_sel_module:inst1|DDFS_frequency_converter:DDFS_freq_conv_inst|mult_1000000[24]~_Duplicate_1 ;
; -1.519 ; 0.500        ; 2.019          ; Low Pulse Width  ; CLOCK_50 ; Rise       ; keypad_freq_sel_module:inst1|DDFS_frequency_converter:DDFS_freq_conv_inst|mult_1000000[24]~_Duplicate_1 ;
; -1.519 ; 0.500        ; 2.019          ; High Pulse Width ; CLOCK_50 ; Rise       ; keypad_freq_sel_module:inst1|DDFS_frequency_converter:DDFS_freq_conv_inst|mult_1000000[25]              ;
; -1.519 ; 0.500        ; 2.019          ; Low Pulse Width  ; CLOCK_50 ; Rise       ; keypad_freq_sel_module:inst1|DDFS_frequency_converter:DDFS_freq_conv_inst|mult_1000000[25]              ;
; -1.519 ; 0.500        ; 2.019          ; High Pulse Width ; CLOCK_50 ; Rise       ; keypad_freq_sel_module:inst1|DDFS_frequency_converter:DDFS_freq_conv_inst|mult_1000000[25]~_Duplicate_1 ;
; -1.519 ; 0.500        ; 2.019          ; Low Pulse Width  ; CLOCK_50 ; Rise       ; keypad_freq_sel_module:inst1|DDFS_frequency_converter:DDFS_freq_conv_inst|mult_1000000[25]~_Duplicate_1 ;
; -1.519 ; 0.500        ; 2.019          ; High Pulse Width ; CLOCK_50 ; Rise       ; keypad_freq_sel_module:inst1|DDFS_frequency_converter:DDFS_freq_conv_inst|mult_1000000[26]              ;
; -1.519 ; 0.500        ; 2.019          ; Low Pulse Width  ; CLOCK_50 ; Rise       ; keypad_freq_sel_module:inst1|DDFS_frequency_converter:DDFS_freq_conv_inst|mult_1000000[26]              ;
; -1.519 ; 0.500        ; 2.019          ; High Pulse Width ; CLOCK_50 ; Rise       ; keypad_freq_sel_module:inst1|DDFS_frequency_converter:DDFS_freq_conv_inst|mult_1000000[26]~_Duplicate_1 ;
; -1.519 ; 0.500        ; 2.019          ; Low Pulse Width  ; CLOCK_50 ; Rise       ; keypad_freq_sel_module:inst1|DDFS_frequency_converter:DDFS_freq_conv_inst|mult_1000000[26]~_Duplicate_1 ;
; -1.519 ; 0.500        ; 2.019          ; High Pulse Width ; CLOCK_50 ; Rise       ; keypad_freq_sel_module:inst1|DDFS_frequency_converter:DDFS_freq_conv_inst|mult_1000000[27]              ;
; -1.519 ; 0.500        ; 2.019          ; Low Pulse Width  ; CLOCK_50 ; Rise       ; keypad_freq_sel_module:inst1|DDFS_frequency_converter:DDFS_freq_conv_inst|mult_1000000[27]              ;
; -1.519 ; 0.500        ; 2.019          ; High Pulse Width ; CLOCK_50 ; Rise       ; keypad_freq_sel_module:inst1|DDFS_frequency_converter:DDFS_freq_conv_inst|mult_1000000[27]~_Duplicate_1 ;
; -1.519 ; 0.500        ; 2.019          ; Low Pulse Width  ; CLOCK_50 ; Rise       ; keypad_freq_sel_module:inst1|DDFS_frequency_converter:DDFS_freq_conv_inst|mult_1000000[27]~_Duplicate_1 ;
; -1.519 ; 0.500        ; 2.019          ; High Pulse Width ; CLOCK_50 ; Rise       ; keypad_freq_sel_module:inst1|DDFS_frequency_converter:DDFS_freq_conv_inst|mult_1000000[28]              ;
; -1.519 ; 0.500        ; 2.019          ; Low Pulse Width  ; CLOCK_50 ; Rise       ; keypad_freq_sel_module:inst1|DDFS_frequency_converter:DDFS_freq_conv_inst|mult_1000000[28]              ;
; -1.519 ; 0.500        ; 2.019          ; High Pulse Width ; CLOCK_50 ; Rise       ; keypad_freq_sel_module:inst1|DDFS_frequency_converter:DDFS_freq_conv_inst|mult_1000000[28]~_Duplicate_1 ;
; -1.519 ; 0.500        ; 2.019          ; Low Pulse Width  ; CLOCK_50 ; Rise       ; keypad_freq_sel_module:inst1|DDFS_frequency_converter:DDFS_freq_conv_inst|mult_1000000[28]~_Duplicate_1 ;
; -1.519 ; 0.500        ; 2.019          ; High Pulse Width ; CLOCK_50 ; Rise       ; keypad_freq_sel_module:inst1|DDFS_frequency_converter:DDFS_freq_conv_inst|mult_1000000[29]              ;
; -1.519 ; 0.500        ; 2.019          ; Low Pulse Width  ; CLOCK_50 ; Rise       ; keypad_freq_sel_module:inst1|DDFS_frequency_converter:DDFS_freq_conv_inst|mult_1000000[29]              ;
; -1.519 ; 0.500        ; 2.019          ; High Pulse Width ; CLOCK_50 ; Rise       ; keypad_freq_sel_module:inst1|DDFS_frequency_converter:DDFS_freq_conv_inst|mult_1000000[29]~_Duplicate_1 ;
; -1.519 ; 0.500        ; 2.019          ; Low Pulse Width  ; CLOCK_50 ; Rise       ; keypad_freq_sel_module:inst1|DDFS_frequency_converter:DDFS_freq_conv_inst|mult_1000000[29]~_Duplicate_1 ;
; -1.519 ; 0.500        ; 2.019          ; High Pulse Width ; CLOCK_50 ; Rise       ; keypad_freq_sel_module:inst1|DDFS_frequency_converter:DDFS_freq_conv_inst|mult_1000000[30]              ;
; -1.519 ; 0.500        ; 2.019          ; Low Pulse Width  ; CLOCK_50 ; Rise       ; keypad_freq_sel_module:inst1|DDFS_frequency_converter:DDFS_freq_conv_inst|mult_1000000[30]              ;
; -1.519 ; 0.500        ; 2.019          ; High Pulse Width ; CLOCK_50 ; Rise       ; keypad_freq_sel_module:inst1|DDFS_frequency_converter:DDFS_freq_conv_inst|mult_1000000[30]~_Duplicate_1 ;
; -1.519 ; 0.500        ; 2.019          ; Low Pulse Width  ; CLOCK_50 ; Rise       ; keypad_freq_sel_module:inst1|DDFS_frequency_converter:DDFS_freq_conv_inst|mult_1000000[30]~_Duplicate_1 ;
; -1.519 ; 0.500        ; 2.019          ; High Pulse Width ; CLOCK_50 ; Rise       ; keypad_freq_sel_module:inst1|DDFS_frequency_converter:DDFS_freq_conv_inst|mult_1000000[31]              ;
; -1.519 ; 0.500        ; 2.019          ; Low Pulse Width  ; CLOCK_50 ; Rise       ; keypad_freq_sel_module:inst1|DDFS_frequency_converter:DDFS_freq_conv_inst|mult_1000000[31]              ;
; -1.519 ; 0.500        ; 2.019          ; High Pulse Width ; CLOCK_50 ; Rise       ; keypad_freq_sel_module:inst1|DDFS_frequency_converter:DDFS_freq_conv_inst|mult_1000000[31]~_Duplicate_1 ;
; -1.519 ; 0.500        ; 2.019          ; Low Pulse Width  ; CLOCK_50 ; Rise       ; keypad_freq_sel_module:inst1|DDFS_frequency_converter:DDFS_freq_conv_inst|mult_1000000[31]~_Duplicate_1 ;
; -1.519 ; 0.500        ; 2.019          ; High Pulse Width ; CLOCK_50 ; Rise       ; keypad_freq_sel_module:inst1|DDFS_frequency_converter:DDFS_freq_conv_inst|mult_1000000[32]              ;
; -1.519 ; 0.500        ; 2.019          ; Low Pulse Width  ; CLOCK_50 ; Rise       ; keypad_freq_sel_module:inst1|DDFS_frequency_converter:DDFS_freq_conv_inst|mult_1000000[32]              ;
; -1.519 ; 0.500        ; 2.019          ; High Pulse Width ; CLOCK_50 ; Rise       ; keypad_freq_sel_module:inst1|DDFS_frequency_converter:DDFS_freq_conv_inst|mult_1000000[32]~_Duplicate_1 ;
; -1.519 ; 0.500        ; 2.019          ; Low Pulse Width  ; CLOCK_50 ; Rise       ; keypad_freq_sel_module:inst1|DDFS_frequency_converter:DDFS_freq_conv_inst|mult_1000000[32]~_Duplicate_1 ;
; -1.519 ; 0.500        ; 2.019          ; High Pulse Width ; CLOCK_50 ; Rise       ; keypad_freq_sel_module:inst1|DDFS_frequency_converter:DDFS_freq_conv_inst|mult_1000000[33]              ;
; -1.519 ; 0.500        ; 2.019          ; Low Pulse Width  ; CLOCK_50 ; Rise       ; keypad_freq_sel_module:inst1|DDFS_frequency_converter:DDFS_freq_conv_inst|mult_1000000[33]              ;
; -1.519 ; 0.500        ; 2.019          ; High Pulse Width ; CLOCK_50 ; Rise       ; keypad_freq_sel_module:inst1|DDFS_frequency_converter:DDFS_freq_conv_inst|mult_1000000[33]~_Duplicate_1 ;
; -1.519 ; 0.500        ; 2.019          ; Low Pulse Width  ; CLOCK_50 ; Rise       ; keypad_freq_sel_module:inst1|DDFS_frequency_converter:DDFS_freq_conv_inst|mult_1000000[33]~_Duplicate_1 ;
; -1.519 ; 0.500        ; 2.019          ; High Pulse Width ; CLOCK_50 ; Rise       ; keypad_freq_sel_module:inst1|DDFS_frequency_converter:DDFS_freq_conv_inst|mult_1000000[34]              ;
; -1.519 ; 0.500        ; 2.019          ; Low Pulse Width  ; CLOCK_50 ; Rise       ; keypad_freq_sel_module:inst1|DDFS_frequency_converter:DDFS_freq_conv_inst|mult_1000000[34]              ;
; -1.519 ; 0.500        ; 2.019          ; High Pulse Width ; CLOCK_50 ; Rise       ; keypad_freq_sel_module:inst1|DDFS_frequency_converter:DDFS_freq_conv_inst|mult_1000000[34]~_Duplicate_1 ;
; -1.519 ; 0.500        ; 2.019          ; Low Pulse Width  ; CLOCK_50 ; Rise       ; keypad_freq_sel_module:inst1|DDFS_frequency_converter:DDFS_freq_conv_inst|mult_1000000[34]~_Duplicate_1 ;
+--------+--------------+----------------+------------------+----------+------------+---------------------------------------------------------------------------------------------------------+


+------------------------------------------------------------------------+
; Setup Times                                                            ;
+------------+------------+-------+-------+------------+-----------------+
; Data Port  ; Clock Port ; Rise  ; Fall  ; Clock Edge ; Clock Reference ;
+------------+------------+-------+-------+------------+-----------------+
; GPIO_0[*]  ; CLOCK_50   ; 2.593 ; 2.593 ; Rise       ; CLOCK_50        ;
;  GPIO_0[0] ; CLOCK_50   ; 2.593 ; 2.593 ; Rise       ; CLOCK_50        ;
;  GPIO_0[1] ; CLOCK_50   ; 2.524 ; 2.524 ; Rise       ; CLOCK_50        ;
;  GPIO_0[2] ; CLOCK_50   ; 2.371 ; 2.371 ; Rise       ; CLOCK_50        ;
;  GPIO_0[3] ; CLOCK_50   ; 2.499 ; 2.499 ; Rise       ; CLOCK_50        ;
; SW[*]      ; CLOCK_50   ; 1.793 ; 1.793 ; Rise       ; CLOCK_50        ;
;  SW[0]     ; CLOCK_50   ; 1.793 ; 1.793 ; Rise       ; CLOCK_50        ;
+------------+------------+-------+-------+------------+-----------------+


+--------------------------------------------------------------------------+
; Hold Times                                                               ;
+------------+------------+--------+--------+------------+-----------------+
; Data Port  ; Clock Port ; Rise   ; Fall   ; Clock Edge ; Clock Reference ;
+------------+------------+--------+--------+------------+-----------------+
; GPIO_0[*]  ; CLOCK_50   ; -2.251 ; -2.251 ; Rise       ; CLOCK_50        ;
;  GPIO_0[0] ; CLOCK_50   ; -2.473 ; -2.473 ; Rise       ; CLOCK_50        ;
;  GPIO_0[1] ; CLOCK_50   ; -2.404 ; -2.404 ; Rise       ; CLOCK_50        ;
;  GPIO_0[2] ; CLOCK_50   ; -2.251 ; -2.251 ; Rise       ; CLOCK_50        ;
;  GPIO_0[3] ; CLOCK_50   ; -2.379 ; -2.379 ; Rise       ; CLOCK_50        ;
; SW[*]      ; CLOCK_50   ; 0.444  ; 0.444  ; Rise       ; CLOCK_50        ;
;  SW[0]     ; CLOCK_50   ; 0.444  ; 0.444  ; Rise       ; CLOCK_50        ;
+------------+------------+--------+--------+------------+-----------------+


+------------------------------------------------------------------------+
; Clock to Output Times                                                  ;
+------------+------------+-------+-------+------------+-----------------+
; Data Port  ; Clock Port ; Rise  ; Fall  ; Clock Edge ; Clock Reference ;
+------------+------------+-------+-------+------------+-----------------+
; GPIO_1[*]  ; CLOCK_50   ; 5.901 ; 5.901 ; Rise       ; CLOCK_50        ;
;  GPIO_1[0] ; CLOCK_50   ; 5.901 ; 5.901 ; Rise       ; CLOCK_50        ;
;  GPIO_1[1] ; CLOCK_50   ; 5.883 ; 5.883 ; Rise       ; CLOCK_50        ;
;  GPIO_1[2] ; CLOCK_50   ; 5.828 ; 5.828 ; Rise       ; CLOCK_50        ;
;  GPIO_1[3] ; CLOCK_50   ; 5.830 ; 5.830 ; Rise       ; CLOCK_50        ;
; HEX0[*]    ; CLOCK_50   ; 5.147 ; 5.147 ; Rise       ; CLOCK_50        ;
;  HEX0[0]   ; CLOCK_50   ; 5.147 ; 5.147 ; Rise       ; CLOCK_50        ;
;  HEX0[1]   ; CLOCK_50   ; 5.115 ; 5.115 ; Rise       ; CLOCK_50        ;
;  HEX0[2]   ; CLOCK_50   ; 5.124 ; 5.124 ; Rise       ; CLOCK_50        ;
;  HEX0[3]   ; CLOCK_50   ; 5.028 ; 5.028 ; Rise       ; CLOCK_50        ;
;  HEX0[4]   ; CLOCK_50   ; 5.022 ; 5.022 ; Rise       ; CLOCK_50        ;
;  HEX0[5]   ; CLOCK_50   ; 5.007 ; 5.007 ; Rise       ; CLOCK_50        ;
;  HEX0[6]   ; CLOCK_50   ; 5.015 ; 5.015 ; Rise       ; CLOCK_50        ;
; HEX1[*]    ; CLOCK_50   ; 4.964 ; 4.964 ; Rise       ; CLOCK_50        ;
;  HEX1[0]   ; CLOCK_50   ; 4.962 ; 4.962 ; Rise       ; CLOCK_50        ;
;  HEX1[1]   ; CLOCK_50   ; 4.964 ; 4.964 ; Rise       ; CLOCK_50        ;
;  HEX1[2]   ; CLOCK_50   ; 4.612 ; 4.612 ; Rise       ; CLOCK_50        ;
;  HEX1[3]   ; CLOCK_50   ; 4.795 ; 4.795 ; Rise       ; CLOCK_50        ;
;  HEX1[4]   ; CLOCK_50   ; 4.812 ; 4.812 ; Rise       ; CLOCK_50        ;
;  HEX1[5]   ; CLOCK_50   ; 4.773 ; 4.773 ; Rise       ; CLOCK_50        ;
;  HEX1[6]   ; CLOCK_50   ; 4.804 ; 4.804 ; Rise       ; CLOCK_50        ;
; HEX2[*]    ; CLOCK_50   ; 5.080 ; 5.080 ; Rise       ; CLOCK_50        ;
;  HEX2[0]   ; CLOCK_50   ; 5.054 ; 5.054 ; Rise       ; CLOCK_50        ;
;  HEX2[1]   ; CLOCK_50   ; 5.038 ; 5.038 ; Rise       ; CLOCK_50        ;
;  HEX2[2]   ; CLOCK_50   ; 5.080 ; 5.080 ; Rise       ; CLOCK_50        ;
;  HEX2[3]   ; CLOCK_50   ; 5.054 ; 5.054 ; Rise       ; CLOCK_50        ;
;  HEX2[4]   ; CLOCK_50   ; 4.943 ; 4.943 ; Rise       ; CLOCK_50        ;
;  HEX2[5]   ; CLOCK_50   ; 4.915 ; 4.915 ; Rise       ; CLOCK_50        ;
;  HEX2[6]   ; CLOCK_50   ; 4.925 ; 4.925 ; Rise       ; CLOCK_50        ;
; HEX3[*]    ; CLOCK_50   ; 4.623 ; 4.623 ; Rise       ; CLOCK_50        ;
;  HEX3[0]   ; CLOCK_50   ; 4.622 ; 4.622 ; Rise       ; CLOCK_50        ;
;  HEX3[1]   ; CLOCK_50   ; 4.599 ; 4.599 ; Rise       ; CLOCK_50        ;
;  HEX3[2]   ; CLOCK_50   ; 4.532 ; 4.532 ; Rise       ; CLOCK_50        ;
;  HEX3[3]   ; CLOCK_50   ; 4.539 ; 4.539 ; Rise       ; CLOCK_50        ;
;  HEX3[4]   ; CLOCK_50   ; 4.618 ; 4.618 ; Rise       ; CLOCK_50        ;
;  HEX3[5]   ; CLOCK_50   ; 4.622 ; 4.622 ; Rise       ; CLOCK_50        ;
;  HEX3[6]   ; CLOCK_50   ; 4.623 ; 4.623 ; Rise       ; CLOCK_50        ;
; HEX4[*]    ; CLOCK_50   ; 5.541 ; 5.541 ; Rise       ; CLOCK_50        ;
;  HEX4[0]   ; CLOCK_50   ; 4.593 ; 4.593 ; Rise       ; CLOCK_50        ;
;  HEX4[1]   ; CLOCK_50   ; 5.311 ; 5.311 ; Rise       ; CLOCK_50        ;
;  HEX4[2]   ; CLOCK_50   ; 4.811 ; 4.811 ; Rise       ; CLOCK_50        ;
;  HEX4[3]   ; CLOCK_50   ; 4.787 ; 4.787 ; Rise       ; CLOCK_50        ;
;  HEX4[4]   ; CLOCK_50   ; 5.541 ; 5.541 ; Rise       ; CLOCK_50        ;
;  HEX4[5]   ; CLOCK_50   ; 4.942 ; 4.942 ; Rise       ; CLOCK_50        ;
;  HEX4[6]   ; CLOCK_50   ; 4.649 ; 4.649 ; Rise       ; CLOCK_50        ;
; HEX5[*]    ; CLOCK_50   ; 5.821 ; 5.821 ; Rise       ; CLOCK_50        ;
;  HEX5[0]   ; CLOCK_50   ; 5.694 ; 5.694 ; Rise       ; CLOCK_50        ;
;  HEX5[1]   ; CLOCK_50   ; 5.667 ; 5.667 ; Rise       ; CLOCK_50        ;
;  HEX5[2]   ; CLOCK_50   ; 5.663 ; 5.663 ; Rise       ; CLOCK_50        ;
;  HEX5[3]   ; CLOCK_50   ; 5.818 ; 5.818 ; Rise       ; CLOCK_50        ;
;  HEX5[4]   ; CLOCK_50   ; 5.745 ; 5.745 ; Rise       ; CLOCK_50        ;
;  HEX5[5]   ; CLOCK_50   ; 5.803 ; 5.803 ; Rise       ; CLOCK_50        ;
;  HEX5[6]   ; CLOCK_50   ; 5.821 ; 5.821 ; Rise       ; CLOCK_50        ;
; HEX6[*]    ; CLOCK_50   ; 5.576 ; 5.576 ; Rise       ; CLOCK_50        ;
;  HEX6[0]   ; CLOCK_50   ; 5.573 ; 5.573 ; Rise       ; CLOCK_50        ;
;  HEX6[1]   ; CLOCK_50   ; 4.680 ; 4.680 ; Rise       ; CLOCK_50        ;
;  HEX6[2]   ; CLOCK_50   ; 4.989 ; 4.989 ; Rise       ; CLOCK_50        ;
;  HEX6[3]   ; CLOCK_50   ; 5.051 ; 5.051 ; Rise       ; CLOCK_50        ;
;  HEX6[4]   ; CLOCK_50   ; 5.045 ; 5.045 ; Rise       ; CLOCK_50        ;
;  HEX6[5]   ; CLOCK_50   ; 4.968 ; 4.968 ; Rise       ; CLOCK_50        ;
;  HEX6[6]   ; CLOCK_50   ; 5.576 ; 5.576 ; Rise       ; CLOCK_50        ;
; LEDG[*]    ; CLOCK_50   ; 4.425 ; 4.425 ; Rise       ; CLOCK_50        ;
;  LEDG[0]   ; CLOCK_50   ; 4.347 ; 4.347 ; Rise       ; CLOCK_50        ;
;  LEDG[1]   ; CLOCK_50   ; 4.425 ; 4.425 ; Rise       ; CLOCK_50        ;
;  LEDG[2]   ; CLOCK_50   ; 4.394 ; 4.394 ; Rise       ; CLOCK_50        ;
;  LEDG[3]   ; CLOCK_50   ; 4.065 ; 4.065 ; Rise       ; CLOCK_50        ;
;  LEDG[4]   ; CLOCK_50   ; 4.008 ; 4.008 ; Rise       ; CLOCK_50        ;
;  LEDG[5]   ; CLOCK_50   ; 4.000 ; 4.000 ; Rise       ; CLOCK_50        ;
;  LEDG[6]   ; CLOCK_50   ; 3.989 ; 3.989 ; Rise       ; CLOCK_50        ;
;  LEDG[7]   ; CLOCK_50   ; 3.952 ; 3.952 ; Rise       ; CLOCK_50        ;
; LEDR[*]    ; CLOCK_50   ; 9.200 ; 9.200 ; Rise       ; CLOCK_50        ;
;  LEDR[0]   ; CLOCK_50   ; 8.088 ; 8.088 ; Rise       ; CLOCK_50        ;
;  LEDR[1]   ; CLOCK_50   ; 7.187 ; 7.187 ; Rise       ; CLOCK_50        ;
;  LEDR[2]   ; CLOCK_50   ; 7.065 ; 7.065 ; Rise       ; CLOCK_50        ;
;  LEDR[3]   ; CLOCK_50   ; 9.082 ; 9.082 ; Rise       ; CLOCK_50        ;
;  LEDR[4]   ; CLOCK_50   ; 8.967 ; 8.967 ; Rise       ; CLOCK_50        ;
;  LEDR[5]   ; CLOCK_50   ; 9.200 ; 9.200 ; Rise       ; CLOCK_50        ;
;  LEDR[6]   ; CLOCK_50   ; 9.129 ; 9.129 ; Rise       ; CLOCK_50        ;
;  LEDR[7]   ; CLOCK_50   ; 9.178 ; 9.178 ; Rise       ; CLOCK_50        ;
;  LEDR[8]   ; CLOCK_50   ; 8.555 ; 8.555 ; Rise       ; CLOCK_50        ;
;  LEDR[9]   ; CLOCK_50   ; 8.538 ; 8.538 ; Rise       ; CLOCK_50        ;
+------------+------------+-------+-------+------------+-----------------+


+------------------------------------------------------------------------+
; Minimum Clock to Output Times                                          ;
+------------+------------+-------+-------+------------+-----------------+
; Data Port  ; Clock Port ; Rise  ; Fall  ; Clock Edge ; Clock Reference ;
+------------+------------+-------+-------+------------+-----------------+
; GPIO_1[*]  ; CLOCK_50   ; 4.573 ; 4.573 ; Rise       ; CLOCK_50        ;
;  GPIO_1[0] ; CLOCK_50   ; 4.646 ; 4.646 ; Rise       ; CLOCK_50        ;
;  GPIO_1[1] ; CLOCK_50   ; 4.649 ; 4.649 ; Rise       ; CLOCK_50        ;
;  GPIO_1[2] ; CLOCK_50   ; 4.573 ; 4.573 ; Rise       ; CLOCK_50        ;
;  GPIO_1[3] ; CLOCK_50   ; 4.596 ; 4.596 ; Rise       ; CLOCK_50        ;
; HEX0[*]    ; CLOCK_50   ; 4.600 ; 4.600 ; Rise       ; CLOCK_50        ;
;  HEX0[0]   ; CLOCK_50   ; 4.732 ; 4.732 ; Rise       ; CLOCK_50        ;
;  HEX0[1]   ; CLOCK_50   ; 4.702 ; 4.702 ; Rise       ; CLOCK_50        ;
;  HEX0[2]   ; CLOCK_50   ; 4.710 ; 4.710 ; Rise       ; CLOCK_50        ;
;  HEX0[3]   ; CLOCK_50   ; 4.613 ; 4.613 ; Rise       ; CLOCK_50        ;
;  HEX0[4]   ; CLOCK_50   ; 4.613 ; 4.613 ; Rise       ; CLOCK_50        ;
;  HEX0[5]   ; CLOCK_50   ; 4.602 ; 4.602 ; Rise       ; CLOCK_50        ;
;  HEX0[6]   ; CLOCK_50   ; 4.600 ; 4.600 ; Rise       ; CLOCK_50        ;
; HEX1[*]    ; CLOCK_50   ; 4.385 ; 4.385 ; Rise       ; CLOCK_50        ;
;  HEX1[0]   ; CLOCK_50   ; 4.739 ; 4.739 ; Rise       ; CLOCK_50        ;
;  HEX1[1]   ; CLOCK_50   ; 4.743 ; 4.743 ; Rise       ; CLOCK_50        ;
;  HEX1[2]   ; CLOCK_50   ; 4.385 ; 4.385 ; Rise       ; CLOCK_50        ;
;  HEX1[3]   ; CLOCK_50   ; 4.572 ; 4.572 ; Rise       ; CLOCK_50        ;
;  HEX1[4]   ; CLOCK_50   ; 4.586 ; 4.586 ; Rise       ; CLOCK_50        ;
;  HEX1[5]   ; CLOCK_50   ; 4.552 ; 4.552 ; Rise       ; CLOCK_50        ;
;  HEX1[6]   ; CLOCK_50   ; 4.580 ; 4.580 ; Rise       ; CLOCK_50        ;
; HEX2[*]    ; CLOCK_50   ; 4.506 ; 4.506 ; Rise       ; CLOCK_50        ;
;  HEX2[0]   ; CLOCK_50   ; 4.636 ; 4.636 ; Rise       ; CLOCK_50        ;
;  HEX2[1]   ; CLOCK_50   ; 4.621 ; 4.621 ; Rise       ; CLOCK_50        ;
;  HEX2[2]   ; CLOCK_50   ; 4.667 ; 4.667 ; Rise       ; CLOCK_50        ;
;  HEX2[3]   ; CLOCK_50   ; 4.647 ; 4.647 ; Rise       ; CLOCK_50        ;
;  HEX2[4]   ; CLOCK_50   ; 4.521 ; 4.521 ; Rise       ; CLOCK_50        ;
;  HEX2[5]   ; CLOCK_50   ; 4.506 ; 4.506 ; Rise       ; CLOCK_50        ;
;  HEX2[6]   ; CLOCK_50   ; 4.517 ; 4.517 ; Rise       ; CLOCK_50        ;
; HEX3[*]    ; CLOCK_50   ; 4.377 ; 4.377 ; Rise       ; CLOCK_50        ;
;  HEX3[0]   ; CLOCK_50   ; 4.494 ; 4.494 ; Rise       ; CLOCK_50        ;
;  HEX3[1]   ; CLOCK_50   ; 4.420 ; 4.420 ; Rise       ; CLOCK_50        ;
;  HEX3[2]   ; CLOCK_50   ; 4.381 ; 4.381 ; Rise       ; CLOCK_50        ;
;  HEX3[3]   ; CLOCK_50   ; 4.377 ; 4.377 ; Rise       ; CLOCK_50        ;
;  HEX3[4]   ; CLOCK_50   ; 4.464 ; 4.464 ; Rise       ; CLOCK_50        ;
;  HEX3[5]   ; CLOCK_50   ; 4.461 ; 4.461 ; Rise       ; CLOCK_50        ;
;  HEX3[6]   ; CLOCK_50   ; 4.460 ; 4.460 ; Rise       ; CLOCK_50        ;
; HEX4[*]    ; CLOCK_50   ; 4.548 ; 4.548 ; Rise       ; CLOCK_50        ;
;  HEX4[0]   ; CLOCK_50   ; 4.548 ; 4.548 ; Rise       ; CLOCK_50        ;
;  HEX4[1]   ; CLOCK_50   ; 5.250 ; 5.250 ; Rise       ; CLOCK_50        ;
;  HEX4[2]   ; CLOCK_50   ; 4.765 ; 4.765 ; Rise       ; CLOCK_50        ;
;  HEX4[3]   ; CLOCK_50   ; 4.741 ; 4.741 ; Rise       ; CLOCK_50        ;
;  HEX4[4]   ; CLOCK_50   ; 5.495 ; 5.495 ; Rise       ; CLOCK_50        ;
;  HEX4[5]   ; CLOCK_50   ; 4.893 ; 4.893 ; Rise       ; CLOCK_50        ;
;  HEX4[6]   ; CLOCK_50   ; 4.592 ; 4.592 ; Rise       ; CLOCK_50        ;
; HEX5[*]    ; CLOCK_50   ; 4.670 ; 4.670 ; Rise       ; CLOCK_50        ;
;  HEX5[0]   ; CLOCK_50   ; 4.695 ; 4.695 ; Rise       ; CLOCK_50        ;
;  HEX5[1]   ; CLOCK_50   ; 4.671 ; 4.671 ; Rise       ; CLOCK_50        ;
;  HEX5[2]   ; CLOCK_50   ; 4.670 ; 4.670 ; Rise       ; CLOCK_50        ;
;  HEX5[3]   ; CLOCK_50   ; 4.827 ; 4.827 ; Rise       ; CLOCK_50        ;
;  HEX5[4]   ; CLOCK_50   ; 4.755 ; 4.755 ; Rise       ; CLOCK_50        ;
;  HEX5[5]   ; CLOCK_50   ; 4.807 ; 4.807 ; Rise       ; CLOCK_50        ;
;  HEX5[6]   ; CLOCK_50   ; 4.828 ; 4.828 ; Rise       ; CLOCK_50        ;
; HEX6[*]    ; CLOCK_50   ; 4.619 ; 4.619 ; Rise       ; CLOCK_50        ;
;  HEX6[0]   ; CLOCK_50   ; 5.509 ; 5.509 ; Rise       ; CLOCK_50        ;
;  HEX6[1]   ; CLOCK_50   ; 4.619 ; 4.619 ; Rise       ; CLOCK_50        ;
;  HEX6[2]   ; CLOCK_50   ; 4.928 ; 4.928 ; Rise       ; CLOCK_50        ;
;  HEX6[3]   ; CLOCK_50   ; 4.973 ; 4.973 ; Rise       ; CLOCK_50        ;
;  HEX6[4]   ; CLOCK_50   ; 4.964 ; 4.964 ; Rise       ; CLOCK_50        ;
;  HEX6[5]   ; CLOCK_50   ; 4.900 ; 4.900 ; Rise       ; CLOCK_50        ;
;  HEX6[6]   ; CLOCK_50   ; 5.507 ; 5.507 ; Rise       ; CLOCK_50        ;
; LEDG[*]    ; CLOCK_50   ; 3.952 ; 3.952 ; Rise       ; CLOCK_50        ;
;  LEDG[0]   ; CLOCK_50   ; 4.347 ; 4.347 ; Rise       ; CLOCK_50        ;
;  LEDG[1]   ; CLOCK_50   ; 4.425 ; 4.425 ; Rise       ; CLOCK_50        ;
;  LEDG[2]   ; CLOCK_50   ; 4.394 ; 4.394 ; Rise       ; CLOCK_50        ;
;  LEDG[3]   ; CLOCK_50   ; 4.065 ; 4.065 ; Rise       ; CLOCK_50        ;
;  LEDG[4]   ; CLOCK_50   ; 4.008 ; 4.008 ; Rise       ; CLOCK_50        ;
;  LEDG[5]   ; CLOCK_50   ; 4.000 ; 4.000 ; Rise       ; CLOCK_50        ;
;  LEDG[6]   ; CLOCK_50   ; 3.989 ; 3.989 ; Rise       ; CLOCK_50        ;
;  LEDG[7]   ; CLOCK_50   ; 3.952 ; 3.952 ; Rise       ; CLOCK_50        ;
; LEDR[*]    ; CLOCK_50   ; 4.762 ; 4.762 ; Rise       ; CLOCK_50        ;
;  LEDR[0]   ; CLOCK_50   ; 5.392 ; 5.392 ; Rise       ; CLOCK_50        ;
;  LEDR[1]   ; CLOCK_50   ; 5.488 ; 5.488 ; Rise       ; CLOCK_50        ;
;  LEDR[2]   ; CLOCK_50   ; 5.512 ; 5.512 ; Rise       ; CLOCK_50        ;
;  LEDR[3]   ; CLOCK_50   ; 5.012 ; 5.012 ; Rise       ; CLOCK_50        ;
;  LEDR[4]   ; CLOCK_50   ; 5.452 ; 5.452 ; Rise       ; CLOCK_50        ;
;  LEDR[5]   ; CLOCK_50   ; 5.460 ; 5.460 ; Rise       ; CLOCK_50        ;
;  LEDR[6]   ; CLOCK_50   ; 5.585 ; 5.585 ; Rise       ; CLOCK_50        ;
;  LEDR[7]   ; CLOCK_50   ; 5.371 ; 5.371 ; Rise       ; CLOCK_50        ;
;  LEDR[8]   ; CLOCK_50   ; 4.820 ; 4.820 ; Rise       ; CLOCK_50        ;
;  LEDR[9]   ; CLOCK_50   ; 4.762 ; 4.762 ; Rise       ; CLOCK_50        ;
+------------+------------+-------+-------+------------+-----------------+


+---------------------------------------------------------------------------------+
; Multicorner Timing Analysis Summary                                             ;
+------------------+-----------+-------+----------+---------+---------------------+
; Clock            ; Setup     ; Hold  ; Recovery ; Removal ; Minimum Pulse Width ;
+------------------+-----------+-------+----------+---------+---------------------+
; Worst-case Slack ; -11.515   ; 0.215 ; N/A      ; N/A     ; -1.519              ;
;  CLOCK_50        ; -11.515   ; 0.215 ; N/A      ; N/A     ; -1.519              ;
; Design-wide TNS  ; -5696.762 ; 0.0   ; 0.0      ; 0.0     ; -1915.974           ;
;  CLOCK_50        ; -5696.762 ; 0.000 ; N/A      ; N/A     ; -1915.974           ;
+------------------+-----------+-------+----------+---------+---------------------+


+------------------------------------------------------------------------+
; Setup Times                                                            ;
+------------+------------+-------+-------+------------+-----------------+
; Data Port  ; Clock Port ; Rise  ; Fall  ; Clock Edge ; Clock Reference ;
+------------+------------+-------+-------+------------+-----------------+
; GPIO_0[*]  ; CLOCK_50   ; 4.910 ; 4.910 ; Rise       ; CLOCK_50        ;
;  GPIO_0[0] ; CLOCK_50   ; 4.910 ; 4.910 ; Rise       ; CLOCK_50        ;
;  GPIO_0[1] ; CLOCK_50   ; 4.680 ; 4.680 ; Rise       ; CLOCK_50        ;
;  GPIO_0[2] ; CLOCK_50   ; 4.328 ; 4.328 ; Rise       ; CLOCK_50        ;
;  GPIO_0[3] ; CLOCK_50   ; 4.583 ; 4.583 ; Rise       ; CLOCK_50        ;
; SW[*]      ; CLOCK_50   ; 4.535 ; 4.535 ; Rise       ; CLOCK_50        ;
;  SW[0]     ; CLOCK_50   ; 4.535 ; 4.535 ; Rise       ; CLOCK_50        ;
+------------+------------+-------+-------+------------+-----------------+


+--------------------------------------------------------------------------+
; Hold Times                                                               ;
+------------+------------+--------+--------+------------+-----------------+
; Data Port  ; Clock Port ; Rise   ; Fall   ; Clock Edge ; Clock Reference ;
+------------+------------+--------+--------+------------+-----------------+
; GPIO_0[*]  ; CLOCK_50   ; -2.251 ; -2.251 ; Rise       ; CLOCK_50        ;
;  GPIO_0[0] ; CLOCK_50   ; -2.473 ; -2.473 ; Rise       ; CLOCK_50        ;
;  GPIO_0[1] ; CLOCK_50   ; -2.404 ; -2.404 ; Rise       ; CLOCK_50        ;
;  GPIO_0[2] ; CLOCK_50   ; -2.251 ; -2.251 ; Rise       ; CLOCK_50        ;
;  GPIO_0[3] ; CLOCK_50   ; -2.379 ; -2.379 ; Rise       ; CLOCK_50        ;
; SW[*]      ; CLOCK_50   ; 0.444  ; 0.444  ; Rise       ; CLOCK_50        ;
;  SW[0]     ; CLOCK_50   ; 0.444  ; 0.444  ; Rise       ; CLOCK_50        ;
+------------+------------+--------+--------+------------+-----------------+


+--------------------------------------------------------------------------+
; Clock to Output Times                                                    ;
+------------+------------+--------+--------+------------+-----------------+
; Data Port  ; Clock Port ; Rise   ; Fall   ; Clock Edge ; Clock Reference ;
+------------+------------+--------+--------+------------+-----------------+
; GPIO_1[*]  ; CLOCK_50   ; 11.503 ; 11.503 ; Rise       ; CLOCK_50        ;
;  GPIO_1[0] ; CLOCK_50   ; 11.503 ; 11.503 ; Rise       ; CLOCK_50        ;
;  GPIO_1[1] ; CLOCK_50   ; 11.484 ; 11.484 ; Rise       ; CLOCK_50        ;
;  GPIO_1[2] ; CLOCK_50   ; 11.411 ; 11.411 ; Rise       ; CLOCK_50        ;
;  GPIO_1[3] ; CLOCK_50   ; 11.420 ; 11.420 ; Rise       ; CLOCK_50        ;
; HEX0[*]    ; CLOCK_50   ; 9.619  ; 9.619  ; Rise       ; CLOCK_50        ;
;  HEX0[0]   ; CLOCK_50   ; 9.619  ; 9.619  ; Rise       ; CLOCK_50        ;
;  HEX0[1]   ; CLOCK_50   ; 9.585  ; 9.585  ; Rise       ; CLOCK_50        ;
;  HEX0[2]   ; CLOCK_50   ; 9.598  ; 9.598  ; Rise       ; CLOCK_50        ;
;  HEX0[3]   ; CLOCK_50   ; 9.371  ; 9.371  ; Rise       ; CLOCK_50        ;
;  HEX0[4]   ; CLOCK_50   ; 9.363  ; 9.363  ; Rise       ; CLOCK_50        ;
;  HEX0[5]   ; CLOCK_50   ; 9.347  ; 9.347  ; Rise       ; CLOCK_50        ;
;  HEX0[6]   ; CLOCK_50   ; 9.357  ; 9.357  ; Rise       ; CLOCK_50        ;
; HEX1[*]    ; CLOCK_50   ; 9.235  ; 9.235  ; Rise       ; CLOCK_50        ;
;  HEX1[0]   ; CLOCK_50   ; 9.211  ; 9.211  ; Rise       ; CLOCK_50        ;
;  HEX1[1]   ; CLOCK_50   ; 9.235  ; 9.235  ; Rise       ; CLOCK_50        ;
;  HEX1[2]   ; CLOCK_50   ; 8.578  ; 8.578  ; Rise       ; CLOCK_50        ;
;  HEX1[3]   ; CLOCK_50   ; 9.038  ; 9.038  ; Rise       ; CLOCK_50        ;
;  HEX1[4]   ; CLOCK_50   ; 9.030  ; 9.030  ; Rise       ; CLOCK_50        ;
;  HEX1[5]   ; CLOCK_50   ; 8.920  ; 8.920  ; Rise       ; CLOCK_50        ;
;  HEX1[6]   ; CLOCK_50   ; 9.041  ; 9.041  ; Rise       ; CLOCK_50        ;
; HEX2[*]    ; CLOCK_50   ; 9.304  ; 9.304  ; Rise       ; CLOCK_50        ;
;  HEX2[0]   ; CLOCK_50   ; 9.254  ; 9.254  ; Rise       ; CLOCK_50        ;
;  HEX2[1]   ; CLOCK_50   ; 9.257  ; 9.257  ; Rise       ; CLOCK_50        ;
;  HEX2[2]   ; CLOCK_50   ; 9.304  ; 9.304  ; Rise       ; CLOCK_50        ;
;  HEX2[3]   ; CLOCK_50   ; 9.253  ; 9.253  ; Rise       ; CLOCK_50        ;
;  HEX2[4]   ; CLOCK_50   ; 9.005  ; 9.005  ; Rise       ; CLOCK_50        ;
;  HEX2[5]   ; CLOCK_50   ; 8.961  ; 8.961  ; Rise       ; CLOCK_50        ;
;  HEX2[6]   ; CLOCK_50   ; 8.988  ; 8.988  ; Rise       ; CLOCK_50        ;
; HEX3[*]    ; CLOCK_50   ; 8.653  ; 8.653  ; Rise       ; CLOCK_50        ;
;  HEX3[0]   ; CLOCK_50   ; 8.623  ; 8.623  ; Rise       ; CLOCK_50        ;
;  HEX3[1]   ; CLOCK_50   ; 8.579  ; 8.579  ; Rise       ; CLOCK_50        ;
;  HEX3[2]   ; CLOCK_50   ; 8.376  ; 8.376  ; Rise       ; CLOCK_50        ;
;  HEX3[3]   ; CLOCK_50   ; 8.382  ; 8.382  ; Rise       ; CLOCK_50        ;
;  HEX3[4]   ; CLOCK_50   ; 8.639  ; 8.639  ; Rise       ; CLOCK_50        ;
;  HEX3[5]   ; CLOCK_50   ; 8.653  ; 8.653  ; Rise       ; CLOCK_50        ;
;  HEX3[6]   ; CLOCK_50   ; 8.644  ; 8.644  ; Rise       ; CLOCK_50        ;
; HEX4[*]    ; CLOCK_50   ; 10.264 ; 10.264 ; Rise       ; CLOCK_50        ;
;  HEX4[0]   ; CLOCK_50   ; 8.428  ; 8.428  ; Rise       ; CLOCK_50        ;
;  HEX4[1]   ; CLOCK_50   ; 9.840  ; 9.840  ; Rise       ; CLOCK_50        ;
;  HEX4[2]   ; CLOCK_50   ; 8.963  ; 8.963  ; Rise       ; CLOCK_50        ;
;  HEX4[3]   ; CLOCK_50   ; 8.868  ; 8.868  ; Rise       ; CLOCK_50        ;
;  HEX4[4]   ; CLOCK_50   ; 10.264 ; 10.264 ; Rise       ; CLOCK_50        ;
;  HEX4[5]   ; CLOCK_50   ; 9.235  ; 9.235  ; Rise       ; CLOCK_50        ;
;  HEX4[6]   ; CLOCK_50   ; 8.555  ; 8.555  ; Rise       ; CLOCK_50        ;
; HEX5[*]    ; CLOCK_50   ; 10.800 ; 10.800 ; Rise       ; CLOCK_50        ;
;  HEX5[0]   ; CLOCK_50   ; 10.511 ; 10.511 ; Rise       ; CLOCK_50        ;
;  HEX5[1]   ; CLOCK_50   ; 10.494 ; 10.494 ; Rise       ; CLOCK_50        ;
;  HEX5[2]   ; CLOCK_50   ; 10.482 ; 10.482 ; Rise       ; CLOCK_50        ;
;  HEX5[3]   ; CLOCK_50   ; 10.799 ; 10.799 ; Rise       ; CLOCK_50        ;
;  HEX5[4]   ; CLOCK_50   ; 10.655 ; 10.655 ; Rise       ; CLOCK_50        ;
;  HEX5[5]   ; CLOCK_50   ; 10.792 ; 10.792 ; Rise       ; CLOCK_50        ;
;  HEX5[6]   ; CLOCK_50   ; 10.800 ; 10.800 ; Rise       ; CLOCK_50        ;
; HEX6[*]    ; CLOCK_50   ; 10.618 ; 10.618 ; Rise       ; CLOCK_50        ;
;  HEX6[0]   ; CLOCK_50   ; 10.326 ; 10.326 ; Rise       ; CLOCK_50        ;
;  HEX6[1]   ; CLOCK_50   ; 8.632  ; 8.632  ; Rise       ; CLOCK_50        ;
;  HEX6[2]   ; CLOCK_50   ; 9.374  ; 9.374  ; Rise       ; CLOCK_50        ;
;  HEX6[3]   ; CLOCK_50   ; 9.412  ; 9.412  ; Rise       ; CLOCK_50        ;
;  HEX6[4]   ; CLOCK_50   ; 9.394  ; 9.394  ; Rise       ; CLOCK_50        ;
;  HEX6[5]   ; CLOCK_50   ; 9.136  ; 9.136  ; Rise       ; CLOCK_50        ;
;  HEX6[6]   ; CLOCK_50   ; 10.618 ; 10.618 ; Rise       ; CLOCK_50        ;
; LEDG[*]    ; CLOCK_50   ; 7.972  ; 7.972  ; Rise       ; CLOCK_50        ;
;  LEDG[0]   ; CLOCK_50   ; 7.788  ; 7.788  ; Rise       ; CLOCK_50        ;
;  LEDG[1]   ; CLOCK_50   ; 7.949  ; 7.949  ; Rise       ; CLOCK_50        ;
;  LEDG[2]   ; CLOCK_50   ; 7.972  ; 7.972  ; Rise       ; CLOCK_50        ;
;  LEDG[3]   ; CLOCK_50   ; 7.247  ; 7.247  ; Rise       ; CLOCK_50        ;
;  LEDG[4]   ; CLOCK_50   ; 7.074  ; 7.074  ; Rise       ; CLOCK_50        ;
;  LEDG[5]   ; CLOCK_50   ; 7.069  ; 7.069  ; Rise       ; CLOCK_50        ;
;  LEDG[6]   ; CLOCK_50   ; 7.056  ; 7.056  ; Rise       ; CLOCK_50        ;
;  LEDG[7]   ; CLOCK_50   ; 7.044  ; 7.044  ; Rise       ; CLOCK_50        ;
; LEDR[*]    ; CLOCK_50   ; 18.842 ; 18.842 ; Rise       ; CLOCK_50        ;
;  LEDR[0]   ; CLOCK_50   ; 16.233 ; 16.233 ; Rise       ; CLOCK_50        ;
;  LEDR[1]   ; CLOCK_50   ; 14.083 ; 14.083 ; Rise       ; CLOCK_50        ;
;  LEDR[2]   ; CLOCK_50   ; 13.601 ; 13.601 ; Rise       ; CLOCK_50        ;
;  LEDR[3]   ; CLOCK_50   ; 18.493 ; 18.493 ; Rise       ; CLOCK_50        ;
;  LEDR[4]   ; CLOCK_50   ; 18.268 ; 18.268 ; Rise       ; CLOCK_50        ;
;  LEDR[5]   ; CLOCK_50   ; 18.842 ; 18.842 ; Rise       ; CLOCK_50        ;
;  LEDR[6]   ; CLOCK_50   ; 18.638 ; 18.638 ; Rise       ; CLOCK_50        ;
;  LEDR[7]   ; CLOCK_50   ; 18.786 ; 18.786 ; Rise       ; CLOCK_50        ;
;  LEDR[8]   ; CLOCK_50   ; 17.415 ; 17.415 ; Rise       ; CLOCK_50        ;
;  LEDR[9]   ; CLOCK_50   ; 17.347 ; 17.347 ; Rise       ; CLOCK_50        ;
+------------+------------+--------+--------+------------+-----------------+


+------------------------------------------------------------------------+
; Minimum Clock to Output Times                                          ;
+------------+------------+-------+-------+------------+-----------------+
; Data Port  ; Clock Port ; Rise  ; Fall  ; Clock Edge ; Clock Reference ;
+------------+------------+-------+-------+------------+-----------------+
; GPIO_1[*]  ; CLOCK_50   ; 4.573 ; 4.573 ; Rise       ; CLOCK_50        ;
;  GPIO_1[0] ; CLOCK_50   ; 4.646 ; 4.646 ; Rise       ; CLOCK_50        ;
;  GPIO_1[1] ; CLOCK_50   ; 4.649 ; 4.649 ; Rise       ; CLOCK_50        ;
;  GPIO_1[2] ; CLOCK_50   ; 4.573 ; 4.573 ; Rise       ; CLOCK_50        ;
;  GPIO_1[3] ; CLOCK_50   ; 4.596 ; 4.596 ; Rise       ; CLOCK_50        ;
; HEX0[*]    ; CLOCK_50   ; 4.600 ; 4.600 ; Rise       ; CLOCK_50        ;
;  HEX0[0]   ; CLOCK_50   ; 4.732 ; 4.732 ; Rise       ; CLOCK_50        ;
;  HEX0[1]   ; CLOCK_50   ; 4.702 ; 4.702 ; Rise       ; CLOCK_50        ;
;  HEX0[2]   ; CLOCK_50   ; 4.710 ; 4.710 ; Rise       ; CLOCK_50        ;
;  HEX0[3]   ; CLOCK_50   ; 4.613 ; 4.613 ; Rise       ; CLOCK_50        ;
;  HEX0[4]   ; CLOCK_50   ; 4.613 ; 4.613 ; Rise       ; CLOCK_50        ;
;  HEX0[5]   ; CLOCK_50   ; 4.602 ; 4.602 ; Rise       ; CLOCK_50        ;
;  HEX0[6]   ; CLOCK_50   ; 4.600 ; 4.600 ; Rise       ; CLOCK_50        ;
; HEX1[*]    ; CLOCK_50   ; 4.385 ; 4.385 ; Rise       ; CLOCK_50        ;
;  HEX1[0]   ; CLOCK_50   ; 4.739 ; 4.739 ; Rise       ; CLOCK_50        ;
;  HEX1[1]   ; CLOCK_50   ; 4.743 ; 4.743 ; Rise       ; CLOCK_50        ;
;  HEX1[2]   ; CLOCK_50   ; 4.385 ; 4.385 ; Rise       ; CLOCK_50        ;
;  HEX1[3]   ; CLOCK_50   ; 4.572 ; 4.572 ; Rise       ; CLOCK_50        ;
;  HEX1[4]   ; CLOCK_50   ; 4.586 ; 4.586 ; Rise       ; CLOCK_50        ;
;  HEX1[5]   ; CLOCK_50   ; 4.552 ; 4.552 ; Rise       ; CLOCK_50        ;
;  HEX1[6]   ; CLOCK_50   ; 4.580 ; 4.580 ; Rise       ; CLOCK_50        ;
; HEX2[*]    ; CLOCK_50   ; 4.506 ; 4.506 ; Rise       ; CLOCK_50        ;
;  HEX2[0]   ; CLOCK_50   ; 4.636 ; 4.636 ; Rise       ; CLOCK_50        ;
;  HEX2[1]   ; CLOCK_50   ; 4.621 ; 4.621 ; Rise       ; CLOCK_50        ;
;  HEX2[2]   ; CLOCK_50   ; 4.667 ; 4.667 ; Rise       ; CLOCK_50        ;
;  HEX2[3]   ; CLOCK_50   ; 4.647 ; 4.647 ; Rise       ; CLOCK_50        ;
;  HEX2[4]   ; CLOCK_50   ; 4.521 ; 4.521 ; Rise       ; CLOCK_50        ;
;  HEX2[5]   ; CLOCK_50   ; 4.506 ; 4.506 ; Rise       ; CLOCK_50        ;
;  HEX2[6]   ; CLOCK_50   ; 4.517 ; 4.517 ; Rise       ; CLOCK_50        ;
; HEX3[*]    ; CLOCK_50   ; 4.377 ; 4.377 ; Rise       ; CLOCK_50        ;
;  HEX3[0]   ; CLOCK_50   ; 4.494 ; 4.494 ; Rise       ; CLOCK_50        ;
;  HEX3[1]   ; CLOCK_50   ; 4.420 ; 4.420 ; Rise       ; CLOCK_50        ;
;  HEX3[2]   ; CLOCK_50   ; 4.381 ; 4.381 ; Rise       ; CLOCK_50        ;
;  HEX3[3]   ; CLOCK_50   ; 4.377 ; 4.377 ; Rise       ; CLOCK_50        ;
;  HEX3[4]   ; CLOCK_50   ; 4.464 ; 4.464 ; Rise       ; CLOCK_50        ;
;  HEX3[5]   ; CLOCK_50   ; 4.461 ; 4.461 ; Rise       ; CLOCK_50        ;
;  HEX3[6]   ; CLOCK_50   ; 4.460 ; 4.460 ; Rise       ; CLOCK_50        ;
; HEX4[*]    ; CLOCK_50   ; 4.548 ; 4.548 ; Rise       ; CLOCK_50        ;
;  HEX4[0]   ; CLOCK_50   ; 4.548 ; 4.548 ; Rise       ; CLOCK_50        ;
;  HEX4[1]   ; CLOCK_50   ; 5.250 ; 5.250 ; Rise       ; CLOCK_50        ;
;  HEX4[2]   ; CLOCK_50   ; 4.765 ; 4.765 ; Rise       ; CLOCK_50        ;
;  HEX4[3]   ; CLOCK_50   ; 4.741 ; 4.741 ; Rise       ; CLOCK_50        ;
;  HEX4[4]   ; CLOCK_50   ; 5.495 ; 5.495 ; Rise       ; CLOCK_50        ;
;  HEX4[5]   ; CLOCK_50   ; 4.893 ; 4.893 ; Rise       ; CLOCK_50        ;
;  HEX4[6]   ; CLOCK_50   ; 4.592 ; 4.592 ; Rise       ; CLOCK_50        ;
; HEX5[*]    ; CLOCK_50   ; 4.670 ; 4.670 ; Rise       ; CLOCK_50        ;
;  HEX5[0]   ; CLOCK_50   ; 4.695 ; 4.695 ; Rise       ; CLOCK_50        ;
;  HEX5[1]   ; CLOCK_50   ; 4.671 ; 4.671 ; Rise       ; CLOCK_50        ;
;  HEX5[2]   ; CLOCK_50   ; 4.670 ; 4.670 ; Rise       ; CLOCK_50        ;
;  HEX5[3]   ; CLOCK_50   ; 4.827 ; 4.827 ; Rise       ; CLOCK_50        ;
;  HEX5[4]   ; CLOCK_50   ; 4.755 ; 4.755 ; Rise       ; CLOCK_50        ;
;  HEX5[5]   ; CLOCK_50   ; 4.807 ; 4.807 ; Rise       ; CLOCK_50        ;
;  HEX5[6]   ; CLOCK_50   ; 4.828 ; 4.828 ; Rise       ; CLOCK_50        ;
; HEX6[*]    ; CLOCK_50   ; 4.619 ; 4.619 ; Rise       ; CLOCK_50        ;
;  HEX6[0]   ; CLOCK_50   ; 5.509 ; 5.509 ; Rise       ; CLOCK_50        ;
;  HEX6[1]   ; CLOCK_50   ; 4.619 ; 4.619 ; Rise       ; CLOCK_50        ;
;  HEX6[2]   ; CLOCK_50   ; 4.928 ; 4.928 ; Rise       ; CLOCK_50        ;
;  HEX6[3]   ; CLOCK_50   ; 4.973 ; 4.973 ; Rise       ; CLOCK_50        ;
;  HEX6[4]   ; CLOCK_50   ; 4.964 ; 4.964 ; Rise       ; CLOCK_50        ;
;  HEX6[5]   ; CLOCK_50   ; 4.900 ; 4.900 ; Rise       ; CLOCK_50        ;
;  HEX6[6]   ; CLOCK_50   ; 5.507 ; 5.507 ; Rise       ; CLOCK_50        ;
; LEDG[*]    ; CLOCK_50   ; 3.952 ; 3.952 ; Rise       ; CLOCK_50        ;
;  LEDG[0]   ; CLOCK_50   ; 4.347 ; 4.347 ; Rise       ; CLOCK_50        ;
;  LEDG[1]   ; CLOCK_50   ; 4.425 ; 4.425 ; Rise       ; CLOCK_50        ;
;  LEDG[2]   ; CLOCK_50   ; 4.394 ; 4.394 ; Rise       ; CLOCK_50        ;
;  LEDG[3]   ; CLOCK_50   ; 4.065 ; 4.065 ; Rise       ; CLOCK_50        ;
;  LEDG[4]   ; CLOCK_50   ; 4.008 ; 4.008 ; Rise       ; CLOCK_50        ;
;  LEDG[5]   ; CLOCK_50   ; 4.000 ; 4.000 ; Rise       ; CLOCK_50        ;
;  LEDG[6]   ; CLOCK_50   ; 3.989 ; 3.989 ; Rise       ; CLOCK_50        ;
;  LEDG[7]   ; CLOCK_50   ; 3.952 ; 3.952 ; Rise       ; CLOCK_50        ;
; LEDR[*]    ; CLOCK_50   ; 4.762 ; 4.762 ; Rise       ; CLOCK_50        ;
;  LEDR[0]   ; CLOCK_50   ; 5.392 ; 5.392 ; Rise       ; CLOCK_50        ;
;  LEDR[1]   ; CLOCK_50   ; 5.488 ; 5.488 ; Rise       ; CLOCK_50        ;
;  LEDR[2]   ; CLOCK_50   ; 5.512 ; 5.512 ; Rise       ; CLOCK_50        ;
;  LEDR[3]   ; CLOCK_50   ; 5.012 ; 5.012 ; Rise       ; CLOCK_50        ;
;  LEDR[4]   ; CLOCK_50   ; 5.452 ; 5.452 ; Rise       ; CLOCK_50        ;
;  LEDR[5]   ; CLOCK_50   ; 5.460 ; 5.460 ; Rise       ; CLOCK_50        ;
;  LEDR[6]   ; CLOCK_50   ; 5.585 ; 5.585 ; Rise       ; CLOCK_50        ;
;  LEDR[7]   ; CLOCK_50   ; 5.371 ; 5.371 ; Rise       ; CLOCK_50        ;
;  LEDR[8]   ; CLOCK_50   ; 4.820 ; 4.820 ; Rise       ; CLOCK_50        ;
;  LEDR[9]   ; CLOCK_50   ; 4.762 ; 4.762 ; Rise       ; CLOCK_50        ;
+------------+------------+-------+-------+------------+-----------------+


+-------------------------------------------------------------------+
; Setup Transfers                                                   ;
+------------+----------+----------+----------+----------+----------+
; From Clock ; To Clock ; RR Paths ; FR Paths ; RF Paths ; FF Paths ;
+------------+----------+----------+----------+----------+----------+
; CLOCK_50   ; CLOCK_50 ; 21850989 ; 0        ; 0        ; 0        ;
+------------+----------+----------+----------+----------+----------+
Entries labeled "false path" only account for clock-to-clock false paths and not path-based false paths. As a result, actual path counts may be lower than reported.


+-------------------------------------------------------------------+
; Hold Transfers                                                    ;
+------------+----------+----------+----------+----------+----------+
; From Clock ; To Clock ; RR Paths ; FR Paths ; RF Paths ; FF Paths ;
+------------+----------+----------+----------+----------+----------+
; CLOCK_50   ; CLOCK_50 ; 21850989 ; 0        ; 0        ; 0        ;
+------------+----------+----------+----------+----------+----------+
Entries labeled "false path" only account for clock-to-clock false paths and not path-based false paths. As a result, actual path counts may be lower than reported.


---------------
; Report TCCS ;
---------------
No dedicated SERDES Transmitter circuitry present in device or used in design


---------------
; Report RSKM ;
---------------
No dedicated SERDES Receiver circuitry present in device or used in design


+------------------------------------------------+
; Unconstrained Paths                            ;
+---------------------------------+-------+------+
; Property                        ; Setup ; Hold ;
+---------------------------------+-------+------+
; Illegal Clocks                  ; 0     ; 0    ;
; Unconstrained Clocks            ; 0     ; 0    ;
; Unconstrained Input Ports       ; 5     ; 5    ;
; Unconstrained Input Port Paths  ; 975   ; 975  ;
; Unconstrained Output Ports      ; 71    ; 71   ;
; Unconstrained Output Port Paths ; 610   ; 610  ;
+---------------------------------+-------+------+


+------------------------------------+
; TimeQuest Timing Analyzer Messages ;
+------------------------------------+
Info: *******************************************************************
Info: Running Quartus II 64-Bit TimeQuest Timing Analyzer
    Info: Version 13.0.1 Build 232 06/12/2013 Service Pack 1 SJ Web Edition
    Info: Processing started: Fri Dec 26 17:23:50 2025
Info: Command: quartus_sta keypad_freq_sel_module -c keypad_freq_sel_module
Info: qsta_default_script.tcl version: #1
Warning (20028): Parallel compilation is not licensed and has been disabled
Info (21077): Low junction temperature is 0 degrees C
Info (21077): High junction temperature is 85 degrees C
Critical Warning (332012): Synopsys Design Constraints File file not found: 'keypad_freq_sel_module.sdc'. A Synopsys Design Constraints File is required by the TimeQuest Timing Analyzer to get proper timing constraints. Without it, the Compiler will not properly optimize the design.
Info (332142): No user constrained base clocks found in the design. Calling "derive_clocks -period 1.0"
Info (332105): Deriving Clocks
    Info (332105): create_clock -period 1.000 -name CLOCK_50 CLOCK_50
Info: Found TIMEQUEST_REPORT_SCRIPT_INCLUDE_DEFAULT_ANALYSIS = ON
Info: Analyzing Slow Model
Critical Warning (332148): Timing requirements not met
Info (332146): Worst-case setup slack is -11.515
    Info (332119):     Slack End Point TNS Clock 
    Info (332119): ========= ============= =====================
    Info (332119):   -11.515     -5696.762 CLOCK_50 
Info (332146): Worst-case hold slack is 0.391
    Info (332119):     Slack End Point TNS Clock 
    Info (332119): ========= ============= =====================
    Info (332119):     0.391         0.000 CLOCK_50 
Info (332140): No Recovery paths to report
Info (332140): No Removal paths to report
Info (332146): Worst-case minimum pulse width slack is -1.423
    Info (332119):     Slack End Point TNS Clock 
    Info (332119): ========= ============= =====================
    Info (332119):    -1.423     -1827.078 CLOCK_50 
Info (332001): The selected device family is not supported by the report_metastability command.
Info: Analyzing Fast Model
Critical Warning (332148): Timing requirements not met
Info (332146): Worst-case setup slack is -4.380
    Info (332119):     Slack End Point TNS Clock 
    Info (332119): ========= ============= =====================
    Info (332119):    -4.380     -1981.218 CLOCK_50 
Info (332146): Worst-case hold slack is 0.215
    Info (332119):     Slack End Point TNS Clock 
    Info (332119): ========= ============= =====================
    Info (332119):     0.215         0.000 CLOCK_50 
Info (332140): No Recovery paths to report
Info (332140): No Removal paths to report
Info (332146): Worst-case minimum pulse width slack is -1.519
    Info (332119):     Slack End Point TNS Clock 
    Info (332119): ========= ============= =====================
    Info (332119):    -1.519     -1915.974 CLOCK_50 
Info (332001): The selected device family is not supported by the report_metastability command.
Info (332102): Design is not fully constrained for setup requirements
Info (332102): Design is not fully constrained for hold requirements
Info: Quartus II 64-Bit TimeQuest Timing Analyzer was successful. 0 errors, 4 warnings
    Info: Peak virtual memory: 4589 megabytes
    Info: Processing ended: Fri Dec 26 17:23:51 2025
    Info: Elapsed time: 00:00:01
    Info: Total CPU time (on all processors): 00:00:01


