TimeQuest Timing Analyzer report for main_function_generator
Wed Dec 24 18:26:28 2025
Quartus II 64-Bit Version 13.0.1 Build 232 06/12/2013 Service Pack 1 SJ Web Edition


---------------------
; Table of Contents ;
---------------------
  1. Legal Notice
  2. TimeQuest Timing Analyzer Summary
  3. Parallel Compilation
  4. SDC File List
  5. Clocks
  6. Slow Model Fmax Summary
  7. Slow Model Setup Summary
  8. Slow Model Hold Summary
  9. Slow Model Recovery Summary
 10. Slow Model Removal Summary
 11. Slow Model Minimum Pulse Width Summary
 12. Slow Model Setup: 'inst_pll|altpll_component|pll|clk[0]'
 13. Slow Model Setup: 'ddfs:inst_ddfs_mod|freq_divider_DDFS:f_div_inst|count[19]'
 14. Slow Model Hold: 'inst_pll|altpll_component|pll|clk[0]'
 15. Slow Model Hold: 'ddfs:inst_ddfs_mod|freq_divider_DDFS:f_div_inst|count[19]'
 16. Slow Model Minimum Pulse Width: 'inst_pll|altpll_component|pll|clk[0]'
 17. Slow Model Minimum Pulse Width: 'CLOCK_50'
 18. Slow Model Minimum Pulse Width: 'ddfs:inst_ddfs_mod|freq_divider_DDFS:f_div_inst|count[19]'
 19. Clock to Output Times
 20. Minimum Clock to Output Times
 21. Fast Model Setup Summary
 22. Fast Model Hold Summary
 23. Fast Model Recovery Summary
 24. Fast Model Removal Summary
 25. Fast Model Minimum Pulse Width Summary
 26. Fast Model Setup: 'inst_pll|altpll_component|pll|clk[0]'
 27. Fast Model Setup: 'ddfs:inst_ddfs_mod|freq_divider_DDFS:f_div_inst|count[19]'
 28. Fast Model Hold: 'inst_pll|altpll_component|pll|clk[0]'
 29. Fast Model Hold: 'ddfs:inst_ddfs_mod|freq_divider_DDFS:f_div_inst|count[19]'
 30. Fast Model Minimum Pulse Width: 'inst_pll|altpll_component|pll|clk[0]'
 31. Fast Model Minimum Pulse Width: 'CLOCK_50'
 32. Fast Model Minimum Pulse Width: 'ddfs:inst_ddfs_mod|freq_divider_DDFS:f_div_inst|count[19]'
 33. Clock to Output Times
 34. Minimum Clock to Output Times
 35. Multicorner Timing Analysis Summary
 36. Clock to Output Times
 37. Minimum Clock to Output Times
 38. Setup Transfers
 39. Hold Transfers
 40. Recovery Transfers
 41. Removal Transfers
 42. Report TCCS
 43. Report RSKM
 44. Unconstrained Paths
 45. TimeQuest Timing Analyzer Messages



----------------
; Legal Notice ;
----------------
Copyright (C) 1991-2013 Altera Corporation
Your use of Altera Corporation's design tools, logic functions 
and other software and tools, and its AMPP partner logic 
functions, and any output files from any of the foregoing 
(including device programming or simulation files), and any 
associated documentation or information are expressly subject 
to the terms and conditions of the Altera Program License 
Subscription Agreement, Altera MegaCore Function License 
Agreement, or other applicable license agreement, including, 
without limitation, that your use is for the sole purpose of 
programming logic devices manufactured by Altera and sold by 
Altera or its authorized distributors.  Please refer to the 
applicable agreement for further details.



+----------------------------------------------------------------------------------------+
; TimeQuest Timing Analyzer Summary                                                      ;
+--------------------+-------------------------------------------------------------------+
; Quartus II Version ; Version 13.0.1 Build 232 06/12/2013 Service Pack 1 SJ Web Edition ;
; Revision Name      ; main_function_generator                                           ;
; Device Family      ; Cyclone II                                                        ;
; Device Name        ; EP2C35F672C6                                                      ;
; Timing Models      ; Final                                                             ;
; Delay Model        ; Combined                                                          ;
; Rise/Fall Delays   ; Unavailable                                                       ;
+--------------------+-------------------------------------------------------------------+


Parallel compilation was disabled, but you have multiple processors available. Enable parallel compilation to reduce compilation time.
+-------------------------------------+
; Parallel Compilation                ;
+----------------------------+--------+
; Processors                 ; Number ;
+----------------------------+--------+
; Number detected on machine ; 12     ;
; Maximum allowed            ; 1      ;
+----------------------------+--------+


+---------------------------------------------------------------------+
; SDC File List                                                       ;
+---------------------------------+--------+--------------------------+
; SDC File Path                   ; Status ; Read at                  ;
+---------------------------------+--------+--------------------------+
; main_function_generator.out.sdc ; OK     ; Wed Dec 24 18:26:28 2025 ;
+---------------------------------+--------+--------------------------+


+-----------------------------------------------------------------------------------------------------------------------------------------------------------------------------------------------------------------------------------------------------------------------------------------------------------------------------+
; Clocks                                                                                                                                                                                                                                                                                                                      ;
+-----------------------------------------------------------+-----------+--------+-----------+-------+--------+------------+-----------+-------------+-------+--------+-----------+------------+----------+----------+----------------------------------------+---------------------------------------------------------------+
; Clock Name                                                ; Type      ; Period ; Frequency ; Rise  ; Fall   ; Duty Cycle ; Divide by ; Multiply by ; Phase ; Offset ; Edge List ; Edge Shift ; Inverted ; Master   ; Source                                 ; Targets                                                       ;
+-----------------------------------------------------------+-----------+--------+-----------+-------+--------+------------+-----------+-------------+-------+--------+-----------+------------+----------+----------+----------------------------------------+---------------------------------------------------------------+
; CLOCK_50                                                  ; Base      ; 20.000 ; 50.0 MHz  ; 0.000 ; 10.000 ;            ;           ;             ;       ;        ;           ;            ;          ;          ;                                        ; { CLOCK_50 }                                                  ;
; ddfs:inst_ddfs_mod|freq_divider_DDFS:f_div_inst|count[19] ; Base      ; 30.000 ; 33.33 MHz ; 0.000 ; 15.000 ;            ;           ;             ;       ;        ;           ;            ;          ;          ;                                        ; { ddfs:inst_ddfs_mod|freq_divider_DDFS:f_div_inst|count[19] } ;
; inst_pll|altpll_component|pll|clk[0]                      ; Generated ; 14.285 ; 70.0 MHz  ; 0.000 ; 7.142  ; 50.00      ; 5         ; 7           ;       ;        ;           ;            ; false    ; CLOCK_50 ; inst_pll|altpll_component|pll|inclk[0] ; { inst_pll|altpll_component|pll|clk[0] }                      ;
+-----------------------------------------------------------+-----------+--------+-----------+-------+--------+------------+-----------+-------------+-------+--------+-----------+------------+----------+----------+----------------------------------------+---------------------------------------------------------------+


+------------------------------------------------------------------------------------------------+
; Slow Model Fmax Summary                                                                        ;
+-----------+-----------------+-----------------------------------------------------------+------+
; Fmax      ; Restricted Fmax ; Clock Name                                                ; Note ;
+-----------+-----------------+-----------------------------------------------------------+------+
; 60.15 MHz ; 60.15 MHz       ; ddfs:inst_ddfs_mod|freq_divider_DDFS:f_div_inst|count[19] ;      ;
; 79.13 MHz ; 79.13 MHz       ; inst_pll|altpll_component|pll|clk[0]                      ;      ;
+-----------+-----------------+-----------------------------------------------------------+------+
This panel reports FMAX for every clock in the design, regardless of the user-specified clock periods.  FMAX is only computed for paths where the source and destination registers or ports are driven by the same clock.  Paths of different clocks, including generated clocks, are ignored.  For paths between a clock and its inversion, FMAX is computed as if the rising and falling edges are scaled along with FMAX, such that the duty cycle (in terms of a percentage) is maintained. Altera recommends that you always use clock constraints and other slack reports for sign-off analysis.


+-----------------------------------------------------------------------------------+
; Slow Model Setup Summary                                                          ;
+-----------------------------------------------------------+-------+---------------+
; Clock                                                     ; Slack ; End Point TNS ;
+-----------------------------------------------------------+-------+---------------+
; inst_pll|altpll_component|pll|clk[0]                      ; 1.648 ; 0.000         ;
; ddfs:inst_ddfs_mod|freq_divider_DDFS:f_div_inst|count[19] ; 8.224 ; 0.000         ;
+-----------------------------------------------------------+-------+---------------+


+-----------------------------------------------------------------------------------+
; Slow Model Hold Summary                                                           ;
+-----------------------------------------------------------+-------+---------------+
; Clock                                                     ; Slack ; End Point TNS ;
+-----------------------------------------------------------+-------+---------------+
; inst_pll|altpll_component|pll|clk[0]                      ; 0.391 ; 0.000         ;
; ddfs:inst_ddfs_mod|freq_divider_DDFS:f_div_inst|count[19] ; 0.585 ; 0.000         ;
+-----------------------------------------------------------+-------+---------------+


-------------------------------
; Slow Model Recovery Summary ;
-------------------------------
No paths to report.


------------------------------
; Slow Model Removal Summary ;
------------------------------
No paths to report.


+------------------------------------------------------------------------------------+
; Slow Model Minimum Pulse Width Summary                                             ;
+-----------------------------------------------------------+--------+---------------+
; Clock                                                     ; Slack  ; End Point TNS ;
+-----------------------------------------------------------+--------+---------------+
; inst_pll|altpll_component|pll|clk[0]                      ; 5.219  ; 0.000         ;
; CLOCK_50                                                  ; 10.000 ; 0.000         ;
; ddfs:inst_ddfs_mod|freq_divider_DDFS:f_div_inst|count[19] ; 13.077 ; 0.000         ;
+-----------------------------------------------------------+--------+---------------+


+-------------------------------------------------------------------------------------------------------------------------------------------------------------------------------------------------------------------------------------------------+
; Slow Model Setup: 'inst_pll|altpll_component|pll|clk[0]'                                                                                                                                                                                        ;
+-------+------------------------------------------------------+-----------------------------------------------------------+--------------------------------------+--------------------------------------+--------------+------------+------------+
; Slack ; From Node                                            ; To Node                                                   ; Launch Clock                         ; Latch Clock                          ; Relationship ; Clock Skew ; Data Delay ;
+-------+------------------------------------------------------+-----------------------------------------------------------+--------------------------------------+--------------------------------------+--------------+------------+------------+
; 1.648 ; keypad_freq_sel_module:inst_keypad_mod|freq_sync[9]  ; ddfs:inst_ddfs_mod|freq_divider_DDFS:f_div_inst|count[0]  ; inst_pll|altpll_component|pll|clk[0] ; inst_pll|altpll_component|pll|clk[0] ; 14.285       ; -0.001     ; 12.672     ;
; 1.648 ; keypad_freq_sel_module:inst_keypad_mod|freq_sync[9]  ; ddfs:inst_ddfs_mod|freq_divider_DDFS:f_div_inst|count[1]  ; inst_pll|altpll_component|pll|clk[0] ; inst_pll|altpll_component|pll|clk[0] ; 14.285       ; -0.001     ; 12.672     ;
; 1.648 ; keypad_freq_sel_module:inst_keypad_mod|freq_sync[9]  ; ddfs:inst_ddfs_mod|freq_divider_DDFS:f_div_inst|count[2]  ; inst_pll|altpll_component|pll|clk[0] ; inst_pll|altpll_component|pll|clk[0] ; 14.285       ; -0.001     ; 12.672     ;
; 1.649 ; keypad_freq_sel_module:inst_keypad_mod|freq_sync[9]  ; ddfs:inst_ddfs_mod|freq_divider_DDFS:f_div_inst|count[8]  ; inst_pll|altpll_component|pll|clk[0] ; inst_pll|altpll_component|pll|clk[0] ; 14.285       ; -0.001     ; 12.671     ;
; 1.649 ; inst_dff_3                                           ; ddfs:inst_ddfs_mod|freq_divider_DDFS:f_div_inst|count[0]  ; inst_pll|altpll_component|pll|clk[0] ; inst_pll|altpll_component|pll|clk[0] ; 14.285       ; -0.001     ; 12.671     ;
; 1.649 ; inst_dff_3                                           ; ddfs:inst_ddfs_mod|freq_divider_DDFS:f_div_inst|count[1]  ; inst_pll|altpll_component|pll|clk[0] ; inst_pll|altpll_component|pll|clk[0] ; 14.285       ; -0.001     ; 12.671     ;
; 1.649 ; inst_dff_3                                           ; ddfs:inst_ddfs_mod|freq_divider_DDFS:f_div_inst|count[2]  ; inst_pll|altpll_component|pll|clk[0] ; inst_pll|altpll_component|pll|clk[0] ; 14.285       ; -0.001     ; 12.671     ;
; 1.650 ; inst_dff_3                                           ; ddfs:inst_ddfs_mod|freq_divider_DDFS:f_div_inst|count[8]  ; inst_pll|altpll_component|pll|clk[0] ; inst_pll|altpll_component|pll|clk[0] ; 14.285       ; -0.001     ; 12.670     ;
; 1.724 ; keypad_freq_sel_module:inst_keypad_mod|freq_sync[8]  ; ddfs:inst_ddfs_mod|freq_divider_DDFS:f_div_inst|count[0]  ; inst_pll|altpll_component|pll|clk[0] ; inst_pll|altpll_component|pll|clk[0] ; 14.285       ; -0.001     ; 12.596     ;
; 1.724 ; keypad_freq_sel_module:inst_keypad_mod|freq_sync[8]  ; ddfs:inst_ddfs_mod|freq_divider_DDFS:f_div_inst|count[1]  ; inst_pll|altpll_component|pll|clk[0] ; inst_pll|altpll_component|pll|clk[0] ; 14.285       ; -0.001     ; 12.596     ;
; 1.724 ; keypad_freq_sel_module:inst_keypad_mod|freq_sync[8]  ; ddfs:inst_ddfs_mod|freq_divider_DDFS:f_div_inst|count[2]  ; inst_pll|altpll_component|pll|clk[0] ; inst_pll|altpll_component|pll|clk[0] ; 14.285       ; -0.001     ; 12.596     ;
; 1.725 ; keypad_freq_sel_module:inst_keypad_mod|freq_sync[8]  ; ddfs:inst_ddfs_mod|freq_divider_DDFS:f_div_inst|count[8]  ; inst_pll|altpll_component|pll|clk[0] ; inst_pll|altpll_component|pll|clk[0] ; 14.285       ; -0.001     ; 12.595     ;
; 1.925 ; inst_dff_4                                           ; ddfs:inst_ddfs_mod|freq_divider_DDFS:f_div_inst|count[0]  ; inst_pll|altpll_component|pll|clk[0] ; inst_pll|altpll_component|pll|clk[0] ; 14.285       ; -0.001     ; 12.395     ;
; 1.925 ; inst_dff_4                                           ; ddfs:inst_ddfs_mod|freq_divider_DDFS:f_div_inst|count[1]  ; inst_pll|altpll_component|pll|clk[0] ; inst_pll|altpll_component|pll|clk[0] ; 14.285       ; -0.001     ; 12.395     ;
; 1.925 ; inst_dff_4                                           ; ddfs:inst_ddfs_mod|freq_divider_DDFS:f_div_inst|count[2]  ; inst_pll|altpll_component|pll|clk[0] ; inst_pll|altpll_component|pll|clk[0] ; 14.285       ; -0.001     ; 12.395     ;
; 1.926 ; inst_dff_4                                           ; ddfs:inst_ddfs_mod|freq_divider_DDFS:f_div_inst|count[8]  ; inst_pll|altpll_component|pll|clk[0] ; inst_pll|altpll_component|pll|clk[0] ; 14.285       ; -0.001     ; 12.394     ;
; 1.950 ; keypad_freq_sel_module:inst_keypad_mod|freq_sync[7]  ; ddfs:inst_ddfs_mod|freq_divider_DDFS:f_div_inst|count[0]  ; inst_pll|altpll_component|pll|clk[0] ; inst_pll|altpll_component|pll|clk[0] ; 14.285       ; -0.001     ; 12.370     ;
; 1.950 ; keypad_freq_sel_module:inst_keypad_mod|freq_sync[7]  ; ddfs:inst_ddfs_mod|freq_divider_DDFS:f_div_inst|count[1]  ; inst_pll|altpll_component|pll|clk[0] ; inst_pll|altpll_component|pll|clk[0] ; 14.285       ; -0.001     ; 12.370     ;
; 1.950 ; keypad_freq_sel_module:inst_keypad_mod|freq_sync[7]  ; ddfs:inst_ddfs_mod|freq_divider_DDFS:f_div_inst|count[2]  ; inst_pll|altpll_component|pll|clk[0] ; inst_pll|altpll_component|pll|clk[0] ; 14.285       ; -0.001     ; 12.370     ;
; 1.951 ; keypad_freq_sel_module:inst_keypad_mod|freq_sync[7]  ; ddfs:inst_ddfs_mod|freq_divider_DDFS:f_div_inst|count[8]  ; inst_pll|altpll_component|pll|clk[0] ; inst_pll|altpll_component|pll|clk[0] ; 14.285       ; -0.001     ; 12.369     ;
; 2.039 ; keypad_freq_sel_module:inst_keypad_mod|freq_sync[4]  ; ddfs:inst_ddfs_mod|freq_divider_DDFS:f_div_inst|count[0]  ; inst_pll|altpll_component|pll|clk[0] ; inst_pll|altpll_component|pll|clk[0] ; 14.285       ; -0.001     ; 12.281     ;
; 2.039 ; keypad_freq_sel_module:inst_keypad_mod|freq_sync[4]  ; ddfs:inst_ddfs_mod|freq_divider_DDFS:f_div_inst|count[1]  ; inst_pll|altpll_component|pll|clk[0] ; inst_pll|altpll_component|pll|clk[0] ; 14.285       ; -0.001     ; 12.281     ;
; 2.039 ; keypad_freq_sel_module:inst_keypad_mod|freq_sync[4]  ; ddfs:inst_ddfs_mod|freq_divider_DDFS:f_div_inst|count[2]  ; inst_pll|altpll_component|pll|clk[0] ; inst_pll|altpll_component|pll|clk[0] ; 14.285       ; -0.001     ; 12.281     ;
; 2.040 ; keypad_freq_sel_module:inst_keypad_mod|freq_sync[4]  ; ddfs:inst_ddfs_mod|freq_divider_DDFS:f_div_inst|count[8]  ; inst_pll|altpll_component|pll|clk[0] ; inst_pll|altpll_component|pll|clk[0] ; 14.285       ; -0.001     ; 12.280     ;
; 2.042 ; keypad_freq_sel_module:inst_keypad_mod|freq_sync[6]  ; ddfs:inst_ddfs_mod|freq_divider_DDFS:f_div_inst|count[0]  ; inst_pll|altpll_component|pll|clk[0] ; inst_pll|altpll_component|pll|clk[0] ; 14.285       ; -0.001     ; 12.278     ;
; 2.042 ; keypad_freq_sel_module:inst_keypad_mod|freq_sync[6]  ; ddfs:inst_ddfs_mod|freq_divider_DDFS:f_div_inst|count[1]  ; inst_pll|altpll_component|pll|clk[0] ; inst_pll|altpll_component|pll|clk[0] ; 14.285       ; -0.001     ; 12.278     ;
; 2.042 ; keypad_freq_sel_module:inst_keypad_mod|freq_sync[6]  ; ddfs:inst_ddfs_mod|freq_divider_DDFS:f_div_inst|count[2]  ; inst_pll|altpll_component|pll|clk[0] ; inst_pll|altpll_component|pll|clk[0] ; 14.285       ; -0.001     ; 12.278     ;
; 2.043 ; keypad_freq_sel_module:inst_keypad_mod|freq_sync[6]  ; ddfs:inst_ddfs_mod|freq_divider_DDFS:f_div_inst|count[8]  ; inst_pll|altpll_component|pll|clk[0] ; inst_pll|altpll_component|pll|clk[0] ; 14.285       ; -0.001     ; 12.277     ;
; 2.063 ; keypad_freq_sel_module:inst_keypad_mod|freq_sync[9]  ; ddfs:inst_ddfs_mod|freq_divider_DDFS:f_div_inst|count[4]  ; inst_pll|altpll_component|pll|clk[0] ; inst_pll|altpll_component|pll|clk[0] ; 14.285       ; -0.001     ; 12.257     ;
; 2.064 ; inst_dff_3                                           ; ddfs:inst_ddfs_mod|freq_divider_DDFS:f_div_inst|count[4]  ; inst_pll|altpll_component|pll|clk[0] ; inst_pll|altpll_component|pll|clk[0] ; 14.285       ; -0.001     ; 12.256     ;
; 2.079 ; keypad_freq_sel_module:inst_keypad_mod|freq_sync[9]  ; ddfs:inst_ddfs_mod|freq_divider_DDFS:f_div_inst|count[6]  ; inst_pll|altpll_component|pll|clk[0] ; inst_pll|altpll_component|pll|clk[0] ; 14.285       ; -0.002     ; 12.240     ;
; 2.080 ; inst_dff_3                                           ; ddfs:inst_ddfs_mod|freq_divider_DDFS:f_div_inst|count[6]  ; inst_pll|altpll_component|pll|clk[0] ; inst_pll|altpll_component|pll|clk[0] ; 14.285       ; -0.002     ; 12.239     ;
; 2.128 ; keypad_freq_sel_module:inst_keypad_mod|BCD_4[0]      ; keypad_freq_sel_module:inst_keypad_mod|freq_sync[22]      ; inst_pll|altpll_component|pll|clk[0] ; inst_pll|altpll_component|pll|clk[0] ; 14.285       ; -0.023     ; 12.170     ;
; 2.133 ; keypad_freq_sel_module:inst_keypad_mod|freq_sync[9]  ; ddfs:inst_ddfs_mod|freq_divider_DDFS:f_div_inst|count[3]  ; inst_pll|altpll_component|pll|clk[0] ; inst_pll|altpll_component|pll|clk[0] ; 14.285       ; -0.010     ; 12.178     ;
; 2.134 ; keypad_freq_sel_module:inst_keypad_mod|freq_sync[9]  ; ddfs:inst_ddfs_mod|freq_divider_DDFS:f_div_inst|count[14] ; inst_pll|altpll_component|pll|clk[0] ; inst_pll|altpll_component|pll|clk[0] ; 14.285       ; -0.010     ; 12.177     ;
; 2.134 ; inst_dff_3                                           ; ddfs:inst_ddfs_mod|freq_divider_DDFS:f_div_inst|count[3]  ; inst_pll|altpll_component|pll|clk[0] ; inst_pll|altpll_component|pll|clk[0] ; 14.285       ; -0.010     ; 12.177     ;
; 2.135 ; inst_dff_3                                           ; ddfs:inst_ddfs_mod|freq_divider_DDFS:f_div_inst|count[14] ; inst_pll|altpll_component|pll|clk[0] ; inst_pll|altpll_component|pll|clk[0] ; 14.285       ; -0.010     ; 12.176     ;
; 2.139 ; keypad_freq_sel_module:inst_keypad_mod|freq_sync[8]  ; ddfs:inst_ddfs_mod|freq_divider_DDFS:f_div_inst|count[4]  ; inst_pll|altpll_component|pll|clk[0] ; inst_pll|altpll_component|pll|clk[0] ; 14.285       ; -0.001     ; 12.181     ;
; 2.155 ; keypad_freq_sel_module:inst_keypad_mod|freq_sync[8]  ; ddfs:inst_ddfs_mod|freq_divider_DDFS:f_div_inst|count[6]  ; inst_pll|altpll_component|pll|clk[0] ; inst_pll|altpll_component|pll|clk[0] ; 14.285       ; -0.002     ; 12.164     ;
; 2.159 ; keypad_freq_sel_module:inst_keypad_mod|BCD_4[1]      ; keypad_freq_sel_module:inst_keypad_mod|freq_sync[22]      ; inst_pll|altpll_component|pll|clk[0] ; inst_pll|altpll_component|pll|clk[0] ; 14.285       ; -0.023     ; 12.139     ;
; 2.168 ; keypad_freq_sel_module:inst_keypad_mod|freq_sync[10] ; ddfs:inst_ddfs_mod|freq_divider_DDFS:f_div_inst|count[0]  ; inst_pll|altpll_component|pll|clk[0] ; inst_pll|altpll_component|pll|clk[0] ; 14.285       ; -0.001     ; 12.152     ;
; 2.168 ; keypad_freq_sel_module:inst_keypad_mod|freq_sync[10] ; ddfs:inst_ddfs_mod|freq_divider_DDFS:f_div_inst|count[1]  ; inst_pll|altpll_component|pll|clk[0] ; inst_pll|altpll_component|pll|clk[0] ; 14.285       ; -0.001     ; 12.152     ;
; 2.168 ; keypad_freq_sel_module:inst_keypad_mod|freq_sync[10] ; ddfs:inst_ddfs_mod|freq_divider_DDFS:f_div_inst|count[2]  ; inst_pll|altpll_component|pll|clk[0] ; inst_pll|altpll_component|pll|clk[0] ; 14.285       ; -0.001     ; 12.152     ;
; 2.169 ; keypad_freq_sel_module:inst_keypad_mod|freq_sync[10] ; ddfs:inst_ddfs_mod|freq_divider_DDFS:f_div_inst|count[8]  ; inst_pll|altpll_component|pll|clk[0] ; inst_pll|altpll_component|pll|clk[0] ; 14.285       ; -0.001     ; 12.151     ;
; 2.209 ; keypad_freq_sel_module:inst_keypad_mod|freq_sync[8]  ; ddfs:inst_ddfs_mod|freq_divider_DDFS:f_div_inst|count[3]  ; inst_pll|altpll_component|pll|clk[0] ; inst_pll|altpll_component|pll|clk[0] ; 14.285       ; -0.010     ; 12.102     ;
; 2.210 ; keypad_freq_sel_module:inst_keypad_mod|freq_sync[8]  ; ddfs:inst_ddfs_mod|freq_divider_DDFS:f_div_inst|count[14] ; inst_pll|altpll_component|pll|clk[0] ; inst_pll|altpll_component|pll|clk[0] ; 14.285       ; -0.010     ; 12.101     ;
; 2.231 ; keypad_freq_sel_module:inst_keypad_mod|freq_sync[2]  ; ddfs:inst_ddfs_mod|freq_divider_DDFS:f_div_inst|count[0]  ; inst_pll|altpll_component|pll|clk[0] ; inst_pll|altpll_component|pll|clk[0] ; 14.285       ; -0.001     ; 12.089     ;
; 2.231 ; keypad_freq_sel_module:inst_keypad_mod|freq_sync[2]  ; ddfs:inst_ddfs_mod|freq_divider_DDFS:f_div_inst|count[1]  ; inst_pll|altpll_component|pll|clk[0] ; inst_pll|altpll_component|pll|clk[0] ; 14.285       ; -0.001     ; 12.089     ;
; 2.231 ; keypad_freq_sel_module:inst_keypad_mod|freq_sync[2]  ; ddfs:inst_ddfs_mod|freq_divider_DDFS:f_div_inst|count[2]  ; inst_pll|altpll_component|pll|clk[0] ; inst_pll|altpll_component|pll|clk[0] ; 14.285       ; -0.001     ; 12.089     ;
; 2.232 ; keypad_freq_sel_module:inst_keypad_mod|freq_sync[2]  ; ddfs:inst_ddfs_mod|freq_divider_DDFS:f_div_inst|count[8]  ; inst_pll|altpll_component|pll|clk[0] ; inst_pll|altpll_component|pll|clk[0] ; 14.285       ; -0.001     ; 12.088     ;
; 2.287 ; keypad_freq_sel_module:inst_keypad_mod|BCD_4[0]      ; keypad_freq_sel_module:inst_keypad_mod|freq_sync[21]      ; inst_pll|altpll_component|pll|clk[0] ; inst_pll|altpll_component|pll|clk[0] ; 14.285       ; -0.023     ; 12.011     ;
; 2.288 ; keypad_freq_sel_module:inst_keypad_mod|freq_sync[5]  ; ddfs:inst_ddfs_mod|freq_divider_DDFS:f_div_inst|count[0]  ; inst_pll|altpll_component|pll|clk[0] ; inst_pll|altpll_component|pll|clk[0] ; 14.285       ; -0.001     ; 12.032     ;
; 2.288 ; keypad_freq_sel_module:inst_keypad_mod|freq_sync[5]  ; ddfs:inst_ddfs_mod|freq_divider_DDFS:f_div_inst|count[1]  ; inst_pll|altpll_component|pll|clk[0] ; inst_pll|altpll_component|pll|clk[0] ; 14.285       ; -0.001     ; 12.032     ;
; 2.288 ; keypad_freq_sel_module:inst_keypad_mod|freq_sync[5]  ; ddfs:inst_ddfs_mod|freq_divider_DDFS:f_div_inst|count[2]  ; inst_pll|altpll_component|pll|clk[0] ; inst_pll|altpll_component|pll|clk[0] ; 14.285       ; -0.001     ; 12.032     ;
; 2.289 ; keypad_freq_sel_module:inst_keypad_mod|freq_sync[5]  ; ddfs:inst_ddfs_mod|freq_divider_DDFS:f_div_inst|count[8]  ; inst_pll|altpll_component|pll|clk[0] ; inst_pll|altpll_component|pll|clk[0] ; 14.285       ; -0.001     ; 12.031     ;
; 2.296 ; keypad_freq_sel_module:inst_keypad_mod|freq_sync[9]  ; ddfs:inst_ddfs_mod|freq_divider_DDFS:f_div_inst|count[17] ; inst_pll|altpll_component|pll|clk[0] ; inst_pll|altpll_component|pll|clk[0] ; 14.285       ; -0.012     ; 12.013     ;
; 2.297 ; keypad_freq_sel_module:inst_keypad_mod|freq_sync[9]  ; ddfs:inst_ddfs_mod|freq_divider_DDFS:f_div_inst|count[16] ; inst_pll|altpll_component|pll|clk[0] ; inst_pll|altpll_component|pll|clk[0] ; 14.285       ; -0.012     ; 12.012     ;
; 2.297 ; inst_dff_3                                           ; ddfs:inst_ddfs_mod|freq_divider_DDFS:f_div_inst|count[17] ; inst_pll|altpll_component|pll|clk[0] ; inst_pll|altpll_component|pll|clk[0] ; 14.285       ; -0.012     ; 12.012     ;
; 2.298 ; keypad_freq_sel_module:inst_keypad_mod|freq_sync[9]  ; ddfs:inst_ddfs_mod|freq_divider_DDFS:f_div_inst|count[13] ; inst_pll|altpll_component|pll|clk[0] ; inst_pll|altpll_component|pll|clk[0] ; 14.285       ; -0.012     ; 12.011     ;
; 2.298 ; inst_dff_3                                           ; ddfs:inst_ddfs_mod|freq_divider_DDFS:f_div_inst|count[16] ; inst_pll|altpll_component|pll|clk[0] ; inst_pll|altpll_component|pll|clk[0] ; 14.285       ; -0.012     ; 12.011     ;
; 2.299 ; keypad_freq_sel_module:inst_keypad_mod|freq_sync[9]  ; ddfs:inst_ddfs_mod|freq_divider_DDFS:f_div_inst|count[18] ; inst_pll|altpll_component|pll|clk[0] ; inst_pll|altpll_component|pll|clk[0] ; 14.285       ; -0.012     ; 12.010     ;
; 2.299 ; inst_dff_3                                           ; ddfs:inst_ddfs_mod|freq_divider_DDFS:f_div_inst|count[13] ; inst_pll|altpll_component|pll|clk[0] ; inst_pll|altpll_component|pll|clk[0] ; 14.285       ; -0.012     ; 12.010     ;
; 2.300 ; keypad_freq_sel_module:inst_keypad_mod|freq_sync[9]  ; ddfs:inst_ddfs_mod|freq_divider_DDFS:f_div_inst|count[5]  ; inst_pll|altpll_component|pll|clk[0] ; inst_pll|altpll_component|pll|clk[0] ; 14.285       ; -0.012     ; 12.009     ;
; 2.300 ; keypad_freq_sel_module:inst_keypad_mod|freq_sync[9]  ; ddfs:inst_ddfs_mod|freq_divider_DDFS:f_div_inst|count[9]  ; inst_pll|altpll_component|pll|clk[0] ; inst_pll|altpll_component|pll|clk[0] ; 14.285       ; -0.012     ; 12.009     ;
; 2.300 ; inst_dff_3                                           ; ddfs:inst_ddfs_mod|freq_divider_DDFS:f_div_inst|count[18] ; inst_pll|altpll_component|pll|clk[0] ; inst_pll|altpll_component|pll|clk[0] ; 14.285       ; -0.012     ; 12.009     ;
; 2.301 ; inst_dff_3                                           ; ddfs:inst_ddfs_mod|freq_divider_DDFS:f_div_inst|count[5]  ; inst_pll|altpll_component|pll|clk[0] ; inst_pll|altpll_component|pll|clk[0] ; 14.285       ; -0.012     ; 12.008     ;
; 2.301 ; inst_dff_3                                           ; ddfs:inst_ddfs_mod|freq_divider_DDFS:f_div_inst|count[9]  ; inst_pll|altpll_component|pll|clk[0] ; inst_pll|altpll_component|pll|clk[0] ; 14.285       ; -0.012     ; 12.008     ;
; 2.318 ; keypad_freq_sel_module:inst_keypad_mod|BCD_4[1]      ; keypad_freq_sel_module:inst_keypad_mod|freq_sync[21]      ; inst_pll|altpll_component|pll|clk[0] ; inst_pll|altpll_component|pll|clk[0] ; 14.285       ; -0.023     ; 11.980     ;
; 2.340 ; inst_dff_4                                           ; ddfs:inst_ddfs_mod|freq_divider_DDFS:f_div_inst|count[4]  ; inst_pll|altpll_component|pll|clk[0] ; inst_pll|altpll_component|pll|clk[0] ; 14.285       ; -0.001     ; 11.980     ;
; 2.356 ; inst_dff_4                                           ; ddfs:inst_ddfs_mod|freq_divider_DDFS:f_div_inst|count[6]  ; inst_pll|altpll_component|pll|clk[0] ; inst_pll|altpll_component|pll|clk[0] ; 14.285       ; -0.002     ; 11.963     ;
; 2.358 ; keypad_freq_sel_module:inst_keypad_mod|BCD_4[0]      ; keypad_freq_sel_module:inst_keypad_mod|freq_sync[20]      ; inst_pll|altpll_component|pll|clk[0] ; inst_pll|altpll_component|pll|clk[0] ; 14.285       ; -0.023     ; 11.940     ;
; 2.365 ; keypad_freq_sel_module:inst_keypad_mod|freq_sync[7]  ; ddfs:inst_ddfs_mod|freq_divider_DDFS:f_div_inst|count[4]  ; inst_pll|altpll_component|pll|clk[0] ; inst_pll|altpll_component|pll|clk[0] ; 14.285       ; -0.001     ; 11.955     ;
; 2.372 ; keypad_freq_sel_module:inst_keypad_mod|freq_sync[8]  ; ddfs:inst_ddfs_mod|freq_divider_DDFS:f_div_inst|count[17] ; inst_pll|altpll_component|pll|clk[0] ; inst_pll|altpll_component|pll|clk[0] ; 14.285       ; -0.012     ; 11.937     ;
; 2.373 ; keypad_freq_sel_module:inst_keypad_mod|freq_sync[8]  ; ddfs:inst_ddfs_mod|freq_divider_DDFS:f_div_inst|count[16] ; inst_pll|altpll_component|pll|clk[0] ; inst_pll|altpll_component|pll|clk[0] ; 14.285       ; -0.012     ; 11.936     ;
; 2.374 ; keypad_freq_sel_module:inst_keypad_mod|freq_sync[8]  ; ddfs:inst_ddfs_mod|freq_divider_DDFS:f_div_inst|count[13] ; inst_pll|altpll_component|pll|clk[0] ; inst_pll|altpll_component|pll|clk[0] ; 14.285       ; -0.012     ; 11.935     ;
; 2.375 ; keypad_freq_sel_module:inst_keypad_mod|freq_sync[8]  ; ddfs:inst_ddfs_mod|freq_divider_DDFS:f_div_inst|count[18] ; inst_pll|altpll_component|pll|clk[0] ; inst_pll|altpll_component|pll|clk[0] ; 14.285       ; -0.012     ; 11.934     ;
; 2.376 ; keypad_freq_sel_module:inst_keypad_mod|freq_sync[8]  ; ddfs:inst_ddfs_mod|freq_divider_DDFS:f_div_inst|count[5]  ; inst_pll|altpll_component|pll|clk[0] ; inst_pll|altpll_component|pll|clk[0] ; 14.285       ; -0.012     ; 11.933     ;
; 2.376 ; keypad_freq_sel_module:inst_keypad_mod|freq_sync[8]  ; ddfs:inst_ddfs_mod|freq_divider_DDFS:f_div_inst|count[9]  ; inst_pll|altpll_component|pll|clk[0] ; inst_pll|altpll_component|pll|clk[0] ; 14.285       ; -0.012     ; 11.933     ;
; 2.381 ; keypad_freq_sel_module:inst_keypad_mod|freq_sync[7]  ; ddfs:inst_ddfs_mod|freq_divider_DDFS:f_div_inst|count[6]  ; inst_pll|altpll_component|pll|clk[0] ; inst_pll|altpll_component|pll|clk[0] ; 14.285       ; -0.002     ; 11.938     ;
; 2.389 ; keypad_freq_sel_module:inst_keypad_mod|BCD_4[1]      ; keypad_freq_sel_module:inst_keypad_mod|freq_sync[20]      ; inst_pll|altpll_component|pll|clk[0] ; inst_pll|altpll_component|pll|clk[0] ; 14.285       ; -0.023     ; 11.909     ;
; 2.400 ; keypad_freq_sel_module:inst_keypad_mod|freq_sync[3]  ; ddfs:inst_ddfs_mod|freq_divider_DDFS:f_div_inst|count[0]  ; inst_pll|altpll_component|pll|clk[0] ; inst_pll|altpll_component|pll|clk[0] ; 14.285       ; -0.001     ; 11.920     ;
; 2.400 ; keypad_freq_sel_module:inst_keypad_mod|freq_sync[3]  ; ddfs:inst_ddfs_mod|freq_divider_DDFS:f_div_inst|count[1]  ; inst_pll|altpll_component|pll|clk[0] ; inst_pll|altpll_component|pll|clk[0] ; 14.285       ; -0.001     ; 11.920     ;
; 2.400 ; keypad_freq_sel_module:inst_keypad_mod|freq_sync[3]  ; ddfs:inst_ddfs_mod|freq_divider_DDFS:f_div_inst|count[2]  ; inst_pll|altpll_component|pll|clk[0] ; inst_pll|altpll_component|pll|clk[0] ; 14.285       ; -0.001     ; 11.920     ;
; 2.401 ; keypad_freq_sel_module:inst_keypad_mod|freq_sync[3]  ; ddfs:inst_ddfs_mod|freq_divider_DDFS:f_div_inst|count[8]  ; inst_pll|altpll_component|pll|clk[0] ; inst_pll|altpll_component|pll|clk[0] ; 14.285       ; -0.001     ; 11.919     ;
; 2.410 ; inst_dff_4                                           ; ddfs:inst_ddfs_mod|freq_divider_DDFS:f_div_inst|count[3]  ; inst_pll|altpll_component|pll|clk[0] ; inst_pll|altpll_component|pll|clk[0] ; 14.285       ; -0.010     ; 11.901     ;
; 2.411 ; inst_dff_4                                           ; ddfs:inst_ddfs_mod|freq_divider_DDFS:f_div_inst|count[14] ; inst_pll|altpll_component|pll|clk[0] ; inst_pll|altpll_component|pll|clk[0] ; 14.285       ; -0.010     ; 11.900     ;
; 2.429 ; keypad_freq_sel_module:inst_keypad_mod|BCD_4[0]      ; keypad_freq_sel_module:inst_keypad_mod|freq_sync[19]      ; inst_pll|altpll_component|pll|clk[0] ; inst_pll|altpll_component|pll|clk[0] ; 14.285       ; -0.023     ; 11.869     ;
; 2.435 ; keypad_freq_sel_module:inst_keypad_mod|freq_sync[7]  ; ddfs:inst_ddfs_mod|freq_divider_DDFS:f_div_inst|count[3]  ; inst_pll|altpll_component|pll|clk[0] ; inst_pll|altpll_component|pll|clk[0] ; 14.285       ; -0.010     ; 11.876     ;
; 2.436 ; keypad_freq_sel_module:inst_keypad_mod|freq_sync[7]  ; ddfs:inst_ddfs_mod|freq_divider_DDFS:f_div_inst|count[14] ; inst_pll|altpll_component|pll|clk[0] ; inst_pll|altpll_component|pll|clk[0] ; 14.285       ; -0.010     ; 11.875     ;
; 2.454 ; keypad_freq_sel_module:inst_keypad_mod|freq_sync[4]  ; ddfs:inst_ddfs_mod|freq_divider_DDFS:f_div_inst|count[4]  ; inst_pll|altpll_component|pll|clk[0] ; inst_pll|altpll_component|pll|clk[0] ; 14.285       ; -0.001     ; 11.866     ;
; 2.457 ; keypad_freq_sel_module:inst_keypad_mod|freq_sync[6]  ; ddfs:inst_ddfs_mod|freq_divider_DDFS:f_div_inst|count[4]  ; inst_pll|altpll_component|pll|clk[0] ; inst_pll|altpll_component|pll|clk[0] ; 14.285       ; -0.001     ; 11.863     ;
; 2.460 ; keypad_freq_sel_module:inst_keypad_mod|BCD_4[1]      ; keypad_freq_sel_module:inst_keypad_mod|freq_sync[19]      ; inst_pll|altpll_component|pll|clk[0] ; inst_pll|altpll_component|pll|clk[0] ; 14.285       ; -0.023     ; 11.838     ;
; 2.470 ; keypad_freq_sel_module:inst_keypad_mod|freq_sync[4]  ; ddfs:inst_ddfs_mod|freq_divider_DDFS:f_div_inst|count[6]  ; inst_pll|altpll_component|pll|clk[0] ; inst_pll|altpll_component|pll|clk[0] ; 14.285       ; -0.002     ; 11.849     ;
; 2.473 ; keypad_freq_sel_module:inst_keypad_mod|freq_sync[6]  ; ddfs:inst_ddfs_mod|freq_divider_DDFS:f_div_inst|count[6]  ; inst_pll|altpll_component|pll|clk[0] ; inst_pll|altpll_component|pll|clk[0] ; 14.285       ; -0.002     ; 11.846     ;
; 2.521 ; keypad_freq_sel_module:inst_keypad_mod|freq_sync[9]  ; ddfs:inst_ddfs_mod|freq_divider_DDFS:f_div_inst|count[7]  ; inst_pll|altpll_component|pll|clk[0] ; inst_pll|altpll_component|pll|clk[0] ; 14.285       ; -0.011     ; 11.789     ;
; 2.522 ; keypad_freq_sel_module:inst_keypad_mod|freq_sync[9]  ; ddfs:inst_ddfs_mod|freq_divider_DDFS:f_div_inst|count[11] ; inst_pll|altpll_component|pll|clk[0] ; inst_pll|altpll_component|pll|clk[0] ; 14.285       ; -0.011     ; 11.788     ;
; 2.522 ; keypad_freq_sel_module:inst_keypad_mod|freq_sync[9]  ; ddfs:inst_ddfs_mod|freq_divider_DDFS:f_div_inst|count[12] ; inst_pll|altpll_component|pll|clk[0] ; inst_pll|altpll_component|pll|clk[0] ; 14.285       ; -0.011     ; 11.788     ;
; 2.522 ; inst_dff_3                                           ; ddfs:inst_ddfs_mod|freq_divider_DDFS:f_div_inst|count[7]  ; inst_pll|altpll_component|pll|clk[0] ; inst_pll|altpll_component|pll|clk[0] ; 14.285       ; -0.011     ; 11.788     ;
; 2.523 ; inst_dff_3                                           ; ddfs:inst_ddfs_mod|freq_divider_DDFS:f_div_inst|count[11] ; inst_pll|altpll_component|pll|clk[0] ; inst_pll|altpll_component|pll|clk[0] ; 14.285       ; -0.011     ; 11.787     ;
; 2.523 ; inst_dff_3                                           ; ddfs:inst_ddfs_mod|freq_divider_DDFS:f_div_inst|count[12] ; inst_pll|altpll_component|pll|clk[0] ; inst_pll|altpll_component|pll|clk[0] ; 14.285       ; -0.011     ; 11.787     ;
+-------+------------------------------------------------------+-----------------------------------------------------------+--------------------------------------+--------------------------------------+--------------+------------+------------+


+--------------------------------------------------------------------------------------------------------------------------------------------------------------------------------------------------------------------------------------------------------------------------------------------------------------+
; Slow Model Setup: 'ddfs:inst_ddfs_mod|freq_divider_DDFS:f_div_inst|count[19]'                                                                                                                                                                                                                                ;
+--------+-------------------------------------------------------------------------------------------------------------------------+----------+-----------------------------------------------------------+-----------------------------------------------------------+--------------+------------+------------+
; Slack  ; From Node                                                                                                               ; To Node  ; Launch Clock                                              ; Latch Clock                                               ; Relationship ; Clock Skew ; Data Delay ;
+--------+-------------------------------------------------------------------------------------------------------------------------+----------+-----------------------------------------------------------+-----------------------------------------------------------+--------------+------------+------------+
; 8.224  ; ddfs:inst_ddfs_mod|freq_divider_DDFS:f_div_inst|count[19]                                                               ; VGA_CLK  ; ddfs:inst_ddfs_mod|freq_divider_DDFS:f_div_inst|count[19] ; ddfs:inst_ddfs_mod|freq_divider_DDFS:f_div_inst|count[19] ; 15.000       ; 0.000      ; 5.026      ;
; 13.375 ; ddfs:inst_ddfs_mod|sin_lut:lut_inst|altsyncram:rom_rtl_0|altsyncram_qm81:auto_generated|ram_block1a1~porta_address_reg0 ; VGA_R[9] ; ddfs:inst_ddfs_mod|freq_divider_DDFS:f_div_inst|count[19] ; ddfs:inst_ddfs_mod|freq_divider_DDFS:f_div_inst|count[19] ; 30.000       ; -3.470     ; 11.155     ;
; 13.375 ; ddfs:inst_ddfs_mod|sin_lut:lut_inst|altsyncram:rom_rtl_0|altsyncram_qm81:auto_generated|ram_block1a1~porta_address_reg1 ; VGA_R[9] ; ddfs:inst_ddfs_mod|freq_divider_DDFS:f_div_inst|count[19] ; ddfs:inst_ddfs_mod|freq_divider_DDFS:f_div_inst|count[19] ; 30.000       ; -3.470     ; 11.155     ;
; 13.375 ; ddfs:inst_ddfs_mod|sin_lut:lut_inst|altsyncram:rom_rtl_0|altsyncram_qm81:auto_generated|ram_block1a1~porta_address_reg2 ; VGA_R[9] ; ddfs:inst_ddfs_mod|freq_divider_DDFS:f_div_inst|count[19] ; ddfs:inst_ddfs_mod|freq_divider_DDFS:f_div_inst|count[19] ; 30.000       ; -3.470     ; 11.155     ;
; 13.375 ; ddfs:inst_ddfs_mod|sin_lut:lut_inst|altsyncram:rom_rtl_0|altsyncram_qm81:auto_generated|ram_block1a1~porta_address_reg3 ; VGA_R[9] ; ddfs:inst_ddfs_mod|freq_divider_DDFS:f_div_inst|count[19] ; ddfs:inst_ddfs_mod|freq_divider_DDFS:f_div_inst|count[19] ; 30.000       ; -3.470     ; 11.155     ;
; 13.375 ; ddfs:inst_ddfs_mod|sin_lut:lut_inst|altsyncram:rom_rtl_0|altsyncram_qm81:auto_generated|ram_block1a1~porta_address_reg4 ; VGA_R[9] ; ddfs:inst_ddfs_mod|freq_divider_DDFS:f_div_inst|count[19] ; ddfs:inst_ddfs_mod|freq_divider_DDFS:f_div_inst|count[19] ; 30.000       ; -3.470     ; 11.155     ;
; 13.375 ; ddfs:inst_ddfs_mod|sin_lut:lut_inst|altsyncram:rom_rtl_0|altsyncram_qm81:auto_generated|ram_block1a1~porta_address_reg5 ; VGA_R[9] ; ddfs:inst_ddfs_mod|freq_divider_DDFS:f_div_inst|count[19] ; ddfs:inst_ddfs_mod|freq_divider_DDFS:f_div_inst|count[19] ; 30.000       ; -3.470     ; 11.155     ;
; 13.375 ; ddfs:inst_ddfs_mod|sin_lut:lut_inst|altsyncram:rom_rtl_0|altsyncram_qm81:auto_generated|ram_block1a1~porta_address_reg6 ; VGA_R[9] ; ddfs:inst_ddfs_mod|freq_divider_DDFS:f_div_inst|count[19] ; ddfs:inst_ddfs_mod|freq_divider_DDFS:f_div_inst|count[19] ; 30.000       ; -3.470     ; 11.155     ;
; 13.375 ; ddfs:inst_ddfs_mod|sin_lut:lut_inst|altsyncram:rom_rtl_0|altsyncram_qm81:auto_generated|ram_block1a1~porta_address_reg7 ; VGA_R[9] ; ddfs:inst_ddfs_mod|freq_divider_DDFS:f_div_inst|count[19] ; ddfs:inst_ddfs_mod|freq_divider_DDFS:f_div_inst|count[19] ; 30.000       ; -3.470     ; 11.155     ;
; 13.375 ; ddfs:inst_ddfs_mod|sin_lut:lut_inst|altsyncram:rom_rtl_0|altsyncram_qm81:auto_generated|ram_block1a1~porta_address_reg8 ; VGA_R[9] ; ddfs:inst_ddfs_mod|freq_divider_DDFS:f_div_inst|count[19] ; ddfs:inst_ddfs_mod|freq_divider_DDFS:f_div_inst|count[19] ; 30.000       ; -3.470     ; 11.155     ;
; 13.375 ; ddfs:inst_ddfs_mod|sin_lut:lut_inst|altsyncram:rom_rtl_0|altsyncram_qm81:auto_generated|ram_block1a1~porta_address_reg9 ; VGA_R[9] ; ddfs:inst_ddfs_mod|freq_divider_DDFS:f_div_inst|count[19] ; ddfs:inst_ddfs_mod|freq_divider_DDFS:f_div_inst|count[19] ; 30.000       ; -3.470     ; 11.155     ;
; 13.535 ; ddfs:inst_ddfs_mod|sin_lut:lut_inst|altsyncram:rom_rtl_0|altsyncram_qm81:auto_generated|ram_block1a4~porta_address_reg0 ; VGA_R[9] ; ddfs:inst_ddfs_mod|freq_divider_DDFS:f_div_inst|count[19] ; ddfs:inst_ddfs_mod|freq_divider_DDFS:f_div_inst|count[19] ; 30.000       ; -3.476     ; 10.989     ;
; 13.535 ; ddfs:inst_ddfs_mod|sin_lut:lut_inst|altsyncram:rom_rtl_0|altsyncram_qm81:auto_generated|ram_block1a4~porta_address_reg1 ; VGA_R[9] ; ddfs:inst_ddfs_mod|freq_divider_DDFS:f_div_inst|count[19] ; ddfs:inst_ddfs_mod|freq_divider_DDFS:f_div_inst|count[19] ; 30.000       ; -3.476     ; 10.989     ;
; 13.535 ; ddfs:inst_ddfs_mod|sin_lut:lut_inst|altsyncram:rom_rtl_0|altsyncram_qm81:auto_generated|ram_block1a4~porta_address_reg2 ; VGA_R[9] ; ddfs:inst_ddfs_mod|freq_divider_DDFS:f_div_inst|count[19] ; ddfs:inst_ddfs_mod|freq_divider_DDFS:f_div_inst|count[19] ; 30.000       ; -3.476     ; 10.989     ;
; 13.535 ; ddfs:inst_ddfs_mod|sin_lut:lut_inst|altsyncram:rom_rtl_0|altsyncram_qm81:auto_generated|ram_block1a4~porta_address_reg3 ; VGA_R[9] ; ddfs:inst_ddfs_mod|freq_divider_DDFS:f_div_inst|count[19] ; ddfs:inst_ddfs_mod|freq_divider_DDFS:f_div_inst|count[19] ; 30.000       ; -3.476     ; 10.989     ;
; 13.535 ; ddfs:inst_ddfs_mod|sin_lut:lut_inst|altsyncram:rom_rtl_0|altsyncram_qm81:auto_generated|ram_block1a4~porta_address_reg4 ; VGA_R[9] ; ddfs:inst_ddfs_mod|freq_divider_DDFS:f_div_inst|count[19] ; ddfs:inst_ddfs_mod|freq_divider_DDFS:f_div_inst|count[19] ; 30.000       ; -3.476     ; 10.989     ;
; 13.535 ; ddfs:inst_ddfs_mod|sin_lut:lut_inst|altsyncram:rom_rtl_0|altsyncram_qm81:auto_generated|ram_block1a4~porta_address_reg5 ; VGA_R[9] ; ddfs:inst_ddfs_mod|freq_divider_DDFS:f_div_inst|count[19] ; ddfs:inst_ddfs_mod|freq_divider_DDFS:f_div_inst|count[19] ; 30.000       ; -3.476     ; 10.989     ;
; 13.535 ; ddfs:inst_ddfs_mod|sin_lut:lut_inst|altsyncram:rom_rtl_0|altsyncram_qm81:auto_generated|ram_block1a4~porta_address_reg6 ; VGA_R[9] ; ddfs:inst_ddfs_mod|freq_divider_DDFS:f_div_inst|count[19] ; ddfs:inst_ddfs_mod|freq_divider_DDFS:f_div_inst|count[19] ; 30.000       ; -3.476     ; 10.989     ;
; 13.535 ; ddfs:inst_ddfs_mod|sin_lut:lut_inst|altsyncram:rom_rtl_0|altsyncram_qm81:auto_generated|ram_block1a4~porta_address_reg7 ; VGA_R[9] ; ddfs:inst_ddfs_mod|freq_divider_DDFS:f_div_inst|count[19] ; ddfs:inst_ddfs_mod|freq_divider_DDFS:f_div_inst|count[19] ; 30.000       ; -3.476     ; 10.989     ;
; 13.535 ; ddfs:inst_ddfs_mod|sin_lut:lut_inst|altsyncram:rom_rtl_0|altsyncram_qm81:auto_generated|ram_block1a4~porta_address_reg8 ; VGA_R[9] ; ddfs:inst_ddfs_mod|freq_divider_DDFS:f_div_inst|count[19] ; ddfs:inst_ddfs_mod|freq_divider_DDFS:f_div_inst|count[19] ; 30.000       ; -3.476     ; 10.989     ;
; 13.535 ; ddfs:inst_ddfs_mod|sin_lut:lut_inst|altsyncram:rom_rtl_0|altsyncram_qm81:auto_generated|ram_block1a4~porta_address_reg9 ; VGA_R[9] ; ddfs:inst_ddfs_mod|freq_divider_DDFS:f_div_inst|count[19] ; ddfs:inst_ddfs_mod|freq_divider_DDFS:f_div_inst|count[19] ; 30.000       ; -3.476     ; 10.989     ;
; 13.716 ; ddfs:inst_ddfs_mod|sin_lut:lut_inst|altsyncram:rom_rtl_0|altsyncram_qm81:auto_generated|ram_block1a1~porta_address_reg0 ; VGA_R[6] ; ddfs:inst_ddfs_mod|freq_divider_DDFS:f_div_inst|count[19] ; ddfs:inst_ddfs_mod|freq_divider_DDFS:f_div_inst|count[19] ; 30.000       ; -3.470     ; 10.814     ;
; 13.716 ; ddfs:inst_ddfs_mod|sin_lut:lut_inst|altsyncram:rom_rtl_0|altsyncram_qm81:auto_generated|ram_block1a1~porta_address_reg1 ; VGA_R[6] ; ddfs:inst_ddfs_mod|freq_divider_DDFS:f_div_inst|count[19] ; ddfs:inst_ddfs_mod|freq_divider_DDFS:f_div_inst|count[19] ; 30.000       ; -3.470     ; 10.814     ;
; 13.716 ; ddfs:inst_ddfs_mod|sin_lut:lut_inst|altsyncram:rom_rtl_0|altsyncram_qm81:auto_generated|ram_block1a1~porta_address_reg2 ; VGA_R[6] ; ddfs:inst_ddfs_mod|freq_divider_DDFS:f_div_inst|count[19] ; ddfs:inst_ddfs_mod|freq_divider_DDFS:f_div_inst|count[19] ; 30.000       ; -3.470     ; 10.814     ;
; 13.716 ; ddfs:inst_ddfs_mod|sin_lut:lut_inst|altsyncram:rom_rtl_0|altsyncram_qm81:auto_generated|ram_block1a1~porta_address_reg3 ; VGA_R[6] ; ddfs:inst_ddfs_mod|freq_divider_DDFS:f_div_inst|count[19] ; ddfs:inst_ddfs_mod|freq_divider_DDFS:f_div_inst|count[19] ; 30.000       ; -3.470     ; 10.814     ;
; 13.716 ; ddfs:inst_ddfs_mod|sin_lut:lut_inst|altsyncram:rom_rtl_0|altsyncram_qm81:auto_generated|ram_block1a1~porta_address_reg4 ; VGA_R[6] ; ddfs:inst_ddfs_mod|freq_divider_DDFS:f_div_inst|count[19] ; ddfs:inst_ddfs_mod|freq_divider_DDFS:f_div_inst|count[19] ; 30.000       ; -3.470     ; 10.814     ;
; 13.716 ; ddfs:inst_ddfs_mod|sin_lut:lut_inst|altsyncram:rom_rtl_0|altsyncram_qm81:auto_generated|ram_block1a1~porta_address_reg5 ; VGA_R[6] ; ddfs:inst_ddfs_mod|freq_divider_DDFS:f_div_inst|count[19] ; ddfs:inst_ddfs_mod|freq_divider_DDFS:f_div_inst|count[19] ; 30.000       ; -3.470     ; 10.814     ;
; 13.716 ; ddfs:inst_ddfs_mod|sin_lut:lut_inst|altsyncram:rom_rtl_0|altsyncram_qm81:auto_generated|ram_block1a1~porta_address_reg6 ; VGA_R[6] ; ddfs:inst_ddfs_mod|freq_divider_DDFS:f_div_inst|count[19] ; ddfs:inst_ddfs_mod|freq_divider_DDFS:f_div_inst|count[19] ; 30.000       ; -3.470     ; 10.814     ;
; 13.716 ; ddfs:inst_ddfs_mod|sin_lut:lut_inst|altsyncram:rom_rtl_0|altsyncram_qm81:auto_generated|ram_block1a1~porta_address_reg7 ; VGA_R[6] ; ddfs:inst_ddfs_mod|freq_divider_DDFS:f_div_inst|count[19] ; ddfs:inst_ddfs_mod|freq_divider_DDFS:f_div_inst|count[19] ; 30.000       ; -3.470     ; 10.814     ;
; 13.716 ; ddfs:inst_ddfs_mod|sin_lut:lut_inst|altsyncram:rom_rtl_0|altsyncram_qm81:auto_generated|ram_block1a1~porta_address_reg8 ; VGA_R[6] ; ddfs:inst_ddfs_mod|freq_divider_DDFS:f_div_inst|count[19] ; ddfs:inst_ddfs_mod|freq_divider_DDFS:f_div_inst|count[19] ; 30.000       ; -3.470     ; 10.814     ;
; 13.716 ; ddfs:inst_ddfs_mod|sin_lut:lut_inst|altsyncram:rom_rtl_0|altsyncram_qm81:auto_generated|ram_block1a1~porta_address_reg9 ; VGA_R[6] ; ddfs:inst_ddfs_mod|freq_divider_DDFS:f_div_inst|count[19] ; ddfs:inst_ddfs_mod|freq_divider_DDFS:f_div_inst|count[19] ; 30.000       ; -3.470     ; 10.814     ;
; 13.762 ; ddfs:inst_ddfs_mod|sin_lut:lut_inst|altsyncram:rom_rtl_0|altsyncram_qm81:auto_generated|ram_block1a1~porta_address_reg0 ; VGA_R[5] ; ddfs:inst_ddfs_mod|freq_divider_DDFS:f_div_inst|count[19] ; ddfs:inst_ddfs_mod|freq_divider_DDFS:f_div_inst|count[19] ; 30.000       ; -3.470     ; 10.768     ;
; 13.762 ; ddfs:inst_ddfs_mod|sin_lut:lut_inst|altsyncram:rom_rtl_0|altsyncram_qm81:auto_generated|ram_block1a1~porta_address_reg1 ; VGA_R[5] ; ddfs:inst_ddfs_mod|freq_divider_DDFS:f_div_inst|count[19] ; ddfs:inst_ddfs_mod|freq_divider_DDFS:f_div_inst|count[19] ; 30.000       ; -3.470     ; 10.768     ;
; 13.762 ; ddfs:inst_ddfs_mod|sin_lut:lut_inst|altsyncram:rom_rtl_0|altsyncram_qm81:auto_generated|ram_block1a1~porta_address_reg2 ; VGA_R[5] ; ddfs:inst_ddfs_mod|freq_divider_DDFS:f_div_inst|count[19] ; ddfs:inst_ddfs_mod|freq_divider_DDFS:f_div_inst|count[19] ; 30.000       ; -3.470     ; 10.768     ;
; 13.762 ; ddfs:inst_ddfs_mod|sin_lut:lut_inst|altsyncram:rom_rtl_0|altsyncram_qm81:auto_generated|ram_block1a1~porta_address_reg3 ; VGA_R[5] ; ddfs:inst_ddfs_mod|freq_divider_DDFS:f_div_inst|count[19] ; ddfs:inst_ddfs_mod|freq_divider_DDFS:f_div_inst|count[19] ; 30.000       ; -3.470     ; 10.768     ;
; 13.762 ; ddfs:inst_ddfs_mod|sin_lut:lut_inst|altsyncram:rom_rtl_0|altsyncram_qm81:auto_generated|ram_block1a1~porta_address_reg4 ; VGA_R[5] ; ddfs:inst_ddfs_mod|freq_divider_DDFS:f_div_inst|count[19] ; ddfs:inst_ddfs_mod|freq_divider_DDFS:f_div_inst|count[19] ; 30.000       ; -3.470     ; 10.768     ;
; 13.762 ; ddfs:inst_ddfs_mod|sin_lut:lut_inst|altsyncram:rom_rtl_0|altsyncram_qm81:auto_generated|ram_block1a1~porta_address_reg5 ; VGA_R[5] ; ddfs:inst_ddfs_mod|freq_divider_DDFS:f_div_inst|count[19] ; ddfs:inst_ddfs_mod|freq_divider_DDFS:f_div_inst|count[19] ; 30.000       ; -3.470     ; 10.768     ;
; 13.762 ; ddfs:inst_ddfs_mod|sin_lut:lut_inst|altsyncram:rom_rtl_0|altsyncram_qm81:auto_generated|ram_block1a1~porta_address_reg6 ; VGA_R[5] ; ddfs:inst_ddfs_mod|freq_divider_DDFS:f_div_inst|count[19] ; ddfs:inst_ddfs_mod|freq_divider_DDFS:f_div_inst|count[19] ; 30.000       ; -3.470     ; 10.768     ;
; 13.762 ; ddfs:inst_ddfs_mod|sin_lut:lut_inst|altsyncram:rom_rtl_0|altsyncram_qm81:auto_generated|ram_block1a1~porta_address_reg7 ; VGA_R[5] ; ddfs:inst_ddfs_mod|freq_divider_DDFS:f_div_inst|count[19] ; ddfs:inst_ddfs_mod|freq_divider_DDFS:f_div_inst|count[19] ; 30.000       ; -3.470     ; 10.768     ;
; 13.762 ; ddfs:inst_ddfs_mod|sin_lut:lut_inst|altsyncram:rom_rtl_0|altsyncram_qm81:auto_generated|ram_block1a1~porta_address_reg8 ; VGA_R[5] ; ddfs:inst_ddfs_mod|freq_divider_DDFS:f_div_inst|count[19] ; ddfs:inst_ddfs_mod|freq_divider_DDFS:f_div_inst|count[19] ; 30.000       ; -3.470     ; 10.768     ;
; 13.762 ; ddfs:inst_ddfs_mod|sin_lut:lut_inst|altsyncram:rom_rtl_0|altsyncram_qm81:auto_generated|ram_block1a1~porta_address_reg9 ; VGA_R[5] ; ddfs:inst_ddfs_mod|freq_divider_DDFS:f_div_inst|count[19] ; ddfs:inst_ddfs_mod|freq_divider_DDFS:f_div_inst|count[19] ; 30.000       ; -3.470     ; 10.768     ;
; 13.876 ; ddfs:inst_ddfs_mod|sin_lut:lut_inst|altsyncram:rom_rtl_0|altsyncram_qm81:auto_generated|ram_block1a4~porta_address_reg0 ; VGA_R[6] ; ddfs:inst_ddfs_mod|freq_divider_DDFS:f_div_inst|count[19] ; ddfs:inst_ddfs_mod|freq_divider_DDFS:f_div_inst|count[19] ; 30.000       ; -3.476     ; 10.648     ;
; 13.876 ; ddfs:inst_ddfs_mod|sin_lut:lut_inst|altsyncram:rom_rtl_0|altsyncram_qm81:auto_generated|ram_block1a4~porta_address_reg1 ; VGA_R[6] ; ddfs:inst_ddfs_mod|freq_divider_DDFS:f_div_inst|count[19] ; ddfs:inst_ddfs_mod|freq_divider_DDFS:f_div_inst|count[19] ; 30.000       ; -3.476     ; 10.648     ;
; 13.876 ; ddfs:inst_ddfs_mod|sin_lut:lut_inst|altsyncram:rom_rtl_0|altsyncram_qm81:auto_generated|ram_block1a4~porta_address_reg2 ; VGA_R[6] ; ddfs:inst_ddfs_mod|freq_divider_DDFS:f_div_inst|count[19] ; ddfs:inst_ddfs_mod|freq_divider_DDFS:f_div_inst|count[19] ; 30.000       ; -3.476     ; 10.648     ;
; 13.876 ; ddfs:inst_ddfs_mod|sin_lut:lut_inst|altsyncram:rom_rtl_0|altsyncram_qm81:auto_generated|ram_block1a4~porta_address_reg3 ; VGA_R[6] ; ddfs:inst_ddfs_mod|freq_divider_DDFS:f_div_inst|count[19] ; ddfs:inst_ddfs_mod|freq_divider_DDFS:f_div_inst|count[19] ; 30.000       ; -3.476     ; 10.648     ;
; 13.876 ; ddfs:inst_ddfs_mod|sin_lut:lut_inst|altsyncram:rom_rtl_0|altsyncram_qm81:auto_generated|ram_block1a4~porta_address_reg4 ; VGA_R[6] ; ddfs:inst_ddfs_mod|freq_divider_DDFS:f_div_inst|count[19] ; ddfs:inst_ddfs_mod|freq_divider_DDFS:f_div_inst|count[19] ; 30.000       ; -3.476     ; 10.648     ;
; 13.876 ; ddfs:inst_ddfs_mod|sin_lut:lut_inst|altsyncram:rom_rtl_0|altsyncram_qm81:auto_generated|ram_block1a4~porta_address_reg5 ; VGA_R[6] ; ddfs:inst_ddfs_mod|freq_divider_DDFS:f_div_inst|count[19] ; ddfs:inst_ddfs_mod|freq_divider_DDFS:f_div_inst|count[19] ; 30.000       ; -3.476     ; 10.648     ;
; 13.876 ; ddfs:inst_ddfs_mod|sin_lut:lut_inst|altsyncram:rom_rtl_0|altsyncram_qm81:auto_generated|ram_block1a4~porta_address_reg6 ; VGA_R[6] ; ddfs:inst_ddfs_mod|freq_divider_DDFS:f_div_inst|count[19] ; ddfs:inst_ddfs_mod|freq_divider_DDFS:f_div_inst|count[19] ; 30.000       ; -3.476     ; 10.648     ;
; 13.876 ; ddfs:inst_ddfs_mod|sin_lut:lut_inst|altsyncram:rom_rtl_0|altsyncram_qm81:auto_generated|ram_block1a4~porta_address_reg7 ; VGA_R[6] ; ddfs:inst_ddfs_mod|freq_divider_DDFS:f_div_inst|count[19] ; ddfs:inst_ddfs_mod|freq_divider_DDFS:f_div_inst|count[19] ; 30.000       ; -3.476     ; 10.648     ;
; 13.876 ; ddfs:inst_ddfs_mod|sin_lut:lut_inst|altsyncram:rom_rtl_0|altsyncram_qm81:auto_generated|ram_block1a4~porta_address_reg8 ; VGA_R[6] ; ddfs:inst_ddfs_mod|freq_divider_DDFS:f_div_inst|count[19] ; ddfs:inst_ddfs_mod|freq_divider_DDFS:f_div_inst|count[19] ; 30.000       ; -3.476     ; 10.648     ;
; 13.876 ; ddfs:inst_ddfs_mod|sin_lut:lut_inst|altsyncram:rom_rtl_0|altsyncram_qm81:auto_generated|ram_block1a4~porta_address_reg9 ; VGA_R[6] ; ddfs:inst_ddfs_mod|freq_divider_DDFS:f_div_inst|count[19] ; ddfs:inst_ddfs_mod|freq_divider_DDFS:f_div_inst|count[19] ; 30.000       ; -3.476     ; 10.648     ;
; 13.882 ; ddfs:inst_ddfs_mod|sin_lut:lut_inst|altsyncram:rom_rtl_0|altsyncram_qm81:auto_generated|ram_block1a1~porta_address_reg0 ; VGA_R[8] ; ddfs:inst_ddfs_mod|freq_divider_DDFS:f_div_inst|count[19] ; ddfs:inst_ddfs_mod|freq_divider_DDFS:f_div_inst|count[19] ; 30.000       ; -3.470     ; 10.648     ;
; 13.882 ; ddfs:inst_ddfs_mod|sin_lut:lut_inst|altsyncram:rom_rtl_0|altsyncram_qm81:auto_generated|ram_block1a1~porta_address_reg1 ; VGA_R[8] ; ddfs:inst_ddfs_mod|freq_divider_DDFS:f_div_inst|count[19] ; ddfs:inst_ddfs_mod|freq_divider_DDFS:f_div_inst|count[19] ; 30.000       ; -3.470     ; 10.648     ;
; 13.882 ; ddfs:inst_ddfs_mod|sin_lut:lut_inst|altsyncram:rom_rtl_0|altsyncram_qm81:auto_generated|ram_block1a1~porta_address_reg2 ; VGA_R[8] ; ddfs:inst_ddfs_mod|freq_divider_DDFS:f_div_inst|count[19] ; ddfs:inst_ddfs_mod|freq_divider_DDFS:f_div_inst|count[19] ; 30.000       ; -3.470     ; 10.648     ;
; 13.882 ; ddfs:inst_ddfs_mod|sin_lut:lut_inst|altsyncram:rom_rtl_0|altsyncram_qm81:auto_generated|ram_block1a1~porta_address_reg3 ; VGA_R[8] ; ddfs:inst_ddfs_mod|freq_divider_DDFS:f_div_inst|count[19] ; ddfs:inst_ddfs_mod|freq_divider_DDFS:f_div_inst|count[19] ; 30.000       ; -3.470     ; 10.648     ;
; 13.882 ; ddfs:inst_ddfs_mod|sin_lut:lut_inst|altsyncram:rom_rtl_0|altsyncram_qm81:auto_generated|ram_block1a1~porta_address_reg4 ; VGA_R[8] ; ddfs:inst_ddfs_mod|freq_divider_DDFS:f_div_inst|count[19] ; ddfs:inst_ddfs_mod|freq_divider_DDFS:f_div_inst|count[19] ; 30.000       ; -3.470     ; 10.648     ;
; 13.882 ; ddfs:inst_ddfs_mod|sin_lut:lut_inst|altsyncram:rom_rtl_0|altsyncram_qm81:auto_generated|ram_block1a1~porta_address_reg5 ; VGA_R[8] ; ddfs:inst_ddfs_mod|freq_divider_DDFS:f_div_inst|count[19] ; ddfs:inst_ddfs_mod|freq_divider_DDFS:f_div_inst|count[19] ; 30.000       ; -3.470     ; 10.648     ;
; 13.882 ; ddfs:inst_ddfs_mod|sin_lut:lut_inst|altsyncram:rom_rtl_0|altsyncram_qm81:auto_generated|ram_block1a1~porta_address_reg6 ; VGA_R[8] ; ddfs:inst_ddfs_mod|freq_divider_DDFS:f_div_inst|count[19] ; ddfs:inst_ddfs_mod|freq_divider_DDFS:f_div_inst|count[19] ; 30.000       ; -3.470     ; 10.648     ;
; 13.882 ; ddfs:inst_ddfs_mod|sin_lut:lut_inst|altsyncram:rom_rtl_0|altsyncram_qm81:auto_generated|ram_block1a1~porta_address_reg7 ; VGA_R[8] ; ddfs:inst_ddfs_mod|freq_divider_DDFS:f_div_inst|count[19] ; ddfs:inst_ddfs_mod|freq_divider_DDFS:f_div_inst|count[19] ; 30.000       ; -3.470     ; 10.648     ;
; 13.882 ; ddfs:inst_ddfs_mod|sin_lut:lut_inst|altsyncram:rom_rtl_0|altsyncram_qm81:auto_generated|ram_block1a1~porta_address_reg8 ; VGA_R[8] ; ddfs:inst_ddfs_mod|freq_divider_DDFS:f_div_inst|count[19] ; ddfs:inst_ddfs_mod|freq_divider_DDFS:f_div_inst|count[19] ; 30.000       ; -3.470     ; 10.648     ;
; 13.882 ; ddfs:inst_ddfs_mod|sin_lut:lut_inst|altsyncram:rom_rtl_0|altsyncram_qm81:auto_generated|ram_block1a1~porta_address_reg9 ; VGA_R[8] ; ddfs:inst_ddfs_mod|freq_divider_DDFS:f_div_inst|count[19] ; ddfs:inst_ddfs_mod|freq_divider_DDFS:f_div_inst|count[19] ; 30.000       ; -3.470     ; 10.648     ;
; 13.919 ; ddfs:inst_ddfs_mod|sin_lut:lut_inst|altsyncram:rom_rtl_0|altsyncram_qm81:auto_generated|ram_block1a1~porta_address_reg0 ; VGA_R[7] ; ddfs:inst_ddfs_mod|freq_divider_DDFS:f_div_inst|count[19] ; ddfs:inst_ddfs_mod|freq_divider_DDFS:f_div_inst|count[19] ; 30.000       ; -3.470     ; 10.611     ;
; 13.919 ; ddfs:inst_ddfs_mod|sin_lut:lut_inst|altsyncram:rom_rtl_0|altsyncram_qm81:auto_generated|ram_block1a1~porta_address_reg1 ; VGA_R[7] ; ddfs:inst_ddfs_mod|freq_divider_DDFS:f_div_inst|count[19] ; ddfs:inst_ddfs_mod|freq_divider_DDFS:f_div_inst|count[19] ; 30.000       ; -3.470     ; 10.611     ;
; 13.919 ; ddfs:inst_ddfs_mod|sin_lut:lut_inst|altsyncram:rom_rtl_0|altsyncram_qm81:auto_generated|ram_block1a1~porta_address_reg2 ; VGA_R[7] ; ddfs:inst_ddfs_mod|freq_divider_DDFS:f_div_inst|count[19] ; ddfs:inst_ddfs_mod|freq_divider_DDFS:f_div_inst|count[19] ; 30.000       ; -3.470     ; 10.611     ;
; 13.919 ; ddfs:inst_ddfs_mod|sin_lut:lut_inst|altsyncram:rom_rtl_0|altsyncram_qm81:auto_generated|ram_block1a1~porta_address_reg3 ; VGA_R[7] ; ddfs:inst_ddfs_mod|freq_divider_DDFS:f_div_inst|count[19] ; ddfs:inst_ddfs_mod|freq_divider_DDFS:f_div_inst|count[19] ; 30.000       ; -3.470     ; 10.611     ;
; 13.919 ; ddfs:inst_ddfs_mod|sin_lut:lut_inst|altsyncram:rom_rtl_0|altsyncram_qm81:auto_generated|ram_block1a1~porta_address_reg4 ; VGA_R[7] ; ddfs:inst_ddfs_mod|freq_divider_DDFS:f_div_inst|count[19] ; ddfs:inst_ddfs_mod|freq_divider_DDFS:f_div_inst|count[19] ; 30.000       ; -3.470     ; 10.611     ;
; 13.919 ; ddfs:inst_ddfs_mod|sin_lut:lut_inst|altsyncram:rom_rtl_0|altsyncram_qm81:auto_generated|ram_block1a1~porta_address_reg5 ; VGA_R[7] ; ddfs:inst_ddfs_mod|freq_divider_DDFS:f_div_inst|count[19] ; ddfs:inst_ddfs_mod|freq_divider_DDFS:f_div_inst|count[19] ; 30.000       ; -3.470     ; 10.611     ;
; 13.919 ; ddfs:inst_ddfs_mod|sin_lut:lut_inst|altsyncram:rom_rtl_0|altsyncram_qm81:auto_generated|ram_block1a1~porta_address_reg6 ; VGA_R[7] ; ddfs:inst_ddfs_mod|freq_divider_DDFS:f_div_inst|count[19] ; ddfs:inst_ddfs_mod|freq_divider_DDFS:f_div_inst|count[19] ; 30.000       ; -3.470     ; 10.611     ;
; 13.919 ; ddfs:inst_ddfs_mod|sin_lut:lut_inst|altsyncram:rom_rtl_0|altsyncram_qm81:auto_generated|ram_block1a1~porta_address_reg7 ; VGA_R[7] ; ddfs:inst_ddfs_mod|freq_divider_DDFS:f_div_inst|count[19] ; ddfs:inst_ddfs_mod|freq_divider_DDFS:f_div_inst|count[19] ; 30.000       ; -3.470     ; 10.611     ;
; 13.919 ; ddfs:inst_ddfs_mod|sin_lut:lut_inst|altsyncram:rom_rtl_0|altsyncram_qm81:auto_generated|ram_block1a1~porta_address_reg8 ; VGA_R[7] ; ddfs:inst_ddfs_mod|freq_divider_DDFS:f_div_inst|count[19] ; ddfs:inst_ddfs_mod|freq_divider_DDFS:f_div_inst|count[19] ; 30.000       ; -3.470     ; 10.611     ;
; 13.919 ; ddfs:inst_ddfs_mod|sin_lut:lut_inst|altsyncram:rom_rtl_0|altsyncram_qm81:auto_generated|ram_block1a1~porta_address_reg9 ; VGA_R[7] ; ddfs:inst_ddfs_mod|freq_divider_DDFS:f_div_inst|count[19] ; ddfs:inst_ddfs_mod|freq_divider_DDFS:f_div_inst|count[19] ; 30.000       ; -3.470     ; 10.611     ;
; 13.922 ; ddfs:inst_ddfs_mod|sin_lut:lut_inst|altsyncram:rom_rtl_0|altsyncram_qm81:auto_generated|ram_block1a4~porta_address_reg0 ; VGA_R[5] ; ddfs:inst_ddfs_mod|freq_divider_DDFS:f_div_inst|count[19] ; ddfs:inst_ddfs_mod|freq_divider_DDFS:f_div_inst|count[19] ; 30.000       ; -3.476     ; 10.602     ;
; 13.922 ; ddfs:inst_ddfs_mod|sin_lut:lut_inst|altsyncram:rom_rtl_0|altsyncram_qm81:auto_generated|ram_block1a4~porta_address_reg1 ; VGA_R[5] ; ddfs:inst_ddfs_mod|freq_divider_DDFS:f_div_inst|count[19] ; ddfs:inst_ddfs_mod|freq_divider_DDFS:f_div_inst|count[19] ; 30.000       ; -3.476     ; 10.602     ;
; 13.922 ; ddfs:inst_ddfs_mod|sin_lut:lut_inst|altsyncram:rom_rtl_0|altsyncram_qm81:auto_generated|ram_block1a4~porta_address_reg2 ; VGA_R[5] ; ddfs:inst_ddfs_mod|freq_divider_DDFS:f_div_inst|count[19] ; ddfs:inst_ddfs_mod|freq_divider_DDFS:f_div_inst|count[19] ; 30.000       ; -3.476     ; 10.602     ;
; 13.922 ; ddfs:inst_ddfs_mod|sin_lut:lut_inst|altsyncram:rom_rtl_0|altsyncram_qm81:auto_generated|ram_block1a4~porta_address_reg3 ; VGA_R[5] ; ddfs:inst_ddfs_mod|freq_divider_DDFS:f_div_inst|count[19] ; ddfs:inst_ddfs_mod|freq_divider_DDFS:f_div_inst|count[19] ; 30.000       ; -3.476     ; 10.602     ;
; 13.922 ; ddfs:inst_ddfs_mod|sin_lut:lut_inst|altsyncram:rom_rtl_0|altsyncram_qm81:auto_generated|ram_block1a4~porta_address_reg4 ; VGA_R[5] ; ddfs:inst_ddfs_mod|freq_divider_DDFS:f_div_inst|count[19] ; ddfs:inst_ddfs_mod|freq_divider_DDFS:f_div_inst|count[19] ; 30.000       ; -3.476     ; 10.602     ;
; 13.922 ; ddfs:inst_ddfs_mod|sin_lut:lut_inst|altsyncram:rom_rtl_0|altsyncram_qm81:auto_generated|ram_block1a4~porta_address_reg5 ; VGA_R[5] ; ddfs:inst_ddfs_mod|freq_divider_DDFS:f_div_inst|count[19] ; ddfs:inst_ddfs_mod|freq_divider_DDFS:f_div_inst|count[19] ; 30.000       ; -3.476     ; 10.602     ;
; 13.922 ; ddfs:inst_ddfs_mod|sin_lut:lut_inst|altsyncram:rom_rtl_0|altsyncram_qm81:auto_generated|ram_block1a4~porta_address_reg6 ; VGA_R[5] ; ddfs:inst_ddfs_mod|freq_divider_DDFS:f_div_inst|count[19] ; ddfs:inst_ddfs_mod|freq_divider_DDFS:f_div_inst|count[19] ; 30.000       ; -3.476     ; 10.602     ;
; 13.922 ; ddfs:inst_ddfs_mod|sin_lut:lut_inst|altsyncram:rom_rtl_0|altsyncram_qm81:auto_generated|ram_block1a4~porta_address_reg7 ; VGA_R[5] ; ddfs:inst_ddfs_mod|freq_divider_DDFS:f_div_inst|count[19] ; ddfs:inst_ddfs_mod|freq_divider_DDFS:f_div_inst|count[19] ; 30.000       ; -3.476     ; 10.602     ;
; 13.922 ; ddfs:inst_ddfs_mod|sin_lut:lut_inst|altsyncram:rom_rtl_0|altsyncram_qm81:auto_generated|ram_block1a4~porta_address_reg8 ; VGA_R[5] ; ddfs:inst_ddfs_mod|freq_divider_DDFS:f_div_inst|count[19] ; ddfs:inst_ddfs_mod|freq_divider_DDFS:f_div_inst|count[19] ; 30.000       ; -3.476     ; 10.602     ;
; 13.922 ; ddfs:inst_ddfs_mod|sin_lut:lut_inst|altsyncram:rom_rtl_0|altsyncram_qm81:auto_generated|ram_block1a4~porta_address_reg9 ; VGA_R[5] ; ddfs:inst_ddfs_mod|freq_divider_DDFS:f_div_inst|count[19] ; ddfs:inst_ddfs_mod|freq_divider_DDFS:f_div_inst|count[19] ; 30.000       ; -3.476     ; 10.602     ;
; 13.980 ; ddfs:inst_ddfs_mod|sin_lut:lut_inst|altsyncram:rom_rtl_0|altsyncram_qm81:auto_generated|ram_block1a1~porta_address_reg0 ; VGA_R[0] ; ddfs:inst_ddfs_mod|freq_divider_DDFS:f_div_inst|count[19] ; ddfs:inst_ddfs_mod|freq_divider_DDFS:f_div_inst|count[19] ; 30.000       ; -3.470     ; 10.550     ;
; 13.980 ; ddfs:inst_ddfs_mod|sin_lut:lut_inst|altsyncram:rom_rtl_0|altsyncram_qm81:auto_generated|ram_block1a1~porta_address_reg1 ; VGA_R[0] ; ddfs:inst_ddfs_mod|freq_divider_DDFS:f_div_inst|count[19] ; ddfs:inst_ddfs_mod|freq_divider_DDFS:f_div_inst|count[19] ; 30.000       ; -3.470     ; 10.550     ;
; 13.980 ; ddfs:inst_ddfs_mod|sin_lut:lut_inst|altsyncram:rom_rtl_0|altsyncram_qm81:auto_generated|ram_block1a1~porta_address_reg2 ; VGA_R[0] ; ddfs:inst_ddfs_mod|freq_divider_DDFS:f_div_inst|count[19] ; ddfs:inst_ddfs_mod|freq_divider_DDFS:f_div_inst|count[19] ; 30.000       ; -3.470     ; 10.550     ;
; 13.980 ; ddfs:inst_ddfs_mod|sin_lut:lut_inst|altsyncram:rom_rtl_0|altsyncram_qm81:auto_generated|ram_block1a1~porta_address_reg3 ; VGA_R[0] ; ddfs:inst_ddfs_mod|freq_divider_DDFS:f_div_inst|count[19] ; ddfs:inst_ddfs_mod|freq_divider_DDFS:f_div_inst|count[19] ; 30.000       ; -3.470     ; 10.550     ;
; 13.980 ; ddfs:inst_ddfs_mod|sin_lut:lut_inst|altsyncram:rom_rtl_0|altsyncram_qm81:auto_generated|ram_block1a1~porta_address_reg4 ; VGA_R[0] ; ddfs:inst_ddfs_mod|freq_divider_DDFS:f_div_inst|count[19] ; ddfs:inst_ddfs_mod|freq_divider_DDFS:f_div_inst|count[19] ; 30.000       ; -3.470     ; 10.550     ;
; 13.980 ; ddfs:inst_ddfs_mod|sin_lut:lut_inst|altsyncram:rom_rtl_0|altsyncram_qm81:auto_generated|ram_block1a1~porta_address_reg5 ; VGA_R[0] ; ddfs:inst_ddfs_mod|freq_divider_DDFS:f_div_inst|count[19] ; ddfs:inst_ddfs_mod|freq_divider_DDFS:f_div_inst|count[19] ; 30.000       ; -3.470     ; 10.550     ;
; 13.980 ; ddfs:inst_ddfs_mod|sin_lut:lut_inst|altsyncram:rom_rtl_0|altsyncram_qm81:auto_generated|ram_block1a1~porta_address_reg6 ; VGA_R[0] ; ddfs:inst_ddfs_mod|freq_divider_DDFS:f_div_inst|count[19] ; ddfs:inst_ddfs_mod|freq_divider_DDFS:f_div_inst|count[19] ; 30.000       ; -3.470     ; 10.550     ;
; 13.980 ; ddfs:inst_ddfs_mod|sin_lut:lut_inst|altsyncram:rom_rtl_0|altsyncram_qm81:auto_generated|ram_block1a1~porta_address_reg7 ; VGA_R[0] ; ddfs:inst_ddfs_mod|freq_divider_DDFS:f_div_inst|count[19] ; ddfs:inst_ddfs_mod|freq_divider_DDFS:f_div_inst|count[19] ; 30.000       ; -3.470     ; 10.550     ;
; 13.980 ; ddfs:inst_ddfs_mod|sin_lut:lut_inst|altsyncram:rom_rtl_0|altsyncram_qm81:auto_generated|ram_block1a1~porta_address_reg8 ; VGA_R[0] ; ddfs:inst_ddfs_mod|freq_divider_DDFS:f_div_inst|count[19] ; ddfs:inst_ddfs_mod|freq_divider_DDFS:f_div_inst|count[19] ; 30.000       ; -3.470     ; 10.550     ;
; 13.980 ; ddfs:inst_ddfs_mod|sin_lut:lut_inst|altsyncram:rom_rtl_0|altsyncram_qm81:auto_generated|ram_block1a1~porta_address_reg9 ; VGA_R[0] ; ddfs:inst_ddfs_mod|freq_divider_DDFS:f_div_inst|count[19] ; ddfs:inst_ddfs_mod|freq_divider_DDFS:f_div_inst|count[19] ; 30.000       ; -3.470     ; 10.550     ;
; 13.990 ; ddfs:inst_ddfs_mod|sin_lut:lut_inst|altsyncram:rom_rtl_0|altsyncram_qm81:auto_generated|ram_block1a8~porta_address_reg0 ; VGA_R[9] ; ddfs:inst_ddfs_mod|freq_divider_DDFS:f_div_inst|count[19] ; ddfs:inst_ddfs_mod|freq_divider_DDFS:f_div_inst|count[19] ; 30.000       ; -3.473     ; 10.537     ;
; 13.990 ; ddfs:inst_ddfs_mod|sin_lut:lut_inst|altsyncram:rom_rtl_0|altsyncram_qm81:auto_generated|ram_block1a8~porta_address_reg1 ; VGA_R[9] ; ddfs:inst_ddfs_mod|freq_divider_DDFS:f_div_inst|count[19] ; ddfs:inst_ddfs_mod|freq_divider_DDFS:f_div_inst|count[19] ; 30.000       ; -3.473     ; 10.537     ;
; 13.990 ; ddfs:inst_ddfs_mod|sin_lut:lut_inst|altsyncram:rom_rtl_0|altsyncram_qm81:auto_generated|ram_block1a8~porta_address_reg2 ; VGA_R[9] ; ddfs:inst_ddfs_mod|freq_divider_DDFS:f_div_inst|count[19] ; ddfs:inst_ddfs_mod|freq_divider_DDFS:f_div_inst|count[19] ; 30.000       ; -3.473     ; 10.537     ;
; 13.990 ; ddfs:inst_ddfs_mod|sin_lut:lut_inst|altsyncram:rom_rtl_0|altsyncram_qm81:auto_generated|ram_block1a8~porta_address_reg3 ; VGA_R[9] ; ddfs:inst_ddfs_mod|freq_divider_DDFS:f_div_inst|count[19] ; ddfs:inst_ddfs_mod|freq_divider_DDFS:f_div_inst|count[19] ; 30.000       ; -3.473     ; 10.537     ;
; 13.990 ; ddfs:inst_ddfs_mod|sin_lut:lut_inst|altsyncram:rom_rtl_0|altsyncram_qm81:auto_generated|ram_block1a8~porta_address_reg4 ; VGA_R[9] ; ddfs:inst_ddfs_mod|freq_divider_DDFS:f_div_inst|count[19] ; ddfs:inst_ddfs_mod|freq_divider_DDFS:f_div_inst|count[19] ; 30.000       ; -3.473     ; 10.537     ;
; 13.990 ; ddfs:inst_ddfs_mod|sin_lut:lut_inst|altsyncram:rom_rtl_0|altsyncram_qm81:auto_generated|ram_block1a8~porta_address_reg5 ; VGA_R[9] ; ddfs:inst_ddfs_mod|freq_divider_DDFS:f_div_inst|count[19] ; ddfs:inst_ddfs_mod|freq_divider_DDFS:f_div_inst|count[19] ; 30.000       ; -3.473     ; 10.537     ;
; 13.990 ; ddfs:inst_ddfs_mod|sin_lut:lut_inst|altsyncram:rom_rtl_0|altsyncram_qm81:auto_generated|ram_block1a8~porta_address_reg6 ; VGA_R[9] ; ddfs:inst_ddfs_mod|freq_divider_DDFS:f_div_inst|count[19] ; ddfs:inst_ddfs_mod|freq_divider_DDFS:f_div_inst|count[19] ; 30.000       ; -3.473     ; 10.537     ;
; 13.990 ; ddfs:inst_ddfs_mod|sin_lut:lut_inst|altsyncram:rom_rtl_0|altsyncram_qm81:auto_generated|ram_block1a8~porta_address_reg7 ; VGA_R[9] ; ddfs:inst_ddfs_mod|freq_divider_DDFS:f_div_inst|count[19] ; ddfs:inst_ddfs_mod|freq_divider_DDFS:f_div_inst|count[19] ; 30.000       ; -3.473     ; 10.537     ;
; 13.990 ; ddfs:inst_ddfs_mod|sin_lut:lut_inst|altsyncram:rom_rtl_0|altsyncram_qm81:auto_generated|ram_block1a8~porta_address_reg8 ; VGA_R[9] ; ddfs:inst_ddfs_mod|freq_divider_DDFS:f_div_inst|count[19] ; ddfs:inst_ddfs_mod|freq_divider_DDFS:f_div_inst|count[19] ; 30.000       ; -3.473     ; 10.537     ;
+--------+-------------------------------------------------------------------------------------------------------------------------+----------+-----------------------------------------------------------+-----------------------------------------------------------+--------------+------------+------------+


+-----------------------------------------------------------------------------------------------------------------------------------------------------------------------------------------------------------------------------------------------------------------------------------------------------------------------------------------------------+
; Slow Model Hold: 'inst_pll|altpll_component|pll|clk[0]'                                                                                                                                                                                                                                                                                             ;
+-------+-----------------------------------------------------------------------------------------+----------------------------------------------------------------------------------------------------------------------------+--------------------------------------+--------------------------------------+--------------+------------+------------+
; Slack ; From Node                                                                               ; To Node                                                                                                                    ; Launch Clock                         ; Latch Clock                          ; Relationship ; Clock Skew ; Data Delay ;
+-------+-----------------------------------------------------------------------------------------+----------------------------------------------------------------------------------------------------------------------------+--------------------------------------+--------------------------------------+--------------+------------+------------+
; 0.391 ; keypad_freq_sel_module:inst_keypad_mod|keypad_module:keypad_mod_inst|data_valid         ; keypad_freq_sel_module:inst_keypad_mod|keypad_module:keypad_mod_inst|data_valid                                            ; inst_pll|altpll_component|pll|clk[0] ; inst_pll|altpll_component|pll|clk[0] ; 0.000        ; 0.000      ; 0.657      ;
; 0.391 ; keypad_freq_sel_module:inst_keypad_mod|debounced_keypad_pressed                         ; keypad_freq_sel_module:inst_keypad_mod|debounced_keypad_pressed                                                            ; inst_pll|altpll_component|pll|clk[0] ; inst_pll|altpll_component|pll|clk[0] ; 0.000        ; 0.000      ; 0.657      ;
; 0.391 ; keypad_freq_sel_module:inst_keypad_mod|button_pressed                                   ; keypad_freq_sel_module:inst_keypad_mod|button_pressed                                                                      ; inst_pll|altpll_component|pll|clk[0] ; inst_pll|altpll_component|pll|clk[0] ; 0.000        ; 0.000      ; 0.657      ;
; 0.391 ; keypad_freq_sel_module:inst_keypad_mod|next_page                                        ; keypad_freq_sel_module:inst_keypad_mod|next_page                                                                           ; inst_pll|altpll_component|pll|clk[0] ; inst_pll|altpll_component|pll|clk[0] ; 0.000        ; 0.000      ; 0.657      ;
; 0.391 ; keypad_freq_sel_module:inst_keypad_mod|prev_page                                        ; keypad_freq_sel_module:inst_keypad_mod|prev_page                                                                           ; inst_pll|altpll_component|pll|clk[0] ; inst_pll|altpll_component|pll|clk[0] ; 0.000        ; 0.000      ; 0.657      ;
; 0.391 ; lcd_driver:inst|state.WAIT_BUTTON_RELEASE                                               ; lcd_driver:inst|state.WAIT_BUTTON_RELEASE                                                                                  ; inst_pll|altpll_component|pll|clk[0] ; inst_pll|altpll_component|pll|clk[0] ; 0.000        ; 0.000      ; 0.657      ;
; 0.391 ; lcd_driver:inst|btn_counter[0]                                                          ; lcd_driver:inst|btn_counter[0]                                                                                             ; inst_pll|altpll_component|pll|clk[0] ; inst_pll|altpll_component|pll|clk[0] ; 0.000        ; 0.000      ; 0.657      ;
; 0.391 ; lcd_driver:inst|state.DONE                                                              ; lcd_driver:inst|state.DONE                                                                                                 ; inst_pll|altpll_component|pll|clk[0] ; inst_pll|altpll_component|pll|clk[0] ; 0.000        ; 0.000      ; 0.657      ;
; 0.391 ; lcd_driver:inst|state.WAIT                                                              ; lcd_driver:inst|state.WAIT                                                                                                 ; inst_pll|altpll_component|pll|clk[0] ; inst_pll|altpll_component|pll|clk[0] ; 0.000        ; 0.000      ; 0.657      ;
; 0.391 ; lcd_driver:inst|sub_state_f[0]                                                          ; lcd_driver:inst|sub_state_f[0]                                                                                             ; inst_pll|altpll_component|pll|clk[0] ; inst_pll|altpll_component|pll|clk[0] ; 0.000        ; 0.000      ; 0.657      ;
; 0.391 ; lcd_driver:inst|sub_state_f[1]                                                          ; lcd_driver:inst|sub_state_f[1]                                                                                             ; inst_pll|altpll_component|pll|clk[0] ; inst_pll|altpll_component|pll|clk[0] ; 0.000        ; 0.000      ; 0.657      ;
; 0.391 ; lcd_driver:inst|state_f.SETUP                                                           ; lcd_driver:inst|state_f.SETUP                                                                                              ; inst_pll|altpll_component|pll|clk[0] ; inst_pll|altpll_component|pll|clk[0] ; 0.000        ; 0.000      ; 0.657      ;
; 0.391 ; lcd_driver:inst|lcd_data_freq[7]                                                        ; lcd_driver:inst|lcd_data_freq[7]                                                                                           ; inst_pll|altpll_component|pll|clk[0] ; inst_pll|altpll_component|pll|clk[0] ; 0.000        ; 0.000      ; 0.657      ;
; 0.391 ; keypad_freq_sel_module:inst_keypad_mod|digit_counter[2]                                 ; keypad_freq_sel_module:inst_keypad_mod|digit_counter[2]                                                                    ; inst_pll|altpll_component|pll|clk[0] ; inst_pll|altpll_component|pll|clk[0] ; 0.000        ; 0.000      ; 0.657      ;
; 0.391 ; keypad_freq_sel_module:inst_keypad_mod|digit_counter[0]                                 ; keypad_freq_sel_module:inst_keypad_mod|digit_counter[0]                                                                    ; inst_pll|altpll_component|pll|clk[0] ; inst_pll|altpll_component|pll|clk[0] ; 0.000        ; 0.000      ; 0.657      ;
; 0.391 ; keypad_freq_sel_module:inst_keypad_mod|freq_1[2]                                        ; keypad_freq_sel_module:inst_keypad_mod|freq_1[2]                                                                           ; inst_pll|altpll_component|pll|clk[0] ; inst_pll|altpll_component|pll|clk[0] ; 0.000        ; 0.000      ; 0.657      ;
; 0.391 ; keypad_freq_sel_module:inst_keypad_mod|freq_1[1]                                        ; keypad_freq_sel_module:inst_keypad_mod|freq_1[1]                                                                           ; inst_pll|altpll_component|pll|clk[0] ; inst_pll|altpll_component|pll|clk[0] ; 0.000        ; 0.000      ; 0.657      ;
; 0.391 ; keypad_freq_sel_module:inst_keypad_mod|freq_1[3]                                        ; keypad_freq_sel_module:inst_keypad_mod|freq_1[3]                                                                           ; inst_pll|altpll_component|pll|clk[0] ; inst_pll|altpll_component|pll|clk[0] ; 0.000        ; 0.000      ; 0.657      ;
; 0.391 ; keypad_freq_sel_module:inst_keypad_mod|freq_1[0]                                        ; keypad_freq_sel_module:inst_keypad_mod|freq_1[0]                                                                           ; inst_pll|altpll_component|pll|clk[0] ; inst_pll|altpll_component|pll|clk[0] ; 0.000        ; 0.000      ; 0.657      ;
; 0.391 ; lcd_driver:inst|state.WAIT_BUTTON_SHORT                                                 ; lcd_driver:inst|state.WAIT_BUTTON_SHORT                                                                                    ; inst_pll|altpll_component|pll|clk[0] ; inst_pll|altpll_component|pll|clk[0] ; 0.000        ; 0.000      ; 0.657      ;
; 0.391 ; keypad_freq_sel_module:inst_keypad_mod|sel_A                                            ; keypad_freq_sel_module:inst_keypad_mod|sel_A                                                                               ; inst_pll|altpll_component|pll|clk[0] ; inst_pll|altpll_component|pll|clk[0] ; 0.000        ; 0.000      ; 0.657      ;
; 0.391 ; lcd_driver:inst|lcd_en_freq                                                             ; lcd_driver:inst|lcd_en_freq                                                                                                ; inst_pll|altpll_component|pll|clk[0] ; inst_pll|altpll_component|pll|clk[0] ; 0.000        ; 0.000      ; 0.657      ;
; 0.391 ; lcd_driver:inst|lcd_en_cntr                                                             ; lcd_driver:inst|lcd_en_cntr                                                                                                ; inst_pll|altpll_component|pll|clk[0] ; inst_pll|altpll_component|pll|clk[0] ; 0.000        ; 0.000      ; 0.657      ;
; 0.391 ; lcd_driver:inst|lcd_rs_freq                                                             ; lcd_driver:inst|lcd_rs_freq                                                                                                ; inst_pll|altpll_component|pll|clk[0] ; inst_pll|altpll_component|pll|clk[0] ; 0.000        ; 0.000      ; 0.657      ;
; 0.391 ; keypad_freq_sel_module:inst_keypad_mod|keypad_module:keypad_mod_inst|tmp_out_keys[3]    ; keypad_freq_sel_module:inst_keypad_mod|keypad_module:keypad_mod_inst|tmp_out_keys[3]                                       ; inst_pll|altpll_component|pll|clk[0] ; inst_pll|altpll_component|pll|clk[0] ; 0.000        ; 0.000      ; 0.657      ;
; 0.391 ; keypad_freq_sel_module:inst_keypad_mod|keypad_module:keypad_mod_inst|tmp_out_keys[4]    ; keypad_freq_sel_module:inst_keypad_mod|keypad_module:keypad_mod_inst|tmp_out_keys[4]                                       ; inst_pll|altpll_component|pll|clk[0] ; inst_pll|altpll_component|pll|clk[0] ; 0.000        ; 0.000      ; 0.657      ;
; 0.391 ; keypad_freq_sel_module:inst_keypad_mod|keypad_module:keypad_mod_inst|tmp_out_keys[2]    ; keypad_freq_sel_module:inst_keypad_mod|keypad_module:keypad_mod_inst|tmp_out_keys[2]                                       ; inst_pll|altpll_component|pll|clk[0] ; inst_pll|altpll_component|pll|clk[0] ; 0.000        ; 0.000      ; 0.657      ;
; 0.391 ; keypad_freq_sel_module:inst_keypad_mod|keypad_module:keypad_mod_inst|tmp_out_keys[1]    ; keypad_freq_sel_module:inst_keypad_mod|keypad_module:keypad_mod_inst|tmp_out_keys[1]                                       ; inst_pll|altpll_component|pll|clk[0] ; inst_pll|altpll_component|pll|clk[0] ; 0.000        ; 0.000      ; 0.657      ;
; 0.391 ; keypad_freq_sel_module:inst_keypad_mod|keypad_module:keypad_mod_inst|tmp_out_keys[15]   ; keypad_freq_sel_module:inst_keypad_mod|keypad_module:keypad_mod_inst|tmp_out_keys[15]                                      ; inst_pll|altpll_component|pll|clk[0] ; inst_pll|altpll_component|pll|clk[0] ; 0.000        ; 0.000      ; 0.657      ;
; 0.391 ; keypad_freq_sel_module:inst_keypad_mod|keypad_module:keypad_mod_inst|tmp_out_keys[0]    ; keypad_freq_sel_module:inst_keypad_mod|keypad_module:keypad_mod_inst|tmp_out_keys[0]                                       ; inst_pll|altpll_component|pll|clk[0] ; inst_pll|altpll_component|pll|clk[0] ; 0.000        ; 0.000      ; 0.657      ;
; 0.391 ; keypad_freq_sel_module:inst_keypad_mod|keypad_module:keypad_mod_inst|tmp_out_keys[13]   ; keypad_freq_sel_module:inst_keypad_mod|keypad_module:keypad_mod_inst|tmp_out_keys[13]                                      ; inst_pll|altpll_component|pll|clk[0] ; inst_pll|altpll_component|pll|clk[0] ; 0.000        ; 0.000      ; 0.657      ;
; 0.391 ; keypad_freq_sel_module:inst_keypad_mod|keypad_module:keypad_mod_inst|tmp_out_keys[14]   ; keypad_freq_sel_module:inst_keypad_mod|keypad_module:keypad_mod_inst|tmp_out_keys[14]                                      ; inst_pll|altpll_component|pll|clk[0] ; inst_pll|altpll_component|pll|clk[0] ; 0.000        ; 0.000      ; 0.657      ;
; 0.391 ; keypad_freq_sel_module:inst_keypad_mod|keypad_module:keypad_mod_inst|tmp_out_keys[9]    ; keypad_freq_sel_module:inst_keypad_mod|keypad_module:keypad_mod_inst|tmp_out_keys[9]                                       ; inst_pll|altpll_component|pll|clk[0] ; inst_pll|altpll_component|pll|clk[0] ; 0.000        ; 0.000      ; 0.657      ;
; 0.391 ; keypad_freq_sel_module:inst_keypad_mod|keypad_module:keypad_mod_inst|tmp_out_keys[10]   ; keypad_freq_sel_module:inst_keypad_mod|keypad_module:keypad_mod_inst|tmp_out_keys[10]                                      ; inst_pll|altpll_component|pll|clk[0] ; inst_pll|altpll_component|pll|clk[0] ; 0.000        ; 0.000      ; 0.657      ;
; 0.391 ; keypad_freq_sel_module:inst_keypad_mod|keypad_module:keypad_mod_inst|tmp_out_keys[11]   ; keypad_freq_sel_module:inst_keypad_mod|keypad_module:keypad_mod_inst|tmp_out_keys[11]                                      ; inst_pll|altpll_component|pll|clk[0] ; inst_pll|altpll_component|pll|clk[0] ; 0.000        ; 0.000      ; 0.657      ;
; 0.391 ; keypad_freq_sel_module:inst_keypad_mod|keypad_module:keypad_mod_inst|tmp_out_keys[12]   ; keypad_freq_sel_module:inst_keypad_mod|keypad_module:keypad_mod_inst|tmp_out_keys[12]                                      ; inst_pll|altpll_component|pll|clk[0] ; inst_pll|altpll_component|pll|clk[0] ; 0.000        ; 0.000      ; 0.657      ;
; 0.391 ; keypad_freq_sel_module:inst_keypad_mod|keypad_module:keypad_mod_inst|tmp_out_keys[5]    ; keypad_freq_sel_module:inst_keypad_mod|keypad_module:keypad_mod_inst|tmp_out_keys[5]                                       ; inst_pll|altpll_component|pll|clk[0] ; inst_pll|altpll_component|pll|clk[0] ; 0.000        ; 0.000      ; 0.657      ;
; 0.391 ; keypad_freq_sel_module:inst_keypad_mod|keypad_module:keypad_mod_inst|tmp_out_keys[7]    ; keypad_freq_sel_module:inst_keypad_mod|keypad_module:keypad_mod_inst|tmp_out_keys[7]                                       ; inst_pll|altpll_component|pll|clk[0] ; inst_pll|altpll_component|pll|clk[0] ; 0.000        ; 0.000      ; 0.657      ;
; 0.391 ; keypad_freq_sel_module:inst_keypad_mod|keypad_module:keypad_mod_inst|tmp_out_keys[6]    ; keypad_freq_sel_module:inst_keypad_mod|keypad_module:keypad_mod_inst|tmp_out_keys[6]                                       ; inst_pll|altpll_component|pll|clk[0] ; inst_pll|altpll_component|pll|clk[0] ; 0.000        ; 0.000      ; 0.657      ;
; 0.391 ; keypad_freq_sel_module:inst_keypad_mod|keypad_module:keypad_mod_inst|tmp_out_keys[8]    ; keypad_freq_sel_module:inst_keypad_mod|keypad_module:keypad_mod_inst|tmp_out_keys[8]                                       ; inst_pll|altpll_component|pll|clk[0] ; inst_pll|altpll_component|pll|clk[0] ; 0.000        ; 0.000      ; 0.657      ;
; 0.391 ; lcd_driver:inst|btn_pressed                                                             ; lcd_driver:inst|btn_pressed                                                                                                ; inst_pll|altpll_component|pll|clk[0] ; inst_pll|altpll_component|pll|clk[0] ; 0.000        ; 0.000      ; 0.657      ;
; 0.391 ; lcd_driver:inst|sub_state.PAGE_ERROR                                                    ; lcd_driver:inst|sub_state.PAGE_ERROR                                                                                       ; inst_pll|altpll_component|pll|clk[0] ; inst_pll|altpll_component|pll|clk[0] ; 0.000        ; 0.000      ; 0.657      ;
; 0.391 ; lcd_driver:inst|sub_state.PAGE0                                                         ; lcd_driver:inst|sub_state.PAGE0                                                                                            ; inst_pll|altpll_component|pll|clk[0] ; inst_pll|altpll_component|pll|clk[0] ; 0.000        ; 0.000      ; 0.657      ;
; 0.391 ; lcd_driver:inst|sub_state.PAGE1                                                         ; lcd_driver:inst|sub_state.PAGE1                                                                                            ; inst_pll|altpll_component|pll|clk[0] ; inst_pll|altpll_component|pll|clk[0] ; 0.000        ; 0.000      ; 0.657      ;
; 0.391 ; lcd_driver:inst|state.POWER_ON                                                          ; lcd_driver:inst|state.POWER_ON                                                                                             ; inst_pll|altpll_component|pll|clk[0] ; inst_pll|altpll_component|pll|clk[0] ; 0.000        ; 0.000      ; 0.657      ;
; 0.391 ; lcd_driver:inst|state.WRITE_DATA                                                        ; lcd_driver:inst|state.WRITE_DATA                                                                                           ; inst_pll|altpll_component|pll|clk[0] ; inst_pll|altpll_component|pll|clk[0] ; 0.000        ; 0.000      ; 0.657      ;
; 0.391 ; lcd_driver:inst|state.WAIT_EXEC                                                         ; lcd_driver:inst|state.WAIT_EXEC                                                                                            ; inst_pll|altpll_component|pll|clk[0] ; inst_pll|altpll_component|pll|clk[0] ; 0.000        ; 0.000      ; 0.657      ;
; 0.391 ; lcd_driver:inst|state.PAGE_SELECT                                                       ; lcd_driver:inst|state.PAGE_SELECT                                                                                          ; inst_pll|altpll_component|pll|clk[0] ; inst_pll|altpll_component|pll|clk[0] ; 0.000        ; 0.000      ; 0.657      ;
; 0.391 ; lcd_driver:inst|sub_state.PAGE2                                                         ; lcd_driver:inst|sub_state.PAGE2                                                                                            ; inst_pll|altpll_component|pll|clk[0] ; inst_pll|altpll_component|pll|clk[0] ; 0.000        ; 0.000      ; 0.657      ;
; 0.391 ; lcd_driver:inst|state_f.WAIT_EXEC                                                       ; lcd_driver:inst|state_f.WAIT_EXEC                                                                                          ; inst_pll|altpll_component|pll|clk[0] ; inst_pll|altpll_component|pll|clk[0] ; 0.000        ; 0.000      ; 0.657      ;
; 0.391 ; lcd_driver:inst|n_index[0]                                                              ; lcd_driver:inst|n_index[0]                                                                                                 ; inst_pll|altpll_component|pll|clk[0] ; inst_pll|altpll_component|pll|clk[0] ; 0.000        ; 0.000      ; 0.657      ;
; 0.391 ; lcd_driver:inst|n_index[1]                                                              ; lcd_driver:inst|n_index[1]                                                                                                 ; inst_pll|altpll_component|pll|clk[0] ; inst_pll|altpll_component|pll|clk[0] ; 0.000        ; 0.000      ; 0.657      ;
; 0.391 ; lcd_driver:inst|n_index[2]                                                              ; lcd_driver:inst|n_index[2]                                                                                                 ; inst_pll|altpll_component|pll|clk[0] ; inst_pll|altpll_component|pll|clk[0] ; 0.000        ; 0.000      ; 0.657      ;
; 0.391 ; lcd_driver:inst|n_index[3]                                                              ; lcd_driver:inst|n_index[3]                                                                                                 ; inst_pll|altpll_component|pll|clk[0] ; inst_pll|altpll_component|pll|clk[0] ; 0.000        ; 0.000      ; 0.657      ;
; 0.391 ; lcd_driver:inst|state_f.WRITE_DATA                                                      ; lcd_driver:inst|state_f.WRITE_DATA                                                                                         ; inst_pll|altpll_component|pll|clk[0] ; inst_pll|altpll_component|pll|clk[0] ; 0.000        ; 0.000      ; 0.657      ;
; 0.516 ; keypad_freq_sel_module:inst_keypad_mod|keypad_module:keypad_mod_inst|tmp_out_keys[1]    ; keypad_freq_sel_module:inst_keypad_mod|keypad_module:keypad_mod_inst|out_keys[1]                                           ; inst_pll|altpll_component|pll|clk[0] ; inst_pll|altpll_component|pll|clk[0] ; 0.000        ; 0.000      ; 0.782      ;
; 0.523 ; keypad_freq_sel_module:inst_keypad_mod|keypad_module:keypad_mod_inst|out_keys[9]        ; keypad_freq_sel_module:inst_keypad_mod|out_keys_sync[9]                                                                    ; inst_pll|altpll_component|pll|clk[0] ; inst_pll|altpll_component|pll|clk[0] ; 0.000        ; 0.000      ; 0.789      ;
; 0.525 ; keypad_freq_sel_module:inst_keypad_mod|keypad_module:keypad_mod_inst|tmp_out_keys[7]    ; keypad_freq_sel_module:inst_keypad_mod|keypad_module:keypad_mod_inst|out_keys[7]                                           ; inst_pll|altpll_component|pll|clk[0] ; inst_pll|altpll_component|pll|clk[0] ; 0.000        ; 0.000      ; 0.791      ;
; 0.530 ; keypad_freq_sel_module:inst_keypad_mod|keypad_module:keypad_mod_inst|out_keys[2]        ; keypad_freq_sel_module:inst_keypad_mod|out_keys_sync[2]                                                                    ; inst_pll|altpll_component|pll|clk[0] ; inst_pll|altpll_component|pll|clk[0] ; 0.000        ; 0.000      ; 0.796      ;
; 0.531 ; keypad_freq_sel_module:inst_keypad_mod|keypad_module:keypad_mod_inst|clock_div_cont[31] ; keypad_freq_sel_module:inst_keypad_mod|keypad_module:keypad_mod_inst|clock_div_cont[31]                                    ; inst_pll|altpll_component|pll|clk[0] ; inst_pll|altpll_component|pll|clk[0] ; 0.000        ; 0.000      ; 0.797      ;
; 0.531 ; keypad_freq_sel_module:inst_keypad_mod|keypad_module:keypad_mod_inst|i_column[31]       ; keypad_freq_sel_module:inst_keypad_mod|keypad_module:keypad_mod_inst|i_column[31]                                          ; inst_pll|altpll_component|pll|clk[0] ; inst_pll|altpll_component|pll|clk[0] ; 0.000        ; 0.000      ; 0.797      ;
; 0.531 ; lcd_driver:inst|counter[31]                                                             ; lcd_driver:inst|counter[31]                                                                                                ; inst_pll|altpll_component|pll|clk[0] ; inst_pll|altpll_component|pll|clk[0] ; 0.000        ; 0.000      ; 0.797      ;
; 0.531 ; lcd_driver:inst|counter_f[31]                                                           ; lcd_driver:inst|counter_f[31]                                                                                              ; inst_pll|altpll_component|pll|clk[0] ; inst_pll|altpll_component|pll|clk[0] ; 0.000        ; 0.000      ; 0.797      ;
; 0.535 ; keypad_freq_sel_module:inst_keypad_mod|keypad_module:keypad_mod_inst|out_keys[12]       ; keypad_freq_sel_module:inst_keypad_mod|out_keys_sync[12]                                                                   ; inst_pll|altpll_component|pll|clk[0] ; inst_pll|altpll_component|pll|clk[0] ; 0.000        ; 0.000      ; 0.801      ;
; 0.536 ; keypad_freq_sel_module:inst_keypad_mod|debounced_keypad_pressed                         ; keypad_freq_sel_module:inst_keypad_mod|next_page                                                                           ; inst_pll|altpll_component|pll|clk[0] ; inst_pll|altpll_component|pll|clk[0] ; 0.000        ; 0.000      ; 0.802      ;
; 0.539 ; keypad_freq_sel_module:inst_keypad_mod|freq_7[1]                                        ; keypad_freq_sel_module:inst_keypad_mod|freq_6[1]                                                                           ; inst_pll|altpll_component|pll|clk[0] ; inst_pll|altpll_component|pll|clk[0] ; 0.000        ; 0.000      ; 0.805      ;
; 0.539 ; keypad_freq_sel_module:inst_keypad_mod|debounced_keypad_pressed                         ; keypad_freq_sel_module:inst_keypad_mod|button_pressed                                                                      ; inst_pll|altpll_component|pll|clk[0] ; inst_pll|altpll_component|pll|clk[0] ; 0.000        ; 0.000      ; 0.805      ;
; 0.540 ; keypad_freq_sel_module:inst_keypad_mod|debounced_keypad_pressed                         ; keypad_freq_sel_module:inst_keypad_mod|prev_page                                                                           ; inst_pll|altpll_component|pll|clk[0] ; inst_pll|altpll_component|pll|clk[0] ; 0.000        ; 0.000      ; 0.806      ;
; 0.541 ; keypad_freq_sel_module:inst_keypad_mod|freq_6[3]                                        ; keypad_freq_sel_module:inst_keypad_mod|BCD_6[3]                                                                            ; inst_pll|altpll_component|pll|clk[0] ; inst_pll|altpll_component|pll|clk[0] ; 0.000        ; 0.000      ; 0.807      ;
; 0.542 ; lcd_driver:inst|char_index[5]                                                           ; lcd_driver:inst|char_index[5]                                                                                              ; inst_pll|altpll_component|pll|clk[0] ; inst_pll|altpll_component|pll|clk[0] ; 0.000        ; 0.000      ; 0.808      ;
; 0.542 ; keypad_freq_sel_module:inst_keypad_mod|BCD_5[3]                                         ; keypad_freq_sel_module:inst_keypad_mod|freq_5[3]                                                                           ; inst_pll|altpll_component|pll|clk[0] ; inst_pll|altpll_component|pll|clk[0] ; 0.000        ; 0.000      ; 0.808      ;
; 0.542 ; keypad_freq_sel_module:inst_keypad_mod|freq_5[3]                                        ; keypad_freq_sel_module:inst_keypad_mod|BCD_5[3]                                                                            ; inst_pll|altpll_component|pll|clk[0] ; inst_pll|altpll_component|pll|clk[0] ; 0.000        ; 0.000      ; 0.808      ;
; 0.559 ; lcd_driver:inst|state_f.HZ_DISPLAY                                                      ; lcd_driver:inst|lcd_data_freq[4]                                                                                           ; inst_pll|altpll_component|pll|clk[0] ; inst_pll|altpll_component|pll|clk[0] ; 0.000        ; 0.000      ; 0.825      ;
; 0.560 ; lcd_driver:inst|state_f.HZ_DISPLAY                                                      ; lcd_driver:inst|lcd_data_freq[3]                                                                                           ; inst_pll|altpll_component|pll|clk[0] ; inst_pll|altpll_component|pll|clk[0] ; 0.000        ; 0.000      ; 0.826      ;
; 0.562 ; lcd_driver:inst|n_index[1]                                                              ; lcd_driver:inst|n_index[2]                                                                                                 ; inst_pll|altpll_component|pll|clk[0] ; inst_pll|altpll_component|pll|clk[0] ; 0.000        ; 0.000      ; 0.828      ;
; 0.582 ; keypad_freq_sel_module:inst_keypad_mod|freq_5[2]                                        ; keypad_freq_sel_module:inst_keypad_mod|freq_4[2]                                                                           ; inst_pll|altpll_component|pll|clk[0] ; inst_pll|altpll_component|pll|clk[0] ; 0.000        ; 0.000      ; 0.848      ;
; 0.649 ; keypad_freq_sel_module:inst_keypad_mod|keypad_module:keypad_mod_inst|row_1[3]           ; keypad_freq_sel_module:inst_keypad_mod|keypad_module:keypad_mod_inst|row_2[3]                                              ; inst_pll|altpll_component|pll|clk[0] ; inst_pll|altpll_component|pll|clk[0] ; 0.000        ; 0.000      ; 0.915      ;
; 0.650 ; keypad_freq_sel_module:inst_keypad_mod|keypad_module:keypad_mod_inst|row_2[2]           ; keypad_freq_sel_module:inst_keypad_mod|keypad_module:keypad_mod_inst|row_sync[2]                                           ; inst_pll|altpll_component|pll|clk[0] ; inst_pll|altpll_component|pll|clk[0] ; 0.000        ; 0.000      ; 0.916      ;
; 0.658 ; keypad_freq_sel_module:inst_keypad_mod|keypad_module:keypad_mod_inst|tmp_out_keys[14]   ; keypad_freq_sel_module:inst_keypad_mod|keypad_module:keypad_mod_inst|out_keys[14]                                          ; inst_pll|altpll_component|pll|clk[0] ; inst_pll|altpll_component|pll|clk[0] ; 0.000        ; 0.000      ; 0.924      ;
; 0.660 ; keypad_freq_sel_module:inst_keypad_mod|keypad_module:keypad_mod_inst|out_keys[10]       ; keypad_freq_sel_module:inst_keypad_mod|out_keys_sync[10]                                                                   ; inst_pll|altpll_component|pll|clk[0] ; inst_pll|altpll_component|pll|clk[0] ; 0.000        ; 0.000      ; 0.926      ;
; 0.668 ; keypad_freq_sel_module:inst_keypad_mod|keypad_module:keypad_mod_inst|out_keys[0]        ; keypad_freq_sel_module:inst_keypad_mod|out_keys_sync[0]                                                                    ; inst_pll|altpll_component|pll|clk[0] ; inst_pll|altpll_component|pll|clk[0] ; 0.000        ; 0.000      ; 0.934      ;
; 0.670 ; keypad_freq_sel_module:inst_keypad_mod|keypad_module:keypad_mod_inst|tmp_out_keys[15]   ; keypad_freq_sel_module:inst_keypad_mod|keypad_module:keypad_mod_inst|out_keys[15]                                          ; inst_pll|altpll_component|pll|clk[0] ; inst_pll|altpll_component|pll|clk[0] ; 0.000        ; -0.001     ; 0.935      ;
; 0.671 ; keypad_freq_sel_module:inst_keypad_mod|digit_counter_BCD[1]                             ; keypad_freq_sel_module:inst_keypad_mod|digit_counter[1]                                                                    ; inst_pll|altpll_component|pll|clk[0] ; inst_pll|altpll_component|pll|clk[0] ; 0.000        ; -0.001     ; 0.936      ;
; 0.679 ; keypad_freq_sel_module:inst_keypad_mod|freq_6[2]                                        ; keypad_freq_sel_module:inst_keypad_mod|freq_7[2]                                                                           ; inst_pll|altpll_component|pll|clk[0] ; inst_pll|altpll_component|pll|clk[0] ; 0.000        ; 0.000      ; 0.945      ;
; 0.681 ; keypad_freq_sel_module:inst_keypad_mod|keypad_module:keypad_mod_inst|out_keys[11]       ; keypad_freq_sel_module:inst_keypad_mod|out_keys_sync[11]                                                                   ; inst_pll|altpll_component|pll|clk[0] ; inst_pll|altpll_component|pll|clk[0] ; 0.000        ; 0.000      ; 0.947      ;
; 0.681 ; keypad_freq_sel_module:inst_keypad_mod|freq_2[3]                                        ; keypad_freq_sel_module:inst_keypad_mod|freq_3[3]                                                                           ; inst_pll|altpll_component|pll|clk[0] ; inst_pll|altpll_component|pll|clk[0] ; 0.000        ; 0.000      ; 0.947      ;
; 0.687 ; keypad_freq_sel_module:inst_keypad_mod|freq_4[3]                                        ; keypad_freq_sel_module:inst_keypad_mod|freq_5[3]                                                                           ; inst_pll|altpll_component|pll|clk[0] ; inst_pll|altpll_component|pll|clk[0] ; 0.000        ; 0.000      ; 0.953      ;
; 0.693 ; keypad_freq_sel_module:inst_keypad_mod|freq_3[3]                                        ; keypad_freq_sel_module:inst_keypad_mod|freq_4[3]                                                                           ; inst_pll|altpll_component|pll|clk[0] ; inst_pll|altpll_component|pll|clk[0] ; 0.000        ; 0.000      ; 0.959      ;
; 0.701 ; keypad_freq_sel_module:inst_keypad_mod|keypad_module:keypad_mod_inst|tmp_out_keys[2]    ; keypad_freq_sel_module:inst_keypad_mod|keypad_module:keypad_mod_inst|out_keys[2]                                           ; inst_pll|altpll_component|pll|clk[0] ; inst_pll|altpll_component|pll|clk[0] ; 0.000        ; -0.001     ; 0.966      ;
; 0.701 ; keypad_freq_sel_module:inst_keypad_mod|freq_6[1]                                        ; keypad_freq_sel_module:inst_keypad_mod|freq_7[1]                                                                           ; inst_pll|altpll_component|pll|clk[0] ; inst_pll|altpll_component|pll|clk[0] ; 0.000        ; 0.000      ; 0.967      ;
; 0.703 ; lcd_driver:inst|char_index[4]                                                           ; lcd_driver:inst|text_lut:text_lut_inst|altsyncram:rom_rtl_0|altsyncram_ap81:auto_generated|ram_block1a3~porta_address_reg4 ; inst_pll|altpll_component|pll|clk[0] ; inst_pll|altpll_component|pll|clk[0] ; 0.000        ; 0.056      ; 0.993      ;
; 0.704 ; lcd_driver:inst|char_index[5]                                                           ; lcd_driver:inst|text_lut:text_lut_inst|altsyncram:rom_rtl_0|altsyncram_ap81:auto_generated|ram_block1a3~porta_address_reg5 ; inst_pll|altpll_component|pll|clk[0] ; inst_pll|altpll_component|pll|clk[0] ; 0.000        ; 0.056      ; 0.994      ;
; 0.706 ; keypad_freq_sel_module:inst_keypad_mod|freq_3[1]                                        ; keypad_freq_sel_module:inst_keypad_mod|freq_4[1]                                                                           ; inst_pll|altpll_component|pll|clk[0] ; inst_pll|altpll_component|pll|clk[0] ; 0.000        ; 0.000      ; 0.972      ;
; 0.711 ; keypad_freq_sel_module:inst_keypad_mod|BCD_5[1]                                         ; keypad_freq_sel_module:inst_keypad_mod|freq_5[1]                                                                           ; inst_pll|altpll_component|pll|clk[0] ; inst_pll|altpll_component|pll|clk[0] ; 0.000        ; 0.001      ; 0.978      ;
; 0.714 ; keypad_freq_sel_module:inst_keypad_mod|freq_4[2]                                        ; keypad_freq_sel_module:inst_keypad_mod|freq_5[2]                                                                           ; inst_pll|altpll_component|pll|clk[0] ; inst_pll|altpll_component|pll|clk[0] ; 0.000        ; 0.000      ; 0.980      ;
; 0.715 ; keypad_freq_sel_module:inst_keypad_mod|keypad_module:keypad_mod_inst|out_keys[14]       ; keypad_freq_sel_module:inst_keypad_mod|out_keys_sync[14]                                                                   ; inst_pll|altpll_component|pll|clk[0] ; inst_pll|altpll_component|pll|clk[0] ; 0.000        ; -0.001     ; 0.980      ;
; 0.730 ; keypad_freq_sel_module:inst_keypad_mod|digit_counter[1]                                 ; keypad_freq_sel_module:inst_keypad_mod|digit_counter_BCD[1]                                                                ; inst_pll|altpll_component|pll|clk[0] ; inst_pll|altpll_component|pll|clk[0] ; 0.000        ; 0.001      ; 0.997      ;
; 0.770 ; keypad_freq_sel_module:inst_keypad_mod|keypad_module:keypad_mod_inst|row_2[3]           ; keypad_freq_sel_module:inst_keypad_mod|keypad_module:keypad_mod_inst|row_sync[3]                                           ; inst_pll|altpll_component|pll|clk[0] ; inst_pll|altpll_component|pll|clk[0] ; 0.000        ; 0.000      ; 1.036      ;
; 0.770 ; keypad_freq_sel_module:inst_keypad_mod|keypad_module:keypad_mod_inst|row_2[1]           ; keypad_freq_sel_module:inst_keypad_mod|keypad_module:keypad_mod_inst|row_sync[1]                                           ; inst_pll|altpll_component|pll|clk[0] ; inst_pll|altpll_component|pll|clk[0] ; 0.000        ; 0.000      ; 1.036      ;
; 0.773 ; keypad_freq_sel_module:inst_keypad_mod|keypad_module:keypad_mod_inst|row_2[0]           ; keypad_freq_sel_module:inst_keypad_mod|keypad_module:keypad_mod_inst|row_sync[0]                                           ; inst_pll|altpll_component|pll|clk[0] ; inst_pll|altpll_component|pll|clk[0] ; 0.000        ; 0.000      ; 1.039      ;
+-------+-----------------------------------------------------------------------------------------+----------------------------------------------------------------------------------------------------------------------------+--------------------------------------+--------------------------------------+--------------+------------+------------+


+--------------------------------------------------------------------------------------------------------------------------------------------------------------------------------------------------------------------------------------------------------------------------------------------------------------------------------+
; Slow Model Hold: 'ddfs:inst_ddfs_mod|freq_divider_DDFS:f_div_inst|count[19]'                                                                                                                                                                                                                                                   ;
+-------+-----------------------------+-------------------------------------------------------------------------------------------------------------------------+-----------------------------------------------------------+-----------------------------------------------------------+--------------+------------+------------+
; Slack ; From Node                   ; To Node                                                                                                                 ; Launch Clock                                              ; Latch Clock                                               ; Relationship ; Clock Skew ; Data Delay ;
+-------+-----------------------------+-------------------------------------------------------------------------------------------------------------------------+-----------------------------------------------------------+-----------------------------------------------------------+--------------+------------+------------+
; 0.585 ; ddfs:inst_ddfs_mod|cont[10] ; ddfs:inst_ddfs_mod|cont_rt[10]                                                                                          ; ddfs:inst_ddfs_mod|freq_divider_DDFS:f_div_inst|count[19] ; ddfs:inst_ddfs_mod|freq_divider_DDFS:f_div_inst|count[19] ; 0.000        ; 0.000      ; 0.851      ;
; 1.096 ; ddfs:inst_ddfs_mod|cont[11] ; ddfs:inst_ddfs_mod|cont_rt[11]                                                                                          ; ddfs:inst_ddfs_mod|freq_divider_DDFS:f_div_inst|count[19] ; ddfs:inst_ddfs_mod|freq_divider_DDFS:f_div_inst|count[19] ; 0.000        ; 0.000      ; 1.362      ;
; 1.262 ; ddfs:inst_ddfs_mod|cont[10] ; ddfs:inst_ddfs_mod|cont[11]                                                                                             ; ddfs:inst_ddfs_mod|freq_divider_DDFS:f_div_inst|count[19] ; ddfs:inst_ddfs_mod|freq_divider_DDFS:f_div_inst|count[19] ; 0.000        ; 0.000      ; 1.528      ;
; 1.279 ; ddfs:inst_ddfs_mod|cont[11] ; ddfs:inst_ddfs_mod|cont[11]                                                                                             ; ddfs:inst_ddfs_mod|freq_divider_DDFS:f_div_inst|count[19] ; ddfs:inst_ddfs_mod|freq_divider_DDFS:f_div_inst|count[19] ; 0.000        ; 0.000      ; 1.545      ;
; 1.499 ; ddfs:inst_ddfs_mod|cont[11] ; ddfs:inst_ddfs_mod|cont[10]                                                                                             ; ddfs:inst_ddfs_mod|freq_divider_DDFS:f_div_inst|count[19] ; ddfs:inst_ddfs_mod|freq_divider_DDFS:f_div_inst|count[19] ; 0.000        ; 0.000      ; 1.765      ;
; 1.585 ; ddfs:inst_ddfs_mod|cont[10] ; ddfs:inst_ddfs_mod|cont[10]                                                                                             ; ddfs:inst_ddfs_mod|freq_divider_DDFS:f_div_inst|count[19] ; ddfs:inst_ddfs_mod|freq_divider_DDFS:f_div_inst|count[19] ; 0.000        ; 0.000      ; 1.851      ;
; 1.589 ; ddfs:inst_ddfs_mod|cont[1]  ; ddfs:inst_ddfs_mod|cont[1]                                                                                              ; ddfs:inst_ddfs_mod|freq_divider_DDFS:f_div_inst|count[19] ; ddfs:inst_ddfs_mod|freq_divider_DDFS:f_div_inst|count[19] ; 0.000        ; 0.000      ; 1.855      ;
; 1.591 ; ddfs:inst_ddfs_mod|cont[0]  ; ddfs:inst_ddfs_mod|cont[0]                                                                                              ; ddfs:inst_ddfs_mod|freq_divider_DDFS:f_div_inst|count[19] ; ddfs:inst_ddfs_mod|freq_divider_DDFS:f_div_inst|count[19] ; 0.000        ; 0.000      ; 1.857      ;
; 1.618 ; ddfs:inst_ddfs_mod|cont[3]  ; ddfs:inst_ddfs_mod|sin_lut:lut_inst|altsyncram:rom_rtl_0|altsyncram_qm81:auto_generated|ram_block1a1~porta_address_reg3 ; ddfs:inst_ddfs_mod|freq_divider_DDFS:f_div_inst|count[19] ; ddfs:inst_ddfs_mod|freq_divider_DDFS:f_div_inst|count[19] ; 0.000        ; 0.051      ; 1.903      ;
; 1.641 ; ddfs:inst_ddfs_mod|cont[8]  ; ddfs:inst_ddfs_mod|sin_lut:lut_inst|altsyncram:rom_rtl_0|altsyncram_qm81:auto_generated|ram_block1a8~porta_address_reg8 ; ddfs:inst_ddfs_mod|freq_divider_DDFS:f_div_inst|count[19] ; ddfs:inst_ddfs_mod|freq_divider_DDFS:f_div_inst|count[19] ; 0.000        ; 0.054      ; 1.929      ;
; 1.641 ; ddfs:inst_ddfs_mod|cont[3]  ; ddfs:inst_ddfs_mod|sin_lut:lut_inst|altsyncram:rom_rtl_0|altsyncram_qm81:auto_generated|ram_block1a8~porta_address_reg3 ; ddfs:inst_ddfs_mod|freq_divider_DDFS:f_div_inst|count[19] ; ddfs:inst_ddfs_mod|freq_divider_DDFS:f_div_inst|count[19] ; 0.000        ; 0.054      ; 1.929      ;
; 1.645 ; ddfs:inst_ddfs_mod|cont[10] ; ddfs:inst_ddfs_mod|sin_lut:lut_inst|altsyncram:rom_rtl_0|altsyncram_qm81:auto_generated|ram_block1a8~porta_address_reg6 ; ddfs:inst_ddfs_mod|freq_divider_DDFS:f_div_inst|count[19] ; ddfs:inst_ddfs_mod|freq_divider_DDFS:f_div_inst|count[19] ; 0.000        ; 0.054      ; 1.933      ;
; 1.646 ; ddfs:inst_ddfs_mod|cont[10] ; ddfs:inst_ddfs_mod|sin_lut:lut_inst|altsyncram:rom_rtl_0|altsyncram_qm81:auto_generated|ram_block1a1~porta_address_reg3 ; ddfs:inst_ddfs_mod|freq_divider_DDFS:f_div_inst|count[19] ; ddfs:inst_ddfs_mod|freq_divider_DDFS:f_div_inst|count[19] ; 0.000        ; 0.051      ; 1.931      ;
; 1.650 ; ddfs:inst_ddfs_mod|cont[1]  ; ddfs:inst_ddfs_mod|sin_lut:lut_inst|altsyncram:rom_rtl_0|altsyncram_qm81:auto_generated|ram_block1a8~porta_address_reg1 ; ddfs:inst_ddfs_mod|freq_divider_DDFS:f_div_inst|count[19] ; ddfs:inst_ddfs_mod|freq_divider_DDFS:f_div_inst|count[19] ; 0.000        ; 0.054      ; 1.938      ;
; 1.650 ; ddfs:inst_ddfs_mod|cont[6]  ; ddfs:inst_ddfs_mod|sin_lut:lut_inst|altsyncram:rom_rtl_0|altsyncram_qm81:auto_generated|ram_block1a8~porta_address_reg6 ; ddfs:inst_ddfs_mod|freq_divider_DDFS:f_div_inst|count[19] ; ddfs:inst_ddfs_mod|freq_divider_DDFS:f_div_inst|count[19] ; 0.000        ; 0.054      ; 1.938      ;
; 1.652 ; ddfs:inst_ddfs_mod|cont[10] ; ddfs:inst_ddfs_mod|sin_lut:lut_inst|altsyncram:rom_rtl_0|altsyncram_qm81:auto_generated|ram_block1a8~porta_address_reg9 ; ddfs:inst_ddfs_mod|freq_divider_DDFS:f_div_inst|count[19] ; ddfs:inst_ddfs_mod|freq_divider_DDFS:f_div_inst|count[19] ; 0.000        ; 0.054      ; 1.940      ;
; 1.652 ; ddfs:inst_ddfs_mod|cont[10] ; ddfs:inst_ddfs_mod|sin_lut:lut_inst|altsyncram:rom_rtl_0|altsyncram_qm81:auto_generated|ram_block1a8~porta_address_reg8 ; ddfs:inst_ddfs_mod|freq_divider_DDFS:f_div_inst|count[19] ; ddfs:inst_ddfs_mod|freq_divider_DDFS:f_div_inst|count[19] ; 0.000        ; 0.054      ; 1.940      ;
; 1.655 ; ddfs:inst_ddfs_mod|cont[9]  ; ddfs:inst_ddfs_mod|sin_lut:lut_inst|altsyncram:rom_rtl_0|altsyncram_qm81:auto_generated|ram_block1a8~porta_address_reg9 ; ddfs:inst_ddfs_mod|freq_divider_DDFS:f_div_inst|count[19] ; ddfs:inst_ddfs_mod|freq_divider_DDFS:f_div_inst|count[19] ; 0.000        ; 0.054      ; 1.943      ;
; 1.658 ; ddfs:inst_ddfs_mod|cont[10] ; ddfs:inst_ddfs_mod|sin_lut:lut_inst|altsyncram:rom_rtl_0|altsyncram_qm81:auto_generated|ram_block1a8~porta_address_reg5 ; ddfs:inst_ddfs_mod|freq_divider_DDFS:f_div_inst|count[19] ; ddfs:inst_ddfs_mod|freq_divider_DDFS:f_div_inst|count[19] ; 0.000        ; 0.054      ; 1.946      ;
; 1.658 ; ddfs:inst_ddfs_mod|cont[10] ; ddfs:inst_ddfs_mod|sin_lut:lut_inst|altsyncram:rom_rtl_0|altsyncram_qm81:auto_generated|ram_block1a8~porta_address_reg4 ; ddfs:inst_ddfs_mod|freq_divider_DDFS:f_div_inst|count[19] ; ddfs:inst_ddfs_mod|freq_divider_DDFS:f_div_inst|count[19] ; 0.000        ; 0.054      ; 1.946      ;
; 1.662 ; ddfs:inst_ddfs_mod|cont[10] ; ddfs:inst_ddfs_mod|sin_lut:lut_inst|altsyncram:rom_rtl_0|altsyncram_qm81:auto_generated|ram_block1a8~porta_address_reg1 ; ddfs:inst_ddfs_mod|freq_divider_DDFS:f_div_inst|count[19] ; ddfs:inst_ddfs_mod|freq_divider_DDFS:f_div_inst|count[19] ; 0.000        ; 0.054      ; 1.950      ;
; 1.666 ; ddfs:inst_ddfs_mod|cont[4]  ; ddfs:inst_ddfs_mod|sin_lut:lut_inst|altsyncram:rom_rtl_0|altsyncram_qm81:auto_generated|ram_block1a8~porta_address_reg4 ; ddfs:inst_ddfs_mod|freq_divider_DDFS:f_div_inst|count[19] ; ddfs:inst_ddfs_mod|freq_divider_DDFS:f_div_inst|count[19] ; 0.000        ; 0.054      ; 1.954      ;
; 1.669 ; ddfs:inst_ddfs_mod|cont[10] ; ddfs:inst_ddfs_mod|sin_lut:lut_inst|altsyncram:rom_rtl_0|altsyncram_qm81:auto_generated|ram_block1a8~porta_address_reg3 ; ddfs:inst_ddfs_mod|freq_divider_DDFS:f_div_inst|count[19] ; ddfs:inst_ddfs_mod|freq_divider_DDFS:f_div_inst|count[19] ; 0.000        ; 0.054      ; 1.957      ;
; 1.691 ; ddfs:inst_ddfs_mod|cont[0]  ; ddfs:inst_ddfs_mod|sin_lut:lut_inst|altsyncram:rom_rtl_0|altsyncram_qm81:auto_generated|ram_block1a8~porta_address_reg0 ; ddfs:inst_ddfs_mod|freq_divider_DDFS:f_div_inst|count[19] ; ddfs:inst_ddfs_mod|freq_divider_DDFS:f_div_inst|count[19] ; 0.000        ; 0.054      ; 1.979      ;
; 1.700 ; ddfs:inst_ddfs_mod|cont[10] ; ddfs:inst_ddfs_mod|sin_lut:lut_inst|altsyncram:rom_rtl_0|altsyncram_qm81:auto_generated|ram_block1a8~porta_address_reg0 ; ddfs:inst_ddfs_mod|freq_divider_DDFS:f_div_inst|count[19] ; ddfs:inst_ddfs_mod|freq_divider_DDFS:f_div_inst|count[19] ; 0.000        ; 0.054      ; 1.988      ;
; 1.714 ; ddfs:inst_ddfs_mod|cont[3]  ; ddfs:inst_ddfs_mod|cont[3]                                                                                              ; ddfs:inst_ddfs_mod|freq_divider_DDFS:f_div_inst|count[19] ; ddfs:inst_ddfs_mod|freq_divider_DDFS:f_div_inst|count[19] ; 0.000        ; 0.000      ; 1.980      ;
; 1.721 ; ddfs:inst_ddfs_mod|cont[4]  ; ddfs:inst_ddfs_mod|cont[4]                                                                                              ; ddfs:inst_ddfs_mod|freq_divider_DDFS:f_div_inst|count[19] ; ddfs:inst_ddfs_mod|freq_divider_DDFS:f_div_inst|count[19] ; 0.000        ; 0.000      ; 1.987      ;
; 1.772 ; ddfs:inst_ddfs_mod|cont[11] ; ddfs:inst_ddfs_mod|cont[1]                                                                                              ; ddfs:inst_ddfs_mod|freq_divider_DDFS:f_div_inst|count[19] ; ddfs:inst_ddfs_mod|freq_divider_DDFS:f_div_inst|count[19] ; 0.000        ; 0.000      ; 2.038      ;
; 1.775 ; ddfs:inst_ddfs_mod|cont[11] ; ddfs:inst_ddfs_mod|cont[0]                                                                                              ; ddfs:inst_ddfs_mod|freq_divider_DDFS:f_div_inst|count[19] ; ddfs:inst_ddfs_mod|freq_divider_DDFS:f_div_inst|count[19] ; 0.000        ; 0.000      ; 2.041      ;
; 1.804 ; ddfs:inst_ddfs_mod|cont[11] ; ddfs:inst_ddfs_mod|cont[3]                                                                                              ; ddfs:inst_ddfs_mod|freq_divider_DDFS:f_div_inst|count[19] ; ddfs:inst_ddfs_mod|freq_divider_DDFS:f_div_inst|count[19] ; 0.000        ; 0.000      ; 2.070      ;
; 1.804 ; ddfs:inst_ddfs_mod|cont[11] ; ddfs:inst_ddfs_mod|cont[4]                                                                                              ; ddfs:inst_ddfs_mod|freq_divider_DDFS:f_div_inst|count[19] ; ddfs:inst_ddfs_mod|freq_divider_DDFS:f_div_inst|count[19] ; 0.000        ; 0.000      ; 2.070      ;
; 1.842 ; ddfs:inst_ddfs_mod|cont[5]  ; ddfs:inst_ddfs_mod|sin_lut:lut_inst|altsyncram:rom_rtl_0|altsyncram_qm81:auto_generated|ram_block1a8~porta_address_reg5 ; ddfs:inst_ddfs_mod|freq_divider_DDFS:f_div_inst|count[19] ; ddfs:inst_ddfs_mod|freq_divider_DDFS:f_div_inst|count[19] ; 0.000        ; 0.054      ; 2.130      ;
; 1.883 ; ddfs:inst_ddfs_mod|cont[0]  ; ddfs:inst_ddfs_mod|sin_lut:lut_inst|altsyncram:rom_rtl_0|altsyncram_qm81:auto_generated|ram_block1a4~porta_address_reg0 ; ddfs:inst_ddfs_mod|freq_divider_DDFS:f_div_inst|count[19] ; ddfs:inst_ddfs_mod|freq_divider_DDFS:f_div_inst|count[19] ; 0.000        ; 0.057      ; 2.174      ;
; 1.885 ; ddfs:inst_ddfs_mod|cont[3]  ; ddfs:inst_ddfs_mod|sin_lut:lut_inst|altsyncram:rom_rtl_0|altsyncram_qm81:auto_generated|ram_block1a4~porta_address_reg3 ; ddfs:inst_ddfs_mod|freq_divider_DDFS:f_div_inst|count[19] ; ddfs:inst_ddfs_mod|freq_divider_DDFS:f_div_inst|count[19] ; 0.000        ; 0.057      ; 2.176      ;
; 1.892 ; ddfs:inst_ddfs_mod|cont[10] ; ddfs:inst_ddfs_mod|sin_lut:lut_inst|altsyncram:rom_rtl_0|altsyncram_qm81:auto_generated|ram_block1a4~porta_address_reg0 ; ddfs:inst_ddfs_mod|freq_divider_DDFS:f_div_inst|count[19] ; ddfs:inst_ddfs_mod|freq_divider_DDFS:f_div_inst|count[19] ; 0.000        ; 0.057      ; 2.183      ;
; 1.901 ; ddfs:inst_ddfs_mod|cont[10] ; ddfs:inst_ddfs_mod|sin_lut:lut_inst|altsyncram:rom_rtl_0|altsyncram_qm81:auto_generated|ram_block1a4~porta_address_reg7 ; ddfs:inst_ddfs_mod|freq_divider_DDFS:f_div_inst|count[19] ; ddfs:inst_ddfs_mod|freq_divider_DDFS:f_div_inst|count[19] ; 0.000        ; 0.057      ; 2.192      ;
; 1.903 ; ddfs:inst_ddfs_mod|cont[8]  ; ddfs:inst_ddfs_mod|sin_lut:lut_inst|altsyncram:rom_rtl_0|altsyncram_qm81:auto_generated|ram_block1a4~porta_address_reg8 ; ddfs:inst_ddfs_mod|freq_divider_DDFS:f_div_inst|count[19] ; ddfs:inst_ddfs_mod|freq_divider_DDFS:f_div_inst|count[19] ; 0.000        ; 0.057      ; 2.194      ;
; 1.905 ; ddfs:inst_ddfs_mod|cont[10] ; ddfs:inst_ddfs_mod|sin_lut:lut_inst|altsyncram:rom_rtl_0|altsyncram_qm81:auto_generated|ram_block1a8~porta_address_reg2 ; ddfs:inst_ddfs_mod|freq_divider_DDFS:f_div_inst|count[19] ; ddfs:inst_ddfs_mod|freq_divider_DDFS:f_div_inst|count[19] ; 0.000        ; 0.054      ; 2.193      ;
; 1.905 ; ddfs:inst_ddfs_mod|cont[1]  ; ddfs:inst_ddfs_mod|sin_lut:lut_inst|altsyncram:rom_rtl_0|altsyncram_qm81:auto_generated|ram_block1a1~porta_address_reg1 ; ddfs:inst_ddfs_mod|freq_divider_DDFS:f_div_inst|count[19] ; ddfs:inst_ddfs_mod|freq_divider_DDFS:f_div_inst|count[19] ; 0.000        ; 0.051      ; 2.190      ;
; 1.905 ; ddfs:inst_ddfs_mod|cont[2]  ; ddfs:inst_ddfs_mod|sin_lut:lut_inst|altsyncram:rom_rtl_0|altsyncram_qm81:auto_generated|ram_block1a8~porta_address_reg2 ; ddfs:inst_ddfs_mod|freq_divider_DDFS:f_div_inst|count[19] ; ddfs:inst_ddfs_mod|freq_divider_DDFS:f_div_inst|count[19] ; 0.000        ; 0.054      ; 2.193      ;
; 1.907 ; ddfs:inst_ddfs_mod|cont[10] ; ddfs:inst_ddfs_mod|sin_lut:lut_inst|altsyncram:rom_rtl_0|altsyncram_qm81:auto_generated|ram_block1a4~porta_address_reg4 ; ddfs:inst_ddfs_mod|freq_divider_DDFS:f_div_inst|count[19] ; ddfs:inst_ddfs_mod|freq_divider_DDFS:f_div_inst|count[19] ; 0.000        ; 0.057      ; 2.198      ;
; 1.909 ; ddfs:inst_ddfs_mod|cont[10] ; ddfs:inst_ddfs_mod|sin_lut:lut_inst|altsyncram:rom_rtl_0|altsyncram_qm81:auto_generated|ram_block1a4~porta_address_reg9 ; ddfs:inst_ddfs_mod|freq_divider_DDFS:f_div_inst|count[19] ; ddfs:inst_ddfs_mod|freq_divider_DDFS:f_div_inst|count[19] ; 0.000        ; 0.057      ; 2.200      ;
; 1.911 ; ddfs:inst_ddfs_mod|cont[10] ; ddfs:inst_ddfs_mod|sin_lut:lut_inst|altsyncram:rom_rtl_0|altsyncram_qm81:auto_generated|ram_block1a4~porta_address_reg5 ; ddfs:inst_ddfs_mod|freq_divider_DDFS:f_div_inst|count[19] ; ddfs:inst_ddfs_mod|freq_divider_DDFS:f_div_inst|count[19] ; 0.000        ; 0.057      ; 2.202      ;
; 1.912 ; ddfs:inst_ddfs_mod|cont[9]  ; ddfs:inst_ddfs_mod|sin_lut:lut_inst|altsyncram:rom_rtl_0|altsyncram_qm81:auto_generated|ram_block1a4~porta_address_reg9 ; ddfs:inst_ddfs_mod|freq_divider_DDFS:f_div_inst|count[19] ; ddfs:inst_ddfs_mod|freq_divider_DDFS:f_div_inst|count[19] ; 0.000        ; 0.057      ; 2.203      ;
; 1.913 ; ddfs:inst_ddfs_mod|cont[10] ; ddfs:inst_ddfs_mod|sin_lut:lut_inst|altsyncram:rom_rtl_0|altsyncram_qm81:auto_generated|ram_block1a4~porta_address_reg3 ; ddfs:inst_ddfs_mod|freq_divider_DDFS:f_div_inst|count[19] ; ddfs:inst_ddfs_mod|freq_divider_DDFS:f_div_inst|count[19] ; 0.000        ; 0.057      ; 2.204      ;
; 1.914 ; ddfs:inst_ddfs_mod|cont[10] ; ddfs:inst_ddfs_mod|sin_lut:lut_inst|altsyncram:rom_rtl_0|altsyncram_qm81:auto_generated|ram_block1a4~porta_address_reg8 ; ddfs:inst_ddfs_mod|freq_divider_DDFS:f_div_inst|count[19] ; ddfs:inst_ddfs_mod|freq_divider_DDFS:f_div_inst|count[19] ; 0.000        ; 0.057      ; 2.205      ;
; 1.915 ; ddfs:inst_ddfs_mod|cont[4]  ; ddfs:inst_ddfs_mod|sin_lut:lut_inst|altsyncram:rom_rtl_0|altsyncram_qm81:auto_generated|ram_block1a4~porta_address_reg4 ; ddfs:inst_ddfs_mod|freq_divider_DDFS:f_div_inst|count[19] ; ddfs:inst_ddfs_mod|freq_divider_DDFS:f_div_inst|count[19] ; 0.000        ; 0.057      ; 2.206      ;
; 1.917 ; ddfs:inst_ddfs_mod|cont[10] ; ddfs:inst_ddfs_mod|sin_lut:lut_inst|altsyncram:rom_rtl_0|altsyncram_qm81:auto_generated|ram_block1a1~porta_address_reg1 ; ddfs:inst_ddfs_mod|freq_divider_DDFS:f_div_inst|count[19] ; ddfs:inst_ddfs_mod|freq_divider_DDFS:f_div_inst|count[19] ; 0.000        ; 0.051      ; 2.202      ;
; 1.918 ; ddfs:inst_ddfs_mod|cont[10] ; ddfs:inst_ddfs_mod|sin_lut:lut_inst|altsyncram:rom_rtl_0|altsyncram_qm81:auto_generated|ram_block1a8~porta_address_reg7 ; ddfs:inst_ddfs_mod|freq_divider_DDFS:f_div_inst|count[19] ; ddfs:inst_ddfs_mod|freq_divider_DDFS:f_div_inst|count[19] ; 0.000        ; 0.054      ; 2.206      ;
; 1.921 ; ddfs:inst_ddfs_mod|cont[10] ; ddfs:inst_ddfs_mod|sin_lut:lut_inst|altsyncram:rom_rtl_0|altsyncram_qm81:auto_generated|ram_block1a1~porta_address_reg6 ; ddfs:inst_ddfs_mod|freq_divider_DDFS:f_div_inst|count[19] ; ddfs:inst_ddfs_mod|freq_divider_DDFS:f_div_inst|count[19] ; 0.000        ; 0.051      ; 2.206      ;
; 1.926 ; ddfs:inst_ddfs_mod|cont[6]  ; ddfs:inst_ddfs_mod|sin_lut:lut_inst|altsyncram:rom_rtl_0|altsyncram_qm81:auto_generated|ram_block1a1~porta_address_reg6 ; ddfs:inst_ddfs_mod|freq_divider_DDFS:f_div_inst|count[19] ; ddfs:inst_ddfs_mod|freq_divider_DDFS:f_div_inst|count[19] ; 0.000        ; 0.051      ; 2.211      ;
; 1.931 ; ddfs:inst_ddfs_mod|cont[1]  ; ddfs:inst_ddfs_mod|cont[11]                                                                                             ; ddfs:inst_ddfs_mod|freq_divider_DDFS:f_div_inst|count[19] ; ddfs:inst_ddfs_mod|freq_divider_DDFS:f_div_inst|count[19] ; 0.000        ; 0.000      ; 2.197      ;
; 1.932 ; ddfs:inst_ddfs_mod|cont[1]  ; ddfs:inst_ddfs_mod|sin_lut:lut_inst|altsyncram:rom_rtl_0|altsyncram_qm81:auto_generated|ram_block1a4~porta_address_reg1 ; ddfs:inst_ddfs_mod|freq_divider_DDFS:f_div_inst|count[19] ; ddfs:inst_ddfs_mod|freq_divider_DDFS:f_div_inst|count[19] ; 0.000        ; 0.057      ; 2.223      ;
; 1.934 ; ddfs:inst_ddfs_mod|cont[10] ; ddfs:inst_ddfs_mod|sin_lut:lut_inst|altsyncram:rom_rtl_0|altsyncram_qm81:auto_generated|ram_block1a1~porta_address_reg4 ; ddfs:inst_ddfs_mod|freq_divider_DDFS:f_div_inst|count[19] ; ddfs:inst_ddfs_mod|freq_divider_DDFS:f_div_inst|count[19] ; 0.000        ; 0.051      ; 2.219      ;
; 1.939 ; ddfs:inst_ddfs_mod|cont[10] ; ddfs:inst_ddfs_mod|sin_lut:lut_inst|altsyncram:rom_rtl_0|altsyncram_qm81:auto_generated|ram_block1a1~porta_address_reg9 ; ddfs:inst_ddfs_mod|freq_divider_DDFS:f_div_inst|count[19] ; ddfs:inst_ddfs_mod|freq_divider_DDFS:f_div_inst|count[19] ; 0.000        ; 0.051      ; 2.224      ;
; 1.941 ; ddfs:inst_ddfs_mod|cont[8]  ; ddfs:inst_ddfs_mod|sin_lut:lut_inst|altsyncram:rom_rtl_0|altsyncram_qm81:auto_generated|ram_block1a1~porta_address_reg8 ; ddfs:inst_ddfs_mod|freq_divider_DDFS:f_div_inst|count[19] ; ddfs:inst_ddfs_mod|freq_divider_DDFS:f_div_inst|count[19] ; 0.000        ; 0.051      ; 2.226      ;
; 1.941 ; ddfs:inst_ddfs_mod|cont[10] ; ddfs:inst_ddfs_mod|sin_lut:lut_inst|altsyncram:rom_rtl_0|altsyncram_qm81:auto_generated|ram_block1a1~porta_address_reg5 ; ddfs:inst_ddfs_mod|freq_divider_DDFS:f_div_inst|count[19] ; ddfs:inst_ddfs_mod|freq_divider_DDFS:f_div_inst|count[19] ; 0.000        ; 0.051      ; 2.226      ;
; 1.942 ; ddfs:inst_ddfs_mod|cont[4]  ; ddfs:inst_ddfs_mod|sin_lut:lut_inst|altsyncram:rom_rtl_0|altsyncram_qm81:auto_generated|ram_block1a1~porta_address_reg4 ; ddfs:inst_ddfs_mod|freq_divider_DDFS:f_div_inst|count[19] ; ddfs:inst_ddfs_mod|freq_divider_DDFS:f_div_inst|count[19] ; 0.000        ; 0.051      ; 2.227      ;
; 1.942 ; ddfs:inst_ddfs_mod|cont[9]  ; ddfs:inst_ddfs_mod|sin_lut:lut_inst|altsyncram:rom_rtl_0|altsyncram_qm81:auto_generated|ram_block1a1~porta_address_reg9 ; ddfs:inst_ddfs_mod|freq_divider_DDFS:f_div_inst|count[19] ; ddfs:inst_ddfs_mod|freq_divider_DDFS:f_div_inst|count[19] ; 0.000        ; 0.051      ; 2.227      ;
; 1.944 ; ddfs:inst_ddfs_mod|cont[10] ; ddfs:inst_ddfs_mod|sin_lut:lut_inst|altsyncram:rom_rtl_0|altsyncram_qm81:auto_generated|ram_block1a4~porta_address_reg1 ; ddfs:inst_ddfs_mod|freq_divider_DDFS:f_div_inst|count[19] ; ddfs:inst_ddfs_mod|freq_divider_DDFS:f_div_inst|count[19] ; 0.000        ; 0.057      ; 2.235      ;
; 1.948 ; ddfs:inst_ddfs_mod|cont[2]  ; ddfs:inst_ddfs_mod|cont[3]                                                                                              ; ddfs:inst_ddfs_mod|freq_divider_DDFS:f_div_inst|count[19] ; ddfs:inst_ddfs_mod|freq_divider_DDFS:f_div_inst|count[19] ; 0.000        ; 0.000      ; 2.214      ;
; 1.952 ; ddfs:inst_ddfs_mod|cont[10] ; ddfs:inst_ddfs_mod|sin_lut:lut_inst|altsyncram:rom_rtl_0|altsyncram_qm81:auto_generated|ram_block1a1~porta_address_reg8 ; ddfs:inst_ddfs_mod|freq_divider_DDFS:f_div_inst|count[19] ; ddfs:inst_ddfs_mod|freq_divider_DDFS:f_div_inst|count[19] ; 0.000        ; 0.051      ; 2.237      ;
; 1.975 ; ddfs:inst_ddfs_mod|cont[0]  ; ddfs:inst_ddfs_mod|cont[1]                                                                                              ; ddfs:inst_ddfs_mod|freq_divider_DDFS:f_div_inst|count[19] ; ddfs:inst_ddfs_mod|freq_divider_DDFS:f_div_inst|count[19] ; 0.000        ; 0.000      ; 2.241      ;
; 1.977 ; ddfs:inst_ddfs_mod|cont[0]  ; ddfs:inst_ddfs_mod|sin_lut:lut_inst|altsyncram:rom_rtl_0|altsyncram_qm81:auto_generated|ram_block1a1~porta_address_reg0 ; ddfs:inst_ddfs_mod|freq_divider_DDFS:f_div_inst|count[19] ; ddfs:inst_ddfs_mod|freq_divider_DDFS:f_div_inst|count[19] ; 0.000        ; 0.051      ; 2.262      ;
; 1.986 ; ddfs:inst_ddfs_mod|cont[10] ; ddfs:inst_ddfs_mod|sin_lut:lut_inst|altsyncram:rom_rtl_0|altsyncram_qm81:auto_generated|ram_block1a1~porta_address_reg0 ; ddfs:inst_ddfs_mod|freq_divider_DDFS:f_div_inst|count[19] ; ddfs:inst_ddfs_mod|freq_divider_DDFS:f_div_inst|count[19] ; 0.000        ; 0.051      ; 2.271      ;
; 2.022 ; ddfs:inst_ddfs_mod|cont[2]  ; ddfs:inst_ddfs_mod|cont[4]                                                                                              ; ddfs:inst_ddfs_mod|freq_divider_DDFS:f_div_inst|count[19] ; ddfs:inst_ddfs_mod|freq_divider_DDFS:f_div_inst|count[19] ; 0.000        ; 0.000      ; 2.288      ;
; 2.033 ; ddfs:inst_ddfs_mod|cont[10] ; ddfs:inst_ddfs_mod|cont[3]                                                                                              ; ddfs:inst_ddfs_mod|freq_divider_DDFS:f_div_inst|count[19] ; ddfs:inst_ddfs_mod|freq_divider_DDFS:f_div_inst|count[19] ; 0.000        ; 0.000      ; 2.299      ;
; 2.033 ; ddfs:inst_ddfs_mod|cont[10] ; ddfs:inst_ddfs_mod|cont[4]                                                                                              ; ddfs:inst_ddfs_mod|freq_divider_DDFS:f_div_inst|count[19] ; ddfs:inst_ddfs_mod|freq_divider_DDFS:f_div_inst|count[19] ; 0.000        ; 0.000      ; 2.299      ;
; 2.065 ; ddfs:inst_ddfs_mod|cont[7]  ; ddfs:inst_ddfs_mod|sin_lut:lut_inst|altsyncram:rom_rtl_0|altsyncram_qm81:auto_generated|ram_block1a4~porta_address_reg7 ; ddfs:inst_ddfs_mod|freq_divider_DDFS:f_div_inst|count[19] ; ddfs:inst_ddfs_mod|freq_divider_DDFS:f_div_inst|count[19] ; 0.000        ; 0.057      ; 2.356      ;
; 2.082 ; ddfs:inst_ddfs_mod|cont[7]  ; ddfs:inst_ddfs_mod|sin_lut:lut_inst|altsyncram:rom_rtl_0|altsyncram_qm81:auto_generated|ram_block1a8~porta_address_reg7 ; ddfs:inst_ddfs_mod|freq_divider_DDFS:f_div_inst|count[19] ; ddfs:inst_ddfs_mod|freq_divider_DDFS:f_div_inst|count[19] ; 0.000        ; 0.054      ; 2.370      ;
; 2.095 ; ddfs:inst_ddfs_mod|cont[5]  ; ddfs:inst_ddfs_mod|sin_lut:lut_inst|altsyncram:rom_rtl_0|altsyncram_qm81:auto_generated|ram_block1a4~porta_address_reg5 ; ddfs:inst_ddfs_mod|freq_divider_DDFS:f_div_inst|count[19] ; ddfs:inst_ddfs_mod|freq_divider_DDFS:f_div_inst|count[19] ; 0.000        ; 0.057      ; 2.386      ;
; 2.104 ; ddfs:inst_ddfs_mod|cont[3]  ; ddfs:inst_ddfs_mod|cont[4]                                                                                              ; ddfs:inst_ddfs_mod|freq_divider_DDFS:f_div_inst|count[19] ; ddfs:inst_ddfs_mod|freq_divider_DDFS:f_div_inst|count[19] ; 0.000        ; 0.000      ; 2.370      ;
; 2.125 ; ddfs:inst_ddfs_mod|cont[5]  ; ddfs:inst_ddfs_mod|sin_lut:lut_inst|altsyncram:rom_rtl_0|altsyncram_qm81:auto_generated|ram_block1a1~porta_address_reg5 ; ddfs:inst_ddfs_mod|freq_divider_DDFS:f_div_inst|count[19] ; ddfs:inst_ddfs_mod|freq_divider_DDFS:f_div_inst|count[19] ; 0.000        ; 0.051      ; 2.410      ;
; 2.148 ; ddfs:inst_ddfs_mod|cont[10] ; ddfs:inst_ddfs_mod|sin_lut:lut_inst|altsyncram:rom_rtl_0|altsyncram_qm81:auto_generated|ram_block1a4~porta_address_reg6 ; ddfs:inst_ddfs_mod|freq_divider_DDFS:f_div_inst|count[19] ; ddfs:inst_ddfs_mod|freq_divider_DDFS:f_div_inst|count[19] ; 0.000        ; 0.057      ; 2.439      ;
; 2.153 ; ddfs:inst_ddfs_mod|cont[6]  ; ddfs:inst_ddfs_mod|sin_lut:lut_inst|altsyncram:rom_rtl_0|altsyncram_qm81:auto_generated|ram_block1a4~porta_address_reg6 ; ddfs:inst_ddfs_mod|freq_divider_DDFS:f_div_inst|count[19] ; ddfs:inst_ddfs_mod|freq_divider_DDFS:f_div_inst|count[19] ; 0.000        ; 0.057      ; 2.444      ;
; 2.169 ; ddfs:inst_ddfs_mod|cont[10] ; ddfs:inst_ddfs_mod|sin_lut:lut_inst|altsyncram:rom_rtl_0|altsyncram_qm81:auto_generated|ram_block1a4~porta_address_reg2 ; ddfs:inst_ddfs_mod|freq_divider_DDFS:f_div_inst|count[19] ; ddfs:inst_ddfs_mod|freq_divider_DDFS:f_div_inst|count[19] ; 0.000        ; 0.057      ; 2.460      ;
; 2.169 ; ddfs:inst_ddfs_mod|cont[2]  ; ddfs:inst_ddfs_mod|sin_lut:lut_inst|altsyncram:rom_rtl_0|altsyncram_qm81:auto_generated|ram_block1a4~porta_address_reg2 ; ddfs:inst_ddfs_mod|freq_divider_DDFS:f_div_inst|count[19] ; ddfs:inst_ddfs_mod|freq_divider_DDFS:f_div_inst|count[19] ; 0.000        ; 0.057      ; 2.460      ;
; 2.171 ; ddfs:inst_ddfs_mod|cont[1]  ; ddfs:inst_ddfs_mod|cont[3]                                                                                              ; ddfs:inst_ddfs_mod|freq_divider_DDFS:f_div_inst|count[19] ; ddfs:inst_ddfs_mod|freq_divider_DDFS:f_div_inst|count[19] ; 0.000        ; 0.000      ; 2.437      ;
; 2.183 ; ddfs:inst_ddfs_mod|cont[10] ; ddfs:inst_ddfs_mod|sin_lut:lut_inst|altsyncram:rom_rtl_0|altsyncram_qm81:auto_generated|ram_block1a1~porta_address_reg7 ; ddfs:inst_ddfs_mod|freq_divider_DDFS:f_div_inst|count[19] ; ddfs:inst_ddfs_mod|freq_divider_DDFS:f_div_inst|count[19] ; 0.000        ; 0.051      ; 2.468      ;
; 2.187 ; ddfs:inst_ddfs_mod|cont[10] ; ddfs:inst_ddfs_mod|sin_lut:lut_inst|altsyncram:rom_rtl_0|altsyncram_qm81:auto_generated|ram_block1a1~porta_address_reg2 ; ddfs:inst_ddfs_mod|freq_divider_DDFS:f_div_inst|count[19] ; ddfs:inst_ddfs_mod|freq_divider_DDFS:f_div_inst|count[19] ; 0.000        ; 0.051      ; 2.472      ;
; 2.187 ; ddfs:inst_ddfs_mod|cont[2]  ; ddfs:inst_ddfs_mod|sin_lut:lut_inst|altsyncram:rom_rtl_0|altsyncram_qm81:auto_generated|ram_block1a1~porta_address_reg2 ; ddfs:inst_ddfs_mod|freq_divider_DDFS:f_div_inst|count[19] ; ddfs:inst_ddfs_mod|freq_divider_DDFS:f_div_inst|count[19] ; 0.000        ; 0.051      ; 2.472      ;
; 2.205 ; ddfs:inst_ddfs_mod|cont[0]  ; ddfs:inst_ddfs_mod|cont[11]                                                                                             ; ddfs:inst_ddfs_mod|freq_divider_DDFS:f_div_inst|count[19] ; ddfs:inst_ddfs_mod|freq_divider_DDFS:f_div_inst|count[19] ; 0.000        ; 0.000      ; 2.471      ;
; 2.241 ; ddfs:inst_ddfs_mod|cont[0]  ; ddfs:inst_ddfs_mod|cont[3]                                                                                              ; ddfs:inst_ddfs_mod|freq_divider_DDFS:f_div_inst|count[19] ; ddfs:inst_ddfs_mod|freq_divider_DDFS:f_div_inst|count[19] ; 0.000        ; 0.000      ; 2.507      ;
; 2.242 ; ddfs:inst_ddfs_mod|cont[2]  ; ddfs:inst_ddfs_mod|cont[2]                                                                                              ; ddfs:inst_ddfs_mod|freq_divider_DDFS:f_div_inst|count[19] ; ddfs:inst_ddfs_mod|freq_divider_DDFS:f_div_inst|count[19] ; 0.000        ; 0.000      ; 2.508      ;
; 2.245 ; ddfs:inst_ddfs_mod|cont[1]  ; ddfs:inst_ddfs_mod|cont[4]                                                                                              ; ddfs:inst_ddfs_mod|freq_divider_DDFS:f_div_inst|count[19] ; ddfs:inst_ddfs_mod|freq_divider_DDFS:f_div_inst|count[19] ; 0.000        ; 0.000      ; 2.511      ;
; 2.256 ; ddfs:inst_ddfs_mod|cont[1]  ; ddfs:inst_ddfs_mod|cont[10]                                                                                             ; ddfs:inst_ddfs_mod|freq_divider_DDFS:f_div_inst|count[19] ; ddfs:inst_ddfs_mod|freq_divider_DDFS:f_div_inst|count[19] ; 0.000        ; 0.000      ; 2.522      ;
; 2.265 ; ddfs:inst_ddfs_mod|cont[9]  ; ddfs:inst_ddfs_mod|cont[10]                                                                                             ; ddfs:inst_ddfs_mod|freq_divider_DDFS:f_div_inst|count[19] ; ddfs:inst_ddfs_mod|freq_divider_DDFS:f_div_inst|count[19] ; 0.000        ; 0.000      ; 2.531      ;
; 2.315 ; ddfs:inst_ddfs_mod|cont[0]  ; ddfs:inst_ddfs_mod|cont[4]                                                                                              ; ddfs:inst_ddfs_mod|freq_divider_DDFS:f_div_inst|count[19] ; ddfs:inst_ddfs_mod|freq_divider_DDFS:f_div_inst|count[19] ; 0.000        ; 0.000      ; 2.581      ;
; 2.317 ; ddfs:inst_ddfs_mod|cont[10] ; ddfs:inst_ddfs_mod|cont[0]                                                                                              ; ddfs:inst_ddfs_mod|freq_divider_DDFS:f_div_inst|count[19] ; ddfs:inst_ddfs_mod|freq_divider_DDFS:f_div_inst|count[19] ; 0.000        ; 0.000      ; 2.583      ;
; 2.318 ; ddfs:inst_ddfs_mod|cont[10] ; ddfs:inst_ddfs_mod|cont[1]                                                                                              ; ddfs:inst_ddfs_mod|freq_divider_DDFS:f_div_inst|count[19] ; ddfs:inst_ddfs_mod|freq_divider_DDFS:f_div_inst|count[19] ; 0.000        ; 0.000      ; 2.584      ;
; 2.347 ; ddfs:inst_ddfs_mod|cont[7]  ; ddfs:inst_ddfs_mod|sin_lut:lut_inst|altsyncram:rom_rtl_0|altsyncram_qm81:auto_generated|ram_block1a1~porta_address_reg7 ; ddfs:inst_ddfs_mod|freq_divider_DDFS:f_div_inst|count[19] ; ddfs:inst_ddfs_mod|freq_divider_DDFS:f_div_inst|count[19] ; 0.000        ; 0.051      ; 2.632      ;
; 2.369 ; ddfs:inst_ddfs_mod|cont[7]  ; ddfs:inst_ddfs_mod|cont[7]                                                                                              ; ddfs:inst_ddfs_mod|freq_divider_DDFS:f_div_inst|count[19] ; ddfs:inst_ddfs_mod|freq_divider_DDFS:f_div_inst|count[19] ; 0.000        ; 0.000      ; 2.635      ;
; 2.410 ; ddfs:inst_ddfs_mod|cont[7]  ; ddfs:inst_ddfs_mod|cont[10]                                                                                             ; ddfs:inst_ddfs_mod|freq_divider_DDFS:f_div_inst|count[19] ; ddfs:inst_ddfs_mod|freq_divider_DDFS:f_div_inst|count[19] ; 0.000        ; 0.000      ; 2.676      ;
; 2.445 ; ddfs:inst_ddfs_mod|cont[5]  ; ddfs:inst_ddfs_mod|cont[10]                                                                                             ; ddfs:inst_ddfs_mod|freq_divider_DDFS:f_div_inst|count[19] ; ddfs:inst_ddfs_mod|freq_divider_DDFS:f_div_inst|count[19] ; 0.000        ; 0.000      ; 2.711      ;
; 2.482 ; ddfs:inst_ddfs_mod|cont[5]  ; ddfs:inst_ddfs_mod|cont[5]                                                                                              ; ddfs:inst_ddfs_mod|freq_divider_DDFS:f_div_inst|count[19] ; ddfs:inst_ddfs_mod|freq_divider_DDFS:f_div_inst|count[19] ; 0.000        ; 0.000      ; 2.748      ;
; 2.487 ; ddfs:inst_ddfs_mod|cont[11] ; ddfs:inst_ddfs_mod|cont[2]                                                                                              ; ddfs:inst_ddfs_mod|freq_divider_DDFS:f_div_inst|count[19] ; ddfs:inst_ddfs_mod|freq_divider_DDFS:f_div_inst|count[19] ; 0.000        ; 0.000      ; 2.753      ;
; 2.494 ; ddfs:inst_ddfs_mod|cont[11] ; ddfs:inst_ddfs_mod|cont[9]                                                                                              ; ddfs:inst_ddfs_mod|freq_divider_DDFS:f_div_inst|count[19] ; ddfs:inst_ddfs_mod|freq_divider_DDFS:f_div_inst|count[19] ; 0.000        ; 0.000      ; 2.760      ;
; 2.506 ; ddfs:inst_ddfs_mod|cont[11] ; ddfs:inst_ddfs_mod|cont[8]                                                                                              ; ddfs:inst_ddfs_mod|freq_divider_DDFS:f_div_inst|count[19] ; ddfs:inst_ddfs_mod|freq_divider_DDFS:f_div_inst|count[19] ; 0.000        ; 0.000      ; 2.772      ;
; 2.510 ; ddfs:inst_ddfs_mod|cont[11] ; ddfs:inst_ddfs_mod|cont[7]                                                                                              ; ddfs:inst_ddfs_mod|freq_divider_DDFS:f_div_inst|count[19] ; ddfs:inst_ddfs_mod|freq_divider_DDFS:f_div_inst|count[19] ; 0.000        ; 0.000      ; 2.776      ;
; 2.530 ; ddfs:inst_ddfs_mod|cont[0]  ; ddfs:inst_ddfs_mod|cont[10]                                                                                             ; ddfs:inst_ddfs_mod|freq_divider_DDFS:f_div_inst|count[19] ; ddfs:inst_ddfs_mod|freq_divider_DDFS:f_div_inst|count[19] ; 0.000        ; 0.000      ; 2.796      ;
+-------+-----------------------------+-------------------------------------------------------------------------------------------------------------------------+-----------------------------------------------------------+-----------------------------------------------------------+--------------+------------+------------+


+--------------------------------------------------------------------------------------------------------------------------------------------------------------------------------------------------------------------------------------------+
; Slow Model Minimum Pulse Width: 'inst_pll|altpll_component|pll|clk[0]'                                                                                                                                                                     ;
+-------+--------------+----------------+------------------+--------------------------------------+------------+-----------------------------------------------------------------------------------------------------------------------------+
; Slack ; Actual Width ; Required Width ; Type             ; Clock                                ; Clock Edge ; Target                                                                                                                      ;
+-------+--------------+----------------+------------------+--------------------------------------+------------+-----------------------------------------------------------------------------------------------------------------------------+
; 5.219 ; 7.142        ; 1.923          ; High Pulse Width ; inst_pll|altpll_component|pll|clk[0] ; Rise       ; lcd_driver:inst|text_lut:text_lut_inst|altsyncram:rom_rtl_0|altsyncram_ap81:auto_generated|ram_block1a0~porta_address_reg0  ;
; 5.219 ; 7.142        ; 1.923          ; High Pulse Width ; inst_pll|altpll_component|pll|clk[0] ; Rise       ; lcd_driver:inst|text_lut:text_lut_inst|altsyncram:rom_rtl_0|altsyncram_ap81:auto_generated|ram_block1a0~porta_address_reg1  ;
; 5.219 ; 7.142        ; 1.923          ; High Pulse Width ; inst_pll|altpll_component|pll|clk[0] ; Rise       ; lcd_driver:inst|text_lut:text_lut_inst|altsyncram:rom_rtl_0|altsyncram_ap81:auto_generated|ram_block1a0~porta_address_reg10 ;
; 5.219 ; 7.142        ; 1.923          ; High Pulse Width ; inst_pll|altpll_component|pll|clk[0] ; Rise       ; lcd_driver:inst|text_lut:text_lut_inst|altsyncram:rom_rtl_0|altsyncram_ap81:auto_generated|ram_block1a0~porta_address_reg2  ;
; 5.219 ; 7.142        ; 1.923          ; High Pulse Width ; inst_pll|altpll_component|pll|clk[0] ; Rise       ; lcd_driver:inst|text_lut:text_lut_inst|altsyncram:rom_rtl_0|altsyncram_ap81:auto_generated|ram_block1a0~porta_address_reg3  ;
; 5.219 ; 7.142        ; 1.923          ; High Pulse Width ; inst_pll|altpll_component|pll|clk[0] ; Rise       ; lcd_driver:inst|text_lut:text_lut_inst|altsyncram:rom_rtl_0|altsyncram_ap81:auto_generated|ram_block1a0~porta_address_reg4  ;
; 5.219 ; 7.142        ; 1.923          ; High Pulse Width ; inst_pll|altpll_component|pll|clk[0] ; Rise       ; lcd_driver:inst|text_lut:text_lut_inst|altsyncram:rom_rtl_0|altsyncram_ap81:auto_generated|ram_block1a0~porta_address_reg5  ;
; 5.219 ; 7.142        ; 1.923          ; High Pulse Width ; inst_pll|altpll_component|pll|clk[0] ; Rise       ; lcd_driver:inst|text_lut:text_lut_inst|altsyncram:rom_rtl_0|altsyncram_ap81:auto_generated|ram_block1a0~porta_address_reg6  ;
; 5.219 ; 7.142        ; 1.923          ; High Pulse Width ; inst_pll|altpll_component|pll|clk[0] ; Rise       ; lcd_driver:inst|text_lut:text_lut_inst|altsyncram:rom_rtl_0|altsyncram_ap81:auto_generated|ram_block1a0~porta_address_reg7  ;
; 5.219 ; 7.142        ; 1.923          ; High Pulse Width ; inst_pll|altpll_component|pll|clk[0] ; Rise       ; lcd_driver:inst|text_lut:text_lut_inst|altsyncram:rom_rtl_0|altsyncram_ap81:auto_generated|ram_block1a0~porta_address_reg8  ;
; 5.219 ; 7.142        ; 1.923          ; High Pulse Width ; inst_pll|altpll_component|pll|clk[0] ; Rise       ; lcd_driver:inst|text_lut:text_lut_inst|altsyncram:rom_rtl_0|altsyncram_ap81:auto_generated|ram_block1a0~porta_address_reg9  ;
; 5.219 ; 7.142        ; 1.923          ; High Pulse Width ; inst_pll|altpll_component|pll|clk[0] ; Rise       ; lcd_driver:inst|text_lut:text_lut_inst|altsyncram:rom_rtl_0|altsyncram_ap81:auto_generated|ram_block1a1~porta_address_reg0  ;
; 5.219 ; 7.142        ; 1.923          ; High Pulse Width ; inst_pll|altpll_component|pll|clk[0] ; Rise       ; lcd_driver:inst|text_lut:text_lut_inst|altsyncram:rom_rtl_0|altsyncram_ap81:auto_generated|ram_block1a1~porta_address_reg1  ;
; 5.219 ; 7.142        ; 1.923          ; High Pulse Width ; inst_pll|altpll_component|pll|clk[0] ; Rise       ; lcd_driver:inst|text_lut:text_lut_inst|altsyncram:rom_rtl_0|altsyncram_ap81:auto_generated|ram_block1a1~porta_address_reg10 ;
; 5.219 ; 7.142        ; 1.923          ; High Pulse Width ; inst_pll|altpll_component|pll|clk[0] ; Rise       ; lcd_driver:inst|text_lut:text_lut_inst|altsyncram:rom_rtl_0|altsyncram_ap81:auto_generated|ram_block1a1~porta_address_reg2  ;
; 5.219 ; 7.142        ; 1.923          ; High Pulse Width ; inst_pll|altpll_component|pll|clk[0] ; Rise       ; lcd_driver:inst|text_lut:text_lut_inst|altsyncram:rom_rtl_0|altsyncram_ap81:auto_generated|ram_block1a1~porta_address_reg3  ;
; 5.219 ; 7.142        ; 1.923          ; High Pulse Width ; inst_pll|altpll_component|pll|clk[0] ; Rise       ; lcd_driver:inst|text_lut:text_lut_inst|altsyncram:rom_rtl_0|altsyncram_ap81:auto_generated|ram_block1a1~porta_address_reg4  ;
; 5.219 ; 7.142        ; 1.923          ; High Pulse Width ; inst_pll|altpll_component|pll|clk[0] ; Rise       ; lcd_driver:inst|text_lut:text_lut_inst|altsyncram:rom_rtl_0|altsyncram_ap81:auto_generated|ram_block1a1~porta_address_reg5  ;
; 5.219 ; 7.142        ; 1.923          ; High Pulse Width ; inst_pll|altpll_component|pll|clk[0] ; Rise       ; lcd_driver:inst|text_lut:text_lut_inst|altsyncram:rom_rtl_0|altsyncram_ap81:auto_generated|ram_block1a1~porta_address_reg6  ;
; 5.219 ; 7.142        ; 1.923          ; High Pulse Width ; inst_pll|altpll_component|pll|clk[0] ; Rise       ; lcd_driver:inst|text_lut:text_lut_inst|altsyncram:rom_rtl_0|altsyncram_ap81:auto_generated|ram_block1a1~porta_address_reg7  ;
; 5.219 ; 7.142        ; 1.923          ; High Pulse Width ; inst_pll|altpll_component|pll|clk[0] ; Rise       ; lcd_driver:inst|text_lut:text_lut_inst|altsyncram:rom_rtl_0|altsyncram_ap81:auto_generated|ram_block1a1~porta_address_reg8  ;
; 5.219 ; 7.142        ; 1.923          ; High Pulse Width ; inst_pll|altpll_component|pll|clk[0] ; Rise       ; lcd_driver:inst|text_lut:text_lut_inst|altsyncram:rom_rtl_0|altsyncram_ap81:auto_generated|ram_block1a1~porta_address_reg9  ;
; 5.219 ; 7.142        ; 1.923          ; High Pulse Width ; inst_pll|altpll_component|pll|clk[0] ; Rise       ; lcd_driver:inst|text_lut:text_lut_inst|altsyncram:rom_rtl_0|altsyncram_ap81:auto_generated|ram_block1a3~porta_address_reg0  ;
; 5.219 ; 7.142        ; 1.923          ; High Pulse Width ; inst_pll|altpll_component|pll|clk[0] ; Rise       ; lcd_driver:inst|text_lut:text_lut_inst|altsyncram:rom_rtl_0|altsyncram_ap81:auto_generated|ram_block1a3~porta_address_reg1  ;
; 5.219 ; 7.142        ; 1.923          ; High Pulse Width ; inst_pll|altpll_component|pll|clk[0] ; Rise       ; lcd_driver:inst|text_lut:text_lut_inst|altsyncram:rom_rtl_0|altsyncram_ap81:auto_generated|ram_block1a3~porta_address_reg10 ;
; 5.219 ; 7.142        ; 1.923          ; High Pulse Width ; inst_pll|altpll_component|pll|clk[0] ; Rise       ; lcd_driver:inst|text_lut:text_lut_inst|altsyncram:rom_rtl_0|altsyncram_ap81:auto_generated|ram_block1a3~porta_address_reg2  ;
; 5.219 ; 7.142        ; 1.923          ; High Pulse Width ; inst_pll|altpll_component|pll|clk[0] ; Rise       ; lcd_driver:inst|text_lut:text_lut_inst|altsyncram:rom_rtl_0|altsyncram_ap81:auto_generated|ram_block1a3~porta_address_reg3  ;
; 5.219 ; 7.142        ; 1.923          ; High Pulse Width ; inst_pll|altpll_component|pll|clk[0] ; Rise       ; lcd_driver:inst|text_lut:text_lut_inst|altsyncram:rom_rtl_0|altsyncram_ap81:auto_generated|ram_block1a3~porta_address_reg4  ;
; 5.219 ; 7.142        ; 1.923          ; High Pulse Width ; inst_pll|altpll_component|pll|clk[0] ; Rise       ; lcd_driver:inst|text_lut:text_lut_inst|altsyncram:rom_rtl_0|altsyncram_ap81:auto_generated|ram_block1a3~porta_address_reg5  ;
; 5.219 ; 7.142        ; 1.923          ; High Pulse Width ; inst_pll|altpll_component|pll|clk[0] ; Rise       ; lcd_driver:inst|text_lut:text_lut_inst|altsyncram:rom_rtl_0|altsyncram_ap81:auto_generated|ram_block1a3~porta_address_reg6  ;
; 5.219 ; 7.142        ; 1.923          ; High Pulse Width ; inst_pll|altpll_component|pll|clk[0] ; Rise       ; lcd_driver:inst|text_lut:text_lut_inst|altsyncram:rom_rtl_0|altsyncram_ap81:auto_generated|ram_block1a3~porta_address_reg7  ;
; 5.219 ; 7.142        ; 1.923          ; High Pulse Width ; inst_pll|altpll_component|pll|clk[0] ; Rise       ; lcd_driver:inst|text_lut:text_lut_inst|altsyncram:rom_rtl_0|altsyncram_ap81:auto_generated|ram_block1a3~porta_address_reg8  ;
; 5.219 ; 7.142        ; 1.923          ; High Pulse Width ; inst_pll|altpll_component|pll|clk[0] ; Rise       ; lcd_driver:inst|text_lut:text_lut_inst|altsyncram:rom_rtl_0|altsyncram_ap81:auto_generated|ram_block1a3~porta_address_reg9  ;
; 5.219 ; 7.142        ; 1.923          ; High Pulse Width ; inst_pll|altpll_component|pll|clk[0] ; Rise       ; lcd_driver:inst|text_lut:text_lut_inst|altsyncram:rom_rtl_0|altsyncram_ap81:auto_generated|ram_block1a5~porta_address_reg0  ;
; 5.219 ; 7.142        ; 1.923          ; High Pulse Width ; inst_pll|altpll_component|pll|clk[0] ; Rise       ; lcd_driver:inst|text_lut:text_lut_inst|altsyncram:rom_rtl_0|altsyncram_ap81:auto_generated|ram_block1a5~porta_address_reg1  ;
; 5.219 ; 7.142        ; 1.923          ; High Pulse Width ; inst_pll|altpll_component|pll|clk[0] ; Rise       ; lcd_driver:inst|text_lut:text_lut_inst|altsyncram:rom_rtl_0|altsyncram_ap81:auto_generated|ram_block1a5~porta_address_reg10 ;
; 5.219 ; 7.142        ; 1.923          ; High Pulse Width ; inst_pll|altpll_component|pll|clk[0] ; Rise       ; lcd_driver:inst|text_lut:text_lut_inst|altsyncram:rom_rtl_0|altsyncram_ap81:auto_generated|ram_block1a5~porta_address_reg2  ;
; 5.219 ; 7.142        ; 1.923          ; High Pulse Width ; inst_pll|altpll_component|pll|clk[0] ; Rise       ; lcd_driver:inst|text_lut:text_lut_inst|altsyncram:rom_rtl_0|altsyncram_ap81:auto_generated|ram_block1a5~porta_address_reg3  ;
; 5.219 ; 7.142        ; 1.923          ; High Pulse Width ; inst_pll|altpll_component|pll|clk[0] ; Rise       ; lcd_driver:inst|text_lut:text_lut_inst|altsyncram:rom_rtl_0|altsyncram_ap81:auto_generated|ram_block1a5~porta_address_reg4  ;
; 5.219 ; 7.142        ; 1.923          ; High Pulse Width ; inst_pll|altpll_component|pll|clk[0] ; Rise       ; lcd_driver:inst|text_lut:text_lut_inst|altsyncram:rom_rtl_0|altsyncram_ap81:auto_generated|ram_block1a5~porta_address_reg5  ;
; 5.219 ; 7.142        ; 1.923          ; High Pulse Width ; inst_pll|altpll_component|pll|clk[0] ; Rise       ; lcd_driver:inst|text_lut:text_lut_inst|altsyncram:rom_rtl_0|altsyncram_ap81:auto_generated|ram_block1a5~porta_address_reg6  ;
; 5.219 ; 7.142        ; 1.923          ; High Pulse Width ; inst_pll|altpll_component|pll|clk[0] ; Rise       ; lcd_driver:inst|text_lut:text_lut_inst|altsyncram:rom_rtl_0|altsyncram_ap81:auto_generated|ram_block1a5~porta_address_reg7  ;
; 5.219 ; 7.142        ; 1.923          ; High Pulse Width ; inst_pll|altpll_component|pll|clk[0] ; Rise       ; lcd_driver:inst|text_lut:text_lut_inst|altsyncram:rom_rtl_0|altsyncram_ap81:auto_generated|ram_block1a5~porta_address_reg8  ;
; 5.219 ; 7.142        ; 1.923          ; High Pulse Width ; inst_pll|altpll_component|pll|clk[0] ; Rise       ; lcd_driver:inst|text_lut:text_lut_inst|altsyncram:rom_rtl_0|altsyncram_ap81:auto_generated|ram_block1a5~porta_address_reg9  ;
; 5.219 ; 7.142        ; 1.923          ; High Pulse Width ; inst_pll|altpll_component|pll|clk[0] ; Rise       ; lcd_driver:inst|text_lut:text_lut_inst|altsyncram:rom_rtl_0|altsyncram_ap81:auto_generated|ram_block1a7~porta_address_reg0  ;
; 5.219 ; 7.142        ; 1.923          ; High Pulse Width ; inst_pll|altpll_component|pll|clk[0] ; Rise       ; lcd_driver:inst|text_lut:text_lut_inst|altsyncram:rom_rtl_0|altsyncram_ap81:auto_generated|ram_block1a7~porta_address_reg1  ;
; 5.219 ; 7.142        ; 1.923          ; High Pulse Width ; inst_pll|altpll_component|pll|clk[0] ; Rise       ; lcd_driver:inst|text_lut:text_lut_inst|altsyncram:rom_rtl_0|altsyncram_ap81:auto_generated|ram_block1a7~porta_address_reg10 ;
; 5.219 ; 7.142        ; 1.923          ; High Pulse Width ; inst_pll|altpll_component|pll|clk[0] ; Rise       ; lcd_driver:inst|text_lut:text_lut_inst|altsyncram:rom_rtl_0|altsyncram_ap81:auto_generated|ram_block1a7~porta_address_reg2  ;
; 5.219 ; 7.142        ; 1.923          ; High Pulse Width ; inst_pll|altpll_component|pll|clk[0] ; Rise       ; lcd_driver:inst|text_lut:text_lut_inst|altsyncram:rom_rtl_0|altsyncram_ap81:auto_generated|ram_block1a7~porta_address_reg3  ;
; 5.219 ; 7.142        ; 1.923          ; High Pulse Width ; inst_pll|altpll_component|pll|clk[0] ; Rise       ; lcd_driver:inst|text_lut:text_lut_inst|altsyncram:rom_rtl_0|altsyncram_ap81:auto_generated|ram_block1a7~porta_address_reg4  ;
; 5.219 ; 7.142        ; 1.923          ; High Pulse Width ; inst_pll|altpll_component|pll|clk[0] ; Rise       ; lcd_driver:inst|text_lut:text_lut_inst|altsyncram:rom_rtl_0|altsyncram_ap81:auto_generated|ram_block1a7~porta_address_reg5  ;
; 5.219 ; 7.142        ; 1.923          ; High Pulse Width ; inst_pll|altpll_component|pll|clk[0] ; Rise       ; lcd_driver:inst|text_lut:text_lut_inst|altsyncram:rom_rtl_0|altsyncram_ap81:auto_generated|ram_block1a7~porta_address_reg6  ;
; 5.219 ; 7.142        ; 1.923          ; High Pulse Width ; inst_pll|altpll_component|pll|clk[0] ; Rise       ; lcd_driver:inst|text_lut:text_lut_inst|altsyncram:rom_rtl_0|altsyncram_ap81:auto_generated|ram_block1a7~porta_address_reg7  ;
; 5.219 ; 7.142        ; 1.923          ; High Pulse Width ; inst_pll|altpll_component|pll|clk[0] ; Rise       ; lcd_driver:inst|text_lut:text_lut_inst|altsyncram:rom_rtl_0|altsyncram_ap81:auto_generated|ram_block1a7~porta_address_reg8  ;
; 5.219 ; 7.142        ; 1.923          ; High Pulse Width ; inst_pll|altpll_component|pll|clk[0] ; Rise       ; lcd_driver:inst|text_lut:text_lut_inst|altsyncram:rom_rtl_0|altsyncram_ap81:auto_generated|ram_block1a7~porta_address_reg9  ;
; 5.220 ; 7.143        ; 1.923          ; Low Pulse Width  ; inst_pll|altpll_component|pll|clk[0] ; Rise       ; lcd_driver:inst|text_lut:text_lut_inst|altsyncram:rom_rtl_0|altsyncram_ap81:auto_generated|ram_block1a0~porta_address_reg0  ;
; 5.220 ; 7.143        ; 1.923          ; Low Pulse Width  ; inst_pll|altpll_component|pll|clk[0] ; Rise       ; lcd_driver:inst|text_lut:text_lut_inst|altsyncram:rom_rtl_0|altsyncram_ap81:auto_generated|ram_block1a0~porta_address_reg1  ;
; 5.220 ; 7.143        ; 1.923          ; Low Pulse Width  ; inst_pll|altpll_component|pll|clk[0] ; Rise       ; lcd_driver:inst|text_lut:text_lut_inst|altsyncram:rom_rtl_0|altsyncram_ap81:auto_generated|ram_block1a0~porta_address_reg10 ;
; 5.220 ; 7.143        ; 1.923          ; Low Pulse Width  ; inst_pll|altpll_component|pll|clk[0] ; Rise       ; lcd_driver:inst|text_lut:text_lut_inst|altsyncram:rom_rtl_0|altsyncram_ap81:auto_generated|ram_block1a0~porta_address_reg2  ;
; 5.220 ; 7.143        ; 1.923          ; Low Pulse Width  ; inst_pll|altpll_component|pll|clk[0] ; Rise       ; lcd_driver:inst|text_lut:text_lut_inst|altsyncram:rom_rtl_0|altsyncram_ap81:auto_generated|ram_block1a0~porta_address_reg3  ;
; 5.220 ; 7.143        ; 1.923          ; Low Pulse Width  ; inst_pll|altpll_component|pll|clk[0] ; Rise       ; lcd_driver:inst|text_lut:text_lut_inst|altsyncram:rom_rtl_0|altsyncram_ap81:auto_generated|ram_block1a0~porta_address_reg4  ;
; 5.220 ; 7.143        ; 1.923          ; Low Pulse Width  ; inst_pll|altpll_component|pll|clk[0] ; Rise       ; lcd_driver:inst|text_lut:text_lut_inst|altsyncram:rom_rtl_0|altsyncram_ap81:auto_generated|ram_block1a0~porta_address_reg5  ;
; 5.220 ; 7.143        ; 1.923          ; Low Pulse Width  ; inst_pll|altpll_component|pll|clk[0] ; Rise       ; lcd_driver:inst|text_lut:text_lut_inst|altsyncram:rom_rtl_0|altsyncram_ap81:auto_generated|ram_block1a0~porta_address_reg6  ;
; 5.220 ; 7.143        ; 1.923          ; Low Pulse Width  ; inst_pll|altpll_component|pll|clk[0] ; Rise       ; lcd_driver:inst|text_lut:text_lut_inst|altsyncram:rom_rtl_0|altsyncram_ap81:auto_generated|ram_block1a0~porta_address_reg7  ;
; 5.220 ; 7.143        ; 1.923          ; Low Pulse Width  ; inst_pll|altpll_component|pll|clk[0] ; Rise       ; lcd_driver:inst|text_lut:text_lut_inst|altsyncram:rom_rtl_0|altsyncram_ap81:auto_generated|ram_block1a0~porta_address_reg8  ;
; 5.220 ; 7.143        ; 1.923          ; Low Pulse Width  ; inst_pll|altpll_component|pll|clk[0] ; Rise       ; lcd_driver:inst|text_lut:text_lut_inst|altsyncram:rom_rtl_0|altsyncram_ap81:auto_generated|ram_block1a0~porta_address_reg9  ;
; 5.220 ; 7.143        ; 1.923          ; Low Pulse Width  ; inst_pll|altpll_component|pll|clk[0] ; Rise       ; lcd_driver:inst|text_lut:text_lut_inst|altsyncram:rom_rtl_0|altsyncram_ap81:auto_generated|ram_block1a1~porta_address_reg0  ;
; 5.220 ; 7.143        ; 1.923          ; Low Pulse Width  ; inst_pll|altpll_component|pll|clk[0] ; Rise       ; lcd_driver:inst|text_lut:text_lut_inst|altsyncram:rom_rtl_0|altsyncram_ap81:auto_generated|ram_block1a1~porta_address_reg1  ;
; 5.220 ; 7.143        ; 1.923          ; Low Pulse Width  ; inst_pll|altpll_component|pll|clk[0] ; Rise       ; lcd_driver:inst|text_lut:text_lut_inst|altsyncram:rom_rtl_0|altsyncram_ap81:auto_generated|ram_block1a1~porta_address_reg10 ;
; 5.220 ; 7.143        ; 1.923          ; Low Pulse Width  ; inst_pll|altpll_component|pll|clk[0] ; Rise       ; lcd_driver:inst|text_lut:text_lut_inst|altsyncram:rom_rtl_0|altsyncram_ap81:auto_generated|ram_block1a1~porta_address_reg2  ;
; 5.220 ; 7.143        ; 1.923          ; Low Pulse Width  ; inst_pll|altpll_component|pll|clk[0] ; Rise       ; lcd_driver:inst|text_lut:text_lut_inst|altsyncram:rom_rtl_0|altsyncram_ap81:auto_generated|ram_block1a1~porta_address_reg3  ;
; 5.220 ; 7.143        ; 1.923          ; Low Pulse Width  ; inst_pll|altpll_component|pll|clk[0] ; Rise       ; lcd_driver:inst|text_lut:text_lut_inst|altsyncram:rom_rtl_0|altsyncram_ap81:auto_generated|ram_block1a1~porta_address_reg4  ;
; 5.220 ; 7.143        ; 1.923          ; Low Pulse Width  ; inst_pll|altpll_component|pll|clk[0] ; Rise       ; lcd_driver:inst|text_lut:text_lut_inst|altsyncram:rom_rtl_0|altsyncram_ap81:auto_generated|ram_block1a1~porta_address_reg5  ;
; 5.220 ; 7.143        ; 1.923          ; Low Pulse Width  ; inst_pll|altpll_component|pll|clk[0] ; Rise       ; lcd_driver:inst|text_lut:text_lut_inst|altsyncram:rom_rtl_0|altsyncram_ap81:auto_generated|ram_block1a1~porta_address_reg6  ;
; 5.220 ; 7.143        ; 1.923          ; Low Pulse Width  ; inst_pll|altpll_component|pll|clk[0] ; Rise       ; lcd_driver:inst|text_lut:text_lut_inst|altsyncram:rom_rtl_0|altsyncram_ap81:auto_generated|ram_block1a1~porta_address_reg7  ;
; 5.220 ; 7.143        ; 1.923          ; Low Pulse Width  ; inst_pll|altpll_component|pll|clk[0] ; Rise       ; lcd_driver:inst|text_lut:text_lut_inst|altsyncram:rom_rtl_0|altsyncram_ap81:auto_generated|ram_block1a1~porta_address_reg8  ;
; 5.220 ; 7.143        ; 1.923          ; Low Pulse Width  ; inst_pll|altpll_component|pll|clk[0] ; Rise       ; lcd_driver:inst|text_lut:text_lut_inst|altsyncram:rom_rtl_0|altsyncram_ap81:auto_generated|ram_block1a1~porta_address_reg9  ;
; 5.220 ; 7.143        ; 1.923          ; Low Pulse Width  ; inst_pll|altpll_component|pll|clk[0] ; Rise       ; lcd_driver:inst|text_lut:text_lut_inst|altsyncram:rom_rtl_0|altsyncram_ap81:auto_generated|ram_block1a3~porta_address_reg0  ;
; 5.220 ; 7.143        ; 1.923          ; Low Pulse Width  ; inst_pll|altpll_component|pll|clk[0] ; Rise       ; lcd_driver:inst|text_lut:text_lut_inst|altsyncram:rom_rtl_0|altsyncram_ap81:auto_generated|ram_block1a3~porta_address_reg1  ;
; 5.220 ; 7.143        ; 1.923          ; Low Pulse Width  ; inst_pll|altpll_component|pll|clk[0] ; Rise       ; lcd_driver:inst|text_lut:text_lut_inst|altsyncram:rom_rtl_0|altsyncram_ap81:auto_generated|ram_block1a3~porta_address_reg10 ;
; 5.220 ; 7.143        ; 1.923          ; Low Pulse Width  ; inst_pll|altpll_component|pll|clk[0] ; Rise       ; lcd_driver:inst|text_lut:text_lut_inst|altsyncram:rom_rtl_0|altsyncram_ap81:auto_generated|ram_block1a3~porta_address_reg2  ;
; 5.220 ; 7.143        ; 1.923          ; Low Pulse Width  ; inst_pll|altpll_component|pll|clk[0] ; Rise       ; lcd_driver:inst|text_lut:text_lut_inst|altsyncram:rom_rtl_0|altsyncram_ap81:auto_generated|ram_block1a3~porta_address_reg3  ;
; 5.220 ; 7.143        ; 1.923          ; Low Pulse Width  ; inst_pll|altpll_component|pll|clk[0] ; Rise       ; lcd_driver:inst|text_lut:text_lut_inst|altsyncram:rom_rtl_0|altsyncram_ap81:auto_generated|ram_block1a3~porta_address_reg4  ;
; 5.220 ; 7.143        ; 1.923          ; Low Pulse Width  ; inst_pll|altpll_component|pll|clk[0] ; Rise       ; lcd_driver:inst|text_lut:text_lut_inst|altsyncram:rom_rtl_0|altsyncram_ap81:auto_generated|ram_block1a3~porta_address_reg5  ;
; 5.220 ; 7.143        ; 1.923          ; Low Pulse Width  ; inst_pll|altpll_component|pll|clk[0] ; Rise       ; lcd_driver:inst|text_lut:text_lut_inst|altsyncram:rom_rtl_0|altsyncram_ap81:auto_generated|ram_block1a3~porta_address_reg6  ;
; 5.220 ; 7.143        ; 1.923          ; Low Pulse Width  ; inst_pll|altpll_component|pll|clk[0] ; Rise       ; lcd_driver:inst|text_lut:text_lut_inst|altsyncram:rom_rtl_0|altsyncram_ap81:auto_generated|ram_block1a3~porta_address_reg7  ;
; 5.220 ; 7.143        ; 1.923          ; Low Pulse Width  ; inst_pll|altpll_component|pll|clk[0] ; Rise       ; lcd_driver:inst|text_lut:text_lut_inst|altsyncram:rom_rtl_0|altsyncram_ap81:auto_generated|ram_block1a3~porta_address_reg8  ;
; 5.220 ; 7.143        ; 1.923          ; Low Pulse Width  ; inst_pll|altpll_component|pll|clk[0] ; Rise       ; lcd_driver:inst|text_lut:text_lut_inst|altsyncram:rom_rtl_0|altsyncram_ap81:auto_generated|ram_block1a3~porta_address_reg9  ;
; 5.220 ; 7.143        ; 1.923          ; Low Pulse Width  ; inst_pll|altpll_component|pll|clk[0] ; Rise       ; lcd_driver:inst|text_lut:text_lut_inst|altsyncram:rom_rtl_0|altsyncram_ap81:auto_generated|ram_block1a5~porta_address_reg0  ;
; 5.220 ; 7.143        ; 1.923          ; Low Pulse Width  ; inst_pll|altpll_component|pll|clk[0] ; Rise       ; lcd_driver:inst|text_lut:text_lut_inst|altsyncram:rom_rtl_0|altsyncram_ap81:auto_generated|ram_block1a5~porta_address_reg1  ;
; 5.220 ; 7.143        ; 1.923          ; Low Pulse Width  ; inst_pll|altpll_component|pll|clk[0] ; Rise       ; lcd_driver:inst|text_lut:text_lut_inst|altsyncram:rom_rtl_0|altsyncram_ap81:auto_generated|ram_block1a5~porta_address_reg10 ;
; 5.220 ; 7.143        ; 1.923          ; Low Pulse Width  ; inst_pll|altpll_component|pll|clk[0] ; Rise       ; lcd_driver:inst|text_lut:text_lut_inst|altsyncram:rom_rtl_0|altsyncram_ap81:auto_generated|ram_block1a5~porta_address_reg2  ;
; 5.220 ; 7.143        ; 1.923          ; Low Pulse Width  ; inst_pll|altpll_component|pll|clk[0] ; Rise       ; lcd_driver:inst|text_lut:text_lut_inst|altsyncram:rom_rtl_0|altsyncram_ap81:auto_generated|ram_block1a5~porta_address_reg3  ;
; 5.220 ; 7.143        ; 1.923          ; Low Pulse Width  ; inst_pll|altpll_component|pll|clk[0] ; Rise       ; lcd_driver:inst|text_lut:text_lut_inst|altsyncram:rom_rtl_0|altsyncram_ap81:auto_generated|ram_block1a5~porta_address_reg4  ;
; 5.220 ; 7.143        ; 1.923          ; Low Pulse Width  ; inst_pll|altpll_component|pll|clk[0] ; Rise       ; lcd_driver:inst|text_lut:text_lut_inst|altsyncram:rom_rtl_0|altsyncram_ap81:auto_generated|ram_block1a5~porta_address_reg5  ;
; 5.220 ; 7.143        ; 1.923          ; Low Pulse Width  ; inst_pll|altpll_component|pll|clk[0] ; Rise       ; lcd_driver:inst|text_lut:text_lut_inst|altsyncram:rom_rtl_0|altsyncram_ap81:auto_generated|ram_block1a5~porta_address_reg6  ;
; 5.220 ; 7.143        ; 1.923          ; Low Pulse Width  ; inst_pll|altpll_component|pll|clk[0] ; Rise       ; lcd_driver:inst|text_lut:text_lut_inst|altsyncram:rom_rtl_0|altsyncram_ap81:auto_generated|ram_block1a5~porta_address_reg7  ;
; 5.220 ; 7.143        ; 1.923          ; Low Pulse Width  ; inst_pll|altpll_component|pll|clk[0] ; Rise       ; lcd_driver:inst|text_lut:text_lut_inst|altsyncram:rom_rtl_0|altsyncram_ap81:auto_generated|ram_block1a5~porta_address_reg8  ;
; 5.220 ; 7.143        ; 1.923          ; Low Pulse Width  ; inst_pll|altpll_component|pll|clk[0] ; Rise       ; lcd_driver:inst|text_lut:text_lut_inst|altsyncram:rom_rtl_0|altsyncram_ap81:auto_generated|ram_block1a5~porta_address_reg9  ;
; 5.220 ; 7.143        ; 1.923          ; Low Pulse Width  ; inst_pll|altpll_component|pll|clk[0] ; Rise       ; lcd_driver:inst|text_lut:text_lut_inst|altsyncram:rom_rtl_0|altsyncram_ap81:auto_generated|ram_block1a7~porta_address_reg0  ;
+-------+--------------+----------------+------------------+--------------------------------------+------------+-----------------------------------------------------------------------------------------------------------------------------+


+----------------------------------------------------------------------------------------------------------------------------+
; Slow Model Minimum Pulse Width: 'CLOCK_50'                                                                                 ;
+--------+--------------+----------------+------------------+----------+------------+----------------------------------------+
; Slack  ; Actual Width ; Required Width ; Type             ; Clock    ; Clock Edge ; Target                                 ;
+--------+--------------+----------------+------------------+----------+------------+----------------------------------------+
; 10.000 ; 10.000       ; 0.000          ; High Pulse Width ; CLOCK_50 ; Rise       ; CLOCK_50|combout                       ;
; 10.000 ; 10.000       ; 0.000          ; Low Pulse Width  ; CLOCK_50 ; Rise       ; CLOCK_50|combout                       ;
; 10.000 ; 10.000       ; 0.000          ; High Pulse Width ; CLOCK_50 ; Rise       ; inst_pll|altpll_component|pll|clk[0]   ;
; 10.000 ; 10.000       ; 0.000          ; Low Pulse Width  ; CLOCK_50 ; Rise       ; inst_pll|altpll_component|pll|clk[0]   ;
; 10.000 ; 10.000       ; 0.000          ; High Pulse Width ; CLOCK_50 ; Rise       ; inst_pll|altpll_component|pll|inclk[0] ;
; 10.000 ; 10.000       ; 0.000          ; Low Pulse Width  ; CLOCK_50 ; Rise       ; inst_pll|altpll_component|pll|inclk[0] ;
; 17.620 ; 20.000       ; 2.380          ; Port Rate        ; CLOCK_50 ; Rise       ; CLOCK_50                               ;
+--------+--------------+----------------+------------------+----------+------------+----------------------------------------+


+--------------------------------------------------------------------------------------------------------------------------------------------------------------------------------------------------------------------------------------------------------------+
; Slow Model Minimum Pulse Width: 'ddfs:inst_ddfs_mod|freq_divider_DDFS:f_div_inst|count[19]'                                                                                                                                                                  ;
+--------+--------------+----------------+------------------+-----------------------------------------------------------+------------+-------------------------------------------------------------------------------------------------------------------------+
; Slack  ; Actual Width ; Required Width ; Type             ; Clock                                                     ; Clock Edge ; Target                                                                                                                  ;
+--------+--------------+----------------+------------------+-----------------------------------------------------------+------------+-------------------------------------------------------------------------------------------------------------------------+
; 13.077 ; 15.000       ; 1.923          ; High Pulse Width ; ddfs:inst_ddfs_mod|freq_divider_DDFS:f_div_inst|count[19] ; Rise       ; ddfs:inst_ddfs_mod|sin_lut:lut_inst|altsyncram:rom_rtl_0|altsyncram_qm81:auto_generated|ram_block1a1~porta_address_reg0 ;
; 13.077 ; 15.000       ; 1.923          ; Low Pulse Width  ; ddfs:inst_ddfs_mod|freq_divider_DDFS:f_div_inst|count[19] ; Rise       ; ddfs:inst_ddfs_mod|sin_lut:lut_inst|altsyncram:rom_rtl_0|altsyncram_qm81:auto_generated|ram_block1a1~porta_address_reg0 ;
; 13.077 ; 15.000       ; 1.923          ; High Pulse Width ; ddfs:inst_ddfs_mod|freq_divider_DDFS:f_div_inst|count[19] ; Rise       ; ddfs:inst_ddfs_mod|sin_lut:lut_inst|altsyncram:rom_rtl_0|altsyncram_qm81:auto_generated|ram_block1a1~porta_address_reg1 ;
; 13.077 ; 15.000       ; 1.923          ; Low Pulse Width  ; ddfs:inst_ddfs_mod|freq_divider_DDFS:f_div_inst|count[19] ; Rise       ; ddfs:inst_ddfs_mod|sin_lut:lut_inst|altsyncram:rom_rtl_0|altsyncram_qm81:auto_generated|ram_block1a1~porta_address_reg1 ;
; 13.077 ; 15.000       ; 1.923          ; High Pulse Width ; ddfs:inst_ddfs_mod|freq_divider_DDFS:f_div_inst|count[19] ; Rise       ; ddfs:inst_ddfs_mod|sin_lut:lut_inst|altsyncram:rom_rtl_0|altsyncram_qm81:auto_generated|ram_block1a1~porta_address_reg2 ;
; 13.077 ; 15.000       ; 1.923          ; Low Pulse Width  ; ddfs:inst_ddfs_mod|freq_divider_DDFS:f_div_inst|count[19] ; Rise       ; ddfs:inst_ddfs_mod|sin_lut:lut_inst|altsyncram:rom_rtl_0|altsyncram_qm81:auto_generated|ram_block1a1~porta_address_reg2 ;
; 13.077 ; 15.000       ; 1.923          ; High Pulse Width ; ddfs:inst_ddfs_mod|freq_divider_DDFS:f_div_inst|count[19] ; Rise       ; ddfs:inst_ddfs_mod|sin_lut:lut_inst|altsyncram:rom_rtl_0|altsyncram_qm81:auto_generated|ram_block1a1~porta_address_reg3 ;
; 13.077 ; 15.000       ; 1.923          ; Low Pulse Width  ; ddfs:inst_ddfs_mod|freq_divider_DDFS:f_div_inst|count[19] ; Rise       ; ddfs:inst_ddfs_mod|sin_lut:lut_inst|altsyncram:rom_rtl_0|altsyncram_qm81:auto_generated|ram_block1a1~porta_address_reg3 ;
; 13.077 ; 15.000       ; 1.923          ; High Pulse Width ; ddfs:inst_ddfs_mod|freq_divider_DDFS:f_div_inst|count[19] ; Rise       ; ddfs:inst_ddfs_mod|sin_lut:lut_inst|altsyncram:rom_rtl_0|altsyncram_qm81:auto_generated|ram_block1a1~porta_address_reg4 ;
; 13.077 ; 15.000       ; 1.923          ; Low Pulse Width  ; ddfs:inst_ddfs_mod|freq_divider_DDFS:f_div_inst|count[19] ; Rise       ; ddfs:inst_ddfs_mod|sin_lut:lut_inst|altsyncram:rom_rtl_0|altsyncram_qm81:auto_generated|ram_block1a1~porta_address_reg4 ;
; 13.077 ; 15.000       ; 1.923          ; High Pulse Width ; ddfs:inst_ddfs_mod|freq_divider_DDFS:f_div_inst|count[19] ; Rise       ; ddfs:inst_ddfs_mod|sin_lut:lut_inst|altsyncram:rom_rtl_0|altsyncram_qm81:auto_generated|ram_block1a1~porta_address_reg5 ;
; 13.077 ; 15.000       ; 1.923          ; Low Pulse Width  ; ddfs:inst_ddfs_mod|freq_divider_DDFS:f_div_inst|count[19] ; Rise       ; ddfs:inst_ddfs_mod|sin_lut:lut_inst|altsyncram:rom_rtl_0|altsyncram_qm81:auto_generated|ram_block1a1~porta_address_reg5 ;
; 13.077 ; 15.000       ; 1.923          ; High Pulse Width ; ddfs:inst_ddfs_mod|freq_divider_DDFS:f_div_inst|count[19] ; Rise       ; ddfs:inst_ddfs_mod|sin_lut:lut_inst|altsyncram:rom_rtl_0|altsyncram_qm81:auto_generated|ram_block1a1~porta_address_reg6 ;
; 13.077 ; 15.000       ; 1.923          ; Low Pulse Width  ; ddfs:inst_ddfs_mod|freq_divider_DDFS:f_div_inst|count[19] ; Rise       ; ddfs:inst_ddfs_mod|sin_lut:lut_inst|altsyncram:rom_rtl_0|altsyncram_qm81:auto_generated|ram_block1a1~porta_address_reg6 ;
; 13.077 ; 15.000       ; 1.923          ; High Pulse Width ; ddfs:inst_ddfs_mod|freq_divider_DDFS:f_div_inst|count[19] ; Rise       ; ddfs:inst_ddfs_mod|sin_lut:lut_inst|altsyncram:rom_rtl_0|altsyncram_qm81:auto_generated|ram_block1a1~porta_address_reg7 ;
; 13.077 ; 15.000       ; 1.923          ; Low Pulse Width  ; ddfs:inst_ddfs_mod|freq_divider_DDFS:f_div_inst|count[19] ; Rise       ; ddfs:inst_ddfs_mod|sin_lut:lut_inst|altsyncram:rom_rtl_0|altsyncram_qm81:auto_generated|ram_block1a1~porta_address_reg7 ;
; 13.077 ; 15.000       ; 1.923          ; High Pulse Width ; ddfs:inst_ddfs_mod|freq_divider_DDFS:f_div_inst|count[19] ; Rise       ; ddfs:inst_ddfs_mod|sin_lut:lut_inst|altsyncram:rom_rtl_0|altsyncram_qm81:auto_generated|ram_block1a1~porta_address_reg8 ;
; 13.077 ; 15.000       ; 1.923          ; Low Pulse Width  ; ddfs:inst_ddfs_mod|freq_divider_DDFS:f_div_inst|count[19] ; Rise       ; ddfs:inst_ddfs_mod|sin_lut:lut_inst|altsyncram:rom_rtl_0|altsyncram_qm81:auto_generated|ram_block1a1~porta_address_reg8 ;
; 13.077 ; 15.000       ; 1.923          ; High Pulse Width ; ddfs:inst_ddfs_mod|freq_divider_DDFS:f_div_inst|count[19] ; Rise       ; ddfs:inst_ddfs_mod|sin_lut:lut_inst|altsyncram:rom_rtl_0|altsyncram_qm81:auto_generated|ram_block1a1~porta_address_reg9 ;
; 13.077 ; 15.000       ; 1.923          ; Low Pulse Width  ; ddfs:inst_ddfs_mod|freq_divider_DDFS:f_div_inst|count[19] ; Rise       ; ddfs:inst_ddfs_mod|sin_lut:lut_inst|altsyncram:rom_rtl_0|altsyncram_qm81:auto_generated|ram_block1a1~porta_address_reg9 ;
; 13.077 ; 15.000       ; 1.923          ; High Pulse Width ; ddfs:inst_ddfs_mod|freq_divider_DDFS:f_div_inst|count[19] ; Rise       ; ddfs:inst_ddfs_mod|sin_lut:lut_inst|altsyncram:rom_rtl_0|altsyncram_qm81:auto_generated|ram_block1a4~porta_address_reg0 ;
; 13.077 ; 15.000       ; 1.923          ; Low Pulse Width  ; ddfs:inst_ddfs_mod|freq_divider_DDFS:f_div_inst|count[19] ; Rise       ; ddfs:inst_ddfs_mod|sin_lut:lut_inst|altsyncram:rom_rtl_0|altsyncram_qm81:auto_generated|ram_block1a4~porta_address_reg0 ;
; 13.077 ; 15.000       ; 1.923          ; High Pulse Width ; ddfs:inst_ddfs_mod|freq_divider_DDFS:f_div_inst|count[19] ; Rise       ; ddfs:inst_ddfs_mod|sin_lut:lut_inst|altsyncram:rom_rtl_0|altsyncram_qm81:auto_generated|ram_block1a4~porta_address_reg1 ;
; 13.077 ; 15.000       ; 1.923          ; Low Pulse Width  ; ddfs:inst_ddfs_mod|freq_divider_DDFS:f_div_inst|count[19] ; Rise       ; ddfs:inst_ddfs_mod|sin_lut:lut_inst|altsyncram:rom_rtl_0|altsyncram_qm81:auto_generated|ram_block1a4~porta_address_reg1 ;
; 13.077 ; 15.000       ; 1.923          ; High Pulse Width ; ddfs:inst_ddfs_mod|freq_divider_DDFS:f_div_inst|count[19] ; Rise       ; ddfs:inst_ddfs_mod|sin_lut:lut_inst|altsyncram:rom_rtl_0|altsyncram_qm81:auto_generated|ram_block1a4~porta_address_reg2 ;
; 13.077 ; 15.000       ; 1.923          ; Low Pulse Width  ; ddfs:inst_ddfs_mod|freq_divider_DDFS:f_div_inst|count[19] ; Rise       ; ddfs:inst_ddfs_mod|sin_lut:lut_inst|altsyncram:rom_rtl_0|altsyncram_qm81:auto_generated|ram_block1a4~porta_address_reg2 ;
; 13.077 ; 15.000       ; 1.923          ; High Pulse Width ; ddfs:inst_ddfs_mod|freq_divider_DDFS:f_div_inst|count[19] ; Rise       ; ddfs:inst_ddfs_mod|sin_lut:lut_inst|altsyncram:rom_rtl_0|altsyncram_qm81:auto_generated|ram_block1a4~porta_address_reg3 ;
; 13.077 ; 15.000       ; 1.923          ; Low Pulse Width  ; ddfs:inst_ddfs_mod|freq_divider_DDFS:f_div_inst|count[19] ; Rise       ; ddfs:inst_ddfs_mod|sin_lut:lut_inst|altsyncram:rom_rtl_0|altsyncram_qm81:auto_generated|ram_block1a4~porta_address_reg3 ;
; 13.077 ; 15.000       ; 1.923          ; High Pulse Width ; ddfs:inst_ddfs_mod|freq_divider_DDFS:f_div_inst|count[19] ; Rise       ; ddfs:inst_ddfs_mod|sin_lut:lut_inst|altsyncram:rom_rtl_0|altsyncram_qm81:auto_generated|ram_block1a4~porta_address_reg4 ;
; 13.077 ; 15.000       ; 1.923          ; Low Pulse Width  ; ddfs:inst_ddfs_mod|freq_divider_DDFS:f_div_inst|count[19] ; Rise       ; ddfs:inst_ddfs_mod|sin_lut:lut_inst|altsyncram:rom_rtl_0|altsyncram_qm81:auto_generated|ram_block1a4~porta_address_reg4 ;
; 13.077 ; 15.000       ; 1.923          ; High Pulse Width ; ddfs:inst_ddfs_mod|freq_divider_DDFS:f_div_inst|count[19] ; Rise       ; ddfs:inst_ddfs_mod|sin_lut:lut_inst|altsyncram:rom_rtl_0|altsyncram_qm81:auto_generated|ram_block1a4~porta_address_reg5 ;
; 13.077 ; 15.000       ; 1.923          ; Low Pulse Width  ; ddfs:inst_ddfs_mod|freq_divider_DDFS:f_div_inst|count[19] ; Rise       ; ddfs:inst_ddfs_mod|sin_lut:lut_inst|altsyncram:rom_rtl_0|altsyncram_qm81:auto_generated|ram_block1a4~porta_address_reg5 ;
; 13.077 ; 15.000       ; 1.923          ; High Pulse Width ; ddfs:inst_ddfs_mod|freq_divider_DDFS:f_div_inst|count[19] ; Rise       ; ddfs:inst_ddfs_mod|sin_lut:lut_inst|altsyncram:rom_rtl_0|altsyncram_qm81:auto_generated|ram_block1a4~porta_address_reg6 ;
; 13.077 ; 15.000       ; 1.923          ; Low Pulse Width  ; ddfs:inst_ddfs_mod|freq_divider_DDFS:f_div_inst|count[19] ; Rise       ; ddfs:inst_ddfs_mod|sin_lut:lut_inst|altsyncram:rom_rtl_0|altsyncram_qm81:auto_generated|ram_block1a4~porta_address_reg6 ;
; 13.077 ; 15.000       ; 1.923          ; High Pulse Width ; ddfs:inst_ddfs_mod|freq_divider_DDFS:f_div_inst|count[19] ; Rise       ; ddfs:inst_ddfs_mod|sin_lut:lut_inst|altsyncram:rom_rtl_0|altsyncram_qm81:auto_generated|ram_block1a4~porta_address_reg7 ;
; 13.077 ; 15.000       ; 1.923          ; Low Pulse Width  ; ddfs:inst_ddfs_mod|freq_divider_DDFS:f_div_inst|count[19] ; Rise       ; ddfs:inst_ddfs_mod|sin_lut:lut_inst|altsyncram:rom_rtl_0|altsyncram_qm81:auto_generated|ram_block1a4~porta_address_reg7 ;
; 13.077 ; 15.000       ; 1.923          ; High Pulse Width ; ddfs:inst_ddfs_mod|freq_divider_DDFS:f_div_inst|count[19] ; Rise       ; ddfs:inst_ddfs_mod|sin_lut:lut_inst|altsyncram:rom_rtl_0|altsyncram_qm81:auto_generated|ram_block1a4~porta_address_reg8 ;
; 13.077 ; 15.000       ; 1.923          ; Low Pulse Width  ; ddfs:inst_ddfs_mod|freq_divider_DDFS:f_div_inst|count[19] ; Rise       ; ddfs:inst_ddfs_mod|sin_lut:lut_inst|altsyncram:rom_rtl_0|altsyncram_qm81:auto_generated|ram_block1a4~porta_address_reg8 ;
; 13.077 ; 15.000       ; 1.923          ; High Pulse Width ; ddfs:inst_ddfs_mod|freq_divider_DDFS:f_div_inst|count[19] ; Rise       ; ddfs:inst_ddfs_mod|sin_lut:lut_inst|altsyncram:rom_rtl_0|altsyncram_qm81:auto_generated|ram_block1a4~porta_address_reg9 ;
; 13.077 ; 15.000       ; 1.923          ; Low Pulse Width  ; ddfs:inst_ddfs_mod|freq_divider_DDFS:f_div_inst|count[19] ; Rise       ; ddfs:inst_ddfs_mod|sin_lut:lut_inst|altsyncram:rom_rtl_0|altsyncram_qm81:auto_generated|ram_block1a4~porta_address_reg9 ;
; 13.077 ; 15.000       ; 1.923          ; High Pulse Width ; ddfs:inst_ddfs_mod|freq_divider_DDFS:f_div_inst|count[19] ; Rise       ; ddfs:inst_ddfs_mod|sin_lut:lut_inst|altsyncram:rom_rtl_0|altsyncram_qm81:auto_generated|ram_block1a8~porta_address_reg0 ;
; 13.077 ; 15.000       ; 1.923          ; Low Pulse Width  ; ddfs:inst_ddfs_mod|freq_divider_DDFS:f_div_inst|count[19] ; Rise       ; ddfs:inst_ddfs_mod|sin_lut:lut_inst|altsyncram:rom_rtl_0|altsyncram_qm81:auto_generated|ram_block1a8~porta_address_reg0 ;
; 13.077 ; 15.000       ; 1.923          ; High Pulse Width ; ddfs:inst_ddfs_mod|freq_divider_DDFS:f_div_inst|count[19] ; Rise       ; ddfs:inst_ddfs_mod|sin_lut:lut_inst|altsyncram:rom_rtl_0|altsyncram_qm81:auto_generated|ram_block1a8~porta_address_reg1 ;
; 13.077 ; 15.000       ; 1.923          ; Low Pulse Width  ; ddfs:inst_ddfs_mod|freq_divider_DDFS:f_div_inst|count[19] ; Rise       ; ddfs:inst_ddfs_mod|sin_lut:lut_inst|altsyncram:rom_rtl_0|altsyncram_qm81:auto_generated|ram_block1a8~porta_address_reg1 ;
; 13.077 ; 15.000       ; 1.923          ; High Pulse Width ; ddfs:inst_ddfs_mod|freq_divider_DDFS:f_div_inst|count[19] ; Rise       ; ddfs:inst_ddfs_mod|sin_lut:lut_inst|altsyncram:rom_rtl_0|altsyncram_qm81:auto_generated|ram_block1a8~porta_address_reg2 ;
; 13.077 ; 15.000       ; 1.923          ; Low Pulse Width  ; ddfs:inst_ddfs_mod|freq_divider_DDFS:f_div_inst|count[19] ; Rise       ; ddfs:inst_ddfs_mod|sin_lut:lut_inst|altsyncram:rom_rtl_0|altsyncram_qm81:auto_generated|ram_block1a8~porta_address_reg2 ;
; 13.077 ; 15.000       ; 1.923          ; High Pulse Width ; ddfs:inst_ddfs_mod|freq_divider_DDFS:f_div_inst|count[19] ; Rise       ; ddfs:inst_ddfs_mod|sin_lut:lut_inst|altsyncram:rom_rtl_0|altsyncram_qm81:auto_generated|ram_block1a8~porta_address_reg3 ;
; 13.077 ; 15.000       ; 1.923          ; Low Pulse Width  ; ddfs:inst_ddfs_mod|freq_divider_DDFS:f_div_inst|count[19] ; Rise       ; ddfs:inst_ddfs_mod|sin_lut:lut_inst|altsyncram:rom_rtl_0|altsyncram_qm81:auto_generated|ram_block1a8~porta_address_reg3 ;
; 13.077 ; 15.000       ; 1.923          ; High Pulse Width ; ddfs:inst_ddfs_mod|freq_divider_DDFS:f_div_inst|count[19] ; Rise       ; ddfs:inst_ddfs_mod|sin_lut:lut_inst|altsyncram:rom_rtl_0|altsyncram_qm81:auto_generated|ram_block1a8~porta_address_reg4 ;
; 13.077 ; 15.000       ; 1.923          ; Low Pulse Width  ; ddfs:inst_ddfs_mod|freq_divider_DDFS:f_div_inst|count[19] ; Rise       ; ddfs:inst_ddfs_mod|sin_lut:lut_inst|altsyncram:rom_rtl_0|altsyncram_qm81:auto_generated|ram_block1a8~porta_address_reg4 ;
; 13.077 ; 15.000       ; 1.923          ; High Pulse Width ; ddfs:inst_ddfs_mod|freq_divider_DDFS:f_div_inst|count[19] ; Rise       ; ddfs:inst_ddfs_mod|sin_lut:lut_inst|altsyncram:rom_rtl_0|altsyncram_qm81:auto_generated|ram_block1a8~porta_address_reg5 ;
; 13.077 ; 15.000       ; 1.923          ; Low Pulse Width  ; ddfs:inst_ddfs_mod|freq_divider_DDFS:f_div_inst|count[19] ; Rise       ; ddfs:inst_ddfs_mod|sin_lut:lut_inst|altsyncram:rom_rtl_0|altsyncram_qm81:auto_generated|ram_block1a8~porta_address_reg5 ;
; 13.077 ; 15.000       ; 1.923          ; High Pulse Width ; ddfs:inst_ddfs_mod|freq_divider_DDFS:f_div_inst|count[19] ; Rise       ; ddfs:inst_ddfs_mod|sin_lut:lut_inst|altsyncram:rom_rtl_0|altsyncram_qm81:auto_generated|ram_block1a8~porta_address_reg6 ;
; 13.077 ; 15.000       ; 1.923          ; Low Pulse Width  ; ddfs:inst_ddfs_mod|freq_divider_DDFS:f_div_inst|count[19] ; Rise       ; ddfs:inst_ddfs_mod|sin_lut:lut_inst|altsyncram:rom_rtl_0|altsyncram_qm81:auto_generated|ram_block1a8~porta_address_reg6 ;
; 13.077 ; 15.000       ; 1.923          ; High Pulse Width ; ddfs:inst_ddfs_mod|freq_divider_DDFS:f_div_inst|count[19] ; Rise       ; ddfs:inst_ddfs_mod|sin_lut:lut_inst|altsyncram:rom_rtl_0|altsyncram_qm81:auto_generated|ram_block1a8~porta_address_reg7 ;
; 13.077 ; 15.000       ; 1.923          ; Low Pulse Width  ; ddfs:inst_ddfs_mod|freq_divider_DDFS:f_div_inst|count[19] ; Rise       ; ddfs:inst_ddfs_mod|sin_lut:lut_inst|altsyncram:rom_rtl_0|altsyncram_qm81:auto_generated|ram_block1a8~porta_address_reg7 ;
; 13.077 ; 15.000       ; 1.923          ; High Pulse Width ; ddfs:inst_ddfs_mod|freq_divider_DDFS:f_div_inst|count[19] ; Rise       ; ddfs:inst_ddfs_mod|sin_lut:lut_inst|altsyncram:rom_rtl_0|altsyncram_qm81:auto_generated|ram_block1a8~porta_address_reg8 ;
; 13.077 ; 15.000       ; 1.923          ; Low Pulse Width  ; ddfs:inst_ddfs_mod|freq_divider_DDFS:f_div_inst|count[19] ; Rise       ; ddfs:inst_ddfs_mod|sin_lut:lut_inst|altsyncram:rom_rtl_0|altsyncram_qm81:auto_generated|ram_block1a8~porta_address_reg8 ;
; 13.077 ; 15.000       ; 1.923          ; High Pulse Width ; ddfs:inst_ddfs_mod|freq_divider_DDFS:f_div_inst|count[19] ; Rise       ; ddfs:inst_ddfs_mod|sin_lut:lut_inst|altsyncram:rom_rtl_0|altsyncram_qm81:auto_generated|ram_block1a8~porta_address_reg9 ;
; 13.077 ; 15.000       ; 1.923          ; Low Pulse Width  ; ddfs:inst_ddfs_mod|freq_divider_DDFS:f_div_inst|count[19] ; Rise       ; ddfs:inst_ddfs_mod|sin_lut:lut_inst|altsyncram:rom_rtl_0|altsyncram_qm81:auto_generated|ram_block1a8~porta_address_reg9 ;
; 14.000 ; 15.000       ; 1.000          ; High Pulse Width ; ddfs:inst_ddfs_mod|freq_divider_DDFS:f_div_inst|count[19] ; Rise       ; ddfs:inst_ddfs_mod|cont[0]                                                                                              ;
; 14.000 ; 15.000       ; 1.000          ; Low Pulse Width  ; ddfs:inst_ddfs_mod|freq_divider_DDFS:f_div_inst|count[19] ; Rise       ; ddfs:inst_ddfs_mod|cont[0]                                                                                              ;
; 14.000 ; 15.000       ; 1.000          ; High Pulse Width ; ddfs:inst_ddfs_mod|freq_divider_DDFS:f_div_inst|count[19] ; Rise       ; ddfs:inst_ddfs_mod|cont[10]                                                                                             ;
; 14.000 ; 15.000       ; 1.000          ; Low Pulse Width  ; ddfs:inst_ddfs_mod|freq_divider_DDFS:f_div_inst|count[19] ; Rise       ; ddfs:inst_ddfs_mod|cont[10]                                                                                             ;
; 14.000 ; 15.000       ; 1.000          ; High Pulse Width ; ddfs:inst_ddfs_mod|freq_divider_DDFS:f_div_inst|count[19] ; Rise       ; ddfs:inst_ddfs_mod|cont[11]                                                                                             ;
; 14.000 ; 15.000       ; 1.000          ; Low Pulse Width  ; ddfs:inst_ddfs_mod|freq_divider_DDFS:f_div_inst|count[19] ; Rise       ; ddfs:inst_ddfs_mod|cont[11]                                                                                             ;
; 14.000 ; 15.000       ; 1.000          ; High Pulse Width ; ddfs:inst_ddfs_mod|freq_divider_DDFS:f_div_inst|count[19] ; Rise       ; ddfs:inst_ddfs_mod|cont[1]                                                                                              ;
; 14.000 ; 15.000       ; 1.000          ; Low Pulse Width  ; ddfs:inst_ddfs_mod|freq_divider_DDFS:f_div_inst|count[19] ; Rise       ; ddfs:inst_ddfs_mod|cont[1]                                                                                              ;
; 14.000 ; 15.000       ; 1.000          ; High Pulse Width ; ddfs:inst_ddfs_mod|freq_divider_DDFS:f_div_inst|count[19] ; Rise       ; ddfs:inst_ddfs_mod|cont[2]                                                                                              ;
; 14.000 ; 15.000       ; 1.000          ; Low Pulse Width  ; ddfs:inst_ddfs_mod|freq_divider_DDFS:f_div_inst|count[19] ; Rise       ; ddfs:inst_ddfs_mod|cont[2]                                                                                              ;
; 14.000 ; 15.000       ; 1.000          ; High Pulse Width ; ddfs:inst_ddfs_mod|freq_divider_DDFS:f_div_inst|count[19] ; Rise       ; ddfs:inst_ddfs_mod|cont[3]                                                                                              ;
; 14.000 ; 15.000       ; 1.000          ; Low Pulse Width  ; ddfs:inst_ddfs_mod|freq_divider_DDFS:f_div_inst|count[19] ; Rise       ; ddfs:inst_ddfs_mod|cont[3]                                                                                              ;
; 14.000 ; 15.000       ; 1.000          ; High Pulse Width ; ddfs:inst_ddfs_mod|freq_divider_DDFS:f_div_inst|count[19] ; Rise       ; ddfs:inst_ddfs_mod|cont[4]                                                                                              ;
; 14.000 ; 15.000       ; 1.000          ; Low Pulse Width  ; ddfs:inst_ddfs_mod|freq_divider_DDFS:f_div_inst|count[19] ; Rise       ; ddfs:inst_ddfs_mod|cont[4]                                                                                              ;
; 14.000 ; 15.000       ; 1.000          ; High Pulse Width ; ddfs:inst_ddfs_mod|freq_divider_DDFS:f_div_inst|count[19] ; Rise       ; ddfs:inst_ddfs_mod|cont[5]                                                                                              ;
; 14.000 ; 15.000       ; 1.000          ; Low Pulse Width  ; ddfs:inst_ddfs_mod|freq_divider_DDFS:f_div_inst|count[19] ; Rise       ; ddfs:inst_ddfs_mod|cont[5]                                                                                              ;
; 14.000 ; 15.000       ; 1.000          ; High Pulse Width ; ddfs:inst_ddfs_mod|freq_divider_DDFS:f_div_inst|count[19] ; Rise       ; ddfs:inst_ddfs_mod|cont[6]                                                                                              ;
; 14.000 ; 15.000       ; 1.000          ; Low Pulse Width  ; ddfs:inst_ddfs_mod|freq_divider_DDFS:f_div_inst|count[19] ; Rise       ; ddfs:inst_ddfs_mod|cont[6]                                                                                              ;
; 14.000 ; 15.000       ; 1.000          ; High Pulse Width ; ddfs:inst_ddfs_mod|freq_divider_DDFS:f_div_inst|count[19] ; Rise       ; ddfs:inst_ddfs_mod|cont[7]                                                                                              ;
; 14.000 ; 15.000       ; 1.000          ; Low Pulse Width  ; ddfs:inst_ddfs_mod|freq_divider_DDFS:f_div_inst|count[19] ; Rise       ; ddfs:inst_ddfs_mod|cont[7]                                                                                              ;
; 14.000 ; 15.000       ; 1.000          ; High Pulse Width ; ddfs:inst_ddfs_mod|freq_divider_DDFS:f_div_inst|count[19] ; Rise       ; ddfs:inst_ddfs_mod|cont[8]                                                                                              ;
; 14.000 ; 15.000       ; 1.000          ; Low Pulse Width  ; ddfs:inst_ddfs_mod|freq_divider_DDFS:f_div_inst|count[19] ; Rise       ; ddfs:inst_ddfs_mod|cont[8]                                                                                              ;
; 14.000 ; 15.000       ; 1.000          ; High Pulse Width ; ddfs:inst_ddfs_mod|freq_divider_DDFS:f_div_inst|count[19] ; Rise       ; ddfs:inst_ddfs_mod|cont[9]                                                                                              ;
; 14.000 ; 15.000       ; 1.000          ; Low Pulse Width  ; ddfs:inst_ddfs_mod|freq_divider_DDFS:f_div_inst|count[19] ; Rise       ; ddfs:inst_ddfs_mod|cont[9]                                                                                              ;
; 14.000 ; 15.000       ; 1.000          ; High Pulse Width ; ddfs:inst_ddfs_mod|freq_divider_DDFS:f_div_inst|count[19] ; Rise       ; ddfs:inst_ddfs_mod|cont_rt[10]                                                                                          ;
; 14.000 ; 15.000       ; 1.000          ; Low Pulse Width  ; ddfs:inst_ddfs_mod|freq_divider_DDFS:f_div_inst|count[19] ; Rise       ; ddfs:inst_ddfs_mod|cont_rt[10]                                                                                          ;
; 14.000 ; 15.000       ; 1.000          ; High Pulse Width ; ddfs:inst_ddfs_mod|freq_divider_DDFS:f_div_inst|count[19] ; Rise       ; ddfs:inst_ddfs_mod|cont_rt[11]                                                                                          ;
; 14.000 ; 15.000       ; 1.000          ; Low Pulse Width  ; ddfs:inst_ddfs_mod|freq_divider_DDFS:f_div_inst|count[19] ; Rise       ; ddfs:inst_ddfs_mod|cont_rt[11]                                                                                          ;
; 15.000 ; 15.000       ; 0.000          ; High Pulse Width ; ddfs:inst_ddfs_mod|freq_divider_DDFS:f_div_inst|count[19] ; Rise       ; inst_ddfs_mod|cont[0]|clk                                                                                               ;
; 15.000 ; 15.000       ; 0.000          ; Low Pulse Width  ; ddfs:inst_ddfs_mod|freq_divider_DDFS:f_div_inst|count[19] ; Rise       ; inst_ddfs_mod|cont[0]|clk                                                                                               ;
; 15.000 ; 15.000       ; 0.000          ; High Pulse Width ; ddfs:inst_ddfs_mod|freq_divider_DDFS:f_div_inst|count[19] ; Rise       ; inst_ddfs_mod|cont[10]|clk                                                                                              ;
; 15.000 ; 15.000       ; 0.000          ; Low Pulse Width  ; ddfs:inst_ddfs_mod|freq_divider_DDFS:f_div_inst|count[19] ; Rise       ; inst_ddfs_mod|cont[10]|clk                                                                                              ;
; 15.000 ; 15.000       ; 0.000          ; High Pulse Width ; ddfs:inst_ddfs_mod|freq_divider_DDFS:f_div_inst|count[19] ; Rise       ; inst_ddfs_mod|cont[11]|clk                                                                                              ;
; 15.000 ; 15.000       ; 0.000          ; Low Pulse Width  ; ddfs:inst_ddfs_mod|freq_divider_DDFS:f_div_inst|count[19] ; Rise       ; inst_ddfs_mod|cont[11]|clk                                                                                              ;
; 15.000 ; 15.000       ; 0.000          ; High Pulse Width ; ddfs:inst_ddfs_mod|freq_divider_DDFS:f_div_inst|count[19] ; Rise       ; inst_ddfs_mod|cont[1]|clk                                                                                               ;
; 15.000 ; 15.000       ; 0.000          ; Low Pulse Width  ; ddfs:inst_ddfs_mod|freq_divider_DDFS:f_div_inst|count[19] ; Rise       ; inst_ddfs_mod|cont[1]|clk                                                                                               ;
; 15.000 ; 15.000       ; 0.000          ; High Pulse Width ; ddfs:inst_ddfs_mod|freq_divider_DDFS:f_div_inst|count[19] ; Rise       ; inst_ddfs_mod|cont[2]|clk                                                                                               ;
; 15.000 ; 15.000       ; 0.000          ; Low Pulse Width  ; ddfs:inst_ddfs_mod|freq_divider_DDFS:f_div_inst|count[19] ; Rise       ; inst_ddfs_mod|cont[2]|clk                                                                                               ;
; 15.000 ; 15.000       ; 0.000          ; High Pulse Width ; ddfs:inst_ddfs_mod|freq_divider_DDFS:f_div_inst|count[19] ; Rise       ; inst_ddfs_mod|cont[3]|clk                                                                                               ;
; 15.000 ; 15.000       ; 0.000          ; Low Pulse Width  ; ddfs:inst_ddfs_mod|freq_divider_DDFS:f_div_inst|count[19] ; Rise       ; inst_ddfs_mod|cont[3]|clk                                                                                               ;
+--------+--------------+----------------+------------------+-----------------------------------------------------------+------------+-------------------------------------------------------------------------------------------------------------------------+


+---------------------------------------------------------------------------------------------------------------------------------------------------------------------+
; Clock to Output Times                                                                                                                                               ;
+--------------+-----------------------------------------------------------+--------+--------+------------+-----------------------------------------------------------+
; Data Port    ; Clock Port                                                ; Rise   ; Fall   ; Clock Edge ; Clock Reference                                           ;
+--------------+-----------------------------------------------------------+--------+--------+------------+-----------------------------------------------------------+
; VGA_CLK      ; ddfs:inst_ddfs_mod|freq_divider_DDFS:f_div_inst|count[19] ; 4.776  ;        ; Rise       ; ddfs:inst_ddfs_mod|freq_divider_DDFS:f_div_inst|count[19] ;
; VGA_R[*]     ; ddfs:inst_ddfs_mod|freq_divider_DDFS:f_div_inst|count[19] ; 14.625 ; 14.625 ; Rise       ; ddfs:inst_ddfs_mod|freq_divider_DDFS:f_div_inst|count[19] ;
;  VGA_R[0]    ; ddfs:inst_ddfs_mod|freq_divider_DDFS:f_div_inst|count[19] ; 14.020 ; 14.020 ; Rise       ; ddfs:inst_ddfs_mod|freq_divider_DDFS:f_div_inst|count[19] ;
;  VGA_R[1]    ; ddfs:inst_ddfs_mod|freq_divider_DDFS:f_div_inst|count[19] ; 13.718 ; 13.718 ; Rise       ; ddfs:inst_ddfs_mod|freq_divider_DDFS:f_div_inst|count[19] ;
;  VGA_R[2]    ; ddfs:inst_ddfs_mod|freq_divider_DDFS:f_div_inst|count[19] ; 13.793 ; 13.793 ; Rise       ; ddfs:inst_ddfs_mod|freq_divider_DDFS:f_div_inst|count[19] ;
;  VGA_R[3]    ; ddfs:inst_ddfs_mod|freq_divider_DDFS:f_div_inst|count[19] ; 13.640 ; 13.640 ; Rise       ; ddfs:inst_ddfs_mod|freq_divider_DDFS:f_div_inst|count[19] ;
;  VGA_R[4]    ; ddfs:inst_ddfs_mod|freq_divider_DDFS:f_div_inst|count[19] ; 13.825 ; 13.825 ; Rise       ; ddfs:inst_ddfs_mod|freq_divider_DDFS:f_div_inst|count[19] ;
;  VGA_R[5]    ; ddfs:inst_ddfs_mod|freq_divider_DDFS:f_div_inst|count[19] ; 14.238 ; 14.238 ; Rise       ; ddfs:inst_ddfs_mod|freq_divider_DDFS:f_div_inst|count[19] ;
;  VGA_R[6]    ; ddfs:inst_ddfs_mod|freq_divider_DDFS:f_div_inst|count[19] ; 14.284 ; 14.284 ; Rise       ; ddfs:inst_ddfs_mod|freq_divider_DDFS:f_div_inst|count[19] ;
;  VGA_R[7]    ; ddfs:inst_ddfs_mod|freq_divider_DDFS:f_div_inst|count[19] ; 14.081 ; 14.081 ; Rise       ; ddfs:inst_ddfs_mod|freq_divider_DDFS:f_div_inst|count[19] ;
;  VGA_R[8]    ; ddfs:inst_ddfs_mod|freq_divider_DDFS:f_div_inst|count[19] ; 14.118 ; 14.118 ; Rise       ; ddfs:inst_ddfs_mod|freq_divider_DDFS:f_div_inst|count[19] ;
;  VGA_R[9]    ; ddfs:inst_ddfs_mod|freq_divider_DDFS:f_div_inst|count[19] ; 14.625 ; 14.625 ; Rise       ; ddfs:inst_ddfs_mod|freq_divider_DDFS:f_div_inst|count[19] ;
; VGA_CLK      ; ddfs:inst_ddfs_mod|freq_divider_DDFS:f_div_inst|count[19] ;        ; 4.776  ; Fall       ; ddfs:inst_ddfs_mod|freq_divider_DDFS:f_div_inst|count[19] ;
; GPIO_1[*]    ; CLOCK_50                                                  ; 7.688  ; 7.688  ; Rise       ; inst_pll|altpll_component|pll|clk[0]                      ;
;  GPIO_1[0]   ; CLOCK_50                                                  ; 7.674  ; 7.674  ; Rise       ; inst_pll|altpll_component|pll|clk[0]                      ;
;  GPIO_1[1]   ; CLOCK_50                                                  ; 7.688  ; 7.688  ; Rise       ; inst_pll|altpll_component|pll|clk[0]                      ;
;  GPIO_1[2]   ; CLOCK_50                                                  ; 7.653  ; 7.653  ; Rise       ; inst_pll|altpll_component|pll|clk[0]                      ;
;  GPIO_1[3]   ; CLOCK_50                                                  ; 7.649  ; 7.649  ; Rise       ; inst_pll|altpll_component|pll|clk[0]                      ;
; LCD_DATA[*]  ; CLOCK_50                                                  ; 8.205  ; 8.205  ; Rise       ; inst_pll|altpll_component|pll|clk[0]                      ;
;  LCD_DATA[0] ; CLOCK_50                                                  ; 8.032  ; 8.032  ; Rise       ; inst_pll|altpll_component|pll|clk[0]                      ;
;  LCD_DATA[1] ; CLOCK_50                                                  ; 8.175  ; 8.175  ; Rise       ; inst_pll|altpll_component|pll|clk[0]                      ;
;  LCD_DATA[2] ; CLOCK_50                                                  ; 8.205  ; 8.205  ; Rise       ; inst_pll|altpll_component|pll|clk[0]                      ;
;  LCD_DATA[3] ; CLOCK_50                                                  ; 8.203  ; 8.203  ; Rise       ; inst_pll|altpll_component|pll|clk[0]                      ;
;  LCD_DATA[4] ; CLOCK_50                                                  ; 8.159  ; 8.159  ; Rise       ; inst_pll|altpll_component|pll|clk[0]                      ;
;  LCD_DATA[5] ; CLOCK_50                                                  ; 8.174  ; 8.174  ; Rise       ; inst_pll|altpll_component|pll|clk[0]                      ;
;  LCD_DATA[6] ; CLOCK_50                                                  ; 8.147  ; 8.147  ; Rise       ; inst_pll|altpll_component|pll|clk[0]                      ;
;  LCD_DATA[7] ; CLOCK_50                                                  ; 8.200  ; 8.200  ; Rise       ; inst_pll|altpll_component|pll|clk[0]                      ;
; LCD_EN       ; CLOCK_50                                                  ; 5.495  ; 5.495  ; Rise       ; inst_pll|altpll_component|pll|clk[0]                      ;
; LCD_RS       ; CLOCK_50                                                  ; 8.079  ; 8.079  ; Rise       ; inst_pll|altpll_component|pll|clk[0]                      ;
+--------------+-----------------------------------------------------------+--------+--------+------------+-----------------------------------------------------------+


+-------------------------------------------------------------------------------------------------------------------------------------------------------------------+
; Minimum Clock to Output Times                                                                                                                                     ;
+--------------+-----------------------------------------------------------+-------+-------+------------+-----------------------------------------------------------+
; Data Port    ; Clock Port                                                ; Rise  ; Fall  ; Clock Edge ; Clock Reference                                           ;
+--------------+-----------------------------------------------------------+-------+-------+------------+-----------------------------------------------------------+
; VGA_CLK      ; ddfs:inst_ddfs_mod|freq_divider_DDFS:f_div_inst|count[19] ; 4.776 ;       ; Rise       ; ddfs:inst_ddfs_mod|freq_divider_DDFS:f_div_inst|count[19] ;
; VGA_R[*]     ; ddfs:inst_ddfs_mod|freq_divider_DDFS:f_div_inst|count[19] ; 8.943 ; 8.943 ; Rise       ; ddfs:inst_ddfs_mod|freq_divider_DDFS:f_div_inst|count[19] ;
;  VGA_R[0]    ; ddfs:inst_ddfs_mod|freq_divider_DDFS:f_div_inst|count[19] ; 9.657 ; 9.657 ; Rise       ; ddfs:inst_ddfs_mod|freq_divider_DDFS:f_div_inst|count[19] ;
;  VGA_R[1]    ; ddfs:inst_ddfs_mod|freq_divider_DDFS:f_div_inst|count[19] ; 9.683 ; 9.683 ; Rise       ; ddfs:inst_ddfs_mod|freq_divider_DDFS:f_div_inst|count[19] ;
;  VGA_R[2]    ; ddfs:inst_ddfs_mod|freq_divider_DDFS:f_div_inst|count[19] ; 9.687 ; 9.687 ; Rise       ; ddfs:inst_ddfs_mod|freq_divider_DDFS:f_div_inst|count[19] ;
;  VGA_R[3]    ; ddfs:inst_ddfs_mod|freq_divider_DDFS:f_div_inst|count[19] ; 9.643 ; 9.643 ; Rise       ; ddfs:inst_ddfs_mod|freq_divider_DDFS:f_div_inst|count[19] ;
;  VGA_R[4]    ; ddfs:inst_ddfs_mod|freq_divider_DDFS:f_div_inst|count[19] ; 9.666 ; 9.666 ; Rise       ; ddfs:inst_ddfs_mod|freq_divider_DDFS:f_div_inst|count[19] ;
;  VGA_R[5]    ; ddfs:inst_ddfs_mod|freq_divider_DDFS:f_div_inst|count[19] ; 9.770 ; 9.770 ; Rise       ; ddfs:inst_ddfs_mod|freq_divider_DDFS:f_div_inst|count[19] ;
;  VGA_R[6]    ; ddfs:inst_ddfs_mod|freq_divider_DDFS:f_div_inst|count[19] ; 9.406 ; 9.406 ; Rise       ; ddfs:inst_ddfs_mod|freq_divider_DDFS:f_div_inst|count[19] ;
;  VGA_R[7]    ; ddfs:inst_ddfs_mod|freq_divider_DDFS:f_div_inst|count[19] ; 9.739 ; 9.739 ; Rise       ; ddfs:inst_ddfs_mod|freq_divider_DDFS:f_div_inst|count[19] ;
;  VGA_R[8]    ; ddfs:inst_ddfs_mod|freq_divider_DDFS:f_div_inst|count[19] ; 9.711 ; 9.711 ; Rise       ; ddfs:inst_ddfs_mod|freq_divider_DDFS:f_div_inst|count[19] ;
;  VGA_R[9]    ; ddfs:inst_ddfs_mod|freq_divider_DDFS:f_div_inst|count[19] ; 8.943 ; 8.943 ; Rise       ; ddfs:inst_ddfs_mod|freq_divider_DDFS:f_div_inst|count[19] ;
; VGA_CLK      ; ddfs:inst_ddfs_mod|freq_divider_DDFS:f_div_inst|count[19] ;       ; 4.776 ; Fall       ; ddfs:inst_ddfs_mod|freq_divider_DDFS:f_div_inst|count[19] ;
; GPIO_1[*]    ; CLOCK_50                                                  ; 5.175 ; 5.175 ; Rise       ; inst_pll|altpll_component|pll|clk[0]                      ;
;  GPIO_1[0]   ; CLOCK_50                                                  ; 5.199 ; 5.199 ; Rise       ; inst_pll|altpll_component|pll|clk[0]                      ;
;  GPIO_1[1]   ; CLOCK_50                                                  ; 5.230 ; 5.230 ; Rise       ; inst_pll|altpll_component|pll|clk[0]                      ;
;  GPIO_1[2]   ; CLOCK_50                                                  ; 5.175 ; 5.175 ; Rise       ; inst_pll|altpll_component|pll|clk[0]                      ;
;  GPIO_1[3]   ; CLOCK_50                                                  ; 5.195 ; 5.195 ; Rise       ; inst_pll|altpll_component|pll|clk[0]                      ;
; LCD_DATA[*]  ; CLOCK_50                                                  ; 5.158 ; 5.158 ; Rise       ; inst_pll|altpll_component|pll|clk[0]                      ;
;  LCD_DATA[0] ; CLOCK_50                                                  ; 5.158 ; 5.158 ; Rise       ; inst_pll|altpll_component|pll|clk[0]                      ;
;  LCD_DATA[1] ; CLOCK_50                                                  ; 5.846 ; 5.846 ; Rise       ; inst_pll|altpll_component|pll|clk[0]                      ;
;  LCD_DATA[2] ; CLOCK_50                                                  ; 5.867 ; 5.867 ; Rise       ; inst_pll|altpll_component|pll|clk[0]                      ;
;  LCD_DATA[3] ; CLOCK_50                                                  ; 5.451 ; 5.451 ; Rise       ; inst_pll|altpll_component|pll|clk[0]                      ;
;  LCD_DATA[4] ; CLOCK_50                                                  ; 5.461 ; 5.461 ; Rise       ; inst_pll|altpll_component|pll|clk[0]                      ;
;  LCD_DATA[5] ; CLOCK_50                                                  ; 5.702 ; 5.702 ; Rise       ; inst_pll|altpll_component|pll|clk[0]                      ;
;  LCD_DATA[6] ; CLOCK_50                                                  ; 5.686 ; 5.686 ; Rise       ; inst_pll|altpll_component|pll|clk[0]                      ;
;  LCD_DATA[7] ; CLOCK_50                                                  ; 5.720 ; 5.720 ; Rise       ; inst_pll|altpll_component|pll|clk[0]                      ;
; LCD_EN       ; CLOCK_50                                                  ; 5.185 ; 5.185 ; Rise       ; inst_pll|altpll_component|pll|clk[0]                      ;
; LCD_RS       ; CLOCK_50                                                  ; 4.799 ; 4.799 ; Rise       ; inst_pll|altpll_component|pll|clk[0]                      ;
+--------------+-----------------------------------------------------------+-------+-------+------------+-----------------------------------------------------------+


+------------------------------------------------------------------------------------+
; Fast Model Setup Summary                                                           ;
+-----------------------------------------------------------+--------+---------------+
; Clock                                                     ; Slack  ; End Point TNS ;
+-----------------------------------------------------------+--------+---------------+
; inst_pll|altpll_component|pll|clk[0]                      ; 7.125  ; 0.000         ;
; ddfs:inst_ddfs_mod|freq_divider_DDFS:f_div_inst|count[19] ; 10.475 ; 0.000         ;
+-----------------------------------------------------------+--------+---------------+


+-----------------------------------------------------------------------------------+
; Fast Model Hold Summary                                                           ;
+-----------------------------------------------------------+-------+---------------+
; Clock                                                     ; Slack ; End Point TNS ;
+-----------------------------------------------------------+-------+---------------+
; inst_pll|altpll_component|pll|clk[0]                      ; 0.215 ; 0.000         ;
; ddfs:inst_ddfs_mod|freq_divider_DDFS:f_div_inst|count[19] ; 0.272 ; 0.000         ;
+-----------------------------------------------------------+-------+---------------+


-------------------------------
; Fast Model Recovery Summary ;
-------------------------------
No paths to report.


------------------------------
; Fast Model Removal Summary ;
------------------------------
No paths to report.


+------------------------------------------------------------------------------------+
; Fast Model Minimum Pulse Width Summary                                             ;
+-----------------------------------------------------------+--------+---------------+
; Clock                                                     ; Slack  ; End Point TNS ;
+-----------------------------------------------------------+--------+---------------+
; inst_pll|altpll_component|pll|clk[0]                      ; 5.219  ; 0.000         ;
; CLOCK_50                                                  ; 10.000 ; 0.000         ;
; ddfs:inst_ddfs_mod|freq_divider_DDFS:f_div_inst|count[19] ; 13.077 ; 0.000         ;
+-----------------------------------------------------------+--------+---------------+


+--------------------------------------------------------------------------------------------------------------------------------------------------------------------------------------------------------------------------------------------------------------------------+
; Fast Model Setup: 'inst_pll|altpll_component|pll|clk[0]'                                                                                                                                                                                                                 ;
+-------+-----------------------------------------------------------------------------------------------------------------------------+-------------+--------------------------------------+--------------------------------------+--------------+------------+------------+
; Slack ; From Node                                                                                                                   ; To Node     ; Launch Clock                         ; Latch Clock                          ; Relationship ; Clock Skew ; Data Delay ;
+-------+-----------------------------------------------------------------------------------------------------------------------------+-------------+--------------------------------------+--------------------------------------+--------------+------------+------------+
; 7.125 ; lcd_driver:inst|text_lut:text_lut_inst|altsyncram:rom_rtl_0|altsyncram_ap81:auto_generated|ram_block1a5~porta_address_reg0  ; LCD_DATA[5] ; inst_pll|altpll_component|pll|clk[0] ; inst_pll|altpll_component|pll|clk[0] ; 14.285       ; -1.768     ; 4.392      ;
; 7.125 ; lcd_driver:inst|text_lut:text_lut_inst|altsyncram:rom_rtl_0|altsyncram_ap81:auto_generated|ram_block1a7~porta_address_reg0  ; LCD_DATA[7] ; inst_pll|altpll_component|pll|clk[0] ; inst_pll|altpll_component|pll|clk[0] ; 14.285       ; -1.775     ; 4.385      ;
; 7.125 ; lcd_driver:inst|text_lut:text_lut_inst|altsyncram:rom_rtl_0|altsyncram_ap81:auto_generated|ram_block1a5~porta_address_reg1  ; LCD_DATA[5] ; inst_pll|altpll_component|pll|clk[0] ; inst_pll|altpll_component|pll|clk[0] ; 14.285       ; -1.768     ; 4.392      ;
; 7.125 ; lcd_driver:inst|text_lut:text_lut_inst|altsyncram:rom_rtl_0|altsyncram_ap81:auto_generated|ram_block1a5~porta_address_reg2  ; LCD_DATA[5] ; inst_pll|altpll_component|pll|clk[0] ; inst_pll|altpll_component|pll|clk[0] ; 14.285       ; -1.768     ; 4.392      ;
; 7.125 ; lcd_driver:inst|text_lut:text_lut_inst|altsyncram:rom_rtl_0|altsyncram_ap81:auto_generated|ram_block1a5~porta_address_reg3  ; LCD_DATA[5] ; inst_pll|altpll_component|pll|clk[0] ; inst_pll|altpll_component|pll|clk[0] ; 14.285       ; -1.768     ; 4.392      ;
; 7.125 ; lcd_driver:inst|text_lut:text_lut_inst|altsyncram:rom_rtl_0|altsyncram_ap81:auto_generated|ram_block1a5~porta_address_reg4  ; LCD_DATA[5] ; inst_pll|altpll_component|pll|clk[0] ; inst_pll|altpll_component|pll|clk[0] ; 14.285       ; -1.768     ; 4.392      ;
; 7.125 ; lcd_driver:inst|text_lut:text_lut_inst|altsyncram:rom_rtl_0|altsyncram_ap81:auto_generated|ram_block1a5~porta_address_reg5  ; LCD_DATA[5] ; inst_pll|altpll_component|pll|clk[0] ; inst_pll|altpll_component|pll|clk[0] ; 14.285       ; -1.768     ; 4.392      ;
; 7.125 ; lcd_driver:inst|text_lut:text_lut_inst|altsyncram:rom_rtl_0|altsyncram_ap81:auto_generated|ram_block1a5~porta_address_reg6  ; LCD_DATA[5] ; inst_pll|altpll_component|pll|clk[0] ; inst_pll|altpll_component|pll|clk[0] ; 14.285       ; -1.768     ; 4.392      ;
; 7.125 ; lcd_driver:inst|text_lut:text_lut_inst|altsyncram:rom_rtl_0|altsyncram_ap81:auto_generated|ram_block1a5~porta_address_reg7  ; LCD_DATA[5] ; inst_pll|altpll_component|pll|clk[0] ; inst_pll|altpll_component|pll|clk[0] ; 14.285       ; -1.768     ; 4.392      ;
; 7.125 ; lcd_driver:inst|text_lut:text_lut_inst|altsyncram:rom_rtl_0|altsyncram_ap81:auto_generated|ram_block1a5~porta_address_reg8  ; LCD_DATA[5] ; inst_pll|altpll_component|pll|clk[0] ; inst_pll|altpll_component|pll|clk[0] ; 14.285       ; -1.768     ; 4.392      ;
; 7.125 ; lcd_driver:inst|text_lut:text_lut_inst|altsyncram:rom_rtl_0|altsyncram_ap81:auto_generated|ram_block1a5~porta_address_reg9  ; LCD_DATA[5] ; inst_pll|altpll_component|pll|clk[0] ; inst_pll|altpll_component|pll|clk[0] ; 14.285       ; -1.768     ; 4.392      ;
; 7.125 ; lcd_driver:inst|text_lut:text_lut_inst|altsyncram:rom_rtl_0|altsyncram_ap81:auto_generated|ram_block1a5~porta_address_reg10 ; LCD_DATA[5] ; inst_pll|altpll_component|pll|clk[0] ; inst_pll|altpll_component|pll|clk[0] ; 14.285       ; -1.768     ; 4.392      ;
; 7.125 ; lcd_driver:inst|text_lut:text_lut_inst|altsyncram:rom_rtl_0|altsyncram_ap81:auto_generated|ram_block1a7~porta_address_reg1  ; LCD_DATA[7] ; inst_pll|altpll_component|pll|clk[0] ; inst_pll|altpll_component|pll|clk[0] ; 14.285       ; -1.775     ; 4.385      ;
; 7.125 ; lcd_driver:inst|text_lut:text_lut_inst|altsyncram:rom_rtl_0|altsyncram_ap81:auto_generated|ram_block1a7~porta_address_reg2  ; LCD_DATA[7] ; inst_pll|altpll_component|pll|clk[0] ; inst_pll|altpll_component|pll|clk[0] ; 14.285       ; -1.775     ; 4.385      ;
; 7.125 ; lcd_driver:inst|text_lut:text_lut_inst|altsyncram:rom_rtl_0|altsyncram_ap81:auto_generated|ram_block1a7~porta_address_reg3  ; LCD_DATA[7] ; inst_pll|altpll_component|pll|clk[0] ; inst_pll|altpll_component|pll|clk[0] ; 14.285       ; -1.775     ; 4.385      ;
; 7.125 ; lcd_driver:inst|text_lut:text_lut_inst|altsyncram:rom_rtl_0|altsyncram_ap81:auto_generated|ram_block1a7~porta_address_reg4  ; LCD_DATA[7] ; inst_pll|altpll_component|pll|clk[0] ; inst_pll|altpll_component|pll|clk[0] ; 14.285       ; -1.775     ; 4.385      ;
; 7.125 ; lcd_driver:inst|text_lut:text_lut_inst|altsyncram:rom_rtl_0|altsyncram_ap81:auto_generated|ram_block1a7~porta_address_reg5  ; LCD_DATA[7] ; inst_pll|altpll_component|pll|clk[0] ; inst_pll|altpll_component|pll|clk[0] ; 14.285       ; -1.775     ; 4.385      ;
; 7.125 ; lcd_driver:inst|text_lut:text_lut_inst|altsyncram:rom_rtl_0|altsyncram_ap81:auto_generated|ram_block1a7~porta_address_reg6  ; LCD_DATA[7] ; inst_pll|altpll_component|pll|clk[0] ; inst_pll|altpll_component|pll|clk[0] ; 14.285       ; -1.775     ; 4.385      ;
; 7.125 ; lcd_driver:inst|text_lut:text_lut_inst|altsyncram:rom_rtl_0|altsyncram_ap81:auto_generated|ram_block1a7~porta_address_reg7  ; LCD_DATA[7] ; inst_pll|altpll_component|pll|clk[0] ; inst_pll|altpll_component|pll|clk[0] ; 14.285       ; -1.775     ; 4.385      ;
; 7.125 ; lcd_driver:inst|text_lut:text_lut_inst|altsyncram:rom_rtl_0|altsyncram_ap81:auto_generated|ram_block1a7~porta_address_reg8  ; LCD_DATA[7] ; inst_pll|altpll_component|pll|clk[0] ; inst_pll|altpll_component|pll|clk[0] ; 14.285       ; -1.775     ; 4.385      ;
; 7.125 ; lcd_driver:inst|text_lut:text_lut_inst|altsyncram:rom_rtl_0|altsyncram_ap81:auto_generated|ram_block1a7~porta_address_reg9  ; LCD_DATA[7] ; inst_pll|altpll_component|pll|clk[0] ; inst_pll|altpll_component|pll|clk[0] ; 14.285       ; -1.775     ; 4.385      ;
; 7.125 ; lcd_driver:inst|text_lut:text_lut_inst|altsyncram:rom_rtl_0|altsyncram_ap81:auto_generated|ram_block1a7~porta_address_reg10 ; LCD_DATA[7] ; inst_pll|altpll_component|pll|clk[0] ; inst_pll|altpll_component|pll|clk[0] ; 14.285       ; -1.775     ; 4.385      ;
; 7.126 ; lcd_driver:inst|text_lut:text_lut_inst|altsyncram:rom_rtl_0|altsyncram_ap81:auto_generated|ram_block1a1~porta_address_reg0  ; LCD_DATA[2] ; inst_pll|altpll_component|pll|clk[0] ; inst_pll|altpll_component|pll|clk[0] ; 14.285       ; -1.776     ; 4.383      ;
; 7.126 ; lcd_driver:inst|text_lut:text_lut_inst|altsyncram:rom_rtl_0|altsyncram_ap81:auto_generated|ram_block1a1~porta_address_reg1  ; LCD_DATA[2] ; inst_pll|altpll_component|pll|clk[0] ; inst_pll|altpll_component|pll|clk[0] ; 14.285       ; -1.776     ; 4.383      ;
; 7.126 ; lcd_driver:inst|text_lut:text_lut_inst|altsyncram:rom_rtl_0|altsyncram_ap81:auto_generated|ram_block1a1~porta_address_reg2  ; LCD_DATA[2] ; inst_pll|altpll_component|pll|clk[0] ; inst_pll|altpll_component|pll|clk[0] ; 14.285       ; -1.776     ; 4.383      ;
; 7.126 ; lcd_driver:inst|text_lut:text_lut_inst|altsyncram:rom_rtl_0|altsyncram_ap81:auto_generated|ram_block1a1~porta_address_reg3  ; LCD_DATA[2] ; inst_pll|altpll_component|pll|clk[0] ; inst_pll|altpll_component|pll|clk[0] ; 14.285       ; -1.776     ; 4.383      ;
; 7.126 ; lcd_driver:inst|text_lut:text_lut_inst|altsyncram:rom_rtl_0|altsyncram_ap81:auto_generated|ram_block1a1~porta_address_reg4  ; LCD_DATA[2] ; inst_pll|altpll_component|pll|clk[0] ; inst_pll|altpll_component|pll|clk[0] ; 14.285       ; -1.776     ; 4.383      ;
; 7.126 ; lcd_driver:inst|text_lut:text_lut_inst|altsyncram:rom_rtl_0|altsyncram_ap81:auto_generated|ram_block1a1~porta_address_reg5  ; LCD_DATA[2] ; inst_pll|altpll_component|pll|clk[0] ; inst_pll|altpll_component|pll|clk[0] ; 14.285       ; -1.776     ; 4.383      ;
; 7.126 ; lcd_driver:inst|text_lut:text_lut_inst|altsyncram:rom_rtl_0|altsyncram_ap81:auto_generated|ram_block1a1~porta_address_reg6  ; LCD_DATA[2] ; inst_pll|altpll_component|pll|clk[0] ; inst_pll|altpll_component|pll|clk[0] ; 14.285       ; -1.776     ; 4.383      ;
; 7.126 ; lcd_driver:inst|text_lut:text_lut_inst|altsyncram:rom_rtl_0|altsyncram_ap81:auto_generated|ram_block1a1~porta_address_reg7  ; LCD_DATA[2] ; inst_pll|altpll_component|pll|clk[0] ; inst_pll|altpll_component|pll|clk[0] ; 14.285       ; -1.776     ; 4.383      ;
; 7.126 ; lcd_driver:inst|text_lut:text_lut_inst|altsyncram:rom_rtl_0|altsyncram_ap81:auto_generated|ram_block1a1~porta_address_reg8  ; LCD_DATA[2] ; inst_pll|altpll_component|pll|clk[0] ; inst_pll|altpll_component|pll|clk[0] ; 14.285       ; -1.776     ; 4.383      ;
; 7.126 ; lcd_driver:inst|text_lut:text_lut_inst|altsyncram:rom_rtl_0|altsyncram_ap81:auto_generated|ram_block1a1~porta_address_reg9  ; LCD_DATA[2] ; inst_pll|altpll_component|pll|clk[0] ; inst_pll|altpll_component|pll|clk[0] ; 14.285       ; -1.776     ; 4.383      ;
; 7.126 ; lcd_driver:inst|text_lut:text_lut_inst|altsyncram:rom_rtl_0|altsyncram_ap81:auto_generated|ram_block1a1~porta_address_reg10 ; LCD_DATA[2] ; inst_pll|altpll_component|pll|clk[0] ; inst_pll|altpll_component|pll|clk[0] ; 14.285       ; -1.776     ; 4.383      ;
; 7.145 ; lcd_driver:inst|text_lut:text_lut_inst|altsyncram:rom_rtl_0|altsyncram_ap81:auto_generated|ram_block1a1~porta_address_reg0  ; LCD_DATA[1] ; inst_pll|altpll_component|pll|clk[0] ; inst_pll|altpll_component|pll|clk[0] ; 14.285       ; -1.776     ; 4.364      ;
; 7.145 ; lcd_driver:inst|text_lut:text_lut_inst|altsyncram:rom_rtl_0|altsyncram_ap81:auto_generated|ram_block1a1~porta_address_reg1  ; LCD_DATA[1] ; inst_pll|altpll_component|pll|clk[0] ; inst_pll|altpll_component|pll|clk[0] ; 14.285       ; -1.776     ; 4.364      ;
; 7.145 ; lcd_driver:inst|text_lut:text_lut_inst|altsyncram:rom_rtl_0|altsyncram_ap81:auto_generated|ram_block1a1~porta_address_reg2  ; LCD_DATA[1] ; inst_pll|altpll_component|pll|clk[0] ; inst_pll|altpll_component|pll|clk[0] ; 14.285       ; -1.776     ; 4.364      ;
; 7.145 ; lcd_driver:inst|text_lut:text_lut_inst|altsyncram:rom_rtl_0|altsyncram_ap81:auto_generated|ram_block1a1~porta_address_reg3  ; LCD_DATA[1] ; inst_pll|altpll_component|pll|clk[0] ; inst_pll|altpll_component|pll|clk[0] ; 14.285       ; -1.776     ; 4.364      ;
; 7.145 ; lcd_driver:inst|text_lut:text_lut_inst|altsyncram:rom_rtl_0|altsyncram_ap81:auto_generated|ram_block1a1~porta_address_reg4  ; LCD_DATA[1] ; inst_pll|altpll_component|pll|clk[0] ; inst_pll|altpll_component|pll|clk[0] ; 14.285       ; -1.776     ; 4.364      ;
; 7.145 ; lcd_driver:inst|text_lut:text_lut_inst|altsyncram:rom_rtl_0|altsyncram_ap81:auto_generated|ram_block1a1~porta_address_reg5  ; LCD_DATA[1] ; inst_pll|altpll_component|pll|clk[0] ; inst_pll|altpll_component|pll|clk[0] ; 14.285       ; -1.776     ; 4.364      ;
; 7.145 ; lcd_driver:inst|text_lut:text_lut_inst|altsyncram:rom_rtl_0|altsyncram_ap81:auto_generated|ram_block1a1~porta_address_reg6  ; LCD_DATA[1] ; inst_pll|altpll_component|pll|clk[0] ; inst_pll|altpll_component|pll|clk[0] ; 14.285       ; -1.776     ; 4.364      ;
; 7.145 ; lcd_driver:inst|text_lut:text_lut_inst|altsyncram:rom_rtl_0|altsyncram_ap81:auto_generated|ram_block1a1~porta_address_reg7  ; LCD_DATA[1] ; inst_pll|altpll_component|pll|clk[0] ; inst_pll|altpll_component|pll|clk[0] ; 14.285       ; -1.776     ; 4.364      ;
; 7.145 ; lcd_driver:inst|text_lut:text_lut_inst|altsyncram:rom_rtl_0|altsyncram_ap81:auto_generated|ram_block1a1~porta_address_reg8  ; LCD_DATA[1] ; inst_pll|altpll_component|pll|clk[0] ; inst_pll|altpll_component|pll|clk[0] ; 14.285       ; -1.776     ; 4.364      ;
; 7.145 ; lcd_driver:inst|text_lut:text_lut_inst|altsyncram:rom_rtl_0|altsyncram_ap81:auto_generated|ram_block1a1~porta_address_reg9  ; LCD_DATA[1] ; inst_pll|altpll_component|pll|clk[0] ; inst_pll|altpll_component|pll|clk[0] ; 14.285       ; -1.776     ; 4.364      ;
; 7.145 ; lcd_driver:inst|text_lut:text_lut_inst|altsyncram:rom_rtl_0|altsyncram_ap81:auto_generated|ram_block1a1~porta_address_reg10 ; LCD_DATA[1] ; inst_pll|altpll_component|pll|clk[0] ; inst_pll|altpll_component|pll|clk[0] ; 14.285       ; -1.776     ; 4.364      ;
; 7.158 ; lcd_driver:inst|text_lut:text_lut_inst|altsyncram:rom_rtl_0|altsyncram_ap81:auto_generated|ram_block1a3~porta_address_reg0  ; LCD_DATA[3] ; inst_pll|altpll_component|pll|clk[0] ; inst_pll|altpll_component|pll|clk[0] ; 14.285       ; -1.759     ; 4.368      ;
; 7.158 ; lcd_driver:inst|text_lut:text_lut_inst|altsyncram:rom_rtl_0|altsyncram_ap81:auto_generated|ram_block1a3~porta_address_reg1  ; LCD_DATA[3] ; inst_pll|altpll_component|pll|clk[0] ; inst_pll|altpll_component|pll|clk[0] ; 14.285       ; -1.759     ; 4.368      ;
; 7.158 ; lcd_driver:inst|text_lut:text_lut_inst|altsyncram:rom_rtl_0|altsyncram_ap81:auto_generated|ram_block1a3~porta_address_reg2  ; LCD_DATA[3] ; inst_pll|altpll_component|pll|clk[0] ; inst_pll|altpll_component|pll|clk[0] ; 14.285       ; -1.759     ; 4.368      ;
; 7.158 ; lcd_driver:inst|text_lut:text_lut_inst|altsyncram:rom_rtl_0|altsyncram_ap81:auto_generated|ram_block1a3~porta_address_reg3  ; LCD_DATA[3] ; inst_pll|altpll_component|pll|clk[0] ; inst_pll|altpll_component|pll|clk[0] ; 14.285       ; -1.759     ; 4.368      ;
; 7.158 ; lcd_driver:inst|text_lut:text_lut_inst|altsyncram:rom_rtl_0|altsyncram_ap81:auto_generated|ram_block1a3~porta_address_reg4  ; LCD_DATA[3] ; inst_pll|altpll_component|pll|clk[0] ; inst_pll|altpll_component|pll|clk[0] ; 14.285       ; -1.759     ; 4.368      ;
; 7.158 ; lcd_driver:inst|text_lut:text_lut_inst|altsyncram:rom_rtl_0|altsyncram_ap81:auto_generated|ram_block1a3~porta_address_reg5  ; LCD_DATA[3] ; inst_pll|altpll_component|pll|clk[0] ; inst_pll|altpll_component|pll|clk[0] ; 14.285       ; -1.759     ; 4.368      ;
; 7.158 ; lcd_driver:inst|text_lut:text_lut_inst|altsyncram:rom_rtl_0|altsyncram_ap81:auto_generated|ram_block1a3~porta_address_reg6  ; LCD_DATA[3] ; inst_pll|altpll_component|pll|clk[0] ; inst_pll|altpll_component|pll|clk[0] ; 14.285       ; -1.759     ; 4.368      ;
; 7.158 ; lcd_driver:inst|text_lut:text_lut_inst|altsyncram:rom_rtl_0|altsyncram_ap81:auto_generated|ram_block1a3~porta_address_reg7  ; LCD_DATA[3] ; inst_pll|altpll_component|pll|clk[0] ; inst_pll|altpll_component|pll|clk[0] ; 14.285       ; -1.759     ; 4.368      ;
; 7.158 ; lcd_driver:inst|text_lut:text_lut_inst|altsyncram:rom_rtl_0|altsyncram_ap81:auto_generated|ram_block1a3~porta_address_reg8  ; LCD_DATA[3] ; inst_pll|altpll_component|pll|clk[0] ; inst_pll|altpll_component|pll|clk[0] ; 14.285       ; -1.759     ; 4.368      ;
; 7.158 ; lcd_driver:inst|text_lut:text_lut_inst|altsyncram:rom_rtl_0|altsyncram_ap81:auto_generated|ram_block1a3~porta_address_reg9  ; LCD_DATA[3] ; inst_pll|altpll_component|pll|clk[0] ; inst_pll|altpll_component|pll|clk[0] ; 14.285       ; -1.759     ; 4.368      ;
; 7.158 ; lcd_driver:inst|text_lut:text_lut_inst|altsyncram:rom_rtl_0|altsyncram_ap81:auto_generated|ram_block1a3~porta_address_reg10 ; LCD_DATA[3] ; inst_pll|altpll_component|pll|clk[0] ; inst_pll|altpll_component|pll|clk[0] ; 14.285       ; -1.759     ; 4.368      ;
; 7.164 ; lcd_driver:inst|text_lut:text_lut_inst|altsyncram:rom_rtl_0|altsyncram_ap81:auto_generated|ram_block1a5~porta_address_reg0  ; LCD_DATA[6] ; inst_pll|altpll_component|pll|clk[0] ; inst_pll|altpll_component|pll|clk[0] ; 14.285       ; -1.768     ; 4.353      ;
; 7.164 ; lcd_driver:inst|text_lut:text_lut_inst|altsyncram:rom_rtl_0|altsyncram_ap81:auto_generated|ram_block1a5~porta_address_reg1  ; LCD_DATA[6] ; inst_pll|altpll_component|pll|clk[0] ; inst_pll|altpll_component|pll|clk[0] ; 14.285       ; -1.768     ; 4.353      ;
; 7.164 ; lcd_driver:inst|text_lut:text_lut_inst|altsyncram:rom_rtl_0|altsyncram_ap81:auto_generated|ram_block1a5~porta_address_reg2  ; LCD_DATA[6] ; inst_pll|altpll_component|pll|clk[0] ; inst_pll|altpll_component|pll|clk[0] ; 14.285       ; -1.768     ; 4.353      ;
; 7.164 ; lcd_driver:inst|text_lut:text_lut_inst|altsyncram:rom_rtl_0|altsyncram_ap81:auto_generated|ram_block1a5~porta_address_reg3  ; LCD_DATA[6] ; inst_pll|altpll_component|pll|clk[0] ; inst_pll|altpll_component|pll|clk[0] ; 14.285       ; -1.768     ; 4.353      ;
; 7.164 ; lcd_driver:inst|text_lut:text_lut_inst|altsyncram:rom_rtl_0|altsyncram_ap81:auto_generated|ram_block1a5~porta_address_reg4  ; LCD_DATA[6] ; inst_pll|altpll_component|pll|clk[0] ; inst_pll|altpll_component|pll|clk[0] ; 14.285       ; -1.768     ; 4.353      ;
; 7.164 ; lcd_driver:inst|text_lut:text_lut_inst|altsyncram:rom_rtl_0|altsyncram_ap81:auto_generated|ram_block1a5~porta_address_reg5  ; LCD_DATA[6] ; inst_pll|altpll_component|pll|clk[0] ; inst_pll|altpll_component|pll|clk[0] ; 14.285       ; -1.768     ; 4.353      ;
; 7.164 ; lcd_driver:inst|text_lut:text_lut_inst|altsyncram:rom_rtl_0|altsyncram_ap81:auto_generated|ram_block1a5~porta_address_reg6  ; LCD_DATA[6] ; inst_pll|altpll_component|pll|clk[0] ; inst_pll|altpll_component|pll|clk[0] ; 14.285       ; -1.768     ; 4.353      ;
; 7.164 ; lcd_driver:inst|text_lut:text_lut_inst|altsyncram:rom_rtl_0|altsyncram_ap81:auto_generated|ram_block1a5~porta_address_reg7  ; LCD_DATA[6] ; inst_pll|altpll_component|pll|clk[0] ; inst_pll|altpll_component|pll|clk[0] ; 14.285       ; -1.768     ; 4.353      ;
; 7.164 ; lcd_driver:inst|text_lut:text_lut_inst|altsyncram:rom_rtl_0|altsyncram_ap81:auto_generated|ram_block1a5~porta_address_reg8  ; LCD_DATA[6] ; inst_pll|altpll_component|pll|clk[0] ; inst_pll|altpll_component|pll|clk[0] ; 14.285       ; -1.768     ; 4.353      ;
; 7.164 ; lcd_driver:inst|text_lut:text_lut_inst|altsyncram:rom_rtl_0|altsyncram_ap81:auto_generated|ram_block1a5~porta_address_reg9  ; LCD_DATA[6] ; inst_pll|altpll_component|pll|clk[0] ; inst_pll|altpll_component|pll|clk[0] ; 14.285       ; -1.768     ; 4.353      ;
; 7.164 ; lcd_driver:inst|text_lut:text_lut_inst|altsyncram:rom_rtl_0|altsyncram_ap81:auto_generated|ram_block1a5~porta_address_reg10 ; LCD_DATA[6] ; inst_pll|altpll_component|pll|clk[0] ; inst_pll|altpll_component|pll|clk[0] ; 14.285       ; -1.768     ; 4.353      ;
; 7.189 ; lcd_driver:inst|text_lut:text_lut_inst|altsyncram:rom_rtl_0|altsyncram_ap81:auto_generated|ram_block1a3~porta_address_reg0  ; LCD_DATA[4] ; inst_pll|altpll_component|pll|clk[0] ; inst_pll|altpll_component|pll|clk[0] ; 14.285       ; -1.759     ; 4.337      ;
; 7.189 ; lcd_driver:inst|text_lut:text_lut_inst|altsyncram:rom_rtl_0|altsyncram_ap81:auto_generated|ram_block1a3~porta_address_reg1  ; LCD_DATA[4] ; inst_pll|altpll_component|pll|clk[0] ; inst_pll|altpll_component|pll|clk[0] ; 14.285       ; -1.759     ; 4.337      ;
; 7.189 ; lcd_driver:inst|text_lut:text_lut_inst|altsyncram:rom_rtl_0|altsyncram_ap81:auto_generated|ram_block1a3~porta_address_reg2  ; LCD_DATA[4] ; inst_pll|altpll_component|pll|clk[0] ; inst_pll|altpll_component|pll|clk[0] ; 14.285       ; -1.759     ; 4.337      ;
; 7.189 ; lcd_driver:inst|text_lut:text_lut_inst|altsyncram:rom_rtl_0|altsyncram_ap81:auto_generated|ram_block1a3~porta_address_reg3  ; LCD_DATA[4] ; inst_pll|altpll_component|pll|clk[0] ; inst_pll|altpll_component|pll|clk[0] ; 14.285       ; -1.759     ; 4.337      ;
; 7.189 ; lcd_driver:inst|text_lut:text_lut_inst|altsyncram:rom_rtl_0|altsyncram_ap81:auto_generated|ram_block1a3~porta_address_reg4  ; LCD_DATA[4] ; inst_pll|altpll_component|pll|clk[0] ; inst_pll|altpll_component|pll|clk[0] ; 14.285       ; -1.759     ; 4.337      ;
; 7.189 ; lcd_driver:inst|text_lut:text_lut_inst|altsyncram:rom_rtl_0|altsyncram_ap81:auto_generated|ram_block1a3~porta_address_reg5  ; LCD_DATA[4] ; inst_pll|altpll_component|pll|clk[0] ; inst_pll|altpll_component|pll|clk[0] ; 14.285       ; -1.759     ; 4.337      ;
; 7.189 ; lcd_driver:inst|text_lut:text_lut_inst|altsyncram:rom_rtl_0|altsyncram_ap81:auto_generated|ram_block1a3~porta_address_reg6  ; LCD_DATA[4] ; inst_pll|altpll_component|pll|clk[0] ; inst_pll|altpll_component|pll|clk[0] ; 14.285       ; -1.759     ; 4.337      ;
; 7.189 ; lcd_driver:inst|text_lut:text_lut_inst|altsyncram:rom_rtl_0|altsyncram_ap81:auto_generated|ram_block1a3~porta_address_reg7  ; LCD_DATA[4] ; inst_pll|altpll_component|pll|clk[0] ; inst_pll|altpll_component|pll|clk[0] ; 14.285       ; -1.759     ; 4.337      ;
; 7.189 ; lcd_driver:inst|text_lut:text_lut_inst|altsyncram:rom_rtl_0|altsyncram_ap81:auto_generated|ram_block1a3~porta_address_reg8  ; LCD_DATA[4] ; inst_pll|altpll_component|pll|clk[0] ; inst_pll|altpll_component|pll|clk[0] ; 14.285       ; -1.759     ; 4.337      ;
; 7.189 ; lcd_driver:inst|text_lut:text_lut_inst|altsyncram:rom_rtl_0|altsyncram_ap81:auto_generated|ram_block1a3~porta_address_reg9  ; LCD_DATA[4] ; inst_pll|altpll_component|pll|clk[0] ; inst_pll|altpll_component|pll|clk[0] ; 14.285       ; -1.759     ; 4.337      ;
; 7.189 ; lcd_driver:inst|text_lut:text_lut_inst|altsyncram:rom_rtl_0|altsyncram_ap81:auto_generated|ram_block1a3~porta_address_reg10 ; LCD_DATA[4] ; inst_pll|altpll_component|pll|clk[0] ; inst_pll|altpll_component|pll|clk[0] ; 14.285       ; -1.759     ; 4.337      ;
; 7.200 ; lcd_driver:inst|text_lut:text_lut_inst|altsyncram:rom_rtl_0|altsyncram_ap81:auto_generated|ram_block1a7~porta_address_reg0  ; LCD_RS      ; inst_pll|altpll_component|pll|clk[0] ; inst_pll|altpll_component|pll|clk[0] ; 14.285       ; -1.775     ; 4.310      ;
; 7.200 ; lcd_driver:inst|text_lut:text_lut_inst|altsyncram:rom_rtl_0|altsyncram_ap81:auto_generated|ram_block1a7~porta_address_reg1  ; LCD_RS      ; inst_pll|altpll_component|pll|clk[0] ; inst_pll|altpll_component|pll|clk[0] ; 14.285       ; -1.775     ; 4.310      ;
; 7.200 ; lcd_driver:inst|text_lut:text_lut_inst|altsyncram:rom_rtl_0|altsyncram_ap81:auto_generated|ram_block1a7~porta_address_reg2  ; LCD_RS      ; inst_pll|altpll_component|pll|clk[0] ; inst_pll|altpll_component|pll|clk[0] ; 14.285       ; -1.775     ; 4.310      ;
; 7.200 ; lcd_driver:inst|text_lut:text_lut_inst|altsyncram:rom_rtl_0|altsyncram_ap81:auto_generated|ram_block1a7~porta_address_reg3  ; LCD_RS      ; inst_pll|altpll_component|pll|clk[0] ; inst_pll|altpll_component|pll|clk[0] ; 14.285       ; -1.775     ; 4.310      ;
; 7.200 ; lcd_driver:inst|text_lut:text_lut_inst|altsyncram:rom_rtl_0|altsyncram_ap81:auto_generated|ram_block1a7~porta_address_reg4  ; LCD_RS      ; inst_pll|altpll_component|pll|clk[0] ; inst_pll|altpll_component|pll|clk[0] ; 14.285       ; -1.775     ; 4.310      ;
; 7.200 ; lcd_driver:inst|text_lut:text_lut_inst|altsyncram:rom_rtl_0|altsyncram_ap81:auto_generated|ram_block1a7~porta_address_reg5  ; LCD_RS      ; inst_pll|altpll_component|pll|clk[0] ; inst_pll|altpll_component|pll|clk[0] ; 14.285       ; -1.775     ; 4.310      ;
; 7.200 ; lcd_driver:inst|text_lut:text_lut_inst|altsyncram:rom_rtl_0|altsyncram_ap81:auto_generated|ram_block1a7~porta_address_reg6  ; LCD_RS      ; inst_pll|altpll_component|pll|clk[0] ; inst_pll|altpll_component|pll|clk[0] ; 14.285       ; -1.775     ; 4.310      ;
; 7.200 ; lcd_driver:inst|text_lut:text_lut_inst|altsyncram:rom_rtl_0|altsyncram_ap81:auto_generated|ram_block1a7~porta_address_reg7  ; LCD_RS      ; inst_pll|altpll_component|pll|clk[0] ; inst_pll|altpll_component|pll|clk[0] ; 14.285       ; -1.775     ; 4.310      ;
; 7.200 ; lcd_driver:inst|text_lut:text_lut_inst|altsyncram:rom_rtl_0|altsyncram_ap81:auto_generated|ram_block1a7~porta_address_reg8  ; LCD_RS      ; inst_pll|altpll_component|pll|clk[0] ; inst_pll|altpll_component|pll|clk[0] ; 14.285       ; -1.775     ; 4.310      ;
; 7.200 ; lcd_driver:inst|text_lut:text_lut_inst|altsyncram:rom_rtl_0|altsyncram_ap81:auto_generated|ram_block1a7~porta_address_reg9  ; LCD_RS      ; inst_pll|altpll_component|pll|clk[0] ; inst_pll|altpll_component|pll|clk[0] ; 14.285       ; -1.775     ; 4.310      ;
; 7.200 ; lcd_driver:inst|text_lut:text_lut_inst|altsyncram:rom_rtl_0|altsyncram_ap81:auto_generated|ram_block1a7~porta_address_reg10 ; LCD_RS      ; inst_pll|altpll_component|pll|clk[0] ; inst_pll|altpll_component|pll|clk[0] ; 14.285       ; -1.775     ; 4.310      ;
; 7.230 ; lcd_driver:inst|text_lut:text_lut_inst|altsyncram:rom_rtl_0|altsyncram_ap81:auto_generated|ram_block1a0~porta_address_reg0  ; LCD_DATA[0] ; inst_pll|altpll_component|pll|clk[0] ; inst_pll|altpll_component|pll|clk[0] ; 14.285       ; -1.768     ; 4.287      ;
; 7.230 ; lcd_driver:inst|text_lut:text_lut_inst|altsyncram:rom_rtl_0|altsyncram_ap81:auto_generated|ram_block1a0~porta_address_reg1  ; LCD_DATA[0] ; inst_pll|altpll_component|pll|clk[0] ; inst_pll|altpll_component|pll|clk[0] ; 14.285       ; -1.768     ; 4.287      ;
; 7.230 ; lcd_driver:inst|text_lut:text_lut_inst|altsyncram:rom_rtl_0|altsyncram_ap81:auto_generated|ram_block1a0~porta_address_reg2  ; LCD_DATA[0] ; inst_pll|altpll_component|pll|clk[0] ; inst_pll|altpll_component|pll|clk[0] ; 14.285       ; -1.768     ; 4.287      ;
; 7.230 ; lcd_driver:inst|text_lut:text_lut_inst|altsyncram:rom_rtl_0|altsyncram_ap81:auto_generated|ram_block1a0~porta_address_reg3  ; LCD_DATA[0] ; inst_pll|altpll_component|pll|clk[0] ; inst_pll|altpll_component|pll|clk[0] ; 14.285       ; -1.768     ; 4.287      ;
; 7.230 ; lcd_driver:inst|text_lut:text_lut_inst|altsyncram:rom_rtl_0|altsyncram_ap81:auto_generated|ram_block1a0~porta_address_reg4  ; LCD_DATA[0] ; inst_pll|altpll_component|pll|clk[0] ; inst_pll|altpll_component|pll|clk[0] ; 14.285       ; -1.768     ; 4.287      ;
; 7.230 ; lcd_driver:inst|text_lut:text_lut_inst|altsyncram:rom_rtl_0|altsyncram_ap81:auto_generated|ram_block1a0~porta_address_reg5  ; LCD_DATA[0] ; inst_pll|altpll_component|pll|clk[0] ; inst_pll|altpll_component|pll|clk[0] ; 14.285       ; -1.768     ; 4.287      ;
; 7.230 ; lcd_driver:inst|text_lut:text_lut_inst|altsyncram:rom_rtl_0|altsyncram_ap81:auto_generated|ram_block1a0~porta_address_reg6  ; LCD_DATA[0] ; inst_pll|altpll_component|pll|clk[0] ; inst_pll|altpll_component|pll|clk[0] ; 14.285       ; -1.768     ; 4.287      ;
; 7.230 ; lcd_driver:inst|text_lut:text_lut_inst|altsyncram:rom_rtl_0|altsyncram_ap81:auto_generated|ram_block1a0~porta_address_reg7  ; LCD_DATA[0] ; inst_pll|altpll_component|pll|clk[0] ; inst_pll|altpll_component|pll|clk[0] ; 14.285       ; -1.768     ; 4.287      ;
; 7.230 ; lcd_driver:inst|text_lut:text_lut_inst|altsyncram:rom_rtl_0|altsyncram_ap81:auto_generated|ram_block1a0~porta_address_reg8  ; LCD_DATA[0] ; inst_pll|altpll_component|pll|clk[0] ; inst_pll|altpll_component|pll|clk[0] ; 14.285       ; -1.768     ; 4.287      ;
; 7.230 ; lcd_driver:inst|text_lut:text_lut_inst|altsyncram:rom_rtl_0|altsyncram_ap81:auto_generated|ram_block1a0~porta_address_reg9  ; LCD_DATA[0] ; inst_pll|altpll_component|pll|clk[0] ; inst_pll|altpll_component|pll|clk[0] ; 14.285       ; -1.768     ; 4.287      ;
; 7.230 ; lcd_driver:inst|text_lut:text_lut_inst|altsyncram:rom_rtl_0|altsyncram_ap81:auto_generated|ram_block1a0~porta_address_reg10 ; LCD_DATA[0] ; inst_pll|altpll_component|pll|clk[0] ; inst_pll|altpll_component|pll|clk[0] ; 14.285       ; -1.768     ; 4.287      ;
; 8.004 ; keypad_freq_sel_module:inst_keypad_mod|keypad_module:keypad_mod_inst|i_column[7]                                            ; GPIO_1[1]   ; inst_pll|altpll_component|pll|clk[0] ; inst_pll|altpll_component|pll|clk[0] ; 14.285       ; -1.710     ; 3.571      ;
+-------+-----------------------------------------------------------------------------------------------------------------------------+-------------+--------------------------------------+--------------------------------------+--------------+------------+------------+


+--------------------------------------------------------------------------------------------------------------------------------------------------------------------------------------------------------------------------------------------------------------------------------------------------------------+
; Fast Model Setup: 'ddfs:inst_ddfs_mod|freq_divider_DDFS:f_div_inst|count[19]'                                                                                                                                                                                                                                ;
+--------+-------------------------------------------------------------------------------------------------------------------------+----------+-----------------------------------------------------------+-----------------------------------------------------------+--------------+------------+------------+
; Slack  ; From Node                                                                                                               ; To Node  ; Launch Clock                                              ; Latch Clock                                               ; Relationship ; Clock Skew ; Data Delay ;
+--------+-------------------------------------------------------------------------------------------------------------------------+----------+-----------------------------------------------------------+-----------------------------------------------------------+--------------+------------+------------+
; 10.475 ; ddfs:inst_ddfs_mod|freq_divider_DDFS:f_div_inst|count[19]                                                               ; VGA_CLK  ; ddfs:inst_ddfs_mod|freq_divider_DDFS:f_div_inst|count[19] ; ddfs:inst_ddfs_mod|freq_divider_DDFS:f_div_inst|count[19] ; 15.000       ; 0.000      ; 2.666      ;
; 20.086 ; ddfs:inst_ddfs_mod|sin_lut:lut_inst|altsyncram:rom_rtl_0|altsyncram_qm81:auto_generated|ram_block1a1~porta_address_reg0 ; VGA_R[9] ; ddfs:inst_ddfs_mod|freq_divider_DDFS:f_div_inst|count[19] ; ddfs:inst_ddfs_mod|freq_divider_DDFS:f_div_inst|count[19] ; 30.000       ; -2.020     ; 5.894      ;
; 20.086 ; ddfs:inst_ddfs_mod|sin_lut:lut_inst|altsyncram:rom_rtl_0|altsyncram_qm81:auto_generated|ram_block1a1~porta_address_reg1 ; VGA_R[9] ; ddfs:inst_ddfs_mod|freq_divider_DDFS:f_div_inst|count[19] ; ddfs:inst_ddfs_mod|freq_divider_DDFS:f_div_inst|count[19] ; 30.000       ; -2.020     ; 5.894      ;
; 20.086 ; ddfs:inst_ddfs_mod|sin_lut:lut_inst|altsyncram:rom_rtl_0|altsyncram_qm81:auto_generated|ram_block1a1~porta_address_reg2 ; VGA_R[9] ; ddfs:inst_ddfs_mod|freq_divider_DDFS:f_div_inst|count[19] ; ddfs:inst_ddfs_mod|freq_divider_DDFS:f_div_inst|count[19] ; 30.000       ; -2.020     ; 5.894      ;
; 20.086 ; ddfs:inst_ddfs_mod|sin_lut:lut_inst|altsyncram:rom_rtl_0|altsyncram_qm81:auto_generated|ram_block1a1~porta_address_reg3 ; VGA_R[9] ; ddfs:inst_ddfs_mod|freq_divider_DDFS:f_div_inst|count[19] ; ddfs:inst_ddfs_mod|freq_divider_DDFS:f_div_inst|count[19] ; 30.000       ; -2.020     ; 5.894      ;
; 20.086 ; ddfs:inst_ddfs_mod|sin_lut:lut_inst|altsyncram:rom_rtl_0|altsyncram_qm81:auto_generated|ram_block1a1~porta_address_reg4 ; VGA_R[9] ; ddfs:inst_ddfs_mod|freq_divider_DDFS:f_div_inst|count[19] ; ddfs:inst_ddfs_mod|freq_divider_DDFS:f_div_inst|count[19] ; 30.000       ; -2.020     ; 5.894      ;
; 20.086 ; ddfs:inst_ddfs_mod|sin_lut:lut_inst|altsyncram:rom_rtl_0|altsyncram_qm81:auto_generated|ram_block1a1~porta_address_reg5 ; VGA_R[9] ; ddfs:inst_ddfs_mod|freq_divider_DDFS:f_div_inst|count[19] ; ddfs:inst_ddfs_mod|freq_divider_DDFS:f_div_inst|count[19] ; 30.000       ; -2.020     ; 5.894      ;
; 20.086 ; ddfs:inst_ddfs_mod|sin_lut:lut_inst|altsyncram:rom_rtl_0|altsyncram_qm81:auto_generated|ram_block1a1~porta_address_reg6 ; VGA_R[9] ; ddfs:inst_ddfs_mod|freq_divider_DDFS:f_div_inst|count[19] ; ddfs:inst_ddfs_mod|freq_divider_DDFS:f_div_inst|count[19] ; 30.000       ; -2.020     ; 5.894      ;
; 20.086 ; ddfs:inst_ddfs_mod|sin_lut:lut_inst|altsyncram:rom_rtl_0|altsyncram_qm81:auto_generated|ram_block1a1~porta_address_reg7 ; VGA_R[9] ; ddfs:inst_ddfs_mod|freq_divider_DDFS:f_div_inst|count[19] ; ddfs:inst_ddfs_mod|freq_divider_DDFS:f_div_inst|count[19] ; 30.000       ; -2.020     ; 5.894      ;
; 20.086 ; ddfs:inst_ddfs_mod|sin_lut:lut_inst|altsyncram:rom_rtl_0|altsyncram_qm81:auto_generated|ram_block1a1~porta_address_reg8 ; VGA_R[9] ; ddfs:inst_ddfs_mod|freq_divider_DDFS:f_div_inst|count[19] ; ddfs:inst_ddfs_mod|freq_divider_DDFS:f_div_inst|count[19] ; 30.000       ; -2.020     ; 5.894      ;
; 20.086 ; ddfs:inst_ddfs_mod|sin_lut:lut_inst|altsyncram:rom_rtl_0|altsyncram_qm81:auto_generated|ram_block1a1~porta_address_reg9 ; VGA_R[9] ; ddfs:inst_ddfs_mod|freq_divider_DDFS:f_div_inst|count[19] ; ddfs:inst_ddfs_mod|freq_divider_DDFS:f_div_inst|count[19] ; 30.000       ; -2.020     ; 5.894      ;
; 20.159 ; ddfs:inst_ddfs_mod|sin_lut:lut_inst|altsyncram:rom_rtl_0|altsyncram_qm81:auto_generated|ram_block1a4~porta_address_reg0 ; VGA_R[9] ; ddfs:inst_ddfs_mod|freq_divider_DDFS:f_div_inst|count[19] ; ddfs:inst_ddfs_mod|freq_divider_DDFS:f_div_inst|count[19] ; 30.000       ; -2.025     ; 5.816      ;
; 20.159 ; ddfs:inst_ddfs_mod|sin_lut:lut_inst|altsyncram:rom_rtl_0|altsyncram_qm81:auto_generated|ram_block1a4~porta_address_reg1 ; VGA_R[9] ; ddfs:inst_ddfs_mod|freq_divider_DDFS:f_div_inst|count[19] ; ddfs:inst_ddfs_mod|freq_divider_DDFS:f_div_inst|count[19] ; 30.000       ; -2.025     ; 5.816      ;
; 20.159 ; ddfs:inst_ddfs_mod|sin_lut:lut_inst|altsyncram:rom_rtl_0|altsyncram_qm81:auto_generated|ram_block1a4~porta_address_reg2 ; VGA_R[9] ; ddfs:inst_ddfs_mod|freq_divider_DDFS:f_div_inst|count[19] ; ddfs:inst_ddfs_mod|freq_divider_DDFS:f_div_inst|count[19] ; 30.000       ; -2.025     ; 5.816      ;
; 20.159 ; ddfs:inst_ddfs_mod|sin_lut:lut_inst|altsyncram:rom_rtl_0|altsyncram_qm81:auto_generated|ram_block1a4~porta_address_reg3 ; VGA_R[9] ; ddfs:inst_ddfs_mod|freq_divider_DDFS:f_div_inst|count[19] ; ddfs:inst_ddfs_mod|freq_divider_DDFS:f_div_inst|count[19] ; 30.000       ; -2.025     ; 5.816      ;
; 20.159 ; ddfs:inst_ddfs_mod|sin_lut:lut_inst|altsyncram:rom_rtl_0|altsyncram_qm81:auto_generated|ram_block1a4~porta_address_reg4 ; VGA_R[9] ; ddfs:inst_ddfs_mod|freq_divider_DDFS:f_div_inst|count[19] ; ddfs:inst_ddfs_mod|freq_divider_DDFS:f_div_inst|count[19] ; 30.000       ; -2.025     ; 5.816      ;
; 20.159 ; ddfs:inst_ddfs_mod|sin_lut:lut_inst|altsyncram:rom_rtl_0|altsyncram_qm81:auto_generated|ram_block1a4~porta_address_reg5 ; VGA_R[9] ; ddfs:inst_ddfs_mod|freq_divider_DDFS:f_div_inst|count[19] ; ddfs:inst_ddfs_mod|freq_divider_DDFS:f_div_inst|count[19] ; 30.000       ; -2.025     ; 5.816      ;
; 20.159 ; ddfs:inst_ddfs_mod|sin_lut:lut_inst|altsyncram:rom_rtl_0|altsyncram_qm81:auto_generated|ram_block1a4~porta_address_reg6 ; VGA_R[9] ; ddfs:inst_ddfs_mod|freq_divider_DDFS:f_div_inst|count[19] ; ddfs:inst_ddfs_mod|freq_divider_DDFS:f_div_inst|count[19] ; 30.000       ; -2.025     ; 5.816      ;
; 20.159 ; ddfs:inst_ddfs_mod|sin_lut:lut_inst|altsyncram:rom_rtl_0|altsyncram_qm81:auto_generated|ram_block1a4~porta_address_reg7 ; VGA_R[9] ; ddfs:inst_ddfs_mod|freq_divider_DDFS:f_div_inst|count[19] ; ddfs:inst_ddfs_mod|freq_divider_DDFS:f_div_inst|count[19] ; 30.000       ; -2.025     ; 5.816      ;
; 20.159 ; ddfs:inst_ddfs_mod|sin_lut:lut_inst|altsyncram:rom_rtl_0|altsyncram_qm81:auto_generated|ram_block1a4~porta_address_reg8 ; VGA_R[9] ; ddfs:inst_ddfs_mod|freq_divider_DDFS:f_div_inst|count[19] ; ddfs:inst_ddfs_mod|freq_divider_DDFS:f_div_inst|count[19] ; 30.000       ; -2.025     ; 5.816      ;
; 20.159 ; ddfs:inst_ddfs_mod|sin_lut:lut_inst|altsyncram:rom_rtl_0|altsyncram_qm81:auto_generated|ram_block1a4~porta_address_reg9 ; VGA_R[9] ; ddfs:inst_ddfs_mod|freq_divider_DDFS:f_div_inst|count[19] ; ddfs:inst_ddfs_mod|freq_divider_DDFS:f_div_inst|count[19] ; 30.000       ; -2.025     ; 5.816      ;
; 20.288 ; ddfs:inst_ddfs_mod|sin_lut:lut_inst|altsyncram:rom_rtl_0|altsyncram_qm81:auto_generated|ram_block1a1~porta_address_reg0 ; VGA_R[6] ; ddfs:inst_ddfs_mod|freq_divider_DDFS:f_div_inst|count[19] ; ddfs:inst_ddfs_mod|freq_divider_DDFS:f_div_inst|count[19] ; 30.000       ; -2.020     ; 5.692      ;
; 20.288 ; ddfs:inst_ddfs_mod|sin_lut:lut_inst|altsyncram:rom_rtl_0|altsyncram_qm81:auto_generated|ram_block1a1~porta_address_reg1 ; VGA_R[6] ; ddfs:inst_ddfs_mod|freq_divider_DDFS:f_div_inst|count[19] ; ddfs:inst_ddfs_mod|freq_divider_DDFS:f_div_inst|count[19] ; 30.000       ; -2.020     ; 5.692      ;
; 20.288 ; ddfs:inst_ddfs_mod|sin_lut:lut_inst|altsyncram:rom_rtl_0|altsyncram_qm81:auto_generated|ram_block1a1~porta_address_reg2 ; VGA_R[6] ; ddfs:inst_ddfs_mod|freq_divider_DDFS:f_div_inst|count[19] ; ddfs:inst_ddfs_mod|freq_divider_DDFS:f_div_inst|count[19] ; 30.000       ; -2.020     ; 5.692      ;
; 20.288 ; ddfs:inst_ddfs_mod|sin_lut:lut_inst|altsyncram:rom_rtl_0|altsyncram_qm81:auto_generated|ram_block1a1~porta_address_reg3 ; VGA_R[6] ; ddfs:inst_ddfs_mod|freq_divider_DDFS:f_div_inst|count[19] ; ddfs:inst_ddfs_mod|freq_divider_DDFS:f_div_inst|count[19] ; 30.000       ; -2.020     ; 5.692      ;
; 20.288 ; ddfs:inst_ddfs_mod|sin_lut:lut_inst|altsyncram:rom_rtl_0|altsyncram_qm81:auto_generated|ram_block1a1~porta_address_reg4 ; VGA_R[6] ; ddfs:inst_ddfs_mod|freq_divider_DDFS:f_div_inst|count[19] ; ddfs:inst_ddfs_mod|freq_divider_DDFS:f_div_inst|count[19] ; 30.000       ; -2.020     ; 5.692      ;
; 20.288 ; ddfs:inst_ddfs_mod|sin_lut:lut_inst|altsyncram:rom_rtl_0|altsyncram_qm81:auto_generated|ram_block1a1~porta_address_reg5 ; VGA_R[6] ; ddfs:inst_ddfs_mod|freq_divider_DDFS:f_div_inst|count[19] ; ddfs:inst_ddfs_mod|freq_divider_DDFS:f_div_inst|count[19] ; 30.000       ; -2.020     ; 5.692      ;
; 20.288 ; ddfs:inst_ddfs_mod|sin_lut:lut_inst|altsyncram:rom_rtl_0|altsyncram_qm81:auto_generated|ram_block1a1~porta_address_reg6 ; VGA_R[6] ; ddfs:inst_ddfs_mod|freq_divider_DDFS:f_div_inst|count[19] ; ddfs:inst_ddfs_mod|freq_divider_DDFS:f_div_inst|count[19] ; 30.000       ; -2.020     ; 5.692      ;
; 20.288 ; ddfs:inst_ddfs_mod|sin_lut:lut_inst|altsyncram:rom_rtl_0|altsyncram_qm81:auto_generated|ram_block1a1~porta_address_reg7 ; VGA_R[6] ; ddfs:inst_ddfs_mod|freq_divider_DDFS:f_div_inst|count[19] ; ddfs:inst_ddfs_mod|freq_divider_DDFS:f_div_inst|count[19] ; 30.000       ; -2.020     ; 5.692      ;
; 20.288 ; ddfs:inst_ddfs_mod|sin_lut:lut_inst|altsyncram:rom_rtl_0|altsyncram_qm81:auto_generated|ram_block1a1~porta_address_reg8 ; VGA_R[6] ; ddfs:inst_ddfs_mod|freq_divider_DDFS:f_div_inst|count[19] ; ddfs:inst_ddfs_mod|freq_divider_DDFS:f_div_inst|count[19] ; 30.000       ; -2.020     ; 5.692      ;
; 20.288 ; ddfs:inst_ddfs_mod|sin_lut:lut_inst|altsyncram:rom_rtl_0|altsyncram_qm81:auto_generated|ram_block1a1~porta_address_reg9 ; VGA_R[6] ; ddfs:inst_ddfs_mod|freq_divider_DDFS:f_div_inst|count[19] ; ddfs:inst_ddfs_mod|freq_divider_DDFS:f_div_inst|count[19] ; 30.000       ; -2.020     ; 5.692      ;
; 20.290 ; ddfs:inst_ddfs_mod|sin_lut:lut_inst|altsyncram:rom_rtl_0|altsyncram_qm81:auto_generated|ram_block1a1~porta_address_reg0 ; VGA_R[5] ; ddfs:inst_ddfs_mod|freq_divider_DDFS:f_div_inst|count[19] ; ddfs:inst_ddfs_mod|freq_divider_DDFS:f_div_inst|count[19] ; 30.000       ; -2.020     ; 5.690      ;
; 20.290 ; ddfs:inst_ddfs_mod|sin_lut:lut_inst|altsyncram:rom_rtl_0|altsyncram_qm81:auto_generated|ram_block1a1~porta_address_reg1 ; VGA_R[5] ; ddfs:inst_ddfs_mod|freq_divider_DDFS:f_div_inst|count[19] ; ddfs:inst_ddfs_mod|freq_divider_DDFS:f_div_inst|count[19] ; 30.000       ; -2.020     ; 5.690      ;
; 20.290 ; ddfs:inst_ddfs_mod|sin_lut:lut_inst|altsyncram:rom_rtl_0|altsyncram_qm81:auto_generated|ram_block1a1~porta_address_reg2 ; VGA_R[5] ; ddfs:inst_ddfs_mod|freq_divider_DDFS:f_div_inst|count[19] ; ddfs:inst_ddfs_mod|freq_divider_DDFS:f_div_inst|count[19] ; 30.000       ; -2.020     ; 5.690      ;
; 20.290 ; ddfs:inst_ddfs_mod|sin_lut:lut_inst|altsyncram:rom_rtl_0|altsyncram_qm81:auto_generated|ram_block1a1~porta_address_reg3 ; VGA_R[5] ; ddfs:inst_ddfs_mod|freq_divider_DDFS:f_div_inst|count[19] ; ddfs:inst_ddfs_mod|freq_divider_DDFS:f_div_inst|count[19] ; 30.000       ; -2.020     ; 5.690      ;
; 20.290 ; ddfs:inst_ddfs_mod|sin_lut:lut_inst|altsyncram:rom_rtl_0|altsyncram_qm81:auto_generated|ram_block1a1~porta_address_reg4 ; VGA_R[5] ; ddfs:inst_ddfs_mod|freq_divider_DDFS:f_div_inst|count[19] ; ddfs:inst_ddfs_mod|freq_divider_DDFS:f_div_inst|count[19] ; 30.000       ; -2.020     ; 5.690      ;
; 20.290 ; ddfs:inst_ddfs_mod|sin_lut:lut_inst|altsyncram:rom_rtl_0|altsyncram_qm81:auto_generated|ram_block1a1~porta_address_reg5 ; VGA_R[5] ; ddfs:inst_ddfs_mod|freq_divider_DDFS:f_div_inst|count[19] ; ddfs:inst_ddfs_mod|freq_divider_DDFS:f_div_inst|count[19] ; 30.000       ; -2.020     ; 5.690      ;
; 20.290 ; ddfs:inst_ddfs_mod|sin_lut:lut_inst|altsyncram:rom_rtl_0|altsyncram_qm81:auto_generated|ram_block1a1~porta_address_reg6 ; VGA_R[5] ; ddfs:inst_ddfs_mod|freq_divider_DDFS:f_div_inst|count[19] ; ddfs:inst_ddfs_mod|freq_divider_DDFS:f_div_inst|count[19] ; 30.000       ; -2.020     ; 5.690      ;
; 20.290 ; ddfs:inst_ddfs_mod|sin_lut:lut_inst|altsyncram:rom_rtl_0|altsyncram_qm81:auto_generated|ram_block1a1~porta_address_reg7 ; VGA_R[5] ; ddfs:inst_ddfs_mod|freq_divider_DDFS:f_div_inst|count[19] ; ddfs:inst_ddfs_mod|freq_divider_DDFS:f_div_inst|count[19] ; 30.000       ; -2.020     ; 5.690      ;
; 20.290 ; ddfs:inst_ddfs_mod|sin_lut:lut_inst|altsyncram:rom_rtl_0|altsyncram_qm81:auto_generated|ram_block1a1~porta_address_reg8 ; VGA_R[5] ; ddfs:inst_ddfs_mod|freq_divider_DDFS:f_div_inst|count[19] ; ddfs:inst_ddfs_mod|freq_divider_DDFS:f_div_inst|count[19] ; 30.000       ; -2.020     ; 5.690      ;
; 20.290 ; ddfs:inst_ddfs_mod|sin_lut:lut_inst|altsyncram:rom_rtl_0|altsyncram_qm81:auto_generated|ram_block1a1~porta_address_reg9 ; VGA_R[5] ; ddfs:inst_ddfs_mod|freq_divider_DDFS:f_div_inst|count[19] ; ddfs:inst_ddfs_mod|freq_divider_DDFS:f_div_inst|count[19] ; 30.000       ; -2.020     ; 5.690      ;
; 20.353 ; ddfs:inst_ddfs_mod|sin_lut:lut_inst|altsyncram:rom_rtl_0|altsyncram_qm81:auto_generated|ram_block1a1~porta_address_reg0 ; VGA_R[8] ; ddfs:inst_ddfs_mod|freq_divider_DDFS:f_div_inst|count[19] ; ddfs:inst_ddfs_mod|freq_divider_DDFS:f_div_inst|count[19] ; 30.000       ; -2.020     ; 5.627      ;
; 20.353 ; ddfs:inst_ddfs_mod|sin_lut:lut_inst|altsyncram:rom_rtl_0|altsyncram_qm81:auto_generated|ram_block1a1~porta_address_reg1 ; VGA_R[8] ; ddfs:inst_ddfs_mod|freq_divider_DDFS:f_div_inst|count[19] ; ddfs:inst_ddfs_mod|freq_divider_DDFS:f_div_inst|count[19] ; 30.000       ; -2.020     ; 5.627      ;
; 20.353 ; ddfs:inst_ddfs_mod|sin_lut:lut_inst|altsyncram:rom_rtl_0|altsyncram_qm81:auto_generated|ram_block1a1~porta_address_reg2 ; VGA_R[8] ; ddfs:inst_ddfs_mod|freq_divider_DDFS:f_div_inst|count[19] ; ddfs:inst_ddfs_mod|freq_divider_DDFS:f_div_inst|count[19] ; 30.000       ; -2.020     ; 5.627      ;
; 20.353 ; ddfs:inst_ddfs_mod|sin_lut:lut_inst|altsyncram:rom_rtl_0|altsyncram_qm81:auto_generated|ram_block1a1~porta_address_reg3 ; VGA_R[8] ; ddfs:inst_ddfs_mod|freq_divider_DDFS:f_div_inst|count[19] ; ddfs:inst_ddfs_mod|freq_divider_DDFS:f_div_inst|count[19] ; 30.000       ; -2.020     ; 5.627      ;
; 20.353 ; ddfs:inst_ddfs_mod|sin_lut:lut_inst|altsyncram:rom_rtl_0|altsyncram_qm81:auto_generated|ram_block1a1~porta_address_reg4 ; VGA_R[8] ; ddfs:inst_ddfs_mod|freq_divider_DDFS:f_div_inst|count[19] ; ddfs:inst_ddfs_mod|freq_divider_DDFS:f_div_inst|count[19] ; 30.000       ; -2.020     ; 5.627      ;
; 20.353 ; ddfs:inst_ddfs_mod|sin_lut:lut_inst|altsyncram:rom_rtl_0|altsyncram_qm81:auto_generated|ram_block1a1~porta_address_reg5 ; VGA_R[8] ; ddfs:inst_ddfs_mod|freq_divider_DDFS:f_div_inst|count[19] ; ddfs:inst_ddfs_mod|freq_divider_DDFS:f_div_inst|count[19] ; 30.000       ; -2.020     ; 5.627      ;
; 20.353 ; ddfs:inst_ddfs_mod|sin_lut:lut_inst|altsyncram:rom_rtl_0|altsyncram_qm81:auto_generated|ram_block1a1~porta_address_reg6 ; VGA_R[8] ; ddfs:inst_ddfs_mod|freq_divider_DDFS:f_div_inst|count[19] ; ddfs:inst_ddfs_mod|freq_divider_DDFS:f_div_inst|count[19] ; 30.000       ; -2.020     ; 5.627      ;
; 20.353 ; ddfs:inst_ddfs_mod|sin_lut:lut_inst|altsyncram:rom_rtl_0|altsyncram_qm81:auto_generated|ram_block1a1~porta_address_reg7 ; VGA_R[8] ; ddfs:inst_ddfs_mod|freq_divider_DDFS:f_div_inst|count[19] ; ddfs:inst_ddfs_mod|freq_divider_DDFS:f_div_inst|count[19] ; 30.000       ; -2.020     ; 5.627      ;
; 20.353 ; ddfs:inst_ddfs_mod|sin_lut:lut_inst|altsyncram:rom_rtl_0|altsyncram_qm81:auto_generated|ram_block1a1~porta_address_reg8 ; VGA_R[8] ; ddfs:inst_ddfs_mod|freq_divider_DDFS:f_div_inst|count[19] ; ddfs:inst_ddfs_mod|freq_divider_DDFS:f_div_inst|count[19] ; 30.000       ; -2.020     ; 5.627      ;
; 20.353 ; ddfs:inst_ddfs_mod|sin_lut:lut_inst|altsyncram:rom_rtl_0|altsyncram_qm81:auto_generated|ram_block1a1~porta_address_reg9 ; VGA_R[8] ; ddfs:inst_ddfs_mod|freq_divider_DDFS:f_div_inst|count[19] ; ddfs:inst_ddfs_mod|freq_divider_DDFS:f_div_inst|count[19] ; 30.000       ; -2.020     ; 5.627      ;
; 20.360 ; ddfs:inst_ddfs_mod|sin_lut:lut_inst|altsyncram:rom_rtl_0|altsyncram_qm81:auto_generated|ram_block1a1~porta_address_reg0 ; VGA_R[7] ; ddfs:inst_ddfs_mod|freq_divider_DDFS:f_div_inst|count[19] ; ddfs:inst_ddfs_mod|freq_divider_DDFS:f_div_inst|count[19] ; 30.000       ; -2.020     ; 5.620      ;
; 20.360 ; ddfs:inst_ddfs_mod|sin_lut:lut_inst|altsyncram:rom_rtl_0|altsyncram_qm81:auto_generated|ram_block1a1~porta_address_reg1 ; VGA_R[7] ; ddfs:inst_ddfs_mod|freq_divider_DDFS:f_div_inst|count[19] ; ddfs:inst_ddfs_mod|freq_divider_DDFS:f_div_inst|count[19] ; 30.000       ; -2.020     ; 5.620      ;
; 20.360 ; ddfs:inst_ddfs_mod|sin_lut:lut_inst|altsyncram:rom_rtl_0|altsyncram_qm81:auto_generated|ram_block1a1~porta_address_reg2 ; VGA_R[7] ; ddfs:inst_ddfs_mod|freq_divider_DDFS:f_div_inst|count[19] ; ddfs:inst_ddfs_mod|freq_divider_DDFS:f_div_inst|count[19] ; 30.000       ; -2.020     ; 5.620      ;
; 20.360 ; ddfs:inst_ddfs_mod|sin_lut:lut_inst|altsyncram:rom_rtl_0|altsyncram_qm81:auto_generated|ram_block1a1~porta_address_reg3 ; VGA_R[7] ; ddfs:inst_ddfs_mod|freq_divider_DDFS:f_div_inst|count[19] ; ddfs:inst_ddfs_mod|freq_divider_DDFS:f_div_inst|count[19] ; 30.000       ; -2.020     ; 5.620      ;
; 20.360 ; ddfs:inst_ddfs_mod|sin_lut:lut_inst|altsyncram:rom_rtl_0|altsyncram_qm81:auto_generated|ram_block1a1~porta_address_reg4 ; VGA_R[7] ; ddfs:inst_ddfs_mod|freq_divider_DDFS:f_div_inst|count[19] ; ddfs:inst_ddfs_mod|freq_divider_DDFS:f_div_inst|count[19] ; 30.000       ; -2.020     ; 5.620      ;
; 20.360 ; ddfs:inst_ddfs_mod|sin_lut:lut_inst|altsyncram:rom_rtl_0|altsyncram_qm81:auto_generated|ram_block1a1~porta_address_reg5 ; VGA_R[7] ; ddfs:inst_ddfs_mod|freq_divider_DDFS:f_div_inst|count[19] ; ddfs:inst_ddfs_mod|freq_divider_DDFS:f_div_inst|count[19] ; 30.000       ; -2.020     ; 5.620      ;
; 20.360 ; ddfs:inst_ddfs_mod|sin_lut:lut_inst|altsyncram:rom_rtl_0|altsyncram_qm81:auto_generated|ram_block1a1~porta_address_reg6 ; VGA_R[7] ; ddfs:inst_ddfs_mod|freq_divider_DDFS:f_div_inst|count[19] ; ddfs:inst_ddfs_mod|freq_divider_DDFS:f_div_inst|count[19] ; 30.000       ; -2.020     ; 5.620      ;
; 20.360 ; ddfs:inst_ddfs_mod|sin_lut:lut_inst|altsyncram:rom_rtl_0|altsyncram_qm81:auto_generated|ram_block1a1~porta_address_reg7 ; VGA_R[7] ; ddfs:inst_ddfs_mod|freq_divider_DDFS:f_div_inst|count[19] ; ddfs:inst_ddfs_mod|freq_divider_DDFS:f_div_inst|count[19] ; 30.000       ; -2.020     ; 5.620      ;
; 20.360 ; ddfs:inst_ddfs_mod|sin_lut:lut_inst|altsyncram:rom_rtl_0|altsyncram_qm81:auto_generated|ram_block1a1~porta_address_reg8 ; VGA_R[7] ; ddfs:inst_ddfs_mod|freq_divider_DDFS:f_div_inst|count[19] ; ddfs:inst_ddfs_mod|freq_divider_DDFS:f_div_inst|count[19] ; 30.000       ; -2.020     ; 5.620      ;
; 20.360 ; ddfs:inst_ddfs_mod|sin_lut:lut_inst|altsyncram:rom_rtl_0|altsyncram_qm81:auto_generated|ram_block1a1~porta_address_reg9 ; VGA_R[7] ; ddfs:inst_ddfs_mod|freq_divider_DDFS:f_div_inst|count[19] ; ddfs:inst_ddfs_mod|freq_divider_DDFS:f_div_inst|count[19] ; 30.000       ; -2.020     ; 5.620      ;
; 20.361 ; ddfs:inst_ddfs_mod|sin_lut:lut_inst|altsyncram:rom_rtl_0|altsyncram_qm81:auto_generated|ram_block1a4~porta_address_reg0 ; VGA_R[6] ; ddfs:inst_ddfs_mod|freq_divider_DDFS:f_div_inst|count[19] ; ddfs:inst_ddfs_mod|freq_divider_DDFS:f_div_inst|count[19] ; 30.000       ; -2.025     ; 5.614      ;
; 20.361 ; ddfs:inst_ddfs_mod|sin_lut:lut_inst|altsyncram:rom_rtl_0|altsyncram_qm81:auto_generated|ram_block1a4~porta_address_reg1 ; VGA_R[6] ; ddfs:inst_ddfs_mod|freq_divider_DDFS:f_div_inst|count[19] ; ddfs:inst_ddfs_mod|freq_divider_DDFS:f_div_inst|count[19] ; 30.000       ; -2.025     ; 5.614      ;
; 20.361 ; ddfs:inst_ddfs_mod|sin_lut:lut_inst|altsyncram:rom_rtl_0|altsyncram_qm81:auto_generated|ram_block1a4~porta_address_reg2 ; VGA_R[6] ; ddfs:inst_ddfs_mod|freq_divider_DDFS:f_div_inst|count[19] ; ddfs:inst_ddfs_mod|freq_divider_DDFS:f_div_inst|count[19] ; 30.000       ; -2.025     ; 5.614      ;
; 20.361 ; ddfs:inst_ddfs_mod|sin_lut:lut_inst|altsyncram:rom_rtl_0|altsyncram_qm81:auto_generated|ram_block1a4~porta_address_reg3 ; VGA_R[6] ; ddfs:inst_ddfs_mod|freq_divider_DDFS:f_div_inst|count[19] ; ddfs:inst_ddfs_mod|freq_divider_DDFS:f_div_inst|count[19] ; 30.000       ; -2.025     ; 5.614      ;
; 20.361 ; ddfs:inst_ddfs_mod|sin_lut:lut_inst|altsyncram:rom_rtl_0|altsyncram_qm81:auto_generated|ram_block1a4~porta_address_reg4 ; VGA_R[6] ; ddfs:inst_ddfs_mod|freq_divider_DDFS:f_div_inst|count[19] ; ddfs:inst_ddfs_mod|freq_divider_DDFS:f_div_inst|count[19] ; 30.000       ; -2.025     ; 5.614      ;
; 20.361 ; ddfs:inst_ddfs_mod|sin_lut:lut_inst|altsyncram:rom_rtl_0|altsyncram_qm81:auto_generated|ram_block1a4~porta_address_reg5 ; VGA_R[6] ; ddfs:inst_ddfs_mod|freq_divider_DDFS:f_div_inst|count[19] ; ddfs:inst_ddfs_mod|freq_divider_DDFS:f_div_inst|count[19] ; 30.000       ; -2.025     ; 5.614      ;
; 20.361 ; ddfs:inst_ddfs_mod|sin_lut:lut_inst|altsyncram:rom_rtl_0|altsyncram_qm81:auto_generated|ram_block1a4~porta_address_reg6 ; VGA_R[6] ; ddfs:inst_ddfs_mod|freq_divider_DDFS:f_div_inst|count[19] ; ddfs:inst_ddfs_mod|freq_divider_DDFS:f_div_inst|count[19] ; 30.000       ; -2.025     ; 5.614      ;
; 20.361 ; ddfs:inst_ddfs_mod|sin_lut:lut_inst|altsyncram:rom_rtl_0|altsyncram_qm81:auto_generated|ram_block1a4~porta_address_reg7 ; VGA_R[6] ; ddfs:inst_ddfs_mod|freq_divider_DDFS:f_div_inst|count[19] ; ddfs:inst_ddfs_mod|freq_divider_DDFS:f_div_inst|count[19] ; 30.000       ; -2.025     ; 5.614      ;
; 20.361 ; ddfs:inst_ddfs_mod|sin_lut:lut_inst|altsyncram:rom_rtl_0|altsyncram_qm81:auto_generated|ram_block1a4~porta_address_reg8 ; VGA_R[6] ; ddfs:inst_ddfs_mod|freq_divider_DDFS:f_div_inst|count[19] ; ddfs:inst_ddfs_mod|freq_divider_DDFS:f_div_inst|count[19] ; 30.000       ; -2.025     ; 5.614      ;
; 20.361 ; ddfs:inst_ddfs_mod|sin_lut:lut_inst|altsyncram:rom_rtl_0|altsyncram_qm81:auto_generated|ram_block1a4~porta_address_reg9 ; VGA_R[6] ; ddfs:inst_ddfs_mod|freq_divider_DDFS:f_div_inst|count[19] ; ddfs:inst_ddfs_mod|freq_divider_DDFS:f_div_inst|count[19] ; 30.000       ; -2.025     ; 5.614      ;
; 20.363 ; ddfs:inst_ddfs_mod|sin_lut:lut_inst|altsyncram:rom_rtl_0|altsyncram_qm81:auto_generated|ram_block1a4~porta_address_reg0 ; VGA_R[5] ; ddfs:inst_ddfs_mod|freq_divider_DDFS:f_div_inst|count[19] ; ddfs:inst_ddfs_mod|freq_divider_DDFS:f_div_inst|count[19] ; 30.000       ; -2.025     ; 5.612      ;
; 20.363 ; ddfs:inst_ddfs_mod|sin_lut:lut_inst|altsyncram:rom_rtl_0|altsyncram_qm81:auto_generated|ram_block1a4~porta_address_reg1 ; VGA_R[5] ; ddfs:inst_ddfs_mod|freq_divider_DDFS:f_div_inst|count[19] ; ddfs:inst_ddfs_mod|freq_divider_DDFS:f_div_inst|count[19] ; 30.000       ; -2.025     ; 5.612      ;
; 20.363 ; ddfs:inst_ddfs_mod|sin_lut:lut_inst|altsyncram:rom_rtl_0|altsyncram_qm81:auto_generated|ram_block1a4~porta_address_reg2 ; VGA_R[5] ; ddfs:inst_ddfs_mod|freq_divider_DDFS:f_div_inst|count[19] ; ddfs:inst_ddfs_mod|freq_divider_DDFS:f_div_inst|count[19] ; 30.000       ; -2.025     ; 5.612      ;
; 20.363 ; ddfs:inst_ddfs_mod|sin_lut:lut_inst|altsyncram:rom_rtl_0|altsyncram_qm81:auto_generated|ram_block1a4~porta_address_reg3 ; VGA_R[5] ; ddfs:inst_ddfs_mod|freq_divider_DDFS:f_div_inst|count[19] ; ddfs:inst_ddfs_mod|freq_divider_DDFS:f_div_inst|count[19] ; 30.000       ; -2.025     ; 5.612      ;
; 20.363 ; ddfs:inst_ddfs_mod|sin_lut:lut_inst|altsyncram:rom_rtl_0|altsyncram_qm81:auto_generated|ram_block1a4~porta_address_reg4 ; VGA_R[5] ; ddfs:inst_ddfs_mod|freq_divider_DDFS:f_div_inst|count[19] ; ddfs:inst_ddfs_mod|freq_divider_DDFS:f_div_inst|count[19] ; 30.000       ; -2.025     ; 5.612      ;
; 20.363 ; ddfs:inst_ddfs_mod|sin_lut:lut_inst|altsyncram:rom_rtl_0|altsyncram_qm81:auto_generated|ram_block1a4~porta_address_reg5 ; VGA_R[5] ; ddfs:inst_ddfs_mod|freq_divider_DDFS:f_div_inst|count[19] ; ddfs:inst_ddfs_mod|freq_divider_DDFS:f_div_inst|count[19] ; 30.000       ; -2.025     ; 5.612      ;
; 20.363 ; ddfs:inst_ddfs_mod|sin_lut:lut_inst|altsyncram:rom_rtl_0|altsyncram_qm81:auto_generated|ram_block1a4~porta_address_reg6 ; VGA_R[5] ; ddfs:inst_ddfs_mod|freq_divider_DDFS:f_div_inst|count[19] ; ddfs:inst_ddfs_mod|freq_divider_DDFS:f_div_inst|count[19] ; 30.000       ; -2.025     ; 5.612      ;
; 20.363 ; ddfs:inst_ddfs_mod|sin_lut:lut_inst|altsyncram:rom_rtl_0|altsyncram_qm81:auto_generated|ram_block1a4~porta_address_reg7 ; VGA_R[5] ; ddfs:inst_ddfs_mod|freq_divider_DDFS:f_div_inst|count[19] ; ddfs:inst_ddfs_mod|freq_divider_DDFS:f_div_inst|count[19] ; 30.000       ; -2.025     ; 5.612      ;
; 20.363 ; ddfs:inst_ddfs_mod|sin_lut:lut_inst|altsyncram:rom_rtl_0|altsyncram_qm81:auto_generated|ram_block1a4~porta_address_reg8 ; VGA_R[5] ; ddfs:inst_ddfs_mod|freq_divider_DDFS:f_div_inst|count[19] ; ddfs:inst_ddfs_mod|freq_divider_DDFS:f_div_inst|count[19] ; 30.000       ; -2.025     ; 5.612      ;
; 20.363 ; ddfs:inst_ddfs_mod|sin_lut:lut_inst|altsyncram:rom_rtl_0|altsyncram_qm81:auto_generated|ram_block1a4~porta_address_reg9 ; VGA_R[5] ; ddfs:inst_ddfs_mod|freq_divider_DDFS:f_div_inst|count[19] ; ddfs:inst_ddfs_mod|freq_divider_DDFS:f_div_inst|count[19] ; 30.000       ; -2.025     ; 5.612      ;
; 20.410 ; ddfs:inst_ddfs_mod|sin_lut:lut_inst|altsyncram:rom_rtl_0|altsyncram_qm81:auto_generated|ram_block1a8~porta_address_reg0 ; VGA_R[9] ; ddfs:inst_ddfs_mod|freq_divider_DDFS:f_div_inst|count[19] ; ddfs:inst_ddfs_mod|freq_divider_DDFS:f_div_inst|count[19] ; 30.000       ; -2.023     ; 5.567      ;
; 20.410 ; ddfs:inst_ddfs_mod|sin_lut:lut_inst|altsyncram:rom_rtl_0|altsyncram_qm81:auto_generated|ram_block1a8~porta_address_reg1 ; VGA_R[9] ; ddfs:inst_ddfs_mod|freq_divider_DDFS:f_div_inst|count[19] ; ddfs:inst_ddfs_mod|freq_divider_DDFS:f_div_inst|count[19] ; 30.000       ; -2.023     ; 5.567      ;
; 20.410 ; ddfs:inst_ddfs_mod|sin_lut:lut_inst|altsyncram:rom_rtl_0|altsyncram_qm81:auto_generated|ram_block1a8~porta_address_reg2 ; VGA_R[9] ; ddfs:inst_ddfs_mod|freq_divider_DDFS:f_div_inst|count[19] ; ddfs:inst_ddfs_mod|freq_divider_DDFS:f_div_inst|count[19] ; 30.000       ; -2.023     ; 5.567      ;
; 20.410 ; ddfs:inst_ddfs_mod|sin_lut:lut_inst|altsyncram:rom_rtl_0|altsyncram_qm81:auto_generated|ram_block1a8~porta_address_reg3 ; VGA_R[9] ; ddfs:inst_ddfs_mod|freq_divider_DDFS:f_div_inst|count[19] ; ddfs:inst_ddfs_mod|freq_divider_DDFS:f_div_inst|count[19] ; 30.000       ; -2.023     ; 5.567      ;
; 20.410 ; ddfs:inst_ddfs_mod|sin_lut:lut_inst|altsyncram:rom_rtl_0|altsyncram_qm81:auto_generated|ram_block1a8~porta_address_reg4 ; VGA_R[9] ; ddfs:inst_ddfs_mod|freq_divider_DDFS:f_div_inst|count[19] ; ddfs:inst_ddfs_mod|freq_divider_DDFS:f_div_inst|count[19] ; 30.000       ; -2.023     ; 5.567      ;
; 20.410 ; ddfs:inst_ddfs_mod|sin_lut:lut_inst|altsyncram:rom_rtl_0|altsyncram_qm81:auto_generated|ram_block1a8~porta_address_reg5 ; VGA_R[9] ; ddfs:inst_ddfs_mod|freq_divider_DDFS:f_div_inst|count[19] ; ddfs:inst_ddfs_mod|freq_divider_DDFS:f_div_inst|count[19] ; 30.000       ; -2.023     ; 5.567      ;
; 20.410 ; ddfs:inst_ddfs_mod|sin_lut:lut_inst|altsyncram:rom_rtl_0|altsyncram_qm81:auto_generated|ram_block1a8~porta_address_reg6 ; VGA_R[9] ; ddfs:inst_ddfs_mod|freq_divider_DDFS:f_div_inst|count[19] ; ddfs:inst_ddfs_mod|freq_divider_DDFS:f_div_inst|count[19] ; 30.000       ; -2.023     ; 5.567      ;
; 20.410 ; ddfs:inst_ddfs_mod|sin_lut:lut_inst|altsyncram:rom_rtl_0|altsyncram_qm81:auto_generated|ram_block1a8~porta_address_reg7 ; VGA_R[9] ; ddfs:inst_ddfs_mod|freq_divider_DDFS:f_div_inst|count[19] ; ddfs:inst_ddfs_mod|freq_divider_DDFS:f_div_inst|count[19] ; 30.000       ; -2.023     ; 5.567      ;
; 20.410 ; ddfs:inst_ddfs_mod|sin_lut:lut_inst|altsyncram:rom_rtl_0|altsyncram_qm81:auto_generated|ram_block1a8~porta_address_reg8 ; VGA_R[9] ; ddfs:inst_ddfs_mod|freq_divider_DDFS:f_div_inst|count[19] ; ddfs:inst_ddfs_mod|freq_divider_DDFS:f_div_inst|count[19] ; 30.000       ; -2.023     ; 5.567      ;
; 20.410 ; ddfs:inst_ddfs_mod|sin_lut:lut_inst|altsyncram:rom_rtl_0|altsyncram_qm81:auto_generated|ram_block1a8~porta_address_reg9 ; VGA_R[9] ; ddfs:inst_ddfs_mod|freq_divider_DDFS:f_div_inst|count[19] ; ddfs:inst_ddfs_mod|freq_divider_DDFS:f_div_inst|count[19] ; 30.000       ; -2.023     ; 5.567      ;
; 20.426 ; ddfs:inst_ddfs_mod|sin_lut:lut_inst|altsyncram:rom_rtl_0|altsyncram_qm81:auto_generated|ram_block1a4~porta_address_reg0 ; VGA_R[8] ; ddfs:inst_ddfs_mod|freq_divider_DDFS:f_div_inst|count[19] ; ddfs:inst_ddfs_mod|freq_divider_DDFS:f_div_inst|count[19] ; 30.000       ; -2.025     ; 5.549      ;
; 20.426 ; ddfs:inst_ddfs_mod|sin_lut:lut_inst|altsyncram:rom_rtl_0|altsyncram_qm81:auto_generated|ram_block1a4~porta_address_reg1 ; VGA_R[8] ; ddfs:inst_ddfs_mod|freq_divider_DDFS:f_div_inst|count[19] ; ddfs:inst_ddfs_mod|freq_divider_DDFS:f_div_inst|count[19] ; 30.000       ; -2.025     ; 5.549      ;
; 20.426 ; ddfs:inst_ddfs_mod|sin_lut:lut_inst|altsyncram:rom_rtl_0|altsyncram_qm81:auto_generated|ram_block1a4~porta_address_reg2 ; VGA_R[8] ; ddfs:inst_ddfs_mod|freq_divider_DDFS:f_div_inst|count[19] ; ddfs:inst_ddfs_mod|freq_divider_DDFS:f_div_inst|count[19] ; 30.000       ; -2.025     ; 5.549      ;
; 20.426 ; ddfs:inst_ddfs_mod|sin_lut:lut_inst|altsyncram:rom_rtl_0|altsyncram_qm81:auto_generated|ram_block1a4~porta_address_reg3 ; VGA_R[8] ; ddfs:inst_ddfs_mod|freq_divider_DDFS:f_div_inst|count[19] ; ddfs:inst_ddfs_mod|freq_divider_DDFS:f_div_inst|count[19] ; 30.000       ; -2.025     ; 5.549      ;
; 20.426 ; ddfs:inst_ddfs_mod|sin_lut:lut_inst|altsyncram:rom_rtl_0|altsyncram_qm81:auto_generated|ram_block1a4~porta_address_reg4 ; VGA_R[8] ; ddfs:inst_ddfs_mod|freq_divider_DDFS:f_div_inst|count[19] ; ddfs:inst_ddfs_mod|freq_divider_DDFS:f_div_inst|count[19] ; 30.000       ; -2.025     ; 5.549      ;
; 20.426 ; ddfs:inst_ddfs_mod|sin_lut:lut_inst|altsyncram:rom_rtl_0|altsyncram_qm81:auto_generated|ram_block1a4~porta_address_reg5 ; VGA_R[8] ; ddfs:inst_ddfs_mod|freq_divider_DDFS:f_div_inst|count[19] ; ddfs:inst_ddfs_mod|freq_divider_DDFS:f_div_inst|count[19] ; 30.000       ; -2.025     ; 5.549      ;
; 20.426 ; ddfs:inst_ddfs_mod|sin_lut:lut_inst|altsyncram:rom_rtl_0|altsyncram_qm81:auto_generated|ram_block1a4~porta_address_reg6 ; VGA_R[8] ; ddfs:inst_ddfs_mod|freq_divider_DDFS:f_div_inst|count[19] ; ddfs:inst_ddfs_mod|freq_divider_DDFS:f_div_inst|count[19] ; 30.000       ; -2.025     ; 5.549      ;
; 20.426 ; ddfs:inst_ddfs_mod|sin_lut:lut_inst|altsyncram:rom_rtl_0|altsyncram_qm81:auto_generated|ram_block1a4~porta_address_reg7 ; VGA_R[8] ; ddfs:inst_ddfs_mod|freq_divider_DDFS:f_div_inst|count[19] ; ddfs:inst_ddfs_mod|freq_divider_DDFS:f_div_inst|count[19] ; 30.000       ; -2.025     ; 5.549      ;
; 20.426 ; ddfs:inst_ddfs_mod|sin_lut:lut_inst|altsyncram:rom_rtl_0|altsyncram_qm81:auto_generated|ram_block1a4~porta_address_reg8 ; VGA_R[8] ; ddfs:inst_ddfs_mod|freq_divider_DDFS:f_div_inst|count[19] ; ddfs:inst_ddfs_mod|freq_divider_DDFS:f_div_inst|count[19] ; 30.000       ; -2.025     ; 5.549      ;
+--------+-------------------------------------------------------------------------------------------------------------------------+----------+-----------------------------------------------------------+-----------------------------------------------------------+--------------+------------+------------+


+-----------------------------------------------------------------------------------------------------------------------------------------------------------------------------------------------------------------------------------------------------------------------------------------------------------------------------------------------------+
; Fast Model Hold: 'inst_pll|altpll_component|pll|clk[0]'                                                                                                                                                                                                                                                                                             ;
+-------+-----------------------------------------------------------------------------------------+----------------------------------------------------------------------------------------------------------------------------+--------------------------------------+--------------------------------------+--------------+------------+------------+
; Slack ; From Node                                                                               ; To Node                                                                                                                    ; Launch Clock                         ; Latch Clock                          ; Relationship ; Clock Skew ; Data Delay ;
+-------+-----------------------------------------------------------------------------------------+----------------------------------------------------------------------------------------------------------------------------+--------------------------------------+--------------------------------------+--------------+------------+------------+
; 0.215 ; keypad_freq_sel_module:inst_keypad_mod|keypad_module:keypad_mod_inst|data_valid         ; keypad_freq_sel_module:inst_keypad_mod|keypad_module:keypad_mod_inst|data_valid                                            ; inst_pll|altpll_component|pll|clk[0] ; inst_pll|altpll_component|pll|clk[0] ; 0.000        ; 0.000      ; 0.367      ;
; 0.215 ; keypad_freq_sel_module:inst_keypad_mod|debounced_keypad_pressed                         ; keypad_freq_sel_module:inst_keypad_mod|debounced_keypad_pressed                                                            ; inst_pll|altpll_component|pll|clk[0] ; inst_pll|altpll_component|pll|clk[0] ; 0.000        ; 0.000      ; 0.367      ;
; 0.215 ; keypad_freq_sel_module:inst_keypad_mod|button_pressed                                   ; keypad_freq_sel_module:inst_keypad_mod|button_pressed                                                                      ; inst_pll|altpll_component|pll|clk[0] ; inst_pll|altpll_component|pll|clk[0] ; 0.000        ; 0.000      ; 0.367      ;
; 0.215 ; keypad_freq_sel_module:inst_keypad_mod|next_page                                        ; keypad_freq_sel_module:inst_keypad_mod|next_page                                                                           ; inst_pll|altpll_component|pll|clk[0] ; inst_pll|altpll_component|pll|clk[0] ; 0.000        ; 0.000      ; 0.367      ;
; 0.215 ; keypad_freq_sel_module:inst_keypad_mod|prev_page                                        ; keypad_freq_sel_module:inst_keypad_mod|prev_page                                                                           ; inst_pll|altpll_component|pll|clk[0] ; inst_pll|altpll_component|pll|clk[0] ; 0.000        ; 0.000      ; 0.367      ;
; 0.215 ; lcd_driver:inst|state.WAIT_BUTTON_RELEASE                                               ; lcd_driver:inst|state.WAIT_BUTTON_RELEASE                                                                                  ; inst_pll|altpll_component|pll|clk[0] ; inst_pll|altpll_component|pll|clk[0] ; 0.000        ; 0.000      ; 0.367      ;
; 0.215 ; lcd_driver:inst|btn_counter[0]                                                          ; lcd_driver:inst|btn_counter[0]                                                                                             ; inst_pll|altpll_component|pll|clk[0] ; inst_pll|altpll_component|pll|clk[0] ; 0.000        ; 0.000      ; 0.367      ;
; 0.215 ; lcd_driver:inst|state.DONE                                                              ; lcd_driver:inst|state.DONE                                                                                                 ; inst_pll|altpll_component|pll|clk[0] ; inst_pll|altpll_component|pll|clk[0] ; 0.000        ; 0.000      ; 0.367      ;
; 0.215 ; lcd_driver:inst|state.WAIT                                                              ; lcd_driver:inst|state.WAIT                                                                                                 ; inst_pll|altpll_component|pll|clk[0] ; inst_pll|altpll_component|pll|clk[0] ; 0.000        ; 0.000      ; 0.367      ;
; 0.215 ; lcd_driver:inst|sub_state_f[0]                                                          ; lcd_driver:inst|sub_state_f[0]                                                                                             ; inst_pll|altpll_component|pll|clk[0] ; inst_pll|altpll_component|pll|clk[0] ; 0.000        ; 0.000      ; 0.367      ;
; 0.215 ; lcd_driver:inst|sub_state_f[1]                                                          ; lcd_driver:inst|sub_state_f[1]                                                                                             ; inst_pll|altpll_component|pll|clk[0] ; inst_pll|altpll_component|pll|clk[0] ; 0.000        ; 0.000      ; 0.367      ;
; 0.215 ; lcd_driver:inst|state_f.SETUP                                                           ; lcd_driver:inst|state_f.SETUP                                                                                              ; inst_pll|altpll_component|pll|clk[0] ; inst_pll|altpll_component|pll|clk[0] ; 0.000        ; 0.000      ; 0.367      ;
; 0.215 ; lcd_driver:inst|lcd_data_freq[7]                                                        ; lcd_driver:inst|lcd_data_freq[7]                                                                                           ; inst_pll|altpll_component|pll|clk[0] ; inst_pll|altpll_component|pll|clk[0] ; 0.000        ; 0.000      ; 0.367      ;
; 0.215 ; keypad_freq_sel_module:inst_keypad_mod|digit_counter[2]                                 ; keypad_freq_sel_module:inst_keypad_mod|digit_counter[2]                                                                    ; inst_pll|altpll_component|pll|clk[0] ; inst_pll|altpll_component|pll|clk[0] ; 0.000        ; 0.000      ; 0.367      ;
; 0.215 ; keypad_freq_sel_module:inst_keypad_mod|digit_counter[0]                                 ; keypad_freq_sel_module:inst_keypad_mod|digit_counter[0]                                                                    ; inst_pll|altpll_component|pll|clk[0] ; inst_pll|altpll_component|pll|clk[0] ; 0.000        ; 0.000      ; 0.367      ;
; 0.215 ; keypad_freq_sel_module:inst_keypad_mod|freq_1[2]                                        ; keypad_freq_sel_module:inst_keypad_mod|freq_1[2]                                                                           ; inst_pll|altpll_component|pll|clk[0] ; inst_pll|altpll_component|pll|clk[0] ; 0.000        ; 0.000      ; 0.367      ;
; 0.215 ; keypad_freq_sel_module:inst_keypad_mod|freq_1[1]                                        ; keypad_freq_sel_module:inst_keypad_mod|freq_1[1]                                                                           ; inst_pll|altpll_component|pll|clk[0] ; inst_pll|altpll_component|pll|clk[0] ; 0.000        ; 0.000      ; 0.367      ;
; 0.215 ; keypad_freq_sel_module:inst_keypad_mod|freq_1[3]                                        ; keypad_freq_sel_module:inst_keypad_mod|freq_1[3]                                                                           ; inst_pll|altpll_component|pll|clk[0] ; inst_pll|altpll_component|pll|clk[0] ; 0.000        ; 0.000      ; 0.367      ;
; 0.215 ; keypad_freq_sel_module:inst_keypad_mod|freq_1[0]                                        ; keypad_freq_sel_module:inst_keypad_mod|freq_1[0]                                                                           ; inst_pll|altpll_component|pll|clk[0] ; inst_pll|altpll_component|pll|clk[0] ; 0.000        ; 0.000      ; 0.367      ;
; 0.215 ; lcd_driver:inst|state.WAIT_BUTTON_SHORT                                                 ; lcd_driver:inst|state.WAIT_BUTTON_SHORT                                                                                    ; inst_pll|altpll_component|pll|clk[0] ; inst_pll|altpll_component|pll|clk[0] ; 0.000        ; 0.000      ; 0.367      ;
; 0.215 ; keypad_freq_sel_module:inst_keypad_mod|sel_A                                            ; keypad_freq_sel_module:inst_keypad_mod|sel_A                                                                               ; inst_pll|altpll_component|pll|clk[0] ; inst_pll|altpll_component|pll|clk[0] ; 0.000        ; 0.000      ; 0.367      ;
; 0.215 ; lcd_driver:inst|lcd_en_freq                                                             ; lcd_driver:inst|lcd_en_freq                                                                                                ; inst_pll|altpll_component|pll|clk[0] ; inst_pll|altpll_component|pll|clk[0] ; 0.000        ; 0.000      ; 0.367      ;
; 0.215 ; lcd_driver:inst|lcd_en_cntr                                                             ; lcd_driver:inst|lcd_en_cntr                                                                                                ; inst_pll|altpll_component|pll|clk[0] ; inst_pll|altpll_component|pll|clk[0] ; 0.000        ; 0.000      ; 0.367      ;
; 0.215 ; lcd_driver:inst|lcd_rs_freq                                                             ; lcd_driver:inst|lcd_rs_freq                                                                                                ; inst_pll|altpll_component|pll|clk[0] ; inst_pll|altpll_component|pll|clk[0] ; 0.000        ; 0.000      ; 0.367      ;
; 0.215 ; keypad_freq_sel_module:inst_keypad_mod|keypad_module:keypad_mod_inst|tmp_out_keys[3]    ; keypad_freq_sel_module:inst_keypad_mod|keypad_module:keypad_mod_inst|tmp_out_keys[3]                                       ; inst_pll|altpll_component|pll|clk[0] ; inst_pll|altpll_component|pll|clk[0] ; 0.000        ; 0.000      ; 0.367      ;
; 0.215 ; keypad_freq_sel_module:inst_keypad_mod|keypad_module:keypad_mod_inst|tmp_out_keys[4]    ; keypad_freq_sel_module:inst_keypad_mod|keypad_module:keypad_mod_inst|tmp_out_keys[4]                                       ; inst_pll|altpll_component|pll|clk[0] ; inst_pll|altpll_component|pll|clk[0] ; 0.000        ; 0.000      ; 0.367      ;
; 0.215 ; keypad_freq_sel_module:inst_keypad_mod|keypad_module:keypad_mod_inst|tmp_out_keys[2]    ; keypad_freq_sel_module:inst_keypad_mod|keypad_module:keypad_mod_inst|tmp_out_keys[2]                                       ; inst_pll|altpll_component|pll|clk[0] ; inst_pll|altpll_component|pll|clk[0] ; 0.000        ; 0.000      ; 0.367      ;
; 0.215 ; keypad_freq_sel_module:inst_keypad_mod|keypad_module:keypad_mod_inst|tmp_out_keys[1]    ; keypad_freq_sel_module:inst_keypad_mod|keypad_module:keypad_mod_inst|tmp_out_keys[1]                                       ; inst_pll|altpll_component|pll|clk[0] ; inst_pll|altpll_component|pll|clk[0] ; 0.000        ; 0.000      ; 0.367      ;
; 0.215 ; keypad_freq_sel_module:inst_keypad_mod|keypad_module:keypad_mod_inst|tmp_out_keys[15]   ; keypad_freq_sel_module:inst_keypad_mod|keypad_module:keypad_mod_inst|tmp_out_keys[15]                                      ; inst_pll|altpll_component|pll|clk[0] ; inst_pll|altpll_component|pll|clk[0] ; 0.000        ; 0.000      ; 0.367      ;
; 0.215 ; keypad_freq_sel_module:inst_keypad_mod|keypad_module:keypad_mod_inst|tmp_out_keys[0]    ; keypad_freq_sel_module:inst_keypad_mod|keypad_module:keypad_mod_inst|tmp_out_keys[0]                                       ; inst_pll|altpll_component|pll|clk[0] ; inst_pll|altpll_component|pll|clk[0] ; 0.000        ; 0.000      ; 0.367      ;
; 0.215 ; keypad_freq_sel_module:inst_keypad_mod|keypad_module:keypad_mod_inst|tmp_out_keys[13]   ; keypad_freq_sel_module:inst_keypad_mod|keypad_module:keypad_mod_inst|tmp_out_keys[13]                                      ; inst_pll|altpll_component|pll|clk[0] ; inst_pll|altpll_component|pll|clk[0] ; 0.000        ; 0.000      ; 0.367      ;
; 0.215 ; keypad_freq_sel_module:inst_keypad_mod|keypad_module:keypad_mod_inst|tmp_out_keys[14]   ; keypad_freq_sel_module:inst_keypad_mod|keypad_module:keypad_mod_inst|tmp_out_keys[14]                                      ; inst_pll|altpll_component|pll|clk[0] ; inst_pll|altpll_component|pll|clk[0] ; 0.000        ; 0.000      ; 0.367      ;
; 0.215 ; keypad_freq_sel_module:inst_keypad_mod|keypad_module:keypad_mod_inst|tmp_out_keys[9]    ; keypad_freq_sel_module:inst_keypad_mod|keypad_module:keypad_mod_inst|tmp_out_keys[9]                                       ; inst_pll|altpll_component|pll|clk[0] ; inst_pll|altpll_component|pll|clk[0] ; 0.000        ; 0.000      ; 0.367      ;
; 0.215 ; keypad_freq_sel_module:inst_keypad_mod|keypad_module:keypad_mod_inst|tmp_out_keys[10]   ; keypad_freq_sel_module:inst_keypad_mod|keypad_module:keypad_mod_inst|tmp_out_keys[10]                                      ; inst_pll|altpll_component|pll|clk[0] ; inst_pll|altpll_component|pll|clk[0] ; 0.000        ; 0.000      ; 0.367      ;
; 0.215 ; keypad_freq_sel_module:inst_keypad_mod|keypad_module:keypad_mod_inst|tmp_out_keys[11]   ; keypad_freq_sel_module:inst_keypad_mod|keypad_module:keypad_mod_inst|tmp_out_keys[11]                                      ; inst_pll|altpll_component|pll|clk[0] ; inst_pll|altpll_component|pll|clk[0] ; 0.000        ; 0.000      ; 0.367      ;
; 0.215 ; keypad_freq_sel_module:inst_keypad_mod|keypad_module:keypad_mod_inst|tmp_out_keys[12]   ; keypad_freq_sel_module:inst_keypad_mod|keypad_module:keypad_mod_inst|tmp_out_keys[12]                                      ; inst_pll|altpll_component|pll|clk[0] ; inst_pll|altpll_component|pll|clk[0] ; 0.000        ; 0.000      ; 0.367      ;
; 0.215 ; keypad_freq_sel_module:inst_keypad_mod|keypad_module:keypad_mod_inst|tmp_out_keys[5]    ; keypad_freq_sel_module:inst_keypad_mod|keypad_module:keypad_mod_inst|tmp_out_keys[5]                                       ; inst_pll|altpll_component|pll|clk[0] ; inst_pll|altpll_component|pll|clk[0] ; 0.000        ; 0.000      ; 0.367      ;
; 0.215 ; keypad_freq_sel_module:inst_keypad_mod|keypad_module:keypad_mod_inst|tmp_out_keys[7]    ; keypad_freq_sel_module:inst_keypad_mod|keypad_module:keypad_mod_inst|tmp_out_keys[7]                                       ; inst_pll|altpll_component|pll|clk[0] ; inst_pll|altpll_component|pll|clk[0] ; 0.000        ; 0.000      ; 0.367      ;
; 0.215 ; keypad_freq_sel_module:inst_keypad_mod|keypad_module:keypad_mod_inst|tmp_out_keys[6]    ; keypad_freq_sel_module:inst_keypad_mod|keypad_module:keypad_mod_inst|tmp_out_keys[6]                                       ; inst_pll|altpll_component|pll|clk[0] ; inst_pll|altpll_component|pll|clk[0] ; 0.000        ; 0.000      ; 0.367      ;
; 0.215 ; keypad_freq_sel_module:inst_keypad_mod|keypad_module:keypad_mod_inst|tmp_out_keys[8]    ; keypad_freq_sel_module:inst_keypad_mod|keypad_module:keypad_mod_inst|tmp_out_keys[8]                                       ; inst_pll|altpll_component|pll|clk[0] ; inst_pll|altpll_component|pll|clk[0] ; 0.000        ; 0.000      ; 0.367      ;
; 0.215 ; lcd_driver:inst|btn_pressed                                                             ; lcd_driver:inst|btn_pressed                                                                                                ; inst_pll|altpll_component|pll|clk[0] ; inst_pll|altpll_component|pll|clk[0] ; 0.000        ; 0.000      ; 0.367      ;
; 0.215 ; lcd_driver:inst|sub_state.PAGE_ERROR                                                    ; lcd_driver:inst|sub_state.PAGE_ERROR                                                                                       ; inst_pll|altpll_component|pll|clk[0] ; inst_pll|altpll_component|pll|clk[0] ; 0.000        ; 0.000      ; 0.367      ;
; 0.215 ; lcd_driver:inst|sub_state.PAGE0                                                         ; lcd_driver:inst|sub_state.PAGE0                                                                                            ; inst_pll|altpll_component|pll|clk[0] ; inst_pll|altpll_component|pll|clk[0] ; 0.000        ; 0.000      ; 0.367      ;
; 0.215 ; lcd_driver:inst|sub_state.PAGE1                                                         ; lcd_driver:inst|sub_state.PAGE1                                                                                            ; inst_pll|altpll_component|pll|clk[0] ; inst_pll|altpll_component|pll|clk[0] ; 0.000        ; 0.000      ; 0.367      ;
; 0.215 ; lcd_driver:inst|state.POWER_ON                                                          ; lcd_driver:inst|state.POWER_ON                                                                                             ; inst_pll|altpll_component|pll|clk[0] ; inst_pll|altpll_component|pll|clk[0] ; 0.000        ; 0.000      ; 0.367      ;
; 0.215 ; lcd_driver:inst|state.WRITE_DATA                                                        ; lcd_driver:inst|state.WRITE_DATA                                                                                           ; inst_pll|altpll_component|pll|clk[0] ; inst_pll|altpll_component|pll|clk[0] ; 0.000        ; 0.000      ; 0.367      ;
; 0.215 ; lcd_driver:inst|state.WAIT_EXEC                                                         ; lcd_driver:inst|state.WAIT_EXEC                                                                                            ; inst_pll|altpll_component|pll|clk[0] ; inst_pll|altpll_component|pll|clk[0] ; 0.000        ; 0.000      ; 0.367      ;
; 0.215 ; lcd_driver:inst|state.PAGE_SELECT                                                       ; lcd_driver:inst|state.PAGE_SELECT                                                                                          ; inst_pll|altpll_component|pll|clk[0] ; inst_pll|altpll_component|pll|clk[0] ; 0.000        ; 0.000      ; 0.367      ;
; 0.215 ; lcd_driver:inst|sub_state.PAGE2                                                         ; lcd_driver:inst|sub_state.PAGE2                                                                                            ; inst_pll|altpll_component|pll|clk[0] ; inst_pll|altpll_component|pll|clk[0] ; 0.000        ; 0.000      ; 0.367      ;
; 0.215 ; lcd_driver:inst|state_f.WAIT_EXEC                                                       ; lcd_driver:inst|state_f.WAIT_EXEC                                                                                          ; inst_pll|altpll_component|pll|clk[0] ; inst_pll|altpll_component|pll|clk[0] ; 0.000        ; 0.000      ; 0.367      ;
; 0.215 ; lcd_driver:inst|n_index[0]                                                              ; lcd_driver:inst|n_index[0]                                                                                                 ; inst_pll|altpll_component|pll|clk[0] ; inst_pll|altpll_component|pll|clk[0] ; 0.000        ; 0.000      ; 0.367      ;
; 0.215 ; lcd_driver:inst|n_index[1]                                                              ; lcd_driver:inst|n_index[1]                                                                                                 ; inst_pll|altpll_component|pll|clk[0] ; inst_pll|altpll_component|pll|clk[0] ; 0.000        ; 0.000      ; 0.367      ;
; 0.215 ; lcd_driver:inst|n_index[2]                                                              ; lcd_driver:inst|n_index[2]                                                                                                 ; inst_pll|altpll_component|pll|clk[0] ; inst_pll|altpll_component|pll|clk[0] ; 0.000        ; 0.000      ; 0.367      ;
; 0.215 ; lcd_driver:inst|n_index[3]                                                              ; lcd_driver:inst|n_index[3]                                                                                                 ; inst_pll|altpll_component|pll|clk[0] ; inst_pll|altpll_component|pll|clk[0] ; 0.000        ; 0.000      ; 0.367      ;
; 0.215 ; lcd_driver:inst|state_f.WRITE_DATA                                                      ; lcd_driver:inst|state_f.WRITE_DATA                                                                                         ; inst_pll|altpll_component|pll|clk[0] ; inst_pll|altpll_component|pll|clk[0] ; 0.000        ; 0.000      ; 0.367      ;
; 0.238 ; keypad_freq_sel_module:inst_keypad_mod|keypad_module:keypad_mod_inst|tmp_out_keys[1]    ; keypad_freq_sel_module:inst_keypad_mod|keypad_module:keypad_mod_inst|out_keys[1]                                           ; inst_pll|altpll_component|pll|clk[0] ; inst_pll|altpll_component|pll|clk[0] ; 0.000        ; 0.000      ; 0.390      ;
; 0.242 ; keypad_freq_sel_module:inst_keypad_mod|keypad_module:keypad_mod_inst|out_keys[9]        ; keypad_freq_sel_module:inst_keypad_mod|out_keys_sync[9]                                                                    ; inst_pll|altpll_component|pll|clk[0] ; inst_pll|altpll_component|pll|clk[0] ; 0.000        ; 0.000      ; 0.394      ;
; 0.243 ; keypad_freq_sel_module:inst_keypad_mod|keypad_module:keypad_mod_inst|clock_div_cont[31] ; keypad_freq_sel_module:inst_keypad_mod|keypad_module:keypad_mod_inst|clock_div_cont[31]                                    ; inst_pll|altpll_component|pll|clk[0] ; inst_pll|altpll_component|pll|clk[0] ; 0.000        ; 0.000      ; 0.395      ;
; 0.243 ; keypad_freq_sel_module:inst_keypad_mod|keypad_module:keypad_mod_inst|i_column[31]       ; keypad_freq_sel_module:inst_keypad_mod|keypad_module:keypad_mod_inst|i_column[31]                                          ; inst_pll|altpll_component|pll|clk[0] ; inst_pll|altpll_component|pll|clk[0] ; 0.000        ; 0.000      ; 0.395      ;
; 0.243 ; lcd_driver:inst|counter[31]                                                             ; lcd_driver:inst|counter[31]                                                                                                ; inst_pll|altpll_component|pll|clk[0] ; inst_pll|altpll_component|pll|clk[0] ; 0.000        ; 0.000      ; 0.395      ;
; 0.243 ; lcd_driver:inst|counter_f[31]                                                           ; lcd_driver:inst|counter_f[31]                                                                                              ; inst_pll|altpll_component|pll|clk[0] ; inst_pll|altpll_component|pll|clk[0] ; 0.000        ; 0.000      ; 0.395      ;
; 0.244 ; keypad_freq_sel_module:inst_keypad_mod|keypad_module:keypad_mod_inst|tmp_out_keys[7]    ; keypad_freq_sel_module:inst_keypad_mod|keypad_module:keypad_mod_inst|out_keys[7]                                           ; inst_pll|altpll_component|pll|clk[0] ; inst_pll|altpll_component|pll|clk[0] ; 0.000        ; 0.000      ; 0.396      ;
; 0.247 ; keypad_freq_sel_module:inst_keypad_mod|keypad_module:keypad_mod_inst|out_keys[2]        ; keypad_freq_sel_module:inst_keypad_mod|out_keys_sync[2]                                                                    ; inst_pll|altpll_component|pll|clk[0] ; inst_pll|altpll_component|pll|clk[0] ; 0.000        ; 0.000      ; 0.399      ;
; 0.247 ; keypad_freq_sel_module:inst_keypad_mod|freq_7[1]                                        ; keypad_freq_sel_module:inst_keypad_mod|freq_6[1]                                                                           ; inst_pll|altpll_component|pll|clk[0] ; inst_pll|altpll_component|pll|clk[0] ; 0.000        ; 0.000      ; 0.399      ;
; 0.249 ; keypad_freq_sel_module:inst_keypad_mod|keypad_module:keypad_mod_inst|out_keys[12]       ; keypad_freq_sel_module:inst_keypad_mod|out_keys_sync[12]                                                                   ; inst_pll|altpll_component|pll|clk[0] ; inst_pll|altpll_component|pll|clk[0] ; 0.000        ; 0.000      ; 0.401      ;
; 0.249 ; keypad_freq_sel_module:inst_keypad_mod|debounced_keypad_pressed                         ; keypad_freq_sel_module:inst_keypad_mod|next_page                                                                           ; inst_pll|altpll_component|pll|clk[0] ; inst_pll|altpll_component|pll|clk[0] ; 0.000        ; 0.000      ; 0.401      ;
; 0.250 ; lcd_driver:inst|char_index[5]                                                           ; lcd_driver:inst|char_index[5]                                                                                              ; inst_pll|altpll_component|pll|clk[0] ; inst_pll|altpll_component|pll|clk[0] ; 0.000        ; 0.000      ; 0.402      ;
; 0.250 ; keypad_freq_sel_module:inst_keypad_mod|BCD_5[3]                                         ; keypad_freq_sel_module:inst_keypad_mod|freq_5[3]                                                                           ; inst_pll|altpll_component|pll|clk[0] ; inst_pll|altpll_component|pll|clk[0] ; 0.000        ; 0.000      ; 0.402      ;
; 0.250 ; keypad_freq_sel_module:inst_keypad_mod|freq_5[3]                                        ; keypad_freq_sel_module:inst_keypad_mod|BCD_5[3]                                                                            ; inst_pll|altpll_component|pll|clk[0] ; inst_pll|altpll_component|pll|clk[0] ; 0.000        ; 0.000      ; 0.402      ;
; 0.251 ; keypad_freq_sel_module:inst_keypad_mod|freq_6[3]                                        ; keypad_freq_sel_module:inst_keypad_mod|BCD_6[3]                                                                            ; inst_pll|altpll_component|pll|clk[0] ; inst_pll|altpll_component|pll|clk[0] ; 0.000        ; 0.000      ; 0.403      ;
; 0.252 ; keypad_freq_sel_module:inst_keypad_mod|debounced_keypad_pressed                         ; keypad_freq_sel_module:inst_keypad_mod|button_pressed                                                                      ; inst_pll|altpll_component|pll|clk[0] ; inst_pll|altpll_component|pll|clk[0] ; 0.000        ; 0.000      ; 0.404      ;
; 0.254 ; keypad_freq_sel_module:inst_keypad_mod|debounced_keypad_pressed                         ; keypad_freq_sel_module:inst_keypad_mod|prev_page                                                                           ; inst_pll|altpll_component|pll|clk[0] ; inst_pll|altpll_component|pll|clk[0] ; 0.000        ; 0.000      ; 0.406      ;
; 0.261 ; lcd_driver:inst|state_f.HZ_DISPLAY                                                      ; lcd_driver:inst|lcd_data_freq[4]                                                                                           ; inst_pll|altpll_component|pll|clk[0] ; inst_pll|altpll_component|pll|clk[0] ; 0.000        ; 0.000      ; 0.413      ;
; 0.262 ; lcd_driver:inst|state_f.HZ_DISPLAY                                                      ; lcd_driver:inst|lcd_data_freq[3]                                                                                           ; inst_pll|altpll_component|pll|clk[0] ; inst_pll|altpll_component|pll|clk[0] ; 0.000        ; 0.000      ; 0.414      ;
; 0.262 ; lcd_driver:inst|n_index[1]                                                              ; lcd_driver:inst|n_index[2]                                                                                                 ; inst_pll|altpll_component|pll|clk[0] ; inst_pll|altpll_component|pll|clk[0] ; 0.000        ; 0.000      ; 0.414      ;
; 0.273 ; keypad_freq_sel_module:inst_keypad_mod|freq_5[2]                                        ; keypad_freq_sel_module:inst_keypad_mod|freq_4[2]                                                                           ; inst_pll|altpll_component|pll|clk[0] ; inst_pll|altpll_component|pll|clk[0] ; 0.000        ; 0.000      ; 0.425      ;
; 0.296 ; lcd_driver:inst|char_index[5]                                                           ; lcd_driver:inst|text_lut:text_lut_inst|altsyncram:rom_rtl_0|altsyncram_ap81:auto_generated|ram_block1a3~porta_address_reg5 ; inst_pll|altpll_component|pll|clk[0] ; inst_pll|altpll_component|pll|clk[0] ; 0.000        ; 0.061      ; 0.495      ;
; 0.296 ; lcd_driver:inst|char_index[4]                                                           ; lcd_driver:inst|text_lut:text_lut_inst|altsyncram:rom_rtl_0|altsyncram_ap81:auto_generated|ram_block1a3~porta_address_reg4 ; inst_pll|altpll_component|pll|clk[0] ; inst_pll|altpll_component|pll|clk[0] ; 0.000        ; 0.061      ; 0.495      ;
; 0.308 ; keypad_freq_sel_module:inst_keypad_mod|freq_6[2]                                        ; keypad_freq_sel_module:inst_keypad_mod|freq_7[2]                                                                           ; inst_pll|altpll_component|pll|clk[0] ; inst_pll|altpll_component|pll|clk[0] ; 0.000        ; 0.000      ; 0.460      ;
; 0.313 ; keypad_freq_sel_module:inst_keypad_mod|keypad_module:keypad_mod_inst|tmp_out_keys[15]   ; keypad_freq_sel_module:inst_keypad_mod|keypad_module:keypad_mod_inst|out_keys[15]                                          ; inst_pll|altpll_component|pll|clk[0] ; inst_pll|altpll_component|pll|clk[0] ; 0.000        ; 0.000      ; 0.465      ;
; 0.315 ; keypad_freq_sel_module:inst_keypad_mod|digit_counter_BCD[1]                             ; keypad_freq_sel_module:inst_keypad_mod|digit_counter[1]                                                                    ; inst_pll|altpll_component|pll|clk[0] ; inst_pll|altpll_component|pll|clk[0] ; 0.000        ; -0.001     ; 0.466      ;
; 0.315 ; keypad_freq_sel_module:inst_keypad_mod|keypad_module:keypad_mod_inst|row_1[3]           ; keypad_freq_sel_module:inst_keypad_mod|keypad_module:keypad_mod_inst|row_2[3]                                              ; inst_pll|altpll_component|pll|clk[0] ; inst_pll|altpll_component|pll|clk[0] ; 0.000        ; 0.000      ; 0.467      ;
; 0.316 ; keypad_freq_sel_module:inst_keypad_mod|keypad_module:keypad_mod_inst|row_2[2]           ; keypad_freq_sel_module:inst_keypad_mod|keypad_module:keypad_mod_inst|row_sync[2]                                           ; inst_pll|altpll_component|pll|clk[0] ; inst_pll|altpll_component|pll|clk[0] ; 0.000        ; 0.000      ; 0.468      ;
; 0.316 ; keypad_freq_sel_module:inst_keypad_mod|freq_6[1]                                        ; keypad_freq_sel_module:inst_keypad_mod|freq_7[1]                                                                           ; inst_pll|altpll_component|pll|clk[0] ; inst_pll|altpll_component|pll|clk[0] ; 0.000        ; 0.000      ; 0.468      ;
; 0.320 ; keypad_freq_sel_module:inst_keypad_mod|keypad_module:keypad_mod_inst|tmp_out_keys[2]    ; keypad_freq_sel_module:inst_keypad_mod|keypad_module:keypad_mod_inst|out_keys[2]                                           ; inst_pll|altpll_component|pll|clk[0] ; inst_pll|altpll_component|pll|clk[0] ; 0.000        ; 0.000      ; 0.472      ;
; 0.324 ; keypad_freq_sel_module:inst_keypad_mod|keypad_module:keypad_mod_inst|out_keys[10]       ; keypad_freq_sel_module:inst_keypad_mod|out_keys_sync[10]                                                                   ; inst_pll|altpll_component|pll|clk[0] ; inst_pll|altpll_component|pll|clk[0] ; 0.000        ; 0.000      ; 0.476      ;
; 0.325 ; keypad_freq_sel_module:inst_keypad_mod|keypad_module:keypad_mod_inst|tmp_out_keys[14]   ; keypad_freq_sel_module:inst_keypad_mod|keypad_module:keypad_mod_inst|out_keys[14]                                          ; inst_pll|altpll_component|pll|clk[0] ; inst_pll|altpll_component|pll|clk[0] ; 0.000        ; 0.000      ; 0.477      ;
; 0.326 ; keypad_freq_sel_module:inst_keypad_mod|keypad_module:keypad_mod_inst|out_keys[14]       ; keypad_freq_sel_module:inst_keypad_mod|out_keys_sync[14]                                                                   ; inst_pll|altpll_component|pll|clk[0] ; inst_pll|altpll_component|pll|clk[0] ; 0.000        ; 0.000      ; 0.478      ;
; 0.326 ; keypad_freq_sel_module:inst_keypad_mod|BCD_5[1]                                         ; keypad_freq_sel_module:inst_keypad_mod|freq_5[1]                                                                           ; inst_pll|altpll_component|pll|clk[0] ; inst_pll|altpll_component|pll|clk[0] ; 0.000        ; 0.001      ; 0.479      ;
; 0.330 ; keypad_freq_sel_module:inst_keypad_mod|keypad_module:keypad_mod_inst|out_keys[0]        ; keypad_freq_sel_module:inst_keypad_mod|out_keys_sync[0]                                                                    ; inst_pll|altpll_component|pll|clk[0] ; inst_pll|altpll_component|pll|clk[0] ; 0.000        ; 0.000      ; 0.482      ;
; 0.335 ; keypad_freq_sel_module:inst_keypad_mod|digit_counter[1]                                 ; keypad_freq_sel_module:inst_keypad_mod|digit_counter_BCD[1]                                                                ; inst_pll|altpll_component|pll|clk[0] ; inst_pll|altpll_component|pll|clk[0] ; 0.000        ; 0.001      ; 0.488      ;
; 0.337 ; keypad_freq_sel_module:inst_keypad_mod|keypad_module:keypad_mod_inst|out_keys[11]       ; keypad_freq_sel_module:inst_keypad_mod|out_keys_sync[11]                                                                   ; inst_pll|altpll_component|pll|clk[0] ; inst_pll|altpll_component|pll|clk[0] ; 0.000        ; 0.000      ; 0.489      ;
; 0.338 ; keypad_freq_sel_module:inst_keypad_mod|freq_2[3]                                        ; keypad_freq_sel_module:inst_keypad_mod|freq_3[3]                                                                           ; inst_pll|altpll_component|pll|clk[0] ; inst_pll|altpll_component|pll|clk[0] ; 0.000        ; 0.000      ; 0.490      ;
; 0.340 ; keypad_freq_sel_module:inst_keypad_mod|freq_4[3]                                        ; keypad_freq_sel_module:inst_keypad_mod|freq_5[3]                                                                           ; inst_pll|altpll_component|pll|clk[0] ; inst_pll|altpll_component|pll|clk[0] ; 0.000        ; 0.000      ; 0.492      ;
; 0.342 ; keypad_freq_sel_module:inst_keypad_mod|freq_3[3]                                        ; keypad_freq_sel_module:inst_keypad_mod|freq_4[3]                                                                           ; inst_pll|altpll_component|pll|clk[0] ; inst_pll|altpll_component|pll|clk[0] ; 0.000        ; 0.000      ; 0.494      ;
; 0.351 ; keypad_freq_sel_module:inst_keypad_mod|freq_3[1]                                        ; keypad_freq_sel_module:inst_keypad_mod|freq_4[1]                                                                           ; inst_pll|altpll_component|pll|clk[0] ; inst_pll|altpll_component|pll|clk[0] ; 0.000        ; 0.000      ; 0.503      ;
; 0.353 ; keypad_freq_sel_module:inst_keypad_mod|keypad_module:keypad_mod_inst|clock_div_cont[0]  ; keypad_freq_sel_module:inst_keypad_mod|keypad_module:keypad_mod_inst|clock_div_cont[0]                                     ; inst_pll|altpll_component|pll|clk[0] ; inst_pll|altpll_component|pll|clk[0] ; 0.000        ; 0.000      ; 0.505      ;
; 0.353 ; lcd_driver:inst|counter[0]                                                              ; lcd_driver:inst|counter[0]                                                                                                 ; inst_pll|altpll_component|pll|clk[0] ; inst_pll|altpll_component|pll|clk[0] ; 0.000        ; 0.000      ; 0.505      ;
; 0.353 ; lcd_driver:inst|counter_f[0]                                                            ; lcd_driver:inst|counter_f[0]                                                                                               ; inst_pll|altpll_component|pll|clk[0] ; inst_pll|altpll_component|pll|clk[0] ; 0.000        ; 0.000      ; 0.505      ;
; 0.355 ; keypad_freq_sel_module:inst_keypad_mod|keypad_module:keypad_mod_inst|clock_div_cont[16] ; keypad_freq_sel_module:inst_keypad_mod|keypad_module:keypad_mod_inst|clock_div_cont[16]                                    ; inst_pll|altpll_component|pll|clk[0] ; inst_pll|altpll_component|pll|clk[0] ; 0.000        ; 0.000      ; 0.507      ;
+-------+-----------------------------------------------------------------------------------------+----------------------------------------------------------------------------------------------------------------------------+--------------------------------------+--------------------------------------+--------------+------------+------------+


+--------------------------------------------------------------------------------------------------------------------------------------------------------------------------------------------------------------------------------------------------------------------------------------------------------------------------------+
; Fast Model Hold: 'ddfs:inst_ddfs_mod|freq_divider_DDFS:f_div_inst|count[19]'                                                                                                                                                                                                                                                   ;
+-------+-----------------------------+-------------------------------------------------------------------------------------------------------------------------+-----------------------------------------------------------+-----------------------------------------------------------+--------------+------------+------------+
; Slack ; From Node                   ; To Node                                                                                                                 ; Launch Clock                                              ; Latch Clock                                               ; Relationship ; Clock Skew ; Data Delay ;
+-------+-----------------------------+-------------------------------------------------------------------------------------------------------------------------+-----------------------------------------------------------+-----------------------------------------------------------+--------------+------------+------------+
; 0.272 ; ddfs:inst_ddfs_mod|cont[10] ; ddfs:inst_ddfs_mod|cont_rt[10]                                                                                          ; ddfs:inst_ddfs_mod|freq_divider_DDFS:f_div_inst|count[19] ; ddfs:inst_ddfs_mod|freq_divider_DDFS:f_div_inst|count[19] ; 0.000        ; 0.000      ; 0.424      ;
; 0.522 ; ddfs:inst_ddfs_mod|cont[11] ; ddfs:inst_ddfs_mod|cont_rt[11]                                                                                          ; ddfs:inst_ddfs_mod|freq_divider_DDFS:f_div_inst|count[19] ; ddfs:inst_ddfs_mod|freq_divider_DDFS:f_div_inst|count[19] ; 0.000        ; 0.000      ; 0.674      ;
; 0.561 ; ddfs:inst_ddfs_mod|cont[10] ; ddfs:inst_ddfs_mod|cont[11]                                                                                             ; ddfs:inst_ddfs_mod|freq_divider_DDFS:f_div_inst|count[19] ; ddfs:inst_ddfs_mod|freq_divider_DDFS:f_div_inst|count[19] ; 0.000        ; 0.000      ; 0.713      ;
; 0.562 ; ddfs:inst_ddfs_mod|cont[11] ; ddfs:inst_ddfs_mod|cont[11]                                                                                             ; ddfs:inst_ddfs_mod|freq_divider_DDFS:f_div_inst|count[19] ; ddfs:inst_ddfs_mod|freq_divider_DDFS:f_div_inst|count[19] ; 0.000        ; 0.000      ; 0.714      ;
; 0.694 ; ddfs:inst_ddfs_mod|cont[11] ; ddfs:inst_ddfs_mod|cont[10]                                                                                             ; ddfs:inst_ddfs_mod|freq_divider_DDFS:f_div_inst|count[19] ; ddfs:inst_ddfs_mod|freq_divider_DDFS:f_div_inst|count[19] ; 0.000        ; 0.000      ; 0.846      ;
; 0.695 ; ddfs:inst_ddfs_mod|cont[8]  ; ddfs:inst_ddfs_mod|sin_lut:lut_inst|altsyncram:rom_rtl_0|altsyncram_qm81:auto_generated|ram_block1a8~porta_address_reg8 ; ddfs:inst_ddfs_mod|freq_divider_DDFS:f_div_inst|count[19] ; ddfs:inst_ddfs_mod|freq_divider_DDFS:f_div_inst|count[19] ; 0.000        ; 0.061      ; 0.894      ;
; 0.695 ; ddfs:inst_ddfs_mod|cont[3]  ; ddfs:inst_ddfs_mod|sin_lut:lut_inst|altsyncram:rom_rtl_0|altsyncram_qm81:auto_generated|ram_block1a1~porta_address_reg3 ; ddfs:inst_ddfs_mod|freq_divider_DDFS:f_div_inst|count[19] ; ddfs:inst_ddfs_mod|freq_divider_DDFS:f_div_inst|count[19] ; 0.000        ; 0.058      ; 0.891      ;
; 0.699 ; ddfs:inst_ddfs_mod|cont[10] ; ddfs:inst_ddfs_mod|cont[10]                                                                                             ; ddfs:inst_ddfs_mod|freq_divider_DDFS:f_div_inst|count[19] ; ddfs:inst_ddfs_mod|freq_divider_DDFS:f_div_inst|count[19] ; 0.000        ; 0.000      ; 0.851      ;
; 0.700 ; ddfs:inst_ddfs_mod|cont[6]  ; ddfs:inst_ddfs_mod|sin_lut:lut_inst|altsyncram:rom_rtl_0|altsyncram_qm81:auto_generated|ram_block1a8~porta_address_reg6 ; ddfs:inst_ddfs_mod|freq_divider_DDFS:f_div_inst|count[19] ; ddfs:inst_ddfs_mod|freq_divider_DDFS:f_div_inst|count[19] ; 0.000        ; 0.061      ; 0.899      ;
; 0.701 ; ddfs:inst_ddfs_mod|cont[9]  ; ddfs:inst_ddfs_mod|sin_lut:lut_inst|altsyncram:rom_rtl_0|altsyncram_qm81:auto_generated|ram_block1a8~porta_address_reg9 ; ddfs:inst_ddfs_mod|freq_divider_DDFS:f_div_inst|count[19] ; ddfs:inst_ddfs_mod|freq_divider_DDFS:f_div_inst|count[19] ; 0.000        ; 0.061      ; 0.900      ;
; 0.702 ; ddfs:inst_ddfs_mod|cont[1]  ; ddfs:inst_ddfs_mod|cont[1]                                                                                              ; ddfs:inst_ddfs_mod|freq_divider_DDFS:f_div_inst|count[19] ; ddfs:inst_ddfs_mod|freq_divider_DDFS:f_div_inst|count[19] ; 0.000        ; 0.000      ; 0.854      ;
; 0.704 ; ddfs:inst_ddfs_mod|cont[0]  ; ddfs:inst_ddfs_mod|cont[0]                                                                                              ; ddfs:inst_ddfs_mod|freq_divider_DDFS:f_div_inst|count[19] ; ddfs:inst_ddfs_mod|freq_divider_DDFS:f_div_inst|count[19] ; 0.000        ; 0.000      ; 0.856      ;
; 0.706 ; ddfs:inst_ddfs_mod|cont[3]  ; ddfs:inst_ddfs_mod|sin_lut:lut_inst|altsyncram:rom_rtl_0|altsyncram_qm81:auto_generated|ram_block1a8~porta_address_reg3 ; ddfs:inst_ddfs_mod|freq_divider_DDFS:f_div_inst|count[19] ; ddfs:inst_ddfs_mod|freq_divider_DDFS:f_div_inst|count[19] ; 0.000        ; 0.061      ; 0.905      ;
; 0.709 ; ddfs:inst_ddfs_mod|cont[4]  ; ddfs:inst_ddfs_mod|sin_lut:lut_inst|altsyncram:rom_rtl_0|altsyncram_qm81:auto_generated|ram_block1a8~porta_address_reg4 ; ddfs:inst_ddfs_mod|freq_divider_DDFS:f_div_inst|count[19] ; ddfs:inst_ddfs_mod|freq_divider_DDFS:f_div_inst|count[19] ; 0.000        ; 0.061      ; 0.908      ;
; 0.710 ; ddfs:inst_ddfs_mod|cont[1]  ; ddfs:inst_ddfs_mod|sin_lut:lut_inst|altsyncram:rom_rtl_0|altsyncram_qm81:auto_generated|ram_block1a8~porta_address_reg1 ; ddfs:inst_ddfs_mod|freq_divider_DDFS:f_div_inst|count[19] ; ddfs:inst_ddfs_mod|freq_divider_DDFS:f_div_inst|count[19] ; 0.000        ; 0.061      ; 0.909      ;
; 0.716 ; ddfs:inst_ddfs_mod|cont[10] ; ddfs:inst_ddfs_mod|sin_lut:lut_inst|altsyncram:rom_rtl_0|altsyncram_qm81:auto_generated|ram_block1a1~porta_address_reg3 ; ddfs:inst_ddfs_mod|freq_divider_DDFS:f_div_inst|count[19] ; ddfs:inst_ddfs_mod|freq_divider_DDFS:f_div_inst|count[19] ; 0.000        ; 0.058      ; 0.912      ;
; 0.719 ; ddfs:inst_ddfs_mod|cont[10] ; ddfs:inst_ddfs_mod|sin_lut:lut_inst|altsyncram:rom_rtl_0|altsyncram_qm81:auto_generated|ram_block1a8~porta_address_reg6 ; ddfs:inst_ddfs_mod|freq_divider_DDFS:f_div_inst|count[19] ; ddfs:inst_ddfs_mod|freq_divider_DDFS:f_div_inst|count[19] ; 0.000        ; 0.061      ; 0.918      ;
; 0.723 ; ddfs:inst_ddfs_mod|cont[10] ; ddfs:inst_ddfs_mod|sin_lut:lut_inst|altsyncram:rom_rtl_0|altsyncram_qm81:auto_generated|ram_block1a8~porta_address_reg1 ; ddfs:inst_ddfs_mod|freq_divider_DDFS:f_div_inst|count[19] ; ddfs:inst_ddfs_mod|freq_divider_DDFS:f_div_inst|count[19] ; 0.000        ; 0.061      ; 0.922      ;
; 0.724 ; ddfs:inst_ddfs_mod|cont[10] ; ddfs:inst_ddfs_mod|sin_lut:lut_inst|altsyncram:rom_rtl_0|altsyncram_qm81:auto_generated|ram_block1a8~porta_address_reg9 ; ddfs:inst_ddfs_mod|freq_divider_DDFS:f_div_inst|count[19] ; ddfs:inst_ddfs_mod|freq_divider_DDFS:f_div_inst|count[19] ; 0.000        ; 0.061      ; 0.923      ;
; 0.726 ; ddfs:inst_ddfs_mod|cont[10] ; ddfs:inst_ddfs_mod|sin_lut:lut_inst|altsyncram:rom_rtl_0|altsyncram_qm81:auto_generated|ram_block1a8~porta_address_reg8 ; ddfs:inst_ddfs_mod|freq_divider_DDFS:f_div_inst|count[19] ; ddfs:inst_ddfs_mod|freq_divider_DDFS:f_div_inst|count[19] ; 0.000        ; 0.061      ; 0.925      ;
; 0.727 ; ddfs:inst_ddfs_mod|cont[10] ; ddfs:inst_ddfs_mod|sin_lut:lut_inst|altsyncram:rom_rtl_0|altsyncram_qm81:auto_generated|ram_block1a8~porta_address_reg3 ; ddfs:inst_ddfs_mod|freq_divider_DDFS:f_div_inst|count[19] ; ddfs:inst_ddfs_mod|freq_divider_DDFS:f_div_inst|count[19] ; 0.000        ; 0.061      ; 0.926      ;
; 0.729 ; ddfs:inst_ddfs_mod|cont[10] ; ddfs:inst_ddfs_mod|sin_lut:lut_inst|altsyncram:rom_rtl_0|altsyncram_qm81:auto_generated|ram_block1a8~porta_address_reg4 ; ddfs:inst_ddfs_mod|freq_divider_DDFS:f_div_inst|count[19] ; ddfs:inst_ddfs_mod|freq_divider_DDFS:f_div_inst|count[19] ; 0.000        ; 0.061      ; 0.928      ;
; 0.730 ; ddfs:inst_ddfs_mod|cont[10] ; ddfs:inst_ddfs_mod|sin_lut:lut_inst|altsyncram:rom_rtl_0|altsyncram_qm81:auto_generated|ram_block1a8~porta_address_reg5 ; ddfs:inst_ddfs_mod|freq_divider_DDFS:f_div_inst|count[19] ; ddfs:inst_ddfs_mod|freq_divider_DDFS:f_div_inst|count[19] ; 0.000        ; 0.061      ; 0.929      ;
; 0.738 ; ddfs:inst_ddfs_mod|cont[0]  ; ddfs:inst_ddfs_mod|sin_lut:lut_inst|altsyncram:rom_rtl_0|altsyncram_qm81:auto_generated|ram_block1a8~porta_address_reg0 ; ddfs:inst_ddfs_mod|freq_divider_DDFS:f_div_inst|count[19] ; ddfs:inst_ddfs_mod|freq_divider_DDFS:f_div_inst|count[19] ; 0.000        ; 0.061      ; 0.937      ;
; 0.747 ; ddfs:inst_ddfs_mod|cont[10] ; ddfs:inst_ddfs_mod|sin_lut:lut_inst|altsyncram:rom_rtl_0|altsyncram_qm81:auto_generated|ram_block1a8~porta_address_reg0 ; ddfs:inst_ddfs_mod|freq_divider_DDFS:f_div_inst|count[19] ; ddfs:inst_ddfs_mod|freq_divider_DDFS:f_div_inst|count[19] ; 0.000        ; 0.061      ; 0.946      ;
; 0.778 ; ddfs:inst_ddfs_mod|cont[3]  ; ddfs:inst_ddfs_mod|cont[3]                                                                                              ; ddfs:inst_ddfs_mod|freq_divider_DDFS:f_div_inst|count[19] ; ddfs:inst_ddfs_mod|freq_divider_DDFS:f_div_inst|count[19] ; 0.000        ; 0.000      ; 0.930      ;
; 0.780 ; ddfs:inst_ddfs_mod|cont[4]  ; ddfs:inst_ddfs_mod|cont[4]                                                                                              ; ddfs:inst_ddfs_mod|freq_divider_DDFS:f_div_inst|count[19] ; ddfs:inst_ddfs_mod|freq_divider_DDFS:f_div_inst|count[19] ; 0.000        ; 0.000      ; 0.932      ;
; 0.784 ; ddfs:inst_ddfs_mod|cont[5]  ; ddfs:inst_ddfs_mod|sin_lut:lut_inst|altsyncram:rom_rtl_0|altsyncram_qm81:auto_generated|ram_block1a8~porta_address_reg5 ; ddfs:inst_ddfs_mod|freq_divider_DDFS:f_div_inst|count[19] ; ddfs:inst_ddfs_mod|freq_divider_DDFS:f_div_inst|count[19] ; 0.000        ; 0.061      ; 0.983      ;
; 0.807 ; ddfs:inst_ddfs_mod|cont[3]  ; ddfs:inst_ddfs_mod|sin_lut:lut_inst|altsyncram:rom_rtl_0|altsyncram_qm81:auto_generated|ram_block1a4~porta_address_reg3 ; ddfs:inst_ddfs_mod|freq_divider_DDFS:f_div_inst|count[19] ; ddfs:inst_ddfs_mod|freq_divider_DDFS:f_div_inst|count[19] ; 0.000        ; 0.063      ; 1.008      ;
; 0.809 ; ddfs:inst_ddfs_mod|cont[0]  ; ddfs:inst_ddfs_mod|sin_lut:lut_inst|altsyncram:rom_rtl_0|altsyncram_qm81:auto_generated|ram_block1a4~porta_address_reg0 ; ddfs:inst_ddfs_mod|freq_divider_DDFS:f_div_inst|count[19] ; ddfs:inst_ddfs_mod|freq_divider_DDFS:f_div_inst|count[19] ; 0.000        ; 0.063      ; 1.010      ;
; 0.810 ; ddfs:inst_ddfs_mod|cont[8]  ; ddfs:inst_ddfs_mod|sin_lut:lut_inst|altsyncram:rom_rtl_0|altsyncram_qm81:auto_generated|ram_block1a4~porta_address_reg8 ; ddfs:inst_ddfs_mod|freq_divider_DDFS:f_div_inst|count[19] ; ddfs:inst_ddfs_mod|freq_divider_DDFS:f_div_inst|count[19] ; 0.000        ; 0.063      ; 1.011      ;
; 0.816 ; ddfs:inst_ddfs_mod|cont[9]  ; ddfs:inst_ddfs_mod|sin_lut:lut_inst|altsyncram:rom_rtl_0|altsyncram_qm81:auto_generated|ram_block1a4~porta_address_reg9 ; ddfs:inst_ddfs_mod|freq_divider_DDFS:f_div_inst|count[19] ; ddfs:inst_ddfs_mod|freq_divider_DDFS:f_div_inst|count[19] ; 0.000        ; 0.063      ; 1.017      ;
; 0.818 ; ddfs:inst_ddfs_mod|cont[10] ; ddfs:inst_ddfs_mod|sin_lut:lut_inst|altsyncram:rom_rtl_0|altsyncram_qm81:auto_generated|ram_block1a4~porta_address_reg0 ; ddfs:inst_ddfs_mod|freq_divider_DDFS:f_div_inst|count[19] ; ddfs:inst_ddfs_mod|freq_divider_DDFS:f_div_inst|count[19] ; 0.000        ; 0.063      ; 1.019      ;
; 0.820 ; ddfs:inst_ddfs_mod|cont[4]  ; ddfs:inst_ddfs_mod|sin_lut:lut_inst|altsyncram:rom_rtl_0|altsyncram_qm81:auto_generated|ram_block1a4~porta_address_reg4 ; ddfs:inst_ddfs_mod|freq_divider_DDFS:f_div_inst|count[19] ; ddfs:inst_ddfs_mod|freq_divider_DDFS:f_div_inst|count[19] ; 0.000        ; 0.063      ; 1.021      ;
; 0.821 ; ddfs:inst_ddfs_mod|cont[2]  ; ddfs:inst_ddfs_mod|sin_lut:lut_inst|altsyncram:rom_rtl_0|altsyncram_qm81:auto_generated|ram_block1a8~porta_address_reg2 ; ddfs:inst_ddfs_mod|freq_divider_DDFS:f_div_inst|count[19] ; ddfs:inst_ddfs_mod|freq_divider_DDFS:f_div_inst|count[19] ; 0.000        ; 0.061      ; 1.020      ;
; 0.821 ; ddfs:inst_ddfs_mod|cont[1]  ; ddfs:inst_ddfs_mod|sin_lut:lut_inst|altsyncram:rom_rtl_0|altsyncram_qm81:auto_generated|ram_block1a1~porta_address_reg1 ; ddfs:inst_ddfs_mod|freq_divider_DDFS:f_div_inst|count[19] ; ddfs:inst_ddfs_mod|freq_divider_DDFS:f_div_inst|count[19] ; 0.000        ; 0.058      ; 1.017      ;
; 0.824 ; ddfs:inst_ddfs_mod|cont[11] ; ddfs:inst_ddfs_mod|cont[1]                                                                                              ; ddfs:inst_ddfs_mod|freq_divider_DDFS:f_div_inst|count[19] ; ddfs:inst_ddfs_mod|freq_divider_DDFS:f_div_inst|count[19] ; 0.000        ; 0.000      ; 0.976      ;
; 0.825 ; ddfs:inst_ddfs_mod|cont[6]  ; ddfs:inst_ddfs_mod|sin_lut:lut_inst|altsyncram:rom_rtl_0|altsyncram_qm81:auto_generated|ram_block1a1~porta_address_reg6 ; ddfs:inst_ddfs_mod|freq_divider_DDFS:f_div_inst|count[19] ; ddfs:inst_ddfs_mod|freq_divider_DDFS:f_div_inst|count[19] ; 0.000        ; 0.058      ; 1.021      ;
; 0.827 ; ddfs:inst_ddfs_mod|cont[11] ; ddfs:inst_ddfs_mod|cont[0]                                                                                              ; ddfs:inst_ddfs_mod|freq_divider_DDFS:f_div_inst|count[19] ; ddfs:inst_ddfs_mod|freq_divider_DDFS:f_div_inst|count[19] ; 0.000        ; 0.000      ; 0.979      ;
; 0.827 ; ddfs:inst_ddfs_mod|cont[11] ; ddfs:inst_ddfs_mod|cont[3]                                                                                              ; ddfs:inst_ddfs_mod|freq_divider_DDFS:f_div_inst|count[19] ; ddfs:inst_ddfs_mod|freq_divider_DDFS:f_div_inst|count[19] ; 0.000        ; 0.000      ; 0.979      ;
; 0.828 ; ddfs:inst_ddfs_mod|cont[11] ; ddfs:inst_ddfs_mod|cont[4]                                                                                              ; ddfs:inst_ddfs_mod|freq_divider_DDFS:f_div_inst|count[19] ; ddfs:inst_ddfs_mod|freq_divider_DDFS:f_div_inst|count[19] ; 0.000        ; 0.000      ; 0.980      ;
; 0.828 ; ddfs:inst_ddfs_mod|cont[10] ; ddfs:inst_ddfs_mod|sin_lut:lut_inst|altsyncram:rom_rtl_0|altsyncram_qm81:auto_generated|ram_block1a4~porta_address_reg3 ; ddfs:inst_ddfs_mod|freq_divider_DDFS:f_div_inst|count[19] ; ddfs:inst_ddfs_mod|freq_divider_DDFS:f_div_inst|count[19] ; 0.000        ; 0.063      ; 1.029      ;
; 0.833 ; ddfs:inst_ddfs_mod|cont[10] ; ddfs:inst_ddfs_mod|sin_lut:lut_inst|altsyncram:rom_rtl_0|altsyncram_qm81:auto_generated|ram_block1a4~porta_address_reg7 ; ddfs:inst_ddfs_mod|freq_divider_DDFS:f_div_inst|count[19] ; ddfs:inst_ddfs_mod|freq_divider_DDFS:f_div_inst|count[19] ; 0.000        ; 0.063      ; 1.034      ;
; 0.833 ; ddfs:inst_ddfs_mod|cont[9]  ; ddfs:inst_ddfs_mod|sin_lut:lut_inst|altsyncram:rom_rtl_0|altsyncram_qm81:auto_generated|ram_block1a1~porta_address_reg9 ; ddfs:inst_ddfs_mod|freq_divider_DDFS:f_div_inst|count[19] ; ddfs:inst_ddfs_mod|freq_divider_DDFS:f_div_inst|count[19] ; 0.000        ; 0.058      ; 1.029      ;
; 0.834 ; ddfs:inst_ddfs_mod|cont[8]  ; ddfs:inst_ddfs_mod|sin_lut:lut_inst|altsyncram:rom_rtl_0|altsyncram_qm81:auto_generated|ram_block1a1~porta_address_reg8 ; ddfs:inst_ddfs_mod|freq_divider_DDFS:f_div_inst|count[19] ; ddfs:inst_ddfs_mod|freq_divider_DDFS:f_div_inst|count[19] ; 0.000        ; 0.058      ; 1.030      ;
; 0.834 ; ddfs:inst_ddfs_mod|cont[10] ; ddfs:inst_ddfs_mod|sin_lut:lut_inst|altsyncram:rom_rtl_0|altsyncram_qm81:auto_generated|ram_block1a1~porta_address_reg1 ; ddfs:inst_ddfs_mod|freq_divider_DDFS:f_div_inst|count[19] ; ddfs:inst_ddfs_mod|freq_divider_DDFS:f_div_inst|count[19] ; 0.000        ; 0.058      ; 1.030      ;
; 0.835 ; ddfs:inst_ddfs_mod|cont[4]  ; ddfs:inst_ddfs_mod|sin_lut:lut_inst|altsyncram:rom_rtl_0|altsyncram_qm81:auto_generated|ram_block1a1~porta_address_reg4 ; ddfs:inst_ddfs_mod|freq_divider_DDFS:f_div_inst|count[19] ; ddfs:inst_ddfs_mod|freq_divider_DDFS:f_div_inst|count[19] ; 0.000        ; 0.058      ; 1.031      ;
; 0.836 ; ddfs:inst_ddfs_mod|cont[1]  ; ddfs:inst_ddfs_mod|sin_lut:lut_inst|altsyncram:rom_rtl_0|altsyncram_qm81:auto_generated|ram_block1a4~porta_address_reg1 ; ddfs:inst_ddfs_mod|freq_divider_DDFS:f_div_inst|count[19] ; ddfs:inst_ddfs_mod|freq_divider_DDFS:f_div_inst|count[19] ; 0.000        ; 0.063      ; 1.037      ;
; 0.839 ; ddfs:inst_ddfs_mod|cont[10] ; ddfs:inst_ddfs_mod|sin_lut:lut_inst|altsyncram:rom_rtl_0|altsyncram_qm81:auto_generated|ram_block1a4~porta_address_reg9 ; ddfs:inst_ddfs_mod|freq_divider_DDFS:f_div_inst|count[19] ; ddfs:inst_ddfs_mod|freq_divider_DDFS:f_div_inst|count[19] ; 0.000        ; 0.063      ; 1.040      ;
; 0.840 ; ddfs:inst_ddfs_mod|cont[10] ; ddfs:inst_ddfs_mod|sin_lut:lut_inst|altsyncram:rom_rtl_0|altsyncram_qm81:auto_generated|ram_block1a4~porta_address_reg5 ; ddfs:inst_ddfs_mod|freq_divider_DDFS:f_div_inst|count[19] ; ddfs:inst_ddfs_mod|freq_divider_DDFS:f_div_inst|count[19] ; 0.000        ; 0.063      ; 1.041      ;
; 0.840 ; ddfs:inst_ddfs_mod|cont[0]  ; ddfs:inst_ddfs_mod|cont[1]                                                                                              ; ddfs:inst_ddfs_mod|freq_divider_DDFS:f_div_inst|count[19] ; ddfs:inst_ddfs_mod|freq_divider_DDFS:f_div_inst|count[19] ; 0.000        ; 0.000      ; 0.992      ;
; 0.840 ; ddfs:inst_ddfs_mod|cont[10] ; ddfs:inst_ddfs_mod|sin_lut:lut_inst|altsyncram:rom_rtl_0|altsyncram_qm81:auto_generated|ram_block1a4~porta_address_reg4 ; ddfs:inst_ddfs_mod|freq_divider_DDFS:f_div_inst|count[19] ; ddfs:inst_ddfs_mod|freq_divider_DDFS:f_div_inst|count[19] ; 0.000        ; 0.063      ; 1.041      ;
; 0.841 ; ddfs:inst_ddfs_mod|cont[10] ; ddfs:inst_ddfs_mod|sin_lut:lut_inst|altsyncram:rom_rtl_0|altsyncram_qm81:auto_generated|ram_block1a4~porta_address_reg8 ; ddfs:inst_ddfs_mod|freq_divider_DDFS:f_div_inst|count[19] ; ddfs:inst_ddfs_mod|freq_divider_DDFS:f_div_inst|count[19] ; 0.000        ; 0.063      ; 1.042      ;
; 0.844 ; ddfs:inst_ddfs_mod|cont[2]  ; ddfs:inst_ddfs_mod|cont[3]                                                                                              ; ddfs:inst_ddfs_mod|freq_divider_DDFS:f_div_inst|count[19] ; ddfs:inst_ddfs_mod|freq_divider_DDFS:f_div_inst|count[19] ; 0.000        ; 0.000      ; 0.996      ;
; 0.844 ; ddfs:inst_ddfs_mod|cont[10] ; ddfs:inst_ddfs_mod|sin_lut:lut_inst|altsyncram:rom_rtl_0|altsyncram_qm81:auto_generated|ram_block1a1~porta_address_reg6 ; ddfs:inst_ddfs_mod|freq_divider_DDFS:f_div_inst|count[19] ; ddfs:inst_ddfs_mod|freq_divider_DDFS:f_div_inst|count[19] ; 0.000        ; 0.058      ; 1.040      ;
; 0.847 ; ddfs:inst_ddfs_mod|cont[10] ; ddfs:inst_ddfs_mod|sin_lut:lut_inst|altsyncram:rom_rtl_0|altsyncram_qm81:auto_generated|ram_block1a8~porta_address_reg2 ; ddfs:inst_ddfs_mod|freq_divider_DDFS:f_div_inst|count[19] ; ddfs:inst_ddfs_mod|freq_divider_DDFS:f_div_inst|count[19] ; 0.000        ; 0.061      ; 1.046      ;
; 0.849 ; ddfs:inst_ddfs_mod|cont[10] ; ddfs:inst_ddfs_mod|sin_lut:lut_inst|altsyncram:rom_rtl_0|altsyncram_qm81:auto_generated|ram_block1a4~porta_address_reg1 ; ddfs:inst_ddfs_mod|freq_divider_DDFS:f_div_inst|count[19] ; ddfs:inst_ddfs_mod|freq_divider_DDFS:f_div_inst|count[19] ; 0.000        ; 0.063      ; 1.050      ;
; 0.855 ; ddfs:inst_ddfs_mod|cont[10] ; ddfs:inst_ddfs_mod|sin_lut:lut_inst|altsyncram:rom_rtl_0|altsyncram_qm81:auto_generated|ram_block1a1~porta_address_reg4 ; ddfs:inst_ddfs_mod|freq_divider_DDFS:f_div_inst|count[19] ; ddfs:inst_ddfs_mod|freq_divider_DDFS:f_div_inst|count[19] ; 0.000        ; 0.058      ; 1.051      ;
; 0.856 ; ddfs:inst_ddfs_mod|cont[10] ; ddfs:inst_ddfs_mod|sin_lut:lut_inst|altsyncram:rom_rtl_0|altsyncram_qm81:auto_generated|ram_block1a1~porta_address_reg9 ; ddfs:inst_ddfs_mod|freq_divider_DDFS:f_div_inst|count[19] ; ddfs:inst_ddfs_mod|freq_divider_DDFS:f_div_inst|count[19] ; 0.000        ; 0.058      ; 1.052      ;
; 0.857 ; ddfs:inst_ddfs_mod|cont[10] ; ddfs:inst_ddfs_mod|sin_lut:lut_inst|altsyncram:rom_rtl_0|altsyncram_qm81:auto_generated|ram_block1a8~porta_address_reg7 ; ddfs:inst_ddfs_mod|freq_divider_DDFS:f_div_inst|count[19] ; ddfs:inst_ddfs_mod|freq_divider_DDFS:f_div_inst|count[19] ; 0.000        ; 0.061      ; 1.056      ;
; 0.859 ; ddfs:inst_ddfs_mod|cont[10] ; ddfs:inst_ddfs_mod|sin_lut:lut_inst|altsyncram:rom_rtl_0|altsyncram_qm81:auto_generated|ram_block1a1~porta_address_reg5 ; ddfs:inst_ddfs_mod|freq_divider_DDFS:f_div_inst|count[19] ; ddfs:inst_ddfs_mod|freq_divider_DDFS:f_div_inst|count[19] ; 0.000        ; 0.058      ; 1.055      ;
; 0.865 ; ddfs:inst_ddfs_mod|cont[10] ; ddfs:inst_ddfs_mod|sin_lut:lut_inst|altsyncram:rom_rtl_0|altsyncram_qm81:auto_generated|ram_block1a1~porta_address_reg8 ; ddfs:inst_ddfs_mod|freq_divider_DDFS:f_div_inst|count[19] ; ddfs:inst_ddfs_mod|freq_divider_DDFS:f_div_inst|count[19] ; 0.000        ; 0.058      ; 1.061      ;
; 0.866 ; ddfs:inst_ddfs_mod|cont[1]  ; ddfs:inst_ddfs_mod|cont[11]                                                                                             ; ddfs:inst_ddfs_mod|freq_divider_DDFS:f_div_inst|count[19] ; ddfs:inst_ddfs_mod|freq_divider_DDFS:f_div_inst|count[19] ; 0.000        ; 0.000      ; 1.018      ;
; 0.868 ; ddfs:inst_ddfs_mod|cont[0]  ; ddfs:inst_ddfs_mod|sin_lut:lut_inst|altsyncram:rom_rtl_0|altsyncram_qm81:auto_generated|ram_block1a1~porta_address_reg0 ; ddfs:inst_ddfs_mod|freq_divider_DDFS:f_div_inst|count[19] ; ddfs:inst_ddfs_mod|freq_divider_DDFS:f_div_inst|count[19] ; 0.000        ; 0.058      ; 1.064      ;
; 0.876 ; ddfs:inst_ddfs_mod|cont[7]  ; ddfs:inst_ddfs_mod|sin_lut:lut_inst|altsyncram:rom_rtl_0|altsyncram_qm81:auto_generated|ram_block1a4~porta_address_reg7 ; ddfs:inst_ddfs_mod|freq_divider_DDFS:f_div_inst|count[19] ; ddfs:inst_ddfs_mod|freq_divider_DDFS:f_div_inst|count[19] ; 0.000        ; 0.063      ; 1.077      ;
; 0.877 ; ddfs:inst_ddfs_mod|cont[10] ; ddfs:inst_ddfs_mod|sin_lut:lut_inst|altsyncram:rom_rtl_0|altsyncram_qm81:auto_generated|ram_block1a1~porta_address_reg0 ; ddfs:inst_ddfs_mod|freq_divider_DDFS:f_div_inst|count[19] ; ddfs:inst_ddfs_mod|freq_divider_DDFS:f_div_inst|count[19] ; 0.000        ; 0.058      ; 1.073      ;
; 0.881 ; ddfs:inst_ddfs_mod|cont[2]  ; ddfs:inst_ddfs_mod|cont[4]                                                                                              ; ddfs:inst_ddfs_mod|freq_divider_DDFS:f_div_inst|count[19] ; ddfs:inst_ddfs_mod|freq_divider_DDFS:f_div_inst|count[19] ; 0.000        ; 0.000      ; 1.033      ;
; 0.894 ; ddfs:inst_ddfs_mod|cont[5]  ; ddfs:inst_ddfs_mod|sin_lut:lut_inst|altsyncram:rom_rtl_0|altsyncram_qm81:auto_generated|ram_block1a4~porta_address_reg5 ; ddfs:inst_ddfs_mod|freq_divider_DDFS:f_div_inst|count[19] ; ddfs:inst_ddfs_mod|freq_divider_DDFS:f_div_inst|count[19] ; 0.000        ; 0.063      ; 1.095      ;
; 0.900 ; ddfs:inst_ddfs_mod|cont[7]  ; ddfs:inst_ddfs_mod|sin_lut:lut_inst|altsyncram:rom_rtl_0|altsyncram_qm81:auto_generated|ram_block1a8~porta_address_reg7 ; ddfs:inst_ddfs_mod|freq_divider_DDFS:f_div_inst|count[19] ; ddfs:inst_ddfs_mod|freq_divider_DDFS:f_div_inst|count[19] ; 0.000        ; 0.061      ; 1.099      ;
; 0.911 ; ddfs:inst_ddfs_mod|cont[10] ; ddfs:inst_ddfs_mod|cont[3]                                                                                              ; ddfs:inst_ddfs_mod|freq_divider_DDFS:f_div_inst|count[19] ; ddfs:inst_ddfs_mod|freq_divider_DDFS:f_div_inst|count[19] ; 0.000        ; 0.000      ; 1.063      ;
; 0.911 ; ddfs:inst_ddfs_mod|cont[10] ; ddfs:inst_ddfs_mod|cont[4]                                                                                              ; ddfs:inst_ddfs_mod|freq_divider_DDFS:f_div_inst|count[19] ; ddfs:inst_ddfs_mod|freq_divider_DDFS:f_div_inst|count[19] ; 0.000        ; 0.000      ; 1.063      ;
; 0.913 ; ddfs:inst_ddfs_mod|cont[5]  ; ddfs:inst_ddfs_mod|sin_lut:lut_inst|altsyncram:rom_rtl_0|altsyncram_qm81:auto_generated|ram_block1a1~porta_address_reg5 ; ddfs:inst_ddfs_mod|freq_divider_DDFS:f_div_inst|count[19] ; ddfs:inst_ddfs_mod|freq_divider_DDFS:f_div_inst|count[19] ; 0.000        ; 0.058      ; 1.109      ;
; 0.918 ; ddfs:inst_ddfs_mod|cont[3]  ; ddfs:inst_ddfs_mod|cont[4]                                                                                              ; ddfs:inst_ddfs_mod|freq_divider_DDFS:f_div_inst|count[19] ; ddfs:inst_ddfs_mod|freq_divider_DDFS:f_div_inst|count[19] ; 0.000        ; 0.000      ; 1.070      ;
; 0.924 ; ddfs:inst_ddfs_mod|cont[6]  ; ddfs:inst_ddfs_mod|sin_lut:lut_inst|altsyncram:rom_rtl_0|altsyncram_qm81:auto_generated|ram_block1a4~porta_address_reg6 ; ddfs:inst_ddfs_mod|freq_divider_DDFS:f_div_inst|count[19] ; ddfs:inst_ddfs_mod|freq_divider_DDFS:f_div_inst|count[19] ; 0.000        ; 0.063      ; 1.125      ;
; 0.938 ; ddfs:inst_ddfs_mod|cont[2]  ; ddfs:inst_ddfs_mod|sin_lut:lut_inst|altsyncram:rom_rtl_0|altsyncram_qm81:auto_generated|ram_block1a4~porta_address_reg2 ; ddfs:inst_ddfs_mod|freq_divider_DDFS:f_div_inst|count[19] ; ddfs:inst_ddfs_mod|freq_divider_DDFS:f_div_inst|count[19] ; 0.000        ; 0.063      ; 1.139      ;
; 0.943 ; ddfs:inst_ddfs_mod|cont[10] ; ddfs:inst_ddfs_mod|sin_lut:lut_inst|altsyncram:rom_rtl_0|altsyncram_qm81:auto_generated|ram_block1a4~porta_address_reg6 ; ddfs:inst_ddfs_mod|freq_divider_DDFS:f_div_inst|count[19] ; ddfs:inst_ddfs_mod|freq_divider_DDFS:f_div_inst|count[19] ; 0.000        ; 0.063      ; 1.144      ;
; 0.949 ; ddfs:inst_ddfs_mod|cont[2]  ; ddfs:inst_ddfs_mod|sin_lut:lut_inst|altsyncram:rom_rtl_0|altsyncram_qm81:auto_generated|ram_block1a1~porta_address_reg2 ; ddfs:inst_ddfs_mod|freq_divider_DDFS:f_div_inst|count[19] ; ddfs:inst_ddfs_mod|freq_divider_DDFS:f_div_inst|count[19] ; 0.000        ; 0.058      ; 1.145      ;
; 0.949 ; ddfs:inst_ddfs_mod|cont[1]  ; ddfs:inst_ddfs_mod|cont[3]                                                                                              ; ddfs:inst_ddfs_mod|freq_divider_DDFS:f_div_inst|count[19] ; ddfs:inst_ddfs_mod|freq_divider_DDFS:f_div_inst|count[19] ; 0.000        ; 0.000      ; 1.101      ;
; 0.964 ; ddfs:inst_ddfs_mod|cont[0]  ; ddfs:inst_ddfs_mod|cont[11]                                                                                             ; ddfs:inst_ddfs_mod|freq_divider_DDFS:f_div_inst|count[19] ; ddfs:inst_ddfs_mod|freq_divider_DDFS:f_div_inst|count[19] ; 0.000        ; 0.000      ; 1.116      ;
; 0.964 ; ddfs:inst_ddfs_mod|cont[10] ; ddfs:inst_ddfs_mod|sin_lut:lut_inst|altsyncram:rom_rtl_0|altsyncram_qm81:auto_generated|ram_block1a4~porta_address_reg2 ; ddfs:inst_ddfs_mod|freq_divider_DDFS:f_div_inst|count[19] ; ddfs:inst_ddfs_mod|freq_divider_DDFS:f_div_inst|count[19] ; 0.000        ; 0.063      ; 1.165      ;
; 0.968 ; ddfs:inst_ddfs_mod|cont[10] ; ddfs:inst_ddfs_mod|sin_lut:lut_inst|altsyncram:rom_rtl_0|altsyncram_qm81:auto_generated|ram_block1a1~porta_address_reg7 ; ddfs:inst_ddfs_mod|freq_divider_DDFS:f_div_inst|count[19] ; ddfs:inst_ddfs_mod|freq_divider_DDFS:f_div_inst|count[19] ; 0.000        ; 0.058      ; 1.164      ;
; 0.972 ; ddfs:inst_ddfs_mod|cont[9]  ; ddfs:inst_ddfs_mod|cont[10]                                                                                             ; ddfs:inst_ddfs_mod|freq_divider_DDFS:f_div_inst|count[19] ; ddfs:inst_ddfs_mod|freq_divider_DDFS:f_div_inst|count[19] ; 0.000        ; 0.000      ; 1.124      ;
; 0.975 ; ddfs:inst_ddfs_mod|cont[10] ; ddfs:inst_ddfs_mod|sin_lut:lut_inst|altsyncram:rom_rtl_0|altsyncram_qm81:auto_generated|ram_block1a1~porta_address_reg2 ; ddfs:inst_ddfs_mod|freq_divider_DDFS:f_div_inst|count[19] ; ddfs:inst_ddfs_mod|freq_divider_DDFS:f_div_inst|count[19] ; 0.000        ; 0.058      ; 1.171      ;
; 0.984 ; ddfs:inst_ddfs_mod|cont[0]  ; ddfs:inst_ddfs_mod|cont[3]                                                                                              ; ddfs:inst_ddfs_mod|freq_divider_DDFS:f_div_inst|count[19] ; ddfs:inst_ddfs_mod|freq_divider_DDFS:f_div_inst|count[19] ; 0.000        ; 0.000      ; 1.136      ;
; 0.986 ; ddfs:inst_ddfs_mod|cont[1]  ; ddfs:inst_ddfs_mod|cont[4]                                                                                              ; ddfs:inst_ddfs_mod|freq_divider_DDFS:f_div_inst|count[19] ; ddfs:inst_ddfs_mod|freq_divider_DDFS:f_div_inst|count[19] ; 0.000        ; 0.000      ; 1.138      ;
; 1.006 ; ddfs:inst_ddfs_mod|cont[1]  ; ddfs:inst_ddfs_mod|cont[10]                                                                                             ; ddfs:inst_ddfs_mod|freq_divider_DDFS:f_div_inst|count[19] ; ddfs:inst_ddfs_mod|freq_divider_DDFS:f_div_inst|count[19] ; 0.000        ; 0.000      ; 1.158      ;
; 1.011 ; ddfs:inst_ddfs_mod|cont[7]  ; ddfs:inst_ddfs_mod|sin_lut:lut_inst|altsyncram:rom_rtl_0|altsyncram_qm81:auto_generated|ram_block1a1~porta_address_reg7 ; ddfs:inst_ddfs_mod|freq_divider_DDFS:f_div_inst|count[19] ; ddfs:inst_ddfs_mod|freq_divider_DDFS:f_div_inst|count[19] ; 0.000        ; 0.058      ; 1.207      ;
; 1.021 ; ddfs:inst_ddfs_mod|cont[0]  ; ddfs:inst_ddfs_mod|cont[4]                                                                                              ; ddfs:inst_ddfs_mod|freq_divider_DDFS:f_div_inst|count[19] ; ddfs:inst_ddfs_mod|freq_divider_DDFS:f_div_inst|count[19] ; 0.000        ; 0.000      ; 1.173      ;
; 1.026 ; ddfs:inst_ddfs_mod|cont[2]  ; ddfs:inst_ddfs_mod|cont[2]                                                                                              ; ddfs:inst_ddfs_mod|freq_divider_DDFS:f_div_inst|count[19] ; ddfs:inst_ddfs_mod|freq_divider_DDFS:f_div_inst|count[19] ; 0.000        ; 0.000      ; 1.178      ;
; 1.040 ; ddfs:inst_ddfs_mod|cont[10] ; ddfs:inst_ddfs_mod|cont[0]                                                                                              ; ddfs:inst_ddfs_mod|freq_divider_DDFS:f_div_inst|count[19] ; ddfs:inst_ddfs_mod|freq_divider_DDFS:f_div_inst|count[19] ; 0.000        ; 0.000      ; 1.192      ;
; 1.041 ; ddfs:inst_ddfs_mod|cont[10] ; ddfs:inst_ddfs_mod|cont[1]                                                                                              ; ddfs:inst_ddfs_mod|freq_divider_DDFS:f_div_inst|count[19] ; ddfs:inst_ddfs_mod|freq_divider_DDFS:f_div_inst|count[19] ; 0.000        ; 0.000      ; 1.193      ;
; 1.045 ; ddfs:inst_ddfs_mod|cont[7]  ; ddfs:inst_ddfs_mod|cont[10]                                                                                             ; ddfs:inst_ddfs_mod|freq_divider_DDFS:f_div_inst|count[19] ; ddfs:inst_ddfs_mod|freq_divider_DDFS:f_div_inst|count[19] ; 0.000        ; 0.000      ; 1.197      ;
; 1.063 ; ddfs:inst_ddfs_mod|cont[7]  ; ddfs:inst_ddfs_mod|cont[7]                                                                                              ; ddfs:inst_ddfs_mod|freq_divider_DDFS:f_div_inst|count[19] ; ddfs:inst_ddfs_mod|freq_divider_DDFS:f_div_inst|count[19] ; 0.000        ; 0.000      ; 1.215      ;
; 1.075 ; ddfs:inst_ddfs_mod|cont[5]  ; ddfs:inst_ddfs_mod|cont[10]                                                                                             ; ddfs:inst_ddfs_mod|freq_divider_DDFS:f_div_inst|count[19] ; ddfs:inst_ddfs_mod|freq_divider_DDFS:f_div_inst|count[19] ; 0.000        ; 0.000      ; 1.227      ;
; 1.104 ; ddfs:inst_ddfs_mod|cont[0]  ; ddfs:inst_ddfs_mod|cont[10]                                                                                             ; ddfs:inst_ddfs_mod|freq_divider_DDFS:f_div_inst|count[19] ; ddfs:inst_ddfs_mod|freq_divider_DDFS:f_div_inst|count[19] ; 0.000        ; 0.000      ; 1.256      ;
; 1.105 ; ddfs:inst_ddfs_mod|cont[8]  ; ddfs:inst_ddfs_mod|cont[10]                                                                                             ; ddfs:inst_ddfs_mod|freq_divider_DDFS:f_div_inst|count[19] ; ddfs:inst_ddfs_mod|freq_divider_DDFS:f_div_inst|count[19] ; 0.000        ; 0.000      ; 1.257      ;
; 1.132 ; ddfs:inst_ddfs_mod|cont[5]  ; ddfs:inst_ddfs_mod|cont[5]                                                                                              ; ddfs:inst_ddfs_mod|freq_divider_DDFS:f_div_inst|count[19] ; ddfs:inst_ddfs_mod|freq_divider_DDFS:f_div_inst|count[19] ; 0.000        ; 0.000      ; 1.284      ;
; 1.150 ; ddfs:inst_ddfs_mod|cont[9]  ; ddfs:inst_ddfs_mod|cont[11]                                                                                             ; ddfs:inst_ddfs_mod|freq_divider_DDFS:f_div_inst|count[19] ; ddfs:inst_ddfs_mod|freq_divider_DDFS:f_div_inst|count[19] ; 0.000        ; 0.000      ; 1.302      ;
; 1.151 ; ddfs:inst_ddfs_mod|cont[11] ; ddfs:inst_ddfs_mod|cont[2]                                                                                              ; ddfs:inst_ddfs_mod|freq_divider_DDFS:f_div_inst|count[19] ; ddfs:inst_ddfs_mod|freq_divider_DDFS:f_div_inst|count[19] ; 0.000        ; 0.000      ; 1.303      ;
; 1.156 ; ddfs:inst_ddfs_mod|cont[8]  ; ddfs:inst_ddfs_mod|cont[8]                                                                                              ; ddfs:inst_ddfs_mod|freq_divider_DDFS:f_div_inst|count[19] ; ddfs:inst_ddfs_mod|freq_divider_DDFS:f_div_inst|count[19] ; 0.000        ; 0.000      ; 1.308      ;
+-------+-----------------------------+-------------------------------------------------------------------------------------------------------------------------+-----------------------------------------------------------+-----------------------------------------------------------+--------------+------------+------------+


+--------------------------------------------------------------------------------------------------------------------------------------------------------------------------------------------------------------------------------------------+
; Fast Model Minimum Pulse Width: 'inst_pll|altpll_component|pll|clk[0]'                                                                                                                                                                     ;
+-------+--------------+----------------+------------------+--------------------------------------+------------+-----------------------------------------------------------------------------------------------------------------------------+
; Slack ; Actual Width ; Required Width ; Type             ; Clock                                ; Clock Edge ; Target                                                                                                                      ;
+-------+--------------+----------------+------------------+--------------------------------------+------------+-----------------------------------------------------------------------------------------------------------------------------+
; 5.219 ; 7.142        ; 1.923          ; High Pulse Width ; inst_pll|altpll_component|pll|clk[0] ; Rise       ; lcd_driver:inst|text_lut:text_lut_inst|altsyncram:rom_rtl_0|altsyncram_ap81:auto_generated|ram_block1a0~porta_address_reg0  ;
; 5.219 ; 7.142        ; 1.923          ; High Pulse Width ; inst_pll|altpll_component|pll|clk[0] ; Rise       ; lcd_driver:inst|text_lut:text_lut_inst|altsyncram:rom_rtl_0|altsyncram_ap81:auto_generated|ram_block1a0~porta_address_reg1  ;
; 5.219 ; 7.142        ; 1.923          ; High Pulse Width ; inst_pll|altpll_component|pll|clk[0] ; Rise       ; lcd_driver:inst|text_lut:text_lut_inst|altsyncram:rom_rtl_0|altsyncram_ap81:auto_generated|ram_block1a0~porta_address_reg10 ;
; 5.219 ; 7.142        ; 1.923          ; High Pulse Width ; inst_pll|altpll_component|pll|clk[0] ; Rise       ; lcd_driver:inst|text_lut:text_lut_inst|altsyncram:rom_rtl_0|altsyncram_ap81:auto_generated|ram_block1a0~porta_address_reg2  ;
; 5.219 ; 7.142        ; 1.923          ; High Pulse Width ; inst_pll|altpll_component|pll|clk[0] ; Rise       ; lcd_driver:inst|text_lut:text_lut_inst|altsyncram:rom_rtl_0|altsyncram_ap81:auto_generated|ram_block1a0~porta_address_reg3  ;
; 5.219 ; 7.142        ; 1.923          ; High Pulse Width ; inst_pll|altpll_component|pll|clk[0] ; Rise       ; lcd_driver:inst|text_lut:text_lut_inst|altsyncram:rom_rtl_0|altsyncram_ap81:auto_generated|ram_block1a0~porta_address_reg4  ;
; 5.219 ; 7.142        ; 1.923          ; High Pulse Width ; inst_pll|altpll_component|pll|clk[0] ; Rise       ; lcd_driver:inst|text_lut:text_lut_inst|altsyncram:rom_rtl_0|altsyncram_ap81:auto_generated|ram_block1a0~porta_address_reg5  ;
; 5.219 ; 7.142        ; 1.923          ; High Pulse Width ; inst_pll|altpll_component|pll|clk[0] ; Rise       ; lcd_driver:inst|text_lut:text_lut_inst|altsyncram:rom_rtl_0|altsyncram_ap81:auto_generated|ram_block1a0~porta_address_reg6  ;
; 5.219 ; 7.142        ; 1.923          ; High Pulse Width ; inst_pll|altpll_component|pll|clk[0] ; Rise       ; lcd_driver:inst|text_lut:text_lut_inst|altsyncram:rom_rtl_0|altsyncram_ap81:auto_generated|ram_block1a0~porta_address_reg7  ;
; 5.219 ; 7.142        ; 1.923          ; High Pulse Width ; inst_pll|altpll_component|pll|clk[0] ; Rise       ; lcd_driver:inst|text_lut:text_lut_inst|altsyncram:rom_rtl_0|altsyncram_ap81:auto_generated|ram_block1a0~porta_address_reg8  ;
; 5.219 ; 7.142        ; 1.923          ; High Pulse Width ; inst_pll|altpll_component|pll|clk[0] ; Rise       ; lcd_driver:inst|text_lut:text_lut_inst|altsyncram:rom_rtl_0|altsyncram_ap81:auto_generated|ram_block1a0~porta_address_reg9  ;
; 5.219 ; 7.142        ; 1.923          ; High Pulse Width ; inst_pll|altpll_component|pll|clk[0] ; Rise       ; lcd_driver:inst|text_lut:text_lut_inst|altsyncram:rom_rtl_0|altsyncram_ap81:auto_generated|ram_block1a1~porta_address_reg0  ;
; 5.219 ; 7.142        ; 1.923          ; High Pulse Width ; inst_pll|altpll_component|pll|clk[0] ; Rise       ; lcd_driver:inst|text_lut:text_lut_inst|altsyncram:rom_rtl_0|altsyncram_ap81:auto_generated|ram_block1a1~porta_address_reg1  ;
; 5.219 ; 7.142        ; 1.923          ; High Pulse Width ; inst_pll|altpll_component|pll|clk[0] ; Rise       ; lcd_driver:inst|text_lut:text_lut_inst|altsyncram:rom_rtl_0|altsyncram_ap81:auto_generated|ram_block1a1~porta_address_reg10 ;
; 5.219 ; 7.142        ; 1.923          ; High Pulse Width ; inst_pll|altpll_component|pll|clk[0] ; Rise       ; lcd_driver:inst|text_lut:text_lut_inst|altsyncram:rom_rtl_0|altsyncram_ap81:auto_generated|ram_block1a1~porta_address_reg2  ;
; 5.219 ; 7.142        ; 1.923          ; High Pulse Width ; inst_pll|altpll_component|pll|clk[0] ; Rise       ; lcd_driver:inst|text_lut:text_lut_inst|altsyncram:rom_rtl_0|altsyncram_ap81:auto_generated|ram_block1a1~porta_address_reg3  ;
; 5.219 ; 7.142        ; 1.923          ; High Pulse Width ; inst_pll|altpll_component|pll|clk[0] ; Rise       ; lcd_driver:inst|text_lut:text_lut_inst|altsyncram:rom_rtl_0|altsyncram_ap81:auto_generated|ram_block1a1~porta_address_reg4  ;
; 5.219 ; 7.142        ; 1.923          ; High Pulse Width ; inst_pll|altpll_component|pll|clk[0] ; Rise       ; lcd_driver:inst|text_lut:text_lut_inst|altsyncram:rom_rtl_0|altsyncram_ap81:auto_generated|ram_block1a1~porta_address_reg5  ;
; 5.219 ; 7.142        ; 1.923          ; High Pulse Width ; inst_pll|altpll_component|pll|clk[0] ; Rise       ; lcd_driver:inst|text_lut:text_lut_inst|altsyncram:rom_rtl_0|altsyncram_ap81:auto_generated|ram_block1a1~porta_address_reg6  ;
; 5.219 ; 7.142        ; 1.923          ; High Pulse Width ; inst_pll|altpll_component|pll|clk[0] ; Rise       ; lcd_driver:inst|text_lut:text_lut_inst|altsyncram:rom_rtl_0|altsyncram_ap81:auto_generated|ram_block1a1~porta_address_reg7  ;
; 5.219 ; 7.142        ; 1.923          ; High Pulse Width ; inst_pll|altpll_component|pll|clk[0] ; Rise       ; lcd_driver:inst|text_lut:text_lut_inst|altsyncram:rom_rtl_0|altsyncram_ap81:auto_generated|ram_block1a1~porta_address_reg8  ;
; 5.219 ; 7.142        ; 1.923          ; High Pulse Width ; inst_pll|altpll_component|pll|clk[0] ; Rise       ; lcd_driver:inst|text_lut:text_lut_inst|altsyncram:rom_rtl_0|altsyncram_ap81:auto_generated|ram_block1a1~porta_address_reg9  ;
; 5.219 ; 7.142        ; 1.923          ; High Pulse Width ; inst_pll|altpll_component|pll|clk[0] ; Rise       ; lcd_driver:inst|text_lut:text_lut_inst|altsyncram:rom_rtl_0|altsyncram_ap81:auto_generated|ram_block1a3~porta_address_reg0  ;
; 5.219 ; 7.142        ; 1.923          ; High Pulse Width ; inst_pll|altpll_component|pll|clk[0] ; Rise       ; lcd_driver:inst|text_lut:text_lut_inst|altsyncram:rom_rtl_0|altsyncram_ap81:auto_generated|ram_block1a3~porta_address_reg1  ;
; 5.219 ; 7.142        ; 1.923          ; High Pulse Width ; inst_pll|altpll_component|pll|clk[0] ; Rise       ; lcd_driver:inst|text_lut:text_lut_inst|altsyncram:rom_rtl_0|altsyncram_ap81:auto_generated|ram_block1a3~porta_address_reg10 ;
; 5.219 ; 7.142        ; 1.923          ; High Pulse Width ; inst_pll|altpll_component|pll|clk[0] ; Rise       ; lcd_driver:inst|text_lut:text_lut_inst|altsyncram:rom_rtl_0|altsyncram_ap81:auto_generated|ram_block1a3~porta_address_reg2  ;
; 5.219 ; 7.142        ; 1.923          ; High Pulse Width ; inst_pll|altpll_component|pll|clk[0] ; Rise       ; lcd_driver:inst|text_lut:text_lut_inst|altsyncram:rom_rtl_0|altsyncram_ap81:auto_generated|ram_block1a3~porta_address_reg3  ;
; 5.219 ; 7.142        ; 1.923          ; High Pulse Width ; inst_pll|altpll_component|pll|clk[0] ; Rise       ; lcd_driver:inst|text_lut:text_lut_inst|altsyncram:rom_rtl_0|altsyncram_ap81:auto_generated|ram_block1a3~porta_address_reg4  ;
; 5.219 ; 7.142        ; 1.923          ; High Pulse Width ; inst_pll|altpll_component|pll|clk[0] ; Rise       ; lcd_driver:inst|text_lut:text_lut_inst|altsyncram:rom_rtl_0|altsyncram_ap81:auto_generated|ram_block1a3~porta_address_reg5  ;
; 5.219 ; 7.142        ; 1.923          ; High Pulse Width ; inst_pll|altpll_component|pll|clk[0] ; Rise       ; lcd_driver:inst|text_lut:text_lut_inst|altsyncram:rom_rtl_0|altsyncram_ap81:auto_generated|ram_block1a3~porta_address_reg6  ;
; 5.219 ; 7.142        ; 1.923          ; High Pulse Width ; inst_pll|altpll_component|pll|clk[0] ; Rise       ; lcd_driver:inst|text_lut:text_lut_inst|altsyncram:rom_rtl_0|altsyncram_ap81:auto_generated|ram_block1a3~porta_address_reg7  ;
; 5.219 ; 7.142        ; 1.923          ; High Pulse Width ; inst_pll|altpll_component|pll|clk[0] ; Rise       ; lcd_driver:inst|text_lut:text_lut_inst|altsyncram:rom_rtl_0|altsyncram_ap81:auto_generated|ram_block1a3~porta_address_reg8  ;
; 5.219 ; 7.142        ; 1.923          ; High Pulse Width ; inst_pll|altpll_component|pll|clk[0] ; Rise       ; lcd_driver:inst|text_lut:text_lut_inst|altsyncram:rom_rtl_0|altsyncram_ap81:auto_generated|ram_block1a3~porta_address_reg9  ;
; 5.219 ; 7.142        ; 1.923          ; High Pulse Width ; inst_pll|altpll_component|pll|clk[0] ; Rise       ; lcd_driver:inst|text_lut:text_lut_inst|altsyncram:rom_rtl_0|altsyncram_ap81:auto_generated|ram_block1a5~porta_address_reg0  ;
; 5.219 ; 7.142        ; 1.923          ; High Pulse Width ; inst_pll|altpll_component|pll|clk[0] ; Rise       ; lcd_driver:inst|text_lut:text_lut_inst|altsyncram:rom_rtl_0|altsyncram_ap81:auto_generated|ram_block1a5~porta_address_reg1  ;
; 5.219 ; 7.142        ; 1.923          ; High Pulse Width ; inst_pll|altpll_component|pll|clk[0] ; Rise       ; lcd_driver:inst|text_lut:text_lut_inst|altsyncram:rom_rtl_0|altsyncram_ap81:auto_generated|ram_block1a5~porta_address_reg10 ;
; 5.219 ; 7.142        ; 1.923          ; High Pulse Width ; inst_pll|altpll_component|pll|clk[0] ; Rise       ; lcd_driver:inst|text_lut:text_lut_inst|altsyncram:rom_rtl_0|altsyncram_ap81:auto_generated|ram_block1a5~porta_address_reg2  ;
; 5.219 ; 7.142        ; 1.923          ; High Pulse Width ; inst_pll|altpll_component|pll|clk[0] ; Rise       ; lcd_driver:inst|text_lut:text_lut_inst|altsyncram:rom_rtl_0|altsyncram_ap81:auto_generated|ram_block1a5~porta_address_reg3  ;
; 5.219 ; 7.142        ; 1.923          ; High Pulse Width ; inst_pll|altpll_component|pll|clk[0] ; Rise       ; lcd_driver:inst|text_lut:text_lut_inst|altsyncram:rom_rtl_0|altsyncram_ap81:auto_generated|ram_block1a5~porta_address_reg4  ;
; 5.219 ; 7.142        ; 1.923          ; High Pulse Width ; inst_pll|altpll_component|pll|clk[0] ; Rise       ; lcd_driver:inst|text_lut:text_lut_inst|altsyncram:rom_rtl_0|altsyncram_ap81:auto_generated|ram_block1a5~porta_address_reg5  ;
; 5.219 ; 7.142        ; 1.923          ; High Pulse Width ; inst_pll|altpll_component|pll|clk[0] ; Rise       ; lcd_driver:inst|text_lut:text_lut_inst|altsyncram:rom_rtl_0|altsyncram_ap81:auto_generated|ram_block1a5~porta_address_reg6  ;
; 5.219 ; 7.142        ; 1.923          ; High Pulse Width ; inst_pll|altpll_component|pll|clk[0] ; Rise       ; lcd_driver:inst|text_lut:text_lut_inst|altsyncram:rom_rtl_0|altsyncram_ap81:auto_generated|ram_block1a5~porta_address_reg7  ;
; 5.219 ; 7.142        ; 1.923          ; High Pulse Width ; inst_pll|altpll_component|pll|clk[0] ; Rise       ; lcd_driver:inst|text_lut:text_lut_inst|altsyncram:rom_rtl_0|altsyncram_ap81:auto_generated|ram_block1a5~porta_address_reg8  ;
; 5.219 ; 7.142        ; 1.923          ; High Pulse Width ; inst_pll|altpll_component|pll|clk[0] ; Rise       ; lcd_driver:inst|text_lut:text_lut_inst|altsyncram:rom_rtl_0|altsyncram_ap81:auto_generated|ram_block1a5~porta_address_reg9  ;
; 5.219 ; 7.142        ; 1.923          ; High Pulse Width ; inst_pll|altpll_component|pll|clk[0] ; Rise       ; lcd_driver:inst|text_lut:text_lut_inst|altsyncram:rom_rtl_0|altsyncram_ap81:auto_generated|ram_block1a7~porta_address_reg0  ;
; 5.219 ; 7.142        ; 1.923          ; High Pulse Width ; inst_pll|altpll_component|pll|clk[0] ; Rise       ; lcd_driver:inst|text_lut:text_lut_inst|altsyncram:rom_rtl_0|altsyncram_ap81:auto_generated|ram_block1a7~porta_address_reg1  ;
; 5.219 ; 7.142        ; 1.923          ; High Pulse Width ; inst_pll|altpll_component|pll|clk[0] ; Rise       ; lcd_driver:inst|text_lut:text_lut_inst|altsyncram:rom_rtl_0|altsyncram_ap81:auto_generated|ram_block1a7~porta_address_reg10 ;
; 5.219 ; 7.142        ; 1.923          ; High Pulse Width ; inst_pll|altpll_component|pll|clk[0] ; Rise       ; lcd_driver:inst|text_lut:text_lut_inst|altsyncram:rom_rtl_0|altsyncram_ap81:auto_generated|ram_block1a7~porta_address_reg2  ;
; 5.219 ; 7.142        ; 1.923          ; High Pulse Width ; inst_pll|altpll_component|pll|clk[0] ; Rise       ; lcd_driver:inst|text_lut:text_lut_inst|altsyncram:rom_rtl_0|altsyncram_ap81:auto_generated|ram_block1a7~porta_address_reg3  ;
; 5.219 ; 7.142        ; 1.923          ; High Pulse Width ; inst_pll|altpll_component|pll|clk[0] ; Rise       ; lcd_driver:inst|text_lut:text_lut_inst|altsyncram:rom_rtl_0|altsyncram_ap81:auto_generated|ram_block1a7~porta_address_reg4  ;
; 5.219 ; 7.142        ; 1.923          ; High Pulse Width ; inst_pll|altpll_component|pll|clk[0] ; Rise       ; lcd_driver:inst|text_lut:text_lut_inst|altsyncram:rom_rtl_0|altsyncram_ap81:auto_generated|ram_block1a7~porta_address_reg5  ;
; 5.219 ; 7.142        ; 1.923          ; High Pulse Width ; inst_pll|altpll_component|pll|clk[0] ; Rise       ; lcd_driver:inst|text_lut:text_lut_inst|altsyncram:rom_rtl_0|altsyncram_ap81:auto_generated|ram_block1a7~porta_address_reg6  ;
; 5.219 ; 7.142        ; 1.923          ; High Pulse Width ; inst_pll|altpll_component|pll|clk[0] ; Rise       ; lcd_driver:inst|text_lut:text_lut_inst|altsyncram:rom_rtl_0|altsyncram_ap81:auto_generated|ram_block1a7~porta_address_reg7  ;
; 5.219 ; 7.142        ; 1.923          ; High Pulse Width ; inst_pll|altpll_component|pll|clk[0] ; Rise       ; lcd_driver:inst|text_lut:text_lut_inst|altsyncram:rom_rtl_0|altsyncram_ap81:auto_generated|ram_block1a7~porta_address_reg8  ;
; 5.219 ; 7.142        ; 1.923          ; High Pulse Width ; inst_pll|altpll_component|pll|clk[0] ; Rise       ; lcd_driver:inst|text_lut:text_lut_inst|altsyncram:rom_rtl_0|altsyncram_ap81:auto_generated|ram_block1a7~porta_address_reg9  ;
; 5.220 ; 7.143        ; 1.923          ; Low Pulse Width  ; inst_pll|altpll_component|pll|clk[0] ; Rise       ; lcd_driver:inst|text_lut:text_lut_inst|altsyncram:rom_rtl_0|altsyncram_ap81:auto_generated|ram_block1a0~porta_address_reg0  ;
; 5.220 ; 7.143        ; 1.923          ; Low Pulse Width  ; inst_pll|altpll_component|pll|clk[0] ; Rise       ; lcd_driver:inst|text_lut:text_lut_inst|altsyncram:rom_rtl_0|altsyncram_ap81:auto_generated|ram_block1a0~porta_address_reg1  ;
; 5.220 ; 7.143        ; 1.923          ; Low Pulse Width  ; inst_pll|altpll_component|pll|clk[0] ; Rise       ; lcd_driver:inst|text_lut:text_lut_inst|altsyncram:rom_rtl_0|altsyncram_ap81:auto_generated|ram_block1a0~porta_address_reg10 ;
; 5.220 ; 7.143        ; 1.923          ; Low Pulse Width  ; inst_pll|altpll_component|pll|clk[0] ; Rise       ; lcd_driver:inst|text_lut:text_lut_inst|altsyncram:rom_rtl_0|altsyncram_ap81:auto_generated|ram_block1a0~porta_address_reg2  ;
; 5.220 ; 7.143        ; 1.923          ; Low Pulse Width  ; inst_pll|altpll_component|pll|clk[0] ; Rise       ; lcd_driver:inst|text_lut:text_lut_inst|altsyncram:rom_rtl_0|altsyncram_ap81:auto_generated|ram_block1a0~porta_address_reg3  ;
; 5.220 ; 7.143        ; 1.923          ; Low Pulse Width  ; inst_pll|altpll_component|pll|clk[0] ; Rise       ; lcd_driver:inst|text_lut:text_lut_inst|altsyncram:rom_rtl_0|altsyncram_ap81:auto_generated|ram_block1a0~porta_address_reg4  ;
; 5.220 ; 7.143        ; 1.923          ; Low Pulse Width  ; inst_pll|altpll_component|pll|clk[0] ; Rise       ; lcd_driver:inst|text_lut:text_lut_inst|altsyncram:rom_rtl_0|altsyncram_ap81:auto_generated|ram_block1a0~porta_address_reg5  ;
; 5.220 ; 7.143        ; 1.923          ; Low Pulse Width  ; inst_pll|altpll_component|pll|clk[0] ; Rise       ; lcd_driver:inst|text_lut:text_lut_inst|altsyncram:rom_rtl_0|altsyncram_ap81:auto_generated|ram_block1a0~porta_address_reg6  ;
; 5.220 ; 7.143        ; 1.923          ; Low Pulse Width  ; inst_pll|altpll_component|pll|clk[0] ; Rise       ; lcd_driver:inst|text_lut:text_lut_inst|altsyncram:rom_rtl_0|altsyncram_ap81:auto_generated|ram_block1a0~porta_address_reg7  ;
; 5.220 ; 7.143        ; 1.923          ; Low Pulse Width  ; inst_pll|altpll_component|pll|clk[0] ; Rise       ; lcd_driver:inst|text_lut:text_lut_inst|altsyncram:rom_rtl_0|altsyncram_ap81:auto_generated|ram_block1a0~porta_address_reg8  ;
; 5.220 ; 7.143        ; 1.923          ; Low Pulse Width  ; inst_pll|altpll_component|pll|clk[0] ; Rise       ; lcd_driver:inst|text_lut:text_lut_inst|altsyncram:rom_rtl_0|altsyncram_ap81:auto_generated|ram_block1a0~porta_address_reg9  ;
; 5.220 ; 7.143        ; 1.923          ; Low Pulse Width  ; inst_pll|altpll_component|pll|clk[0] ; Rise       ; lcd_driver:inst|text_lut:text_lut_inst|altsyncram:rom_rtl_0|altsyncram_ap81:auto_generated|ram_block1a1~porta_address_reg0  ;
; 5.220 ; 7.143        ; 1.923          ; Low Pulse Width  ; inst_pll|altpll_component|pll|clk[0] ; Rise       ; lcd_driver:inst|text_lut:text_lut_inst|altsyncram:rom_rtl_0|altsyncram_ap81:auto_generated|ram_block1a1~porta_address_reg1  ;
; 5.220 ; 7.143        ; 1.923          ; Low Pulse Width  ; inst_pll|altpll_component|pll|clk[0] ; Rise       ; lcd_driver:inst|text_lut:text_lut_inst|altsyncram:rom_rtl_0|altsyncram_ap81:auto_generated|ram_block1a1~porta_address_reg10 ;
; 5.220 ; 7.143        ; 1.923          ; Low Pulse Width  ; inst_pll|altpll_component|pll|clk[0] ; Rise       ; lcd_driver:inst|text_lut:text_lut_inst|altsyncram:rom_rtl_0|altsyncram_ap81:auto_generated|ram_block1a1~porta_address_reg2  ;
; 5.220 ; 7.143        ; 1.923          ; Low Pulse Width  ; inst_pll|altpll_component|pll|clk[0] ; Rise       ; lcd_driver:inst|text_lut:text_lut_inst|altsyncram:rom_rtl_0|altsyncram_ap81:auto_generated|ram_block1a1~porta_address_reg3  ;
; 5.220 ; 7.143        ; 1.923          ; Low Pulse Width  ; inst_pll|altpll_component|pll|clk[0] ; Rise       ; lcd_driver:inst|text_lut:text_lut_inst|altsyncram:rom_rtl_0|altsyncram_ap81:auto_generated|ram_block1a1~porta_address_reg4  ;
; 5.220 ; 7.143        ; 1.923          ; Low Pulse Width  ; inst_pll|altpll_component|pll|clk[0] ; Rise       ; lcd_driver:inst|text_lut:text_lut_inst|altsyncram:rom_rtl_0|altsyncram_ap81:auto_generated|ram_block1a1~porta_address_reg5  ;
; 5.220 ; 7.143        ; 1.923          ; Low Pulse Width  ; inst_pll|altpll_component|pll|clk[0] ; Rise       ; lcd_driver:inst|text_lut:text_lut_inst|altsyncram:rom_rtl_0|altsyncram_ap81:auto_generated|ram_block1a1~porta_address_reg6  ;
; 5.220 ; 7.143        ; 1.923          ; Low Pulse Width  ; inst_pll|altpll_component|pll|clk[0] ; Rise       ; lcd_driver:inst|text_lut:text_lut_inst|altsyncram:rom_rtl_0|altsyncram_ap81:auto_generated|ram_block1a1~porta_address_reg7  ;
; 5.220 ; 7.143        ; 1.923          ; Low Pulse Width  ; inst_pll|altpll_component|pll|clk[0] ; Rise       ; lcd_driver:inst|text_lut:text_lut_inst|altsyncram:rom_rtl_0|altsyncram_ap81:auto_generated|ram_block1a1~porta_address_reg8  ;
; 5.220 ; 7.143        ; 1.923          ; Low Pulse Width  ; inst_pll|altpll_component|pll|clk[0] ; Rise       ; lcd_driver:inst|text_lut:text_lut_inst|altsyncram:rom_rtl_0|altsyncram_ap81:auto_generated|ram_block1a1~porta_address_reg9  ;
; 5.220 ; 7.143        ; 1.923          ; Low Pulse Width  ; inst_pll|altpll_component|pll|clk[0] ; Rise       ; lcd_driver:inst|text_lut:text_lut_inst|altsyncram:rom_rtl_0|altsyncram_ap81:auto_generated|ram_block1a3~porta_address_reg0  ;
; 5.220 ; 7.143        ; 1.923          ; Low Pulse Width  ; inst_pll|altpll_component|pll|clk[0] ; Rise       ; lcd_driver:inst|text_lut:text_lut_inst|altsyncram:rom_rtl_0|altsyncram_ap81:auto_generated|ram_block1a3~porta_address_reg1  ;
; 5.220 ; 7.143        ; 1.923          ; Low Pulse Width  ; inst_pll|altpll_component|pll|clk[0] ; Rise       ; lcd_driver:inst|text_lut:text_lut_inst|altsyncram:rom_rtl_0|altsyncram_ap81:auto_generated|ram_block1a3~porta_address_reg10 ;
; 5.220 ; 7.143        ; 1.923          ; Low Pulse Width  ; inst_pll|altpll_component|pll|clk[0] ; Rise       ; lcd_driver:inst|text_lut:text_lut_inst|altsyncram:rom_rtl_0|altsyncram_ap81:auto_generated|ram_block1a3~porta_address_reg2  ;
; 5.220 ; 7.143        ; 1.923          ; Low Pulse Width  ; inst_pll|altpll_component|pll|clk[0] ; Rise       ; lcd_driver:inst|text_lut:text_lut_inst|altsyncram:rom_rtl_0|altsyncram_ap81:auto_generated|ram_block1a3~porta_address_reg3  ;
; 5.220 ; 7.143        ; 1.923          ; Low Pulse Width  ; inst_pll|altpll_component|pll|clk[0] ; Rise       ; lcd_driver:inst|text_lut:text_lut_inst|altsyncram:rom_rtl_0|altsyncram_ap81:auto_generated|ram_block1a3~porta_address_reg4  ;
; 5.220 ; 7.143        ; 1.923          ; Low Pulse Width  ; inst_pll|altpll_component|pll|clk[0] ; Rise       ; lcd_driver:inst|text_lut:text_lut_inst|altsyncram:rom_rtl_0|altsyncram_ap81:auto_generated|ram_block1a3~porta_address_reg5  ;
; 5.220 ; 7.143        ; 1.923          ; Low Pulse Width  ; inst_pll|altpll_component|pll|clk[0] ; Rise       ; lcd_driver:inst|text_lut:text_lut_inst|altsyncram:rom_rtl_0|altsyncram_ap81:auto_generated|ram_block1a3~porta_address_reg6  ;
; 5.220 ; 7.143        ; 1.923          ; Low Pulse Width  ; inst_pll|altpll_component|pll|clk[0] ; Rise       ; lcd_driver:inst|text_lut:text_lut_inst|altsyncram:rom_rtl_0|altsyncram_ap81:auto_generated|ram_block1a3~porta_address_reg7  ;
; 5.220 ; 7.143        ; 1.923          ; Low Pulse Width  ; inst_pll|altpll_component|pll|clk[0] ; Rise       ; lcd_driver:inst|text_lut:text_lut_inst|altsyncram:rom_rtl_0|altsyncram_ap81:auto_generated|ram_block1a3~porta_address_reg8  ;
; 5.220 ; 7.143        ; 1.923          ; Low Pulse Width  ; inst_pll|altpll_component|pll|clk[0] ; Rise       ; lcd_driver:inst|text_lut:text_lut_inst|altsyncram:rom_rtl_0|altsyncram_ap81:auto_generated|ram_block1a3~porta_address_reg9  ;
; 5.220 ; 7.143        ; 1.923          ; Low Pulse Width  ; inst_pll|altpll_component|pll|clk[0] ; Rise       ; lcd_driver:inst|text_lut:text_lut_inst|altsyncram:rom_rtl_0|altsyncram_ap81:auto_generated|ram_block1a5~porta_address_reg0  ;
; 5.220 ; 7.143        ; 1.923          ; Low Pulse Width  ; inst_pll|altpll_component|pll|clk[0] ; Rise       ; lcd_driver:inst|text_lut:text_lut_inst|altsyncram:rom_rtl_0|altsyncram_ap81:auto_generated|ram_block1a5~porta_address_reg1  ;
; 5.220 ; 7.143        ; 1.923          ; Low Pulse Width  ; inst_pll|altpll_component|pll|clk[0] ; Rise       ; lcd_driver:inst|text_lut:text_lut_inst|altsyncram:rom_rtl_0|altsyncram_ap81:auto_generated|ram_block1a5~porta_address_reg10 ;
; 5.220 ; 7.143        ; 1.923          ; Low Pulse Width  ; inst_pll|altpll_component|pll|clk[0] ; Rise       ; lcd_driver:inst|text_lut:text_lut_inst|altsyncram:rom_rtl_0|altsyncram_ap81:auto_generated|ram_block1a5~porta_address_reg2  ;
; 5.220 ; 7.143        ; 1.923          ; Low Pulse Width  ; inst_pll|altpll_component|pll|clk[0] ; Rise       ; lcd_driver:inst|text_lut:text_lut_inst|altsyncram:rom_rtl_0|altsyncram_ap81:auto_generated|ram_block1a5~porta_address_reg3  ;
; 5.220 ; 7.143        ; 1.923          ; Low Pulse Width  ; inst_pll|altpll_component|pll|clk[0] ; Rise       ; lcd_driver:inst|text_lut:text_lut_inst|altsyncram:rom_rtl_0|altsyncram_ap81:auto_generated|ram_block1a5~porta_address_reg4  ;
; 5.220 ; 7.143        ; 1.923          ; Low Pulse Width  ; inst_pll|altpll_component|pll|clk[0] ; Rise       ; lcd_driver:inst|text_lut:text_lut_inst|altsyncram:rom_rtl_0|altsyncram_ap81:auto_generated|ram_block1a5~porta_address_reg5  ;
; 5.220 ; 7.143        ; 1.923          ; Low Pulse Width  ; inst_pll|altpll_component|pll|clk[0] ; Rise       ; lcd_driver:inst|text_lut:text_lut_inst|altsyncram:rom_rtl_0|altsyncram_ap81:auto_generated|ram_block1a5~porta_address_reg6  ;
; 5.220 ; 7.143        ; 1.923          ; Low Pulse Width  ; inst_pll|altpll_component|pll|clk[0] ; Rise       ; lcd_driver:inst|text_lut:text_lut_inst|altsyncram:rom_rtl_0|altsyncram_ap81:auto_generated|ram_block1a5~porta_address_reg7  ;
; 5.220 ; 7.143        ; 1.923          ; Low Pulse Width  ; inst_pll|altpll_component|pll|clk[0] ; Rise       ; lcd_driver:inst|text_lut:text_lut_inst|altsyncram:rom_rtl_0|altsyncram_ap81:auto_generated|ram_block1a5~porta_address_reg8  ;
; 5.220 ; 7.143        ; 1.923          ; Low Pulse Width  ; inst_pll|altpll_component|pll|clk[0] ; Rise       ; lcd_driver:inst|text_lut:text_lut_inst|altsyncram:rom_rtl_0|altsyncram_ap81:auto_generated|ram_block1a5~porta_address_reg9  ;
; 5.220 ; 7.143        ; 1.923          ; Low Pulse Width  ; inst_pll|altpll_component|pll|clk[0] ; Rise       ; lcd_driver:inst|text_lut:text_lut_inst|altsyncram:rom_rtl_0|altsyncram_ap81:auto_generated|ram_block1a7~porta_address_reg0  ;
+-------+--------------+----------------+------------------+--------------------------------------+------------+-----------------------------------------------------------------------------------------------------------------------------+


+----------------------------------------------------------------------------------------------------------------------------+
; Fast Model Minimum Pulse Width: 'CLOCK_50'                                                                                 ;
+--------+--------------+----------------+------------------+----------+------------+----------------------------------------+
; Slack  ; Actual Width ; Required Width ; Type             ; Clock    ; Clock Edge ; Target                                 ;
+--------+--------------+----------------+------------------+----------+------------+----------------------------------------+
; 10.000 ; 10.000       ; 0.000          ; High Pulse Width ; CLOCK_50 ; Rise       ; CLOCK_50|combout                       ;
; 10.000 ; 10.000       ; 0.000          ; Low Pulse Width  ; CLOCK_50 ; Rise       ; CLOCK_50|combout                       ;
; 10.000 ; 10.000       ; 0.000          ; High Pulse Width ; CLOCK_50 ; Rise       ; inst_pll|altpll_component|pll|clk[0]   ;
; 10.000 ; 10.000       ; 0.000          ; Low Pulse Width  ; CLOCK_50 ; Rise       ; inst_pll|altpll_component|pll|clk[0]   ;
; 10.000 ; 10.000       ; 0.000          ; High Pulse Width ; CLOCK_50 ; Rise       ; inst_pll|altpll_component|pll|inclk[0] ;
; 10.000 ; 10.000       ; 0.000          ; Low Pulse Width  ; CLOCK_50 ; Rise       ; inst_pll|altpll_component|pll|inclk[0] ;
; 17.620 ; 20.000       ; 2.380          ; Port Rate        ; CLOCK_50 ; Rise       ; CLOCK_50                               ;
+--------+--------------+----------------+------------------+----------+------------+----------------------------------------+


+--------------------------------------------------------------------------------------------------------------------------------------------------------------------------------------------------------------------------------------------------------------+
; Fast Model Minimum Pulse Width: 'ddfs:inst_ddfs_mod|freq_divider_DDFS:f_div_inst|count[19]'                                                                                                                                                                  ;
+--------+--------------+----------------+------------------+-----------------------------------------------------------+------------+-------------------------------------------------------------------------------------------------------------------------+
; Slack  ; Actual Width ; Required Width ; Type             ; Clock                                                     ; Clock Edge ; Target                                                                                                                  ;
+--------+--------------+----------------+------------------+-----------------------------------------------------------+------------+-------------------------------------------------------------------------------------------------------------------------+
; 13.077 ; 15.000       ; 1.923          ; High Pulse Width ; ddfs:inst_ddfs_mod|freq_divider_DDFS:f_div_inst|count[19] ; Rise       ; ddfs:inst_ddfs_mod|sin_lut:lut_inst|altsyncram:rom_rtl_0|altsyncram_qm81:auto_generated|ram_block1a1~porta_address_reg0 ;
; 13.077 ; 15.000       ; 1.923          ; Low Pulse Width  ; ddfs:inst_ddfs_mod|freq_divider_DDFS:f_div_inst|count[19] ; Rise       ; ddfs:inst_ddfs_mod|sin_lut:lut_inst|altsyncram:rom_rtl_0|altsyncram_qm81:auto_generated|ram_block1a1~porta_address_reg0 ;
; 13.077 ; 15.000       ; 1.923          ; High Pulse Width ; ddfs:inst_ddfs_mod|freq_divider_DDFS:f_div_inst|count[19] ; Rise       ; ddfs:inst_ddfs_mod|sin_lut:lut_inst|altsyncram:rom_rtl_0|altsyncram_qm81:auto_generated|ram_block1a1~porta_address_reg1 ;
; 13.077 ; 15.000       ; 1.923          ; Low Pulse Width  ; ddfs:inst_ddfs_mod|freq_divider_DDFS:f_div_inst|count[19] ; Rise       ; ddfs:inst_ddfs_mod|sin_lut:lut_inst|altsyncram:rom_rtl_0|altsyncram_qm81:auto_generated|ram_block1a1~porta_address_reg1 ;
; 13.077 ; 15.000       ; 1.923          ; High Pulse Width ; ddfs:inst_ddfs_mod|freq_divider_DDFS:f_div_inst|count[19] ; Rise       ; ddfs:inst_ddfs_mod|sin_lut:lut_inst|altsyncram:rom_rtl_0|altsyncram_qm81:auto_generated|ram_block1a1~porta_address_reg2 ;
; 13.077 ; 15.000       ; 1.923          ; Low Pulse Width  ; ddfs:inst_ddfs_mod|freq_divider_DDFS:f_div_inst|count[19] ; Rise       ; ddfs:inst_ddfs_mod|sin_lut:lut_inst|altsyncram:rom_rtl_0|altsyncram_qm81:auto_generated|ram_block1a1~porta_address_reg2 ;
; 13.077 ; 15.000       ; 1.923          ; High Pulse Width ; ddfs:inst_ddfs_mod|freq_divider_DDFS:f_div_inst|count[19] ; Rise       ; ddfs:inst_ddfs_mod|sin_lut:lut_inst|altsyncram:rom_rtl_0|altsyncram_qm81:auto_generated|ram_block1a1~porta_address_reg3 ;
; 13.077 ; 15.000       ; 1.923          ; Low Pulse Width  ; ddfs:inst_ddfs_mod|freq_divider_DDFS:f_div_inst|count[19] ; Rise       ; ddfs:inst_ddfs_mod|sin_lut:lut_inst|altsyncram:rom_rtl_0|altsyncram_qm81:auto_generated|ram_block1a1~porta_address_reg3 ;
; 13.077 ; 15.000       ; 1.923          ; High Pulse Width ; ddfs:inst_ddfs_mod|freq_divider_DDFS:f_div_inst|count[19] ; Rise       ; ddfs:inst_ddfs_mod|sin_lut:lut_inst|altsyncram:rom_rtl_0|altsyncram_qm81:auto_generated|ram_block1a1~porta_address_reg4 ;
; 13.077 ; 15.000       ; 1.923          ; Low Pulse Width  ; ddfs:inst_ddfs_mod|freq_divider_DDFS:f_div_inst|count[19] ; Rise       ; ddfs:inst_ddfs_mod|sin_lut:lut_inst|altsyncram:rom_rtl_0|altsyncram_qm81:auto_generated|ram_block1a1~porta_address_reg4 ;
; 13.077 ; 15.000       ; 1.923          ; High Pulse Width ; ddfs:inst_ddfs_mod|freq_divider_DDFS:f_div_inst|count[19] ; Rise       ; ddfs:inst_ddfs_mod|sin_lut:lut_inst|altsyncram:rom_rtl_0|altsyncram_qm81:auto_generated|ram_block1a1~porta_address_reg5 ;
; 13.077 ; 15.000       ; 1.923          ; Low Pulse Width  ; ddfs:inst_ddfs_mod|freq_divider_DDFS:f_div_inst|count[19] ; Rise       ; ddfs:inst_ddfs_mod|sin_lut:lut_inst|altsyncram:rom_rtl_0|altsyncram_qm81:auto_generated|ram_block1a1~porta_address_reg5 ;
; 13.077 ; 15.000       ; 1.923          ; High Pulse Width ; ddfs:inst_ddfs_mod|freq_divider_DDFS:f_div_inst|count[19] ; Rise       ; ddfs:inst_ddfs_mod|sin_lut:lut_inst|altsyncram:rom_rtl_0|altsyncram_qm81:auto_generated|ram_block1a1~porta_address_reg6 ;
; 13.077 ; 15.000       ; 1.923          ; Low Pulse Width  ; ddfs:inst_ddfs_mod|freq_divider_DDFS:f_div_inst|count[19] ; Rise       ; ddfs:inst_ddfs_mod|sin_lut:lut_inst|altsyncram:rom_rtl_0|altsyncram_qm81:auto_generated|ram_block1a1~porta_address_reg6 ;
; 13.077 ; 15.000       ; 1.923          ; High Pulse Width ; ddfs:inst_ddfs_mod|freq_divider_DDFS:f_div_inst|count[19] ; Rise       ; ddfs:inst_ddfs_mod|sin_lut:lut_inst|altsyncram:rom_rtl_0|altsyncram_qm81:auto_generated|ram_block1a1~porta_address_reg7 ;
; 13.077 ; 15.000       ; 1.923          ; Low Pulse Width  ; ddfs:inst_ddfs_mod|freq_divider_DDFS:f_div_inst|count[19] ; Rise       ; ddfs:inst_ddfs_mod|sin_lut:lut_inst|altsyncram:rom_rtl_0|altsyncram_qm81:auto_generated|ram_block1a1~porta_address_reg7 ;
; 13.077 ; 15.000       ; 1.923          ; High Pulse Width ; ddfs:inst_ddfs_mod|freq_divider_DDFS:f_div_inst|count[19] ; Rise       ; ddfs:inst_ddfs_mod|sin_lut:lut_inst|altsyncram:rom_rtl_0|altsyncram_qm81:auto_generated|ram_block1a1~porta_address_reg8 ;
; 13.077 ; 15.000       ; 1.923          ; Low Pulse Width  ; ddfs:inst_ddfs_mod|freq_divider_DDFS:f_div_inst|count[19] ; Rise       ; ddfs:inst_ddfs_mod|sin_lut:lut_inst|altsyncram:rom_rtl_0|altsyncram_qm81:auto_generated|ram_block1a1~porta_address_reg8 ;
; 13.077 ; 15.000       ; 1.923          ; High Pulse Width ; ddfs:inst_ddfs_mod|freq_divider_DDFS:f_div_inst|count[19] ; Rise       ; ddfs:inst_ddfs_mod|sin_lut:lut_inst|altsyncram:rom_rtl_0|altsyncram_qm81:auto_generated|ram_block1a1~porta_address_reg9 ;
; 13.077 ; 15.000       ; 1.923          ; Low Pulse Width  ; ddfs:inst_ddfs_mod|freq_divider_DDFS:f_div_inst|count[19] ; Rise       ; ddfs:inst_ddfs_mod|sin_lut:lut_inst|altsyncram:rom_rtl_0|altsyncram_qm81:auto_generated|ram_block1a1~porta_address_reg9 ;
; 13.077 ; 15.000       ; 1.923          ; High Pulse Width ; ddfs:inst_ddfs_mod|freq_divider_DDFS:f_div_inst|count[19] ; Rise       ; ddfs:inst_ddfs_mod|sin_lut:lut_inst|altsyncram:rom_rtl_0|altsyncram_qm81:auto_generated|ram_block1a4~porta_address_reg0 ;
; 13.077 ; 15.000       ; 1.923          ; Low Pulse Width  ; ddfs:inst_ddfs_mod|freq_divider_DDFS:f_div_inst|count[19] ; Rise       ; ddfs:inst_ddfs_mod|sin_lut:lut_inst|altsyncram:rom_rtl_0|altsyncram_qm81:auto_generated|ram_block1a4~porta_address_reg0 ;
; 13.077 ; 15.000       ; 1.923          ; High Pulse Width ; ddfs:inst_ddfs_mod|freq_divider_DDFS:f_div_inst|count[19] ; Rise       ; ddfs:inst_ddfs_mod|sin_lut:lut_inst|altsyncram:rom_rtl_0|altsyncram_qm81:auto_generated|ram_block1a4~porta_address_reg1 ;
; 13.077 ; 15.000       ; 1.923          ; Low Pulse Width  ; ddfs:inst_ddfs_mod|freq_divider_DDFS:f_div_inst|count[19] ; Rise       ; ddfs:inst_ddfs_mod|sin_lut:lut_inst|altsyncram:rom_rtl_0|altsyncram_qm81:auto_generated|ram_block1a4~porta_address_reg1 ;
; 13.077 ; 15.000       ; 1.923          ; High Pulse Width ; ddfs:inst_ddfs_mod|freq_divider_DDFS:f_div_inst|count[19] ; Rise       ; ddfs:inst_ddfs_mod|sin_lut:lut_inst|altsyncram:rom_rtl_0|altsyncram_qm81:auto_generated|ram_block1a4~porta_address_reg2 ;
; 13.077 ; 15.000       ; 1.923          ; Low Pulse Width  ; ddfs:inst_ddfs_mod|freq_divider_DDFS:f_div_inst|count[19] ; Rise       ; ddfs:inst_ddfs_mod|sin_lut:lut_inst|altsyncram:rom_rtl_0|altsyncram_qm81:auto_generated|ram_block1a4~porta_address_reg2 ;
; 13.077 ; 15.000       ; 1.923          ; High Pulse Width ; ddfs:inst_ddfs_mod|freq_divider_DDFS:f_div_inst|count[19] ; Rise       ; ddfs:inst_ddfs_mod|sin_lut:lut_inst|altsyncram:rom_rtl_0|altsyncram_qm81:auto_generated|ram_block1a4~porta_address_reg3 ;
; 13.077 ; 15.000       ; 1.923          ; Low Pulse Width  ; ddfs:inst_ddfs_mod|freq_divider_DDFS:f_div_inst|count[19] ; Rise       ; ddfs:inst_ddfs_mod|sin_lut:lut_inst|altsyncram:rom_rtl_0|altsyncram_qm81:auto_generated|ram_block1a4~porta_address_reg3 ;
; 13.077 ; 15.000       ; 1.923          ; High Pulse Width ; ddfs:inst_ddfs_mod|freq_divider_DDFS:f_div_inst|count[19] ; Rise       ; ddfs:inst_ddfs_mod|sin_lut:lut_inst|altsyncram:rom_rtl_0|altsyncram_qm81:auto_generated|ram_block1a4~porta_address_reg4 ;
; 13.077 ; 15.000       ; 1.923          ; Low Pulse Width  ; ddfs:inst_ddfs_mod|freq_divider_DDFS:f_div_inst|count[19] ; Rise       ; ddfs:inst_ddfs_mod|sin_lut:lut_inst|altsyncram:rom_rtl_0|altsyncram_qm81:auto_generated|ram_block1a4~porta_address_reg4 ;
; 13.077 ; 15.000       ; 1.923          ; High Pulse Width ; ddfs:inst_ddfs_mod|freq_divider_DDFS:f_div_inst|count[19] ; Rise       ; ddfs:inst_ddfs_mod|sin_lut:lut_inst|altsyncram:rom_rtl_0|altsyncram_qm81:auto_generated|ram_block1a4~porta_address_reg5 ;
; 13.077 ; 15.000       ; 1.923          ; Low Pulse Width  ; ddfs:inst_ddfs_mod|freq_divider_DDFS:f_div_inst|count[19] ; Rise       ; ddfs:inst_ddfs_mod|sin_lut:lut_inst|altsyncram:rom_rtl_0|altsyncram_qm81:auto_generated|ram_block1a4~porta_address_reg5 ;
; 13.077 ; 15.000       ; 1.923          ; High Pulse Width ; ddfs:inst_ddfs_mod|freq_divider_DDFS:f_div_inst|count[19] ; Rise       ; ddfs:inst_ddfs_mod|sin_lut:lut_inst|altsyncram:rom_rtl_0|altsyncram_qm81:auto_generated|ram_block1a4~porta_address_reg6 ;
; 13.077 ; 15.000       ; 1.923          ; Low Pulse Width  ; ddfs:inst_ddfs_mod|freq_divider_DDFS:f_div_inst|count[19] ; Rise       ; ddfs:inst_ddfs_mod|sin_lut:lut_inst|altsyncram:rom_rtl_0|altsyncram_qm81:auto_generated|ram_block1a4~porta_address_reg6 ;
; 13.077 ; 15.000       ; 1.923          ; High Pulse Width ; ddfs:inst_ddfs_mod|freq_divider_DDFS:f_div_inst|count[19] ; Rise       ; ddfs:inst_ddfs_mod|sin_lut:lut_inst|altsyncram:rom_rtl_0|altsyncram_qm81:auto_generated|ram_block1a4~porta_address_reg7 ;
; 13.077 ; 15.000       ; 1.923          ; Low Pulse Width  ; ddfs:inst_ddfs_mod|freq_divider_DDFS:f_div_inst|count[19] ; Rise       ; ddfs:inst_ddfs_mod|sin_lut:lut_inst|altsyncram:rom_rtl_0|altsyncram_qm81:auto_generated|ram_block1a4~porta_address_reg7 ;
; 13.077 ; 15.000       ; 1.923          ; High Pulse Width ; ddfs:inst_ddfs_mod|freq_divider_DDFS:f_div_inst|count[19] ; Rise       ; ddfs:inst_ddfs_mod|sin_lut:lut_inst|altsyncram:rom_rtl_0|altsyncram_qm81:auto_generated|ram_block1a4~porta_address_reg8 ;
; 13.077 ; 15.000       ; 1.923          ; Low Pulse Width  ; ddfs:inst_ddfs_mod|freq_divider_DDFS:f_div_inst|count[19] ; Rise       ; ddfs:inst_ddfs_mod|sin_lut:lut_inst|altsyncram:rom_rtl_0|altsyncram_qm81:auto_generated|ram_block1a4~porta_address_reg8 ;
; 13.077 ; 15.000       ; 1.923          ; High Pulse Width ; ddfs:inst_ddfs_mod|freq_divider_DDFS:f_div_inst|count[19] ; Rise       ; ddfs:inst_ddfs_mod|sin_lut:lut_inst|altsyncram:rom_rtl_0|altsyncram_qm81:auto_generated|ram_block1a4~porta_address_reg9 ;
; 13.077 ; 15.000       ; 1.923          ; Low Pulse Width  ; ddfs:inst_ddfs_mod|freq_divider_DDFS:f_div_inst|count[19] ; Rise       ; ddfs:inst_ddfs_mod|sin_lut:lut_inst|altsyncram:rom_rtl_0|altsyncram_qm81:auto_generated|ram_block1a4~porta_address_reg9 ;
; 13.077 ; 15.000       ; 1.923          ; High Pulse Width ; ddfs:inst_ddfs_mod|freq_divider_DDFS:f_div_inst|count[19] ; Rise       ; ddfs:inst_ddfs_mod|sin_lut:lut_inst|altsyncram:rom_rtl_0|altsyncram_qm81:auto_generated|ram_block1a8~porta_address_reg0 ;
; 13.077 ; 15.000       ; 1.923          ; Low Pulse Width  ; ddfs:inst_ddfs_mod|freq_divider_DDFS:f_div_inst|count[19] ; Rise       ; ddfs:inst_ddfs_mod|sin_lut:lut_inst|altsyncram:rom_rtl_0|altsyncram_qm81:auto_generated|ram_block1a8~porta_address_reg0 ;
; 13.077 ; 15.000       ; 1.923          ; High Pulse Width ; ddfs:inst_ddfs_mod|freq_divider_DDFS:f_div_inst|count[19] ; Rise       ; ddfs:inst_ddfs_mod|sin_lut:lut_inst|altsyncram:rom_rtl_0|altsyncram_qm81:auto_generated|ram_block1a8~porta_address_reg1 ;
; 13.077 ; 15.000       ; 1.923          ; Low Pulse Width  ; ddfs:inst_ddfs_mod|freq_divider_DDFS:f_div_inst|count[19] ; Rise       ; ddfs:inst_ddfs_mod|sin_lut:lut_inst|altsyncram:rom_rtl_0|altsyncram_qm81:auto_generated|ram_block1a8~porta_address_reg1 ;
; 13.077 ; 15.000       ; 1.923          ; High Pulse Width ; ddfs:inst_ddfs_mod|freq_divider_DDFS:f_div_inst|count[19] ; Rise       ; ddfs:inst_ddfs_mod|sin_lut:lut_inst|altsyncram:rom_rtl_0|altsyncram_qm81:auto_generated|ram_block1a8~porta_address_reg2 ;
; 13.077 ; 15.000       ; 1.923          ; Low Pulse Width  ; ddfs:inst_ddfs_mod|freq_divider_DDFS:f_div_inst|count[19] ; Rise       ; ddfs:inst_ddfs_mod|sin_lut:lut_inst|altsyncram:rom_rtl_0|altsyncram_qm81:auto_generated|ram_block1a8~porta_address_reg2 ;
; 13.077 ; 15.000       ; 1.923          ; High Pulse Width ; ddfs:inst_ddfs_mod|freq_divider_DDFS:f_div_inst|count[19] ; Rise       ; ddfs:inst_ddfs_mod|sin_lut:lut_inst|altsyncram:rom_rtl_0|altsyncram_qm81:auto_generated|ram_block1a8~porta_address_reg3 ;
; 13.077 ; 15.000       ; 1.923          ; Low Pulse Width  ; ddfs:inst_ddfs_mod|freq_divider_DDFS:f_div_inst|count[19] ; Rise       ; ddfs:inst_ddfs_mod|sin_lut:lut_inst|altsyncram:rom_rtl_0|altsyncram_qm81:auto_generated|ram_block1a8~porta_address_reg3 ;
; 13.077 ; 15.000       ; 1.923          ; High Pulse Width ; ddfs:inst_ddfs_mod|freq_divider_DDFS:f_div_inst|count[19] ; Rise       ; ddfs:inst_ddfs_mod|sin_lut:lut_inst|altsyncram:rom_rtl_0|altsyncram_qm81:auto_generated|ram_block1a8~porta_address_reg4 ;
; 13.077 ; 15.000       ; 1.923          ; Low Pulse Width  ; ddfs:inst_ddfs_mod|freq_divider_DDFS:f_div_inst|count[19] ; Rise       ; ddfs:inst_ddfs_mod|sin_lut:lut_inst|altsyncram:rom_rtl_0|altsyncram_qm81:auto_generated|ram_block1a8~porta_address_reg4 ;
; 13.077 ; 15.000       ; 1.923          ; High Pulse Width ; ddfs:inst_ddfs_mod|freq_divider_DDFS:f_div_inst|count[19] ; Rise       ; ddfs:inst_ddfs_mod|sin_lut:lut_inst|altsyncram:rom_rtl_0|altsyncram_qm81:auto_generated|ram_block1a8~porta_address_reg5 ;
; 13.077 ; 15.000       ; 1.923          ; Low Pulse Width  ; ddfs:inst_ddfs_mod|freq_divider_DDFS:f_div_inst|count[19] ; Rise       ; ddfs:inst_ddfs_mod|sin_lut:lut_inst|altsyncram:rom_rtl_0|altsyncram_qm81:auto_generated|ram_block1a8~porta_address_reg5 ;
; 13.077 ; 15.000       ; 1.923          ; High Pulse Width ; ddfs:inst_ddfs_mod|freq_divider_DDFS:f_div_inst|count[19] ; Rise       ; ddfs:inst_ddfs_mod|sin_lut:lut_inst|altsyncram:rom_rtl_0|altsyncram_qm81:auto_generated|ram_block1a8~porta_address_reg6 ;
; 13.077 ; 15.000       ; 1.923          ; Low Pulse Width  ; ddfs:inst_ddfs_mod|freq_divider_DDFS:f_div_inst|count[19] ; Rise       ; ddfs:inst_ddfs_mod|sin_lut:lut_inst|altsyncram:rom_rtl_0|altsyncram_qm81:auto_generated|ram_block1a8~porta_address_reg6 ;
; 13.077 ; 15.000       ; 1.923          ; High Pulse Width ; ddfs:inst_ddfs_mod|freq_divider_DDFS:f_div_inst|count[19] ; Rise       ; ddfs:inst_ddfs_mod|sin_lut:lut_inst|altsyncram:rom_rtl_0|altsyncram_qm81:auto_generated|ram_block1a8~porta_address_reg7 ;
; 13.077 ; 15.000       ; 1.923          ; Low Pulse Width  ; ddfs:inst_ddfs_mod|freq_divider_DDFS:f_div_inst|count[19] ; Rise       ; ddfs:inst_ddfs_mod|sin_lut:lut_inst|altsyncram:rom_rtl_0|altsyncram_qm81:auto_generated|ram_block1a8~porta_address_reg7 ;
; 13.077 ; 15.000       ; 1.923          ; High Pulse Width ; ddfs:inst_ddfs_mod|freq_divider_DDFS:f_div_inst|count[19] ; Rise       ; ddfs:inst_ddfs_mod|sin_lut:lut_inst|altsyncram:rom_rtl_0|altsyncram_qm81:auto_generated|ram_block1a8~porta_address_reg8 ;
; 13.077 ; 15.000       ; 1.923          ; Low Pulse Width  ; ddfs:inst_ddfs_mod|freq_divider_DDFS:f_div_inst|count[19] ; Rise       ; ddfs:inst_ddfs_mod|sin_lut:lut_inst|altsyncram:rom_rtl_0|altsyncram_qm81:auto_generated|ram_block1a8~porta_address_reg8 ;
; 13.077 ; 15.000       ; 1.923          ; High Pulse Width ; ddfs:inst_ddfs_mod|freq_divider_DDFS:f_div_inst|count[19] ; Rise       ; ddfs:inst_ddfs_mod|sin_lut:lut_inst|altsyncram:rom_rtl_0|altsyncram_qm81:auto_generated|ram_block1a8~porta_address_reg9 ;
; 13.077 ; 15.000       ; 1.923          ; Low Pulse Width  ; ddfs:inst_ddfs_mod|freq_divider_DDFS:f_div_inst|count[19] ; Rise       ; ddfs:inst_ddfs_mod|sin_lut:lut_inst|altsyncram:rom_rtl_0|altsyncram_qm81:auto_generated|ram_block1a8~porta_address_reg9 ;
; 14.000 ; 15.000       ; 1.000          ; High Pulse Width ; ddfs:inst_ddfs_mod|freq_divider_DDFS:f_div_inst|count[19] ; Rise       ; ddfs:inst_ddfs_mod|cont[0]                                                                                              ;
; 14.000 ; 15.000       ; 1.000          ; Low Pulse Width  ; ddfs:inst_ddfs_mod|freq_divider_DDFS:f_div_inst|count[19] ; Rise       ; ddfs:inst_ddfs_mod|cont[0]                                                                                              ;
; 14.000 ; 15.000       ; 1.000          ; High Pulse Width ; ddfs:inst_ddfs_mod|freq_divider_DDFS:f_div_inst|count[19] ; Rise       ; ddfs:inst_ddfs_mod|cont[10]                                                                                             ;
; 14.000 ; 15.000       ; 1.000          ; Low Pulse Width  ; ddfs:inst_ddfs_mod|freq_divider_DDFS:f_div_inst|count[19] ; Rise       ; ddfs:inst_ddfs_mod|cont[10]                                                                                             ;
; 14.000 ; 15.000       ; 1.000          ; High Pulse Width ; ddfs:inst_ddfs_mod|freq_divider_DDFS:f_div_inst|count[19] ; Rise       ; ddfs:inst_ddfs_mod|cont[11]                                                                                             ;
; 14.000 ; 15.000       ; 1.000          ; Low Pulse Width  ; ddfs:inst_ddfs_mod|freq_divider_DDFS:f_div_inst|count[19] ; Rise       ; ddfs:inst_ddfs_mod|cont[11]                                                                                             ;
; 14.000 ; 15.000       ; 1.000          ; High Pulse Width ; ddfs:inst_ddfs_mod|freq_divider_DDFS:f_div_inst|count[19] ; Rise       ; ddfs:inst_ddfs_mod|cont[1]                                                                                              ;
; 14.000 ; 15.000       ; 1.000          ; Low Pulse Width  ; ddfs:inst_ddfs_mod|freq_divider_DDFS:f_div_inst|count[19] ; Rise       ; ddfs:inst_ddfs_mod|cont[1]                                                                                              ;
; 14.000 ; 15.000       ; 1.000          ; High Pulse Width ; ddfs:inst_ddfs_mod|freq_divider_DDFS:f_div_inst|count[19] ; Rise       ; ddfs:inst_ddfs_mod|cont[2]                                                                                              ;
; 14.000 ; 15.000       ; 1.000          ; Low Pulse Width  ; ddfs:inst_ddfs_mod|freq_divider_DDFS:f_div_inst|count[19] ; Rise       ; ddfs:inst_ddfs_mod|cont[2]                                                                                              ;
; 14.000 ; 15.000       ; 1.000          ; High Pulse Width ; ddfs:inst_ddfs_mod|freq_divider_DDFS:f_div_inst|count[19] ; Rise       ; ddfs:inst_ddfs_mod|cont[3]                                                                                              ;
; 14.000 ; 15.000       ; 1.000          ; Low Pulse Width  ; ddfs:inst_ddfs_mod|freq_divider_DDFS:f_div_inst|count[19] ; Rise       ; ddfs:inst_ddfs_mod|cont[3]                                                                                              ;
; 14.000 ; 15.000       ; 1.000          ; High Pulse Width ; ddfs:inst_ddfs_mod|freq_divider_DDFS:f_div_inst|count[19] ; Rise       ; ddfs:inst_ddfs_mod|cont[4]                                                                                              ;
; 14.000 ; 15.000       ; 1.000          ; Low Pulse Width  ; ddfs:inst_ddfs_mod|freq_divider_DDFS:f_div_inst|count[19] ; Rise       ; ddfs:inst_ddfs_mod|cont[4]                                                                                              ;
; 14.000 ; 15.000       ; 1.000          ; High Pulse Width ; ddfs:inst_ddfs_mod|freq_divider_DDFS:f_div_inst|count[19] ; Rise       ; ddfs:inst_ddfs_mod|cont[5]                                                                                              ;
; 14.000 ; 15.000       ; 1.000          ; Low Pulse Width  ; ddfs:inst_ddfs_mod|freq_divider_DDFS:f_div_inst|count[19] ; Rise       ; ddfs:inst_ddfs_mod|cont[5]                                                                                              ;
; 14.000 ; 15.000       ; 1.000          ; High Pulse Width ; ddfs:inst_ddfs_mod|freq_divider_DDFS:f_div_inst|count[19] ; Rise       ; ddfs:inst_ddfs_mod|cont[6]                                                                                              ;
; 14.000 ; 15.000       ; 1.000          ; Low Pulse Width  ; ddfs:inst_ddfs_mod|freq_divider_DDFS:f_div_inst|count[19] ; Rise       ; ddfs:inst_ddfs_mod|cont[6]                                                                                              ;
; 14.000 ; 15.000       ; 1.000          ; High Pulse Width ; ddfs:inst_ddfs_mod|freq_divider_DDFS:f_div_inst|count[19] ; Rise       ; ddfs:inst_ddfs_mod|cont[7]                                                                                              ;
; 14.000 ; 15.000       ; 1.000          ; Low Pulse Width  ; ddfs:inst_ddfs_mod|freq_divider_DDFS:f_div_inst|count[19] ; Rise       ; ddfs:inst_ddfs_mod|cont[7]                                                                                              ;
; 14.000 ; 15.000       ; 1.000          ; High Pulse Width ; ddfs:inst_ddfs_mod|freq_divider_DDFS:f_div_inst|count[19] ; Rise       ; ddfs:inst_ddfs_mod|cont[8]                                                                                              ;
; 14.000 ; 15.000       ; 1.000          ; Low Pulse Width  ; ddfs:inst_ddfs_mod|freq_divider_DDFS:f_div_inst|count[19] ; Rise       ; ddfs:inst_ddfs_mod|cont[8]                                                                                              ;
; 14.000 ; 15.000       ; 1.000          ; High Pulse Width ; ddfs:inst_ddfs_mod|freq_divider_DDFS:f_div_inst|count[19] ; Rise       ; ddfs:inst_ddfs_mod|cont[9]                                                                                              ;
; 14.000 ; 15.000       ; 1.000          ; Low Pulse Width  ; ddfs:inst_ddfs_mod|freq_divider_DDFS:f_div_inst|count[19] ; Rise       ; ddfs:inst_ddfs_mod|cont[9]                                                                                              ;
; 14.000 ; 15.000       ; 1.000          ; High Pulse Width ; ddfs:inst_ddfs_mod|freq_divider_DDFS:f_div_inst|count[19] ; Rise       ; ddfs:inst_ddfs_mod|cont_rt[10]                                                                                          ;
; 14.000 ; 15.000       ; 1.000          ; Low Pulse Width  ; ddfs:inst_ddfs_mod|freq_divider_DDFS:f_div_inst|count[19] ; Rise       ; ddfs:inst_ddfs_mod|cont_rt[10]                                                                                          ;
; 14.000 ; 15.000       ; 1.000          ; High Pulse Width ; ddfs:inst_ddfs_mod|freq_divider_DDFS:f_div_inst|count[19] ; Rise       ; ddfs:inst_ddfs_mod|cont_rt[11]                                                                                          ;
; 14.000 ; 15.000       ; 1.000          ; Low Pulse Width  ; ddfs:inst_ddfs_mod|freq_divider_DDFS:f_div_inst|count[19] ; Rise       ; ddfs:inst_ddfs_mod|cont_rt[11]                                                                                          ;
; 15.000 ; 15.000       ; 0.000          ; High Pulse Width ; ddfs:inst_ddfs_mod|freq_divider_DDFS:f_div_inst|count[19] ; Rise       ; inst_ddfs_mod|cont[0]|clk                                                                                               ;
; 15.000 ; 15.000       ; 0.000          ; Low Pulse Width  ; ddfs:inst_ddfs_mod|freq_divider_DDFS:f_div_inst|count[19] ; Rise       ; inst_ddfs_mod|cont[0]|clk                                                                                               ;
; 15.000 ; 15.000       ; 0.000          ; High Pulse Width ; ddfs:inst_ddfs_mod|freq_divider_DDFS:f_div_inst|count[19] ; Rise       ; inst_ddfs_mod|cont[10]|clk                                                                                              ;
; 15.000 ; 15.000       ; 0.000          ; Low Pulse Width  ; ddfs:inst_ddfs_mod|freq_divider_DDFS:f_div_inst|count[19] ; Rise       ; inst_ddfs_mod|cont[10]|clk                                                                                              ;
; 15.000 ; 15.000       ; 0.000          ; High Pulse Width ; ddfs:inst_ddfs_mod|freq_divider_DDFS:f_div_inst|count[19] ; Rise       ; inst_ddfs_mod|cont[11]|clk                                                                                              ;
; 15.000 ; 15.000       ; 0.000          ; Low Pulse Width  ; ddfs:inst_ddfs_mod|freq_divider_DDFS:f_div_inst|count[19] ; Rise       ; inst_ddfs_mod|cont[11]|clk                                                                                              ;
; 15.000 ; 15.000       ; 0.000          ; High Pulse Width ; ddfs:inst_ddfs_mod|freq_divider_DDFS:f_div_inst|count[19] ; Rise       ; inst_ddfs_mod|cont[1]|clk                                                                                               ;
; 15.000 ; 15.000       ; 0.000          ; Low Pulse Width  ; ddfs:inst_ddfs_mod|freq_divider_DDFS:f_div_inst|count[19] ; Rise       ; inst_ddfs_mod|cont[1]|clk                                                                                               ;
; 15.000 ; 15.000       ; 0.000          ; High Pulse Width ; ddfs:inst_ddfs_mod|freq_divider_DDFS:f_div_inst|count[19] ; Rise       ; inst_ddfs_mod|cont[2]|clk                                                                                               ;
; 15.000 ; 15.000       ; 0.000          ; Low Pulse Width  ; ddfs:inst_ddfs_mod|freq_divider_DDFS:f_div_inst|count[19] ; Rise       ; inst_ddfs_mod|cont[2]|clk                                                                                               ;
; 15.000 ; 15.000       ; 0.000          ; High Pulse Width ; ddfs:inst_ddfs_mod|freq_divider_DDFS:f_div_inst|count[19] ; Rise       ; inst_ddfs_mod|cont[3]|clk                                                                                               ;
; 15.000 ; 15.000       ; 0.000          ; Low Pulse Width  ; ddfs:inst_ddfs_mod|freq_divider_DDFS:f_div_inst|count[19] ; Rise       ; inst_ddfs_mod|cont[3]|clk                                                                                               ;
+--------+--------------+----------------+------------------+-----------------------------------------------------------+------------+-------------------------------------------------------------------------------------------------------------------------+


+-------------------------------------------------------------------------------------------------------------------------------------------------------------------+
; Clock to Output Times                                                                                                                                             ;
+--------------+-----------------------------------------------------------+-------+-------+------------+-----------------------------------------------------------+
; Data Port    ; Clock Port                                                ; Rise  ; Fall  ; Clock Edge ; Clock Reference                                           ;
+--------------+-----------------------------------------------------------+-------+-------+------------+-----------------------------------------------------------+
; VGA_CLK      ; ddfs:inst_ddfs_mod|freq_divider_DDFS:f_div_inst|count[19] ; 2.525 ;       ; Rise       ; ddfs:inst_ddfs_mod|freq_divider_DDFS:f_div_inst|count[19] ;
; VGA_R[*]     ; ddfs:inst_ddfs_mod|freq_divider_DDFS:f_div_inst|count[19] ; 7.914 ; 7.914 ; Rise       ; ddfs:inst_ddfs_mod|freq_divider_DDFS:f_div_inst|count[19] ;
;  VGA_R[0]    ; ddfs:inst_ddfs_mod|freq_divider_DDFS:f_div_inst|count[19] ; 7.567 ; 7.567 ; Rise       ; ddfs:inst_ddfs_mod|freq_divider_DDFS:f_div_inst|count[19] ;
;  VGA_R[1]    ; ddfs:inst_ddfs_mod|freq_divider_DDFS:f_div_inst|count[19] ; 7.435 ; 7.435 ; Rise       ; ddfs:inst_ddfs_mod|freq_divider_DDFS:f_div_inst|count[19] ;
;  VGA_R[2]    ; ddfs:inst_ddfs_mod|freq_divider_DDFS:f_div_inst|count[19] ; 7.472 ; 7.472 ; Rise       ; ddfs:inst_ddfs_mod|freq_divider_DDFS:f_div_inst|count[19] ;
;  VGA_R[3]    ; ddfs:inst_ddfs_mod|freq_divider_DDFS:f_div_inst|count[19] ; 7.404 ; 7.404 ; Rise       ; ddfs:inst_ddfs_mod|freq_divider_DDFS:f_div_inst|count[19] ;
;  VGA_R[4]    ; ddfs:inst_ddfs_mod|freq_divider_DDFS:f_div_inst|count[19] ; 7.516 ; 7.516 ; Rise       ; ddfs:inst_ddfs_mod|freq_divider_DDFS:f_div_inst|count[19] ;
;  VGA_R[5]    ; ddfs:inst_ddfs_mod|freq_divider_DDFS:f_div_inst|count[19] ; 7.710 ; 7.710 ; Rise       ; ddfs:inst_ddfs_mod|freq_divider_DDFS:f_div_inst|count[19] ;
;  VGA_R[6]    ; ddfs:inst_ddfs_mod|freq_divider_DDFS:f_div_inst|count[19] ; 7.712 ; 7.712 ; Rise       ; ddfs:inst_ddfs_mod|freq_divider_DDFS:f_div_inst|count[19] ;
;  VGA_R[7]    ; ddfs:inst_ddfs_mod|freq_divider_DDFS:f_div_inst|count[19] ; 7.640 ; 7.640 ; Rise       ; ddfs:inst_ddfs_mod|freq_divider_DDFS:f_div_inst|count[19] ;
;  VGA_R[8]    ; ddfs:inst_ddfs_mod|freq_divider_DDFS:f_div_inst|count[19] ; 7.647 ; 7.647 ; Rise       ; ddfs:inst_ddfs_mod|freq_divider_DDFS:f_div_inst|count[19] ;
;  VGA_R[9]    ; ddfs:inst_ddfs_mod|freq_divider_DDFS:f_div_inst|count[19] ; 7.914 ; 7.914 ; Rise       ; ddfs:inst_ddfs_mod|freq_divider_DDFS:f_div_inst|count[19] ;
; VGA_CLK      ; ddfs:inst_ddfs_mod|freq_divider_DDFS:f_div_inst|count[19] ;       ; 2.525 ; Fall       ; ddfs:inst_ddfs_mod|freq_divider_DDFS:f_div_inst|count[19] ;
; GPIO_1[*]    ; CLOCK_50                                                  ; 3.610 ; 3.610 ; Rise       ; inst_pll|altpll_component|pll|clk[0]                      ;
;  GPIO_1[0]   ; CLOCK_50                                                  ; 3.599 ; 3.599 ; Rise       ; inst_pll|altpll_component|pll|clk[0]                      ;
;  GPIO_1[1]   ; CLOCK_50                                                  ; 3.610 ; 3.610 ; Rise       ; inst_pll|altpll_component|pll|clk[0]                      ;
;  GPIO_1[2]   ; CLOCK_50                                                  ; 3.577 ; 3.577 ; Rise       ; inst_pll|altpll_component|pll|clk[0]                      ;
;  GPIO_1[3]   ; CLOCK_50                                                  ; 3.574 ; 3.574 ; Rise       ; inst_pll|altpll_component|pll|clk[0]                      ;
; LCD_DATA[*]  ; CLOCK_50                                                  ; 4.489 ; 4.489 ; Rise       ; inst_pll|altpll_component|pll|clk[0]                      ;
;  LCD_DATA[0] ; CLOCK_50                                                  ; 4.384 ; 4.384 ; Rise       ; inst_pll|altpll_component|pll|clk[0]                      ;
;  LCD_DATA[1] ; CLOCK_50                                                  ; 4.469 ; 4.469 ; Rise       ; inst_pll|altpll_component|pll|clk[0]                      ;
;  LCD_DATA[2] ; CLOCK_50                                                  ; 4.488 ; 4.488 ; Rise       ; inst_pll|altpll_component|pll|clk[0]                      ;
;  LCD_DATA[3] ; CLOCK_50                                                  ; 4.456 ; 4.456 ; Rise       ; inst_pll|altpll_component|pll|clk[0]                      ;
;  LCD_DATA[4] ; CLOCK_50                                                  ; 4.425 ; 4.425 ; Rise       ; inst_pll|altpll_component|pll|clk[0]                      ;
;  LCD_DATA[5] ; CLOCK_50                                                  ; 4.489 ; 4.489 ; Rise       ; inst_pll|altpll_component|pll|clk[0]                      ;
;  LCD_DATA[6] ; CLOCK_50                                                  ; 4.450 ; 4.450 ; Rise       ; inst_pll|altpll_component|pll|clk[0]                      ;
;  LCD_DATA[7] ; CLOCK_50                                                  ; 4.489 ; 4.489 ; Rise       ; inst_pll|altpll_component|pll|clk[0]                      ;
; LCD_EN       ; CLOCK_50                                                  ; 2.648 ; 2.648 ; Rise       ; inst_pll|altpll_component|pll|clk[0]                      ;
; LCD_RS       ; CLOCK_50                                                  ; 4.414 ; 4.414 ; Rise       ; inst_pll|altpll_component|pll|clk[0]                      ;
+--------------+-----------------------------------------------------------+-------+-------+------------+-----------------------------------------------------------+


+-------------------------------------------------------------------------------------------------------------------------------------------------------------------+
; Minimum Clock to Output Times                                                                                                                                     ;
+--------------+-----------------------------------------------------------+-------+-------+------------+-----------------------------------------------------------+
; Data Port    ; Clock Port                                                ; Rise  ; Fall  ; Clock Edge ; Clock Reference                                           ;
+--------------+-----------------------------------------------------------+-------+-------+------------+-----------------------------------------------------------+
; VGA_CLK      ; ddfs:inst_ddfs_mod|freq_divider_DDFS:f_div_inst|count[19] ; 2.525 ;       ; Rise       ; ddfs:inst_ddfs_mod|freq_divider_DDFS:f_div_inst|count[19] ;
; VGA_R[*]     ; ddfs:inst_ddfs_mod|freq_divider_DDFS:f_div_inst|count[19] ; 4.791 ; 4.791 ; Rise       ; ddfs:inst_ddfs_mod|freq_divider_DDFS:f_div_inst|count[19] ;
;  VGA_R[0]    ; ddfs:inst_ddfs_mod|freq_divider_DDFS:f_div_inst|count[19] ; 5.113 ; 5.113 ; Rise       ; ddfs:inst_ddfs_mod|freq_divider_DDFS:f_div_inst|count[19] ;
;  VGA_R[1]    ; ddfs:inst_ddfs_mod|freq_divider_DDFS:f_div_inst|count[19] ; 5.121 ; 5.121 ; Rise       ; ddfs:inst_ddfs_mod|freq_divider_DDFS:f_div_inst|count[19] ;
;  VGA_R[2]    ; ddfs:inst_ddfs_mod|freq_divider_DDFS:f_div_inst|count[19] ; 5.126 ; 5.126 ; Rise       ; ddfs:inst_ddfs_mod|freq_divider_DDFS:f_div_inst|count[19] ;
;  VGA_R[3]    ; ddfs:inst_ddfs_mod|freq_divider_DDFS:f_div_inst|count[19] ; 5.104 ; 5.104 ; Rise       ; ddfs:inst_ddfs_mod|freq_divider_DDFS:f_div_inst|count[19] ;
;  VGA_R[4]    ; ddfs:inst_ddfs_mod|freq_divider_DDFS:f_div_inst|count[19] ; 5.115 ; 5.115 ; Rise       ; ddfs:inst_ddfs_mod|freq_divider_DDFS:f_div_inst|count[19] ;
;  VGA_R[5]    ; ddfs:inst_ddfs_mod|freq_divider_DDFS:f_div_inst|count[19] ; 5.160 ; 5.160 ; Rise       ; ddfs:inst_ddfs_mod|freq_divider_DDFS:f_div_inst|count[19] ;
;  VGA_R[6]    ; ddfs:inst_ddfs_mod|freq_divider_DDFS:f_div_inst|count[19] ; 4.989 ; 4.989 ; Rise       ; ddfs:inst_ddfs_mod|freq_divider_DDFS:f_div_inst|count[19] ;
;  VGA_R[7]    ; ddfs:inst_ddfs_mod|freq_divider_DDFS:f_div_inst|count[19] ; 5.135 ; 5.135 ; Rise       ; ddfs:inst_ddfs_mod|freq_divider_DDFS:f_div_inst|count[19] ;
;  VGA_R[8]    ; ddfs:inst_ddfs_mod|freq_divider_DDFS:f_div_inst|count[19] ; 5.112 ; 5.112 ; Rise       ; ddfs:inst_ddfs_mod|freq_divider_DDFS:f_div_inst|count[19] ;
;  VGA_R[9]    ; ddfs:inst_ddfs_mod|freq_divider_DDFS:f_div_inst|count[19] ; 4.791 ; 4.791 ; Rise       ; ddfs:inst_ddfs_mod|freq_divider_DDFS:f_div_inst|count[19] ;
; VGA_CLK      ; ddfs:inst_ddfs_mod|freq_divider_DDFS:f_div_inst|count[19] ;       ; 2.525 ; Fall       ; ddfs:inst_ddfs_mod|freq_divider_DDFS:f_div_inst|count[19] ;
; GPIO_1[*]    ; CLOCK_50                                                  ; 2.507 ; 2.507 ; Rise       ; inst_pll|altpll_component|pll|clk[0]                      ;
;  GPIO_1[0]   ; CLOCK_50                                                  ; 2.542 ; 2.542 ; Rise       ; inst_pll|altpll_component|pll|clk[0]                      ;
;  GPIO_1[1]   ; CLOCK_50                                                  ; 2.541 ; 2.541 ; Rise       ; inst_pll|altpll_component|pll|clk[0]                      ;
;  GPIO_1[2]   ; CLOCK_50                                                  ; 2.517 ; 2.517 ; Rise       ; inst_pll|altpll_component|pll|clk[0]                      ;
;  GPIO_1[3]   ; CLOCK_50                                                  ; 2.507 ; 2.507 ; Rise       ; inst_pll|altpll_component|pll|clk[0]                      ;
; LCD_DATA[*]  ; CLOCK_50                                                  ; 2.493 ; 2.493 ; Rise       ; inst_pll|altpll_component|pll|clk[0]                      ;
;  LCD_DATA[0] ; CLOCK_50                                                  ; 2.493 ; 2.493 ; Rise       ; inst_pll|altpll_component|pll|clk[0]                      ;
;  LCD_DATA[1] ; CLOCK_50                                                  ; 2.824 ; 2.824 ; Rise       ; inst_pll|altpll_component|pll|clk[0]                      ;
;  LCD_DATA[2] ; CLOCK_50                                                  ; 2.841 ; 2.841 ; Rise       ; inst_pll|altpll_component|pll|clk[0]                      ;
;  LCD_DATA[3] ; CLOCK_50                                                  ; 2.637 ; 2.637 ; Rise       ; inst_pll|altpll_component|pll|clk[0]                      ;
;  LCD_DATA[4] ; CLOCK_50                                                  ; 2.631 ; 2.631 ; Rise       ; inst_pll|altpll_component|pll|clk[0]                      ;
;  LCD_DATA[5] ; CLOCK_50                                                  ; 2.776 ; 2.776 ; Rise       ; inst_pll|altpll_component|pll|clk[0]                      ;
;  LCD_DATA[6] ; CLOCK_50                                                  ; 2.744 ; 2.744 ; Rise       ; inst_pll|altpll_component|pll|clk[0]                      ;
;  LCD_DATA[7] ; CLOCK_50                                                  ; 2.763 ; 2.763 ; Rise       ; inst_pll|altpll_component|pll|clk[0]                      ;
; LCD_EN       ; CLOCK_50                                                  ; 2.512 ; 2.512 ; Rise       ; inst_pll|altpll_component|pll|clk[0]                      ;
; LCD_RS       ; CLOCK_50                                                  ; 2.340 ; 2.340 ; Rise       ; inst_pll|altpll_component|pll|clk[0]                      ;
+--------------+-----------------------------------------------------------+-------+-------+------------+-----------------------------------------------------------+


+-----------------------------------------------------------------------------------------------------------------------+
; Multicorner Timing Analysis Summary                                                                                   ;
+------------------------------------------------------------+-------+-------+----------+---------+---------------------+
; Clock                                                      ; Setup ; Hold  ; Recovery ; Removal ; Minimum Pulse Width ;
+------------------------------------------------------------+-------+-------+----------+---------+---------------------+
; Worst-case Slack                                           ; 1.648 ; 0.215 ; N/A      ; N/A     ; 5.219               ;
;  CLOCK_50                                                  ; N/A   ; N/A   ; N/A      ; N/A     ; 10.000              ;
;  ddfs:inst_ddfs_mod|freq_divider_DDFS:f_div_inst|count[19] ; 8.224 ; 0.272 ; N/A      ; N/A     ; 13.077              ;
;  inst_pll|altpll_component|pll|clk[0]                      ; 1.648 ; 0.215 ; N/A      ; N/A     ; 5.219               ;
; Design-wide TNS                                            ; 0.0   ; 0.0   ; 0.0      ; 0.0     ; 0.0                 ;
;  CLOCK_50                                                  ; N/A   ; N/A   ; N/A      ; N/A     ; 0.000               ;
;  ddfs:inst_ddfs_mod|freq_divider_DDFS:f_div_inst|count[19] ; 0.000 ; 0.000 ; N/A      ; N/A     ; 0.000               ;
;  inst_pll|altpll_component|pll|clk[0]                      ; 0.000 ; 0.000 ; N/A      ; N/A     ; 0.000               ;
+------------------------------------------------------------+-------+-------+----------+---------+---------------------+


+---------------------------------------------------------------------------------------------------------------------------------------------------------------------+
; Clock to Output Times                                                                                                                                               ;
+--------------+-----------------------------------------------------------+--------+--------+------------+-----------------------------------------------------------+
; Data Port    ; Clock Port                                                ; Rise   ; Fall   ; Clock Edge ; Clock Reference                                           ;
+--------------+-----------------------------------------------------------+--------+--------+------------+-----------------------------------------------------------+
; VGA_CLK      ; ddfs:inst_ddfs_mod|freq_divider_DDFS:f_div_inst|count[19] ; 4.776  ;        ; Rise       ; ddfs:inst_ddfs_mod|freq_divider_DDFS:f_div_inst|count[19] ;
; VGA_R[*]     ; ddfs:inst_ddfs_mod|freq_divider_DDFS:f_div_inst|count[19] ; 14.625 ; 14.625 ; Rise       ; ddfs:inst_ddfs_mod|freq_divider_DDFS:f_div_inst|count[19] ;
;  VGA_R[0]    ; ddfs:inst_ddfs_mod|freq_divider_DDFS:f_div_inst|count[19] ; 14.020 ; 14.020 ; Rise       ; ddfs:inst_ddfs_mod|freq_divider_DDFS:f_div_inst|count[19] ;
;  VGA_R[1]    ; ddfs:inst_ddfs_mod|freq_divider_DDFS:f_div_inst|count[19] ; 13.718 ; 13.718 ; Rise       ; ddfs:inst_ddfs_mod|freq_divider_DDFS:f_div_inst|count[19] ;
;  VGA_R[2]    ; ddfs:inst_ddfs_mod|freq_divider_DDFS:f_div_inst|count[19] ; 13.793 ; 13.793 ; Rise       ; ddfs:inst_ddfs_mod|freq_divider_DDFS:f_div_inst|count[19] ;
;  VGA_R[3]    ; ddfs:inst_ddfs_mod|freq_divider_DDFS:f_div_inst|count[19] ; 13.640 ; 13.640 ; Rise       ; ddfs:inst_ddfs_mod|freq_divider_DDFS:f_div_inst|count[19] ;
;  VGA_R[4]    ; ddfs:inst_ddfs_mod|freq_divider_DDFS:f_div_inst|count[19] ; 13.825 ; 13.825 ; Rise       ; ddfs:inst_ddfs_mod|freq_divider_DDFS:f_div_inst|count[19] ;
;  VGA_R[5]    ; ddfs:inst_ddfs_mod|freq_divider_DDFS:f_div_inst|count[19] ; 14.238 ; 14.238 ; Rise       ; ddfs:inst_ddfs_mod|freq_divider_DDFS:f_div_inst|count[19] ;
;  VGA_R[6]    ; ddfs:inst_ddfs_mod|freq_divider_DDFS:f_div_inst|count[19] ; 14.284 ; 14.284 ; Rise       ; ddfs:inst_ddfs_mod|freq_divider_DDFS:f_div_inst|count[19] ;
;  VGA_R[7]    ; ddfs:inst_ddfs_mod|freq_divider_DDFS:f_div_inst|count[19] ; 14.081 ; 14.081 ; Rise       ; ddfs:inst_ddfs_mod|freq_divider_DDFS:f_div_inst|count[19] ;
;  VGA_R[8]    ; ddfs:inst_ddfs_mod|freq_divider_DDFS:f_div_inst|count[19] ; 14.118 ; 14.118 ; Rise       ; ddfs:inst_ddfs_mod|freq_divider_DDFS:f_div_inst|count[19] ;
;  VGA_R[9]    ; ddfs:inst_ddfs_mod|freq_divider_DDFS:f_div_inst|count[19] ; 14.625 ; 14.625 ; Rise       ; ddfs:inst_ddfs_mod|freq_divider_DDFS:f_div_inst|count[19] ;
; VGA_CLK      ; ddfs:inst_ddfs_mod|freq_divider_DDFS:f_div_inst|count[19] ;        ; 4.776  ; Fall       ; ddfs:inst_ddfs_mod|freq_divider_DDFS:f_div_inst|count[19] ;
; GPIO_1[*]    ; CLOCK_50                                                  ; 7.688  ; 7.688  ; Rise       ; inst_pll|altpll_component|pll|clk[0]                      ;
;  GPIO_1[0]   ; CLOCK_50                                                  ; 7.674  ; 7.674  ; Rise       ; inst_pll|altpll_component|pll|clk[0]                      ;
;  GPIO_1[1]   ; CLOCK_50                                                  ; 7.688  ; 7.688  ; Rise       ; inst_pll|altpll_component|pll|clk[0]                      ;
;  GPIO_1[2]   ; CLOCK_50                                                  ; 7.653  ; 7.653  ; Rise       ; inst_pll|altpll_component|pll|clk[0]                      ;
;  GPIO_1[3]   ; CLOCK_50                                                  ; 7.649  ; 7.649  ; Rise       ; inst_pll|altpll_component|pll|clk[0]                      ;
; LCD_DATA[*]  ; CLOCK_50                                                  ; 8.205  ; 8.205  ; Rise       ; inst_pll|altpll_component|pll|clk[0]                      ;
;  LCD_DATA[0] ; CLOCK_50                                                  ; 8.032  ; 8.032  ; Rise       ; inst_pll|altpll_component|pll|clk[0]                      ;
;  LCD_DATA[1] ; CLOCK_50                                                  ; 8.175  ; 8.175  ; Rise       ; inst_pll|altpll_component|pll|clk[0]                      ;
;  LCD_DATA[2] ; CLOCK_50                                                  ; 8.205  ; 8.205  ; Rise       ; inst_pll|altpll_component|pll|clk[0]                      ;
;  LCD_DATA[3] ; CLOCK_50                                                  ; 8.203  ; 8.203  ; Rise       ; inst_pll|altpll_component|pll|clk[0]                      ;
;  LCD_DATA[4] ; CLOCK_50                                                  ; 8.159  ; 8.159  ; Rise       ; inst_pll|altpll_component|pll|clk[0]                      ;
;  LCD_DATA[5] ; CLOCK_50                                                  ; 8.174  ; 8.174  ; Rise       ; inst_pll|altpll_component|pll|clk[0]                      ;
;  LCD_DATA[6] ; CLOCK_50                                                  ; 8.147  ; 8.147  ; Rise       ; inst_pll|altpll_component|pll|clk[0]                      ;
;  LCD_DATA[7] ; CLOCK_50                                                  ; 8.200  ; 8.200  ; Rise       ; inst_pll|altpll_component|pll|clk[0]                      ;
; LCD_EN       ; CLOCK_50                                                  ; 5.495  ; 5.495  ; Rise       ; inst_pll|altpll_component|pll|clk[0]                      ;
; LCD_RS       ; CLOCK_50                                                  ; 8.079  ; 8.079  ; Rise       ; inst_pll|altpll_component|pll|clk[0]                      ;
+--------------+-----------------------------------------------------------+--------+--------+------------+-----------------------------------------------------------+


+-------------------------------------------------------------------------------------------------------------------------------------------------------------------+
; Minimum Clock to Output Times                                                                                                                                     ;
+--------------+-----------------------------------------------------------+-------+-------+------------+-----------------------------------------------------------+
; Data Port    ; Clock Port                                                ; Rise  ; Fall  ; Clock Edge ; Clock Reference                                           ;
+--------------+-----------------------------------------------------------+-------+-------+------------+-----------------------------------------------------------+
; VGA_CLK      ; ddfs:inst_ddfs_mod|freq_divider_DDFS:f_div_inst|count[19] ; 2.525 ;       ; Rise       ; ddfs:inst_ddfs_mod|freq_divider_DDFS:f_div_inst|count[19] ;
; VGA_R[*]     ; ddfs:inst_ddfs_mod|freq_divider_DDFS:f_div_inst|count[19] ; 4.791 ; 4.791 ; Rise       ; ddfs:inst_ddfs_mod|freq_divider_DDFS:f_div_inst|count[19] ;
;  VGA_R[0]    ; ddfs:inst_ddfs_mod|freq_divider_DDFS:f_div_inst|count[19] ; 5.113 ; 5.113 ; Rise       ; ddfs:inst_ddfs_mod|freq_divider_DDFS:f_div_inst|count[19] ;
;  VGA_R[1]    ; ddfs:inst_ddfs_mod|freq_divider_DDFS:f_div_inst|count[19] ; 5.121 ; 5.121 ; Rise       ; ddfs:inst_ddfs_mod|freq_divider_DDFS:f_div_inst|count[19] ;
;  VGA_R[2]    ; ddfs:inst_ddfs_mod|freq_divider_DDFS:f_div_inst|count[19] ; 5.126 ; 5.126 ; Rise       ; ddfs:inst_ddfs_mod|freq_divider_DDFS:f_div_inst|count[19] ;
;  VGA_R[3]    ; ddfs:inst_ddfs_mod|freq_divider_DDFS:f_div_inst|count[19] ; 5.104 ; 5.104 ; Rise       ; ddfs:inst_ddfs_mod|freq_divider_DDFS:f_div_inst|count[19] ;
;  VGA_R[4]    ; ddfs:inst_ddfs_mod|freq_divider_DDFS:f_div_inst|count[19] ; 5.115 ; 5.115 ; Rise       ; ddfs:inst_ddfs_mod|freq_divider_DDFS:f_div_inst|count[19] ;
;  VGA_R[5]    ; ddfs:inst_ddfs_mod|freq_divider_DDFS:f_div_inst|count[19] ; 5.160 ; 5.160 ; Rise       ; ddfs:inst_ddfs_mod|freq_divider_DDFS:f_div_inst|count[19] ;
;  VGA_R[6]    ; ddfs:inst_ddfs_mod|freq_divider_DDFS:f_div_inst|count[19] ; 4.989 ; 4.989 ; Rise       ; ddfs:inst_ddfs_mod|freq_divider_DDFS:f_div_inst|count[19] ;
;  VGA_R[7]    ; ddfs:inst_ddfs_mod|freq_divider_DDFS:f_div_inst|count[19] ; 5.135 ; 5.135 ; Rise       ; ddfs:inst_ddfs_mod|freq_divider_DDFS:f_div_inst|count[19] ;
;  VGA_R[8]    ; ddfs:inst_ddfs_mod|freq_divider_DDFS:f_div_inst|count[19] ; 5.112 ; 5.112 ; Rise       ; ddfs:inst_ddfs_mod|freq_divider_DDFS:f_div_inst|count[19] ;
;  VGA_R[9]    ; ddfs:inst_ddfs_mod|freq_divider_DDFS:f_div_inst|count[19] ; 4.791 ; 4.791 ; Rise       ; ddfs:inst_ddfs_mod|freq_divider_DDFS:f_div_inst|count[19] ;
; VGA_CLK      ; ddfs:inst_ddfs_mod|freq_divider_DDFS:f_div_inst|count[19] ;       ; 2.525 ; Fall       ; ddfs:inst_ddfs_mod|freq_divider_DDFS:f_div_inst|count[19] ;
; GPIO_1[*]    ; CLOCK_50                                                  ; 2.507 ; 2.507 ; Rise       ; inst_pll|altpll_component|pll|clk[0]                      ;
;  GPIO_1[0]   ; CLOCK_50                                                  ; 2.542 ; 2.542 ; Rise       ; inst_pll|altpll_component|pll|clk[0]                      ;
;  GPIO_1[1]   ; CLOCK_50                                                  ; 2.541 ; 2.541 ; Rise       ; inst_pll|altpll_component|pll|clk[0]                      ;
;  GPIO_1[2]   ; CLOCK_50                                                  ; 2.517 ; 2.517 ; Rise       ; inst_pll|altpll_component|pll|clk[0]                      ;
;  GPIO_1[3]   ; CLOCK_50                                                  ; 2.507 ; 2.507 ; Rise       ; inst_pll|altpll_component|pll|clk[0]                      ;
; LCD_DATA[*]  ; CLOCK_50                                                  ; 2.493 ; 2.493 ; Rise       ; inst_pll|altpll_component|pll|clk[0]                      ;
;  LCD_DATA[0] ; CLOCK_50                                                  ; 2.493 ; 2.493 ; Rise       ; inst_pll|altpll_component|pll|clk[0]                      ;
;  LCD_DATA[1] ; CLOCK_50                                                  ; 2.824 ; 2.824 ; Rise       ; inst_pll|altpll_component|pll|clk[0]                      ;
;  LCD_DATA[2] ; CLOCK_50                                                  ; 2.841 ; 2.841 ; Rise       ; inst_pll|altpll_component|pll|clk[0]                      ;
;  LCD_DATA[3] ; CLOCK_50                                                  ; 2.637 ; 2.637 ; Rise       ; inst_pll|altpll_component|pll|clk[0]                      ;
;  LCD_DATA[4] ; CLOCK_50                                                  ; 2.631 ; 2.631 ; Rise       ; inst_pll|altpll_component|pll|clk[0]                      ;
;  LCD_DATA[5] ; CLOCK_50                                                  ; 2.776 ; 2.776 ; Rise       ; inst_pll|altpll_component|pll|clk[0]                      ;
;  LCD_DATA[6] ; CLOCK_50                                                  ; 2.744 ; 2.744 ; Rise       ; inst_pll|altpll_component|pll|clk[0]                      ;
;  LCD_DATA[7] ; CLOCK_50                                                  ; 2.763 ; 2.763 ; Rise       ; inst_pll|altpll_component|pll|clk[0]                      ;
; LCD_EN       ; CLOCK_50                                                  ; 2.512 ; 2.512 ; Rise       ; inst_pll|altpll_component|pll|clk[0]                      ;
; LCD_RS       ; CLOCK_50                                                  ; 2.340 ; 2.340 ; Rise       ; inst_pll|altpll_component|pll|clk[0]                      ;
+--------------+-----------------------------------------------------------+-------+-------+------------+-----------------------------------------------------------+


+-------------------------------------------------------------------------------------------------------------------------------------------------------------------------+
; Setup Transfers                                                                                                                                                         ;
+-----------------------------------------------------------+-----------------------------------------------------------+------------+------------+------------+----------+
; From Clock                                                ; To Clock                                                  ; RR Paths   ; FR Paths   ; RF Paths   ; FF Paths ;
+-----------------------------------------------------------+-----------------------------------------------------------+------------+------------+------------+----------+
; ddfs:inst_ddfs_mod|freq_divider_DDFS:f_div_inst|count[19] ; ddfs:inst_ddfs_mod|freq_divider_DDFS:f_div_inst|count[19] ; 4181       ; 1          ; 0          ; 0        ;
; inst_pll|altpll_component|pll|clk[0]                      ; ddfs:inst_ddfs_mod|freq_divider_DDFS:f_div_inst|count[19] ; false path ; 0          ; false path ; 0        ;
; ddfs:inst_ddfs_mod|freq_divider_DDFS:f_div_inst|count[19] ; inst_pll|altpll_component|pll|clk[0]                      ; false path ; false path ; 0          ; 0        ;
; inst_pll|altpll_component|pll|clk[0]                      ; inst_pll|altpll_component|pll|clk[0]                      ; 6609782    ; 0          ; 0          ; 0        ;
+-----------------------------------------------------------+-----------------------------------------------------------+------------+------------+------------+----------+
Entries labeled "false path" only account for clock-to-clock false paths and not path-based false paths. As a result, actual path counts may be lower than reported.


+-------------------------------------------------------------------------------------------------------------------------------------------------------------------------+
; Hold Transfers                                                                                                                                                          ;
+-----------------------------------------------------------+-----------------------------------------------------------+------------+------------+------------+----------+
; From Clock                                                ; To Clock                                                  ; RR Paths   ; FR Paths   ; RF Paths   ; FF Paths ;
+-----------------------------------------------------------+-----------------------------------------------------------+------------+------------+------------+----------+
; ddfs:inst_ddfs_mod|freq_divider_DDFS:f_div_inst|count[19] ; ddfs:inst_ddfs_mod|freq_divider_DDFS:f_div_inst|count[19] ; 4181       ; 1          ; 0          ; 0        ;
; inst_pll|altpll_component|pll|clk[0]                      ; ddfs:inst_ddfs_mod|freq_divider_DDFS:f_div_inst|count[19] ; false path ; 0          ; false path ; 0        ;
; ddfs:inst_ddfs_mod|freq_divider_DDFS:f_div_inst|count[19] ; inst_pll|altpll_component|pll|clk[0]                      ; false path ; false path ; 0          ; 0        ;
; inst_pll|altpll_component|pll|clk[0]                      ; inst_pll|altpll_component|pll|clk[0]                      ; 6609782    ; 0          ; 0          ; 0        ;
+-----------------------------------------------------------+-----------------------------------------------------------+------------+------------+------------+----------+
Entries labeled "false path" only account for clock-to-clock false paths and not path-based false paths. As a result, actual path counts may be lower than reported.


+------------------------------------------------------------------------------------------------------------------------------------------------+
; Recovery Transfers                                                                                                                             ;
+--------------------------------------+-----------------------------------------------------------+------------+----------+----------+----------+
; From Clock                           ; To Clock                                                  ; RR Paths   ; FR Paths ; RF Paths ; FF Paths ;
+--------------------------------------+-----------------------------------------------------------+------------+----------+----------+----------+
; inst_pll|altpll_component|pll|clk[0] ; ddfs:inst_ddfs_mod|freq_divider_DDFS:f_div_inst|count[19] ; false path ; 0        ; 0        ; 0        ;
+--------------------------------------+-----------------------------------------------------------+------------+----------+----------+----------+
Entries labeled "false path" only account for clock-to-clock false paths and not path-based false paths. As a result, actual path counts may be lower than reported.


+------------------------------------------------------------------------------------------------------------------------------------------------+
; Removal Transfers                                                                                                                              ;
+--------------------------------------+-----------------------------------------------------------+------------+----------+----------+----------+
; From Clock                           ; To Clock                                                  ; RR Paths   ; FR Paths ; RF Paths ; FF Paths ;
+--------------------------------------+-----------------------------------------------------------+------------+----------+----------+----------+
; inst_pll|altpll_component|pll|clk[0] ; ddfs:inst_ddfs_mod|freq_divider_DDFS:f_div_inst|count[19] ; false path ; 0        ; 0        ; 0        ;
+--------------------------------------+-----------------------------------------------------------+------------+----------+----------+----------+
Entries labeled "false path" only account for clock-to-clock false paths and not path-based false paths. As a result, actual path counts may be lower than reported.


---------------
; Report TCCS ;
---------------
No dedicated SERDES Transmitter circuitry present in device or used in design


---------------
; Report RSKM ;
---------------
No dedicated SERDES Receiver circuitry present in device or used in design


+------------------------------------------------+
; Unconstrained Paths                            ;
+---------------------------------+-------+------+
; Property                        ; Setup ; Hold ;
+---------------------------------+-------+------+
; Illegal Clocks                  ; 0     ; 0    ;
; Unconstrained Clocks            ; 0     ; 0    ;
; Unconstrained Input Ports       ; 0     ; 0    ;
; Unconstrained Input Port Paths  ; 0     ; 0    ;
; Unconstrained Output Ports      ; 0     ; 0    ;
; Unconstrained Output Port Paths ; 0     ; 0    ;
+---------------------------------+-------+------+


+------------------------------------+
; TimeQuest Timing Analyzer Messages ;
+------------------------------------+
Info: *******************************************************************
Info: Running Quartus II 64-Bit TimeQuest Timing Analyzer
    Info: Version 13.0.1 Build 232 06/12/2013 Service Pack 1 SJ Web Edition
    Info: Processing started: Wed Dec 24 18:26:27 2025
Info: Command: quartus_sta main_function_generator -c main_function_generator
Info: qsta_default_script.tcl version: #1
Warning (20028): Parallel compilation is not licensed and has been disabled
Info (21077): Low junction temperature is 0 degrees C
Info (21077): High junction temperature is 85 degrees C
Info (332104): Reading SDC File: 'main_function_generator.out.sdc'
Info: Found TIMEQUEST_REPORT_SCRIPT_INCLUDE_DEFAULT_ANALYSIS = ON
Info: Analyzing Slow Model
Info (332146): Worst-case setup slack is 1.648
    Info (332119):     Slack End Point TNS Clock 
    Info (332119): ========= ============= =====================
    Info (332119):     1.648         0.000 inst_pll|altpll_component|pll|clk[0] 
    Info (332119):     8.224         0.000 ddfs:inst_ddfs_mod|freq_divider_DDFS:f_div_inst|count[19] 
Info (332146): Worst-case hold slack is 0.391
    Info (332119):     Slack End Point TNS Clock 
    Info (332119): ========= ============= =====================
    Info (332119):     0.391         0.000 inst_pll|altpll_component|pll|clk[0] 
    Info (332119):     0.585         0.000 ddfs:inst_ddfs_mod|freq_divider_DDFS:f_div_inst|count[19] 
Info (332140): No Recovery paths to report
Info (332140): No Removal paths to report
Info (332146): Worst-case minimum pulse width slack is 5.219
    Info (332119):     Slack End Point TNS Clock 
    Info (332119): ========= ============= =====================
    Info (332119):     5.219         0.000 inst_pll|altpll_component|pll|clk[0] 
    Info (332119):    10.000         0.000 CLOCK_50 
    Info (332119):    13.077         0.000 ddfs:inst_ddfs_mod|freq_divider_DDFS:f_div_inst|count[19] 
Info (332001): The selected device family is not supported by the report_metastability command.
Info: Analyzing Fast Model
Info (332146): Worst-case setup slack is 7.125
    Info (332119):     Slack End Point TNS Clock 
    Info (332119): ========= ============= =====================
    Info (332119):     7.125         0.000 inst_pll|altpll_component|pll|clk[0] 
    Info (332119):    10.475         0.000 ddfs:inst_ddfs_mod|freq_divider_DDFS:f_div_inst|count[19] 
Info (332146): Worst-case hold slack is 0.215
    Info (332119):     Slack End Point TNS Clock 
    Info (332119): ========= ============= =====================
    Info (332119):     0.215         0.000 inst_pll|altpll_component|pll|clk[0] 
    Info (332119):     0.272         0.000 ddfs:inst_ddfs_mod|freq_divider_DDFS:f_div_inst|count[19] 
Info (332140): No Recovery paths to report
Info (332140): No Removal paths to report
Info (332146): Worst-case minimum pulse width slack is 5.219
    Info (332119):     Slack End Point TNS Clock 
    Info (332119): ========= ============= =====================
    Info (332119):     5.219         0.000 inst_pll|altpll_component|pll|clk[0] 
    Info (332119):    10.000         0.000 CLOCK_50 
    Info (332119):    13.077         0.000 ddfs:inst_ddfs_mod|freq_divider_DDFS:f_div_inst|count[19] 
Info (332001): The selected device family is not supported by the report_metastability command.
Info (332101): Design is fully constrained for setup requirements
Info (332101): Design is fully constrained for hold requirements
Info: Quartus II 64-Bit TimeQuest Timing Analyzer was successful. 0 errors, 1 warning
    Info: Peak virtual memory: 4626 megabytes
    Info: Processing ended: Wed Dec 24 18:26:28 2025
    Info: Elapsed time: 00:00:01
    Info: Total CPU time (on all processors): 00:00:01


