TimeQuest Timing Analyzer report for funct_gen
Wed Dec 17 17:53:11 2025
Quartus II 64-Bit Version 13.0.1 Build 232 06/12/2013 Service Pack 1 SJ Web Edition


---------------------
; Table of Contents ;
---------------------
  1. Legal Notice
  2. TimeQuest Timing Analyzer Summary
  3. Parallel Compilation
  4. Clocks
  5. Slow Model Fmax Summary
  6. Slow Model Setup Summary
  7. Slow Model Hold Summary
  8. Slow Model Recovery Summary
  9. Slow Model Removal Summary
 10. Slow Model Minimum Pulse Width Summary
 11. Slow Model Setup: 'ddfs:inst|freq_divider_DDFS:f_div_inst|count[19]'
 12. Slow Model Setup: 'inst1|altpll_component|pll|clk[0]'
 13. Slow Model Hold: 'inst1|altpll_component|pll|clk[0]'
 14. Slow Model Hold: 'ddfs:inst|freq_divider_DDFS:f_div_inst|count[19]'
 15. Slow Model Minimum Pulse Width: 'ddfs:inst|freq_divider_DDFS:f_div_inst|count[19]'
 16. Slow Model Minimum Pulse Width: 'inst1|altpll_component|pll|clk[0]'
 17. Slow Model Minimum Pulse Width: 'CLOCK_50'
 18. Setup Times
 19. Hold Times
 20. Clock to Output Times
 21. Minimum Clock to Output Times
 22. Propagation Delay
 23. Minimum Propagation Delay
 24. Fast Model Setup Summary
 25. Fast Model Hold Summary
 26. Fast Model Recovery Summary
 27. Fast Model Removal Summary
 28. Fast Model Minimum Pulse Width Summary
 29. Fast Model Setup: 'ddfs:inst|freq_divider_DDFS:f_div_inst|count[19]'
 30. Fast Model Setup: 'inst1|altpll_component|pll|clk[0]'
 31. Fast Model Hold: 'inst1|altpll_component|pll|clk[0]'
 32. Fast Model Hold: 'ddfs:inst|freq_divider_DDFS:f_div_inst|count[19]'
 33. Fast Model Minimum Pulse Width: 'ddfs:inst|freq_divider_DDFS:f_div_inst|count[19]'
 34. Fast Model Minimum Pulse Width: 'inst1|altpll_component|pll|clk[0]'
 35. Fast Model Minimum Pulse Width: 'CLOCK_50'
 36. Setup Times
 37. Hold Times
 38. Clock to Output Times
 39. Minimum Clock to Output Times
 40. Propagation Delay
 41. Minimum Propagation Delay
 42. Multicorner Timing Analysis Summary
 43. Setup Times
 44. Hold Times
 45. Clock to Output Times
 46. Minimum Clock to Output Times
 47. Progagation Delay
 48. Minimum Progagation Delay
 49. Setup Transfers
 50. Hold Transfers
 51. Report TCCS
 52. Report RSKM
 53. Unconstrained Paths
 54. TimeQuest Timing Analyzer Messages



----------------
; Legal Notice ;
----------------
Copyright (C) 1991-2013 Altera Corporation
Your use of Altera Corporation's design tools, logic functions 
and other software and tools, and its AMPP partner logic 
functions, and any output files from any of the foregoing 
(including device programming or simulation files), and any 
associated documentation or information are expressly subject 
to the terms and conditions of the Altera Program License 
Subscription Agreement, Altera MegaCore Function License 
Agreement, or other applicable license agreement, including, 
without limitation, that your use is for the sole purpose of 
programming logic devices manufactured by Altera and sold by 
Altera or its authorized distributors.  Please refer to the 
applicable agreement for further details.



+----------------------------------------------------------------------------------------+
; TimeQuest Timing Analyzer Summary                                                      ;
+--------------------+-------------------------------------------------------------------+
; Quartus II Version ; Version 13.0.1 Build 232 06/12/2013 Service Pack 1 SJ Web Edition ;
; Revision Name      ; funct_gen                                                         ;
; Device Family      ; Cyclone II                                                        ;
; Device Name        ; EP2C35F672C6                                                      ;
; Timing Models      ; Final                                                             ;
; Delay Model        ; Combined                                                          ;
; Rise/Fall Delays   ; Unavailable                                                       ;
+--------------------+-------------------------------------------------------------------+


Parallel compilation was disabled, but you have multiple processors available. Enable parallel compilation to reduce compilation time.
+-------------------------------------+
; Parallel Compilation                ;
+----------------------------+--------+
; Processors                 ; Number ;
+----------------------------+--------+
; Number detected on machine ; 12     ;
; Maximum allowed            ; 1      ;
+----------------------------+--------+


+---------------------------------------------------------------------------------------------------------------------------------------------------------------------------------------------------------------------------------------------------------------------------------------------------------+
; Clocks                                                                                                                                                                                                                                                                                                  ;
+--------------------------------------------------+-----------+--------+------------+-------+--------+------------+-----------+-------------+-------+--------+-----------+------------+----------+----------+-------------------------------------+------------------------------------------------------+
; Clock Name                                       ; Type      ; Period ; Frequency  ; Rise  ; Fall   ; Duty Cycle ; Divide by ; Multiply by ; Phase ; Offset ; Edge List ; Edge Shift ; Inverted ; Master   ; Source                              ; Targets                                              ;
+--------------------------------------------------+-----------+--------+------------+-------+--------+------------+-----------+-------------+-------+--------+-----------+------------+----------+----------+-------------------------------------+------------------------------------------------------+
; CLOCK_50                                         ; Base      ; 20.000 ; 50.0 MHz   ; 0.000 ; 10.000 ;            ;           ;             ;       ;        ;           ;            ;          ;          ;                                     ; { CLOCK_50 }                                         ;
; ddfs:inst|freq_divider_DDFS:f_div_inst|count[19] ; Base      ; 1.000  ; 1000.0 MHz ; 0.000 ; 0.500  ;            ;           ;             ;       ;        ;           ;            ;          ;          ;                                     ; { ddfs:inst|freq_divider_DDFS:f_div_inst|count[19] } ;
; inst1|altpll_component|pll|clk[0]                ; Generated ; 5.000  ; 200.0 MHz  ; 0.000 ; 2.500  ; 50.00      ; 1         ; 4           ;       ;        ;           ;            ; false    ; CLOCK_50 ; inst1|altpll_component|pll|inclk[0] ; { inst1|altpll_component|pll|clk[0] }                ;
+--------------------------------------------------+-----------+--------+------------+-------+--------+------------+-----------+-------------+-------+--------+-----------+------------+----------+----------+-------------------------------------+------------------------------------------------------+


+----------------------------------------------------------------------------------------+
; Slow Model Fmax Summary                                                                ;
+------------+-----------------+--------------------------------------------------+------+
; Fmax       ; Restricted Fmax ; Clock Name                                       ; Note ;
+------------+-----------------+--------------------------------------------------+------+
; 215.56 MHz ; 215.56 MHz      ; ddfs:inst|freq_divider_DDFS:f_div_inst|count[19] ;      ;
; 225.94 MHz ; 225.94 MHz      ; inst1|altpll_component|pll|clk[0]                ;      ;
+------------+-----------------+--------------------------------------------------+------+
This panel reports FMAX for every clock in the design, regardless of the user-specified clock periods.  FMAX is only computed for paths where the source and destination registers or ports are driven by the same clock.  Paths of different clocks, including generated clocks, are ignored.  For paths between a clock and its inversion, FMAX is computed as if the rising and falling edges are scaled along with FMAX, such that the duty cycle (in terms of a percentage) is maintained. Altera recommends that you always use clock constraints and other slack reports for sign-off analysis.


+---------------------------------------------------------------------------+
; Slow Model Setup Summary                                                  ;
+--------------------------------------------------+--------+---------------+
; Clock                                            ; Slack  ; End Point TNS ;
+--------------------------------------------------+--------+---------------+
; ddfs:inst|freq_divider_DDFS:f_div_inst|count[19] ; -3.639 ; -84.439       ;
; inst1|altpll_component|pll|clk[0]                ; -1.050 ; -15.055       ;
+--------------------------------------------------+--------+---------------+


+--------------------------------------------------------------------------+
; Slow Model Hold Summary                                                  ;
+--------------------------------------------------+-------+---------------+
; Clock                                            ; Slack ; End Point TNS ;
+--------------------------------------------------+-------+---------------+
; inst1|altpll_component|pll|clk[0]                ; 0.616 ; 0.000         ;
; ddfs:inst|freq_divider_DDFS:f_div_inst|count[19] ; 0.730 ; 0.000         ;
+--------------------------------------------------+-------+---------------+


-------------------------------
; Slow Model Recovery Summary ;
-------------------------------
No paths to report.


------------------------------
; Slow Model Removal Summary ;
------------------------------
No paths to report.


+---------------------------------------------------------------------------+
; Slow Model Minimum Pulse Width Summary                                    ;
+--------------------------------------------------+--------+---------------+
; Clock                                            ; Slack  ; End Point TNS ;
+--------------------------------------------------+--------+---------------+
; ddfs:inst|freq_divider_DDFS:f_div_inst|count[19] ; -1.423 ; -99.380       ;
; inst1|altpll_component|pll|clk[0]                ; 1.500  ; 0.000         ;
; CLOCK_50                                         ; 10.000 ; 0.000         ;
+--------------------------------------------------+--------+---------------+


+-------------------------------------------------------------------------------------------------------------------------------------------------------------------------------------------------+
; Slow Model Setup: 'ddfs:inst|freq_divider_DDFS:f_div_inst|count[19]'                                                                                                                            ;
+--------+--------------------+--------------------+--------------------------------------------------+--------------------------------------------------+--------------+------------+------------+
; Slack  ; From Node          ; To Node            ; Launch Clock                                     ; Latch Clock                                      ; Relationship ; Clock Skew ; Data Delay ;
+--------+--------------------+--------------------+--------------------------------------------------+--------------------------------------------------+--------------+------------+------------+
; -3.639 ; ddfs:inst|cont[0]  ; ddfs:inst|cont[11] ; ddfs:inst|freq_divider_DDFS:f_div_inst|count[19] ; ddfs:inst|freq_divider_DDFS:f_div_inst|count[19] ; 1.000        ; 0.002      ; 4.677      ;
; -3.635 ; ddfs:inst|cont[0]  ; ddfs:inst|cont[10] ; ddfs:inst|freq_divider_DDFS:f_div_inst|count[19] ; ddfs:inst|freq_divider_DDFS:f_div_inst|count[19] ; 1.000        ; 0.002      ; 4.673      ;
; -3.612 ; ddfs:inst|cont[1]  ; ddfs:inst|cont[11] ; ddfs:inst|freq_divider_DDFS:f_div_inst|count[19] ; ddfs:inst|freq_divider_DDFS:f_div_inst|count[19] ; 1.000        ; 0.002      ; 4.650      ;
; -3.608 ; ddfs:inst|cont[1]  ; ddfs:inst|cont[10] ; ddfs:inst|freq_divider_DDFS:f_div_inst|count[19] ; ddfs:inst|freq_divider_DDFS:f_div_inst|count[19] ; 1.000        ; 0.002      ; 4.646      ;
; -3.578 ; ddfs:inst|cont[8]  ; ddfs:inst|cont[11] ; ddfs:inst|freq_divider_DDFS:f_div_inst|count[19] ; ddfs:inst|freq_divider_DDFS:f_div_inst|count[19] ; 1.000        ; 0.002      ; 4.616      ;
; -3.574 ; ddfs:inst|cont[8]  ; ddfs:inst|cont[10] ; ddfs:inst|freq_divider_DDFS:f_div_inst|count[19] ; ddfs:inst|freq_divider_DDFS:f_div_inst|count[19] ; 1.000        ; 0.002      ; 4.612      ;
; -3.490 ; ddfs:inst|cont[3]  ; ddfs:inst|cont[11] ; ddfs:inst|freq_divider_DDFS:f_div_inst|count[19] ; ddfs:inst|freq_divider_DDFS:f_div_inst|count[19] ; 1.000        ; 0.002      ; 4.528      ;
; -3.486 ; ddfs:inst|cont[3]  ; ddfs:inst|cont[10] ; ddfs:inst|freq_divider_DDFS:f_div_inst|count[19] ; ddfs:inst|freq_divider_DDFS:f_div_inst|count[19] ; 1.000        ; 0.002      ; 4.524      ;
; -3.415 ; ddfs:inst|cont[9]  ; ddfs:inst|cont[11] ; ddfs:inst|freq_divider_DDFS:f_div_inst|count[19] ; ddfs:inst|freq_divider_DDFS:f_div_inst|count[19] ; 1.000        ; 0.002      ; 4.453      ;
; -3.411 ; ddfs:inst|cont[9]  ; ddfs:inst|cont[10] ; ddfs:inst|freq_divider_DDFS:f_div_inst|count[19] ; ddfs:inst|freq_divider_DDFS:f_div_inst|count[19] ; 1.000        ; 0.002      ; 4.449      ;
; -3.390 ; ddfs:inst|cont[0]  ; ddfs:inst|cont[2]  ; ddfs:inst|freq_divider_DDFS:f_div_inst|count[19] ; ddfs:inst|freq_divider_DDFS:f_div_inst|count[19] ; 1.000        ; -0.001     ; 4.425      ;
; -3.385 ; ddfs:inst|cont[0]  ; ddfs:inst|cont[7]  ; ddfs:inst|freq_divider_DDFS:f_div_inst|count[19] ; ddfs:inst|freq_divider_DDFS:f_div_inst|count[19] ; 1.000        ; -0.001     ; 4.420      ;
; -3.383 ; ddfs:inst|cont[0]  ; ddfs:inst|cont[5]  ; ddfs:inst|freq_divider_DDFS:f_div_inst|count[19] ; ddfs:inst|freq_divider_DDFS:f_div_inst|count[19] ; 1.000        ; 0.000      ; 4.419      ;
; -3.381 ; ddfs:inst|cont[0]  ; ddfs:inst|cont[4]  ; ddfs:inst|freq_divider_DDFS:f_div_inst|count[19] ; ddfs:inst|freq_divider_DDFS:f_div_inst|count[19] ; 1.000        ; 0.000      ; 4.417      ;
; -3.381 ; ddfs:inst|cont[0]  ; ddfs:inst|cont[1]  ; ddfs:inst|freq_divider_DDFS:f_div_inst|count[19] ; ddfs:inst|freq_divider_DDFS:f_div_inst|count[19] ; 1.000        ; 0.000      ; 4.417      ;
; -3.381 ; ddfs:inst|cont[0]  ; ddfs:inst|cont[3]  ; ddfs:inst|freq_divider_DDFS:f_div_inst|count[19] ; ddfs:inst|freq_divider_DDFS:f_div_inst|count[19] ; 1.000        ; 0.000      ; 4.417      ;
; -3.378 ; ddfs:inst|cont[0]  ; ddfs:inst|cont[0]  ; ddfs:inst|freq_divider_DDFS:f_div_inst|count[19] ; ddfs:inst|freq_divider_DDFS:f_div_inst|count[19] ; 1.000        ; 0.000      ; 4.414      ;
; -3.378 ; ddfs:inst|cont[4]  ; ddfs:inst|cont[11] ; ddfs:inst|freq_divider_DDFS:f_div_inst|count[19] ; ddfs:inst|freq_divider_DDFS:f_div_inst|count[19] ; 1.000        ; 0.002      ; 4.416      ;
; -3.374 ; ddfs:inst|cont[4]  ; ddfs:inst|cont[10] ; ddfs:inst|freq_divider_DDFS:f_div_inst|count[19] ; ddfs:inst|freq_divider_DDFS:f_div_inst|count[19] ; 1.000        ; 0.002      ; 4.412      ;
; -3.373 ; ddfs:inst|cont[0]  ; ddfs:inst|cont[9]  ; ddfs:inst|freq_divider_DDFS:f_div_inst|count[19] ; ddfs:inst|freq_divider_DDFS:f_div_inst|count[19] ; 1.000        ; 0.000      ; 4.409      ;
; -3.373 ; ddfs:inst|cont[0]  ; ddfs:inst|cont[8]  ; ddfs:inst|freq_divider_DDFS:f_div_inst|count[19] ; ddfs:inst|freq_divider_DDFS:f_div_inst|count[19] ; 1.000        ; 0.000      ; 4.409      ;
; -3.371 ; ddfs:inst|cont[0]  ; ddfs:inst|cont[6]  ; ddfs:inst|freq_divider_DDFS:f_div_inst|count[19] ; ddfs:inst|freq_divider_DDFS:f_div_inst|count[19] ; 1.000        ; 0.000      ; 4.407      ;
; -3.363 ; ddfs:inst|cont[1]  ; ddfs:inst|cont[2]  ; ddfs:inst|freq_divider_DDFS:f_div_inst|count[19] ; ddfs:inst|freq_divider_DDFS:f_div_inst|count[19] ; 1.000        ; -0.001     ; 4.398      ;
; -3.358 ; ddfs:inst|cont[1]  ; ddfs:inst|cont[7]  ; ddfs:inst|freq_divider_DDFS:f_div_inst|count[19] ; ddfs:inst|freq_divider_DDFS:f_div_inst|count[19] ; 1.000        ; -0.001     ; 4.393      ;
; -3.356 ; ddfs:inst|cont[2]  ; ddfs:inst|cont[11] ; ddfs:inst|freq_divider_DDFS:f_div_inst|count[19] ; ddfs:inst|freq_divider_DDFS:f_div_inst|count[19] ; 1.000        ; 0.003      ; 4.395      ;
; -3.356 ; ddfs:inst|cont[1]  ; ddfs:inst|cont[5]  ; ddfs:inst|freq_divider_DDFS:f_div_inst|count[19] ; ddfs:inst|freq_divider_DDFS:f_div_inst|count[19] ; 1.000        ; 0.000      ; 4.392      ;
; -3.354 ; ddfs:inst|cont[1]  ; ddfs:inst|cont[4]  ; ddfs:inst|freq_divider_DDFS:f_div_inst|count[19] ; ddfs:inst|freq_divider_DDFS:f_div_inst|count[19] ; 1.000        ; 0.000      ; 4.390      ;
; -3.354 ; ddfs:inst|cont[1]  ; ddfs:inst|cont[1]  ; ddfs:inst|freq_divider_DDFS:f_div_inst|count[19] ; ddfs:inst|freq_divider_DDFS:f_div_inst|count[19] ; 1.000        ; 0.000      ; 4.390      ;
; -3.354 ; ddfs:inst|cont[1]  ; ddfs:inst|cont[3]  ; ddfs:inst|freq_divider_DDFS:f_div_inst|count[19] ; ddfs:inst|freq_divider_DDFS:f_div_inst|count[19] ; 1.000        ; 0.000      ; 4.390      ;
; -3.353 ; ddfs:inst|cont[7]  ; ddfs:inst|cont[11] ; ddfs:inst|freq_divider_DDFS:f_div_inst|count[19] ; ddfs:inst|freq_divider_DDFS:f_div_inst|count[19] ; 1.000        ; 0.003      ; 4.392      ;
; -3.352 ; ddfs:inst|cont[2]  ; ddfs:inst|cont[10] ; ddfs:inst|freq_divider_DDFS:f_div_inst|count[19] ; ddfs:inst|freq_divider_DDFS:f_div_inst|count[19] ; 1.000        ; 0.003      ; 4.391      ;
; -3.351 ; ddfs:inst|cont[1]  ; ddfs:inst|cont[0]  ; ddfs:inst|freq_divider_DDFS:f_div_inst|count[19] ; ddfs:inst|freq_divider_DDFS:f_div_inst|count[19] ; 1.000        ; 0.000      ; 4.387      ;
; -3.349 ; ddfs:inst|cont[7]  ; ddfs:inst|cont[10] ; ddfs:inst|freq_divider_DDFS:f_div_inst|count[19] ; ddfs:inst|freq_divider_DDFS:f_div_inst|count[19] ; 1.000        ; 0.003      ; 4.388      ;
; -3.346 ; ddfs:inst|cont[1]  ; ddfs:inst|cont[9]  ; ddfs:inst|freq_divider_DDFS:f_div_inst|count[19] ; ddfs:inst|freq_divider_DDFS:f_div_inst|count[19] ; 1.000        ; 0.000      ; 4.382      ;
; -3.346 ; ddfs:inst|cont[1]  ; ddfs:inst|cont[8]  ; ddfs:inst|freq_divider_DDFS:f_div_inst|count[19] ; ddfs:inst|freq_divider_DDFS:f_div_inst|count[19] ; 1.000        ; 0.000      ; 4.382      ;
; -3.344 ; ddfs:inst|cont[1]  ; ddfs:inst|cont[6]  ; ddfs:inst|freq_divider_DDFS:f_div_inst|count[19] ; ddfs:inst|freq_divider_DDFS:f_div_inst|count[19] ; 1.000        ; 0.000      ; 4.380      ;
; -3.331 ; ddfs:inst|cont[5]  ; ddfs:inst|cont[11] ; ddfs:inst|freq_divider_DDFS:f_div_inst|count[19] ; ddfs:inst|freq_divider_DDFS:f_div_inst|count[19] ; 1.000        ; 0.002      ; 4.369      ;
; -3.331 ; ddfs:inst|cont[8]  ; ddfs:inst|cont[2]  ; ddfs:inst|freq_divider_DDFS:f_div_inst|count[19] ; ddfs:inst|freq_divider_DDFS:f_div_inst|count[19] ; 1.000        ; -0.001     ; 4.366      ;
; -3.327 ; ddfs:inst|cont[5]  ; ddfs:inst|cont[10] ; ddfs:inst|freq_divider_DDFS:f_div_inst|count[19] ; ddfs:inst|freq_divider_DDFS:f_div_inst|count[19] ; 1.000        ; 0.002      ; 4.365      ;
; -3.326 ; ddfs:inst|cont[8]  ; ddfs:inst|cont[7]  ; ddfs:inst|freq_divider_DDFS:f_div_inst|count[19] ; ddfs:inst|freq_divider_DDFS:f_div_inst|count[19] ; 1.000        ; -0.001     ; 4.361      ;
; -3.324 ; ddfs:inst|cont[8]  ; ddfs:inst|cont[5]  ; ddfs:inst|freq_divider_DDFS:f_div_inst|count[19] ; ddfs:inst|freq_divider_DDFS:f_div_inst|count[19] ; 1.000        ; 0.000      ; 4.360      ;
; -3.322 ; ddfs:inst|cont[8]  ; ddfs:inst|cont[4]  ; ddfs:inst|freq_divider_DDFS:f_div_inst|count[19] ; ddfs:inst|freq_divider_DDFS:f_div_inst|count[19] ; 1.000        ; 0.000      ; 4.358      ;
; -3.322 ; ddfs:inst|cont[8]  ; ddfs:inst|cont[1]  ; ddfs:inst|freq_divider_DDFS:f_div_inst|count[19] ; ddfs:inst|freq_divider_DDFS:f_div_inst|count[19] ; 1.000        ; 0.000      ; 4.358      ;
; -3.322 ; ddfs:inst|cont[8]  ; ddfs:inst|cont[3]  ; ddfs:inst|freq_divider_DDFS:f_div_inst|count[19] ; ddfs:inst|freq_divider_DDFS:f_div_inst|count[19] ; 1.000        ; 0.000      ; 4.358      ;
; -3.319 ; ddfs:inst|cont[8]  ; ddfs:inst|cont[0]  ; ddfs:inst|freq_divider_DDFS:f_div_inst|count[19] ; ddfs:inst|freq_divider_DDFS:f_div_inst|count[19] ; 1.000        ; 0.000      ; 4.355      ;
; -3.314 ; ddfs:inst|cont[8]  ; ddfs:inst|cont[9]  ; ddfs:inst|freq_divider_DDFS:f_div_inst|count[19] ; ddfs:inst|freq_divider_DDFS:f_div_inst|count[19] ; 1.000        ; 0.000      ; 4.350      ;
; -3.314 ; ddfs:inst|cont[8]  ; ddfs:inst|cont[8]  ; ddfs:inst|freq_divider_DDFS:f_div_inst|count[19] ; ddfs:inst|freq_divider_DDFS:f_div_inst|count[19] ; 1.000        ; 0.000      ; 4.350      ;
; -3.312 ; ddfs:inst|cont[8]  ; ddfs:inst|cont[6]  ; ddfs:inst|freq_divider_DDFS:f_div_inst|count[19] ; ddfs:inst|freq_divider_DDFS:f_div_inst|count[19] ; 1.000        ; 0.000      ; 4.348      ;
; -3.294 ; ddfs:inst|cont[6]  ; ddfs:inst|cont[11] ; ddfs:inst|freq_divider_DDFS:f_div_inst|count[19] ; ddfs:inst|freq_divider_DDFS:f_div_inst|count[19] ; 1.000        ; 0.002      ; 4.332      ;
; -3.290 ; ddfs:inst|cont[6]  ; ddfs:inst|cont[10] ; ddfs:inst|freq_divider_DDFS:f_div_inst|count[19] ; ddfs:inst|freq_divider_DDFS:f_div_inst|count[19] ; 1.000        ; 0.002      ; 4.328      ;
; -3.243 ; ddfs:inst|cont[3]  ; ddfs:inst|cont[2]  ; ddfs:inst|freq_divider_DDFS:f_div_inst|count[19] ; ddfs:inst|freq_divider_DDFS:f_div_inst|count[19] ; 1.000        ; -0.001     ; 4.278      ;
; -3.238 ; ddfs:inst|cont[3]  ; ddfs:inst|cont[7]  ; ddfs:inst|freq_divider_DDFS:f_div_inst|count[19] ; ddfs:inst|freq_divider_DDFS:f_div_inst|count[19] ; 1.000        ; -0.001     ; 4.273      ;
; -3.236 ; ddfs:inst|cont[3]  ; ddfs:inst|cont[5]  ; ddfs:inst|freq_divider_DDFS:f_div_inst|count[19] ; ddfs:inst|freq_divider_DDFS:f_div_inst|count[19] ; 1.000        ; 0.000      ; 4.272      ;
; -3.234 ; ddfs:inst|cont[3]  ; ddfs:inst|cont[4]  ; ddfs:inst|freq_divider_DDFS:f_div_inst|count[19] ; ddfs:inst|freq_divider_DDFS:f_div_inst|count[19] ; 1.000        ; 0.000      ; 4.270      ;
; -3.234 ; ddfs:inst|cont[3]  ; ddfs:inst|cont[1]  ; ddfs:inst|freq_divider_DDFS:f_div_inst|count[19] ; ddfs:inst|freq_divider_DDFS:f_div_inst|count[19] ; 1.000        ; 0.000      ; 4.270      ;
; -3.234 ; ddfs:inst|cont[3]  ; ddfs:inst|cont[3]  ; ddfs:inst|freq_divider_DDFS:f_div_inst|count[19] ; ddfs:inst|freq_divider_DDFS:f_div_inst|count[19] ; 1.000        ; 0.000      ; 4.270      ;
; -3.231 ; ddfs:inst|cont[3]  ; ddfs:inst|cont[0]  ; ddfs:inst|freq_divider_DDFS:f_div_inst|count[19] ; ddfs:inst|freq_divider_DDFS:f_div_inst|count[19] ; 1.000        ; 0.000      ; 4.267      ;
; -3.226 ; ddfs:inst|cont[3]  ; ddfs:inst|cont[9]  ; ddfs:inst|freq_divider_DDFS:f_div_inst|count[19] ; ddfs:inst|freq_divider_DDFS:f_div_inst|count[19] ; 1.000        ; 0.000      ; 4.262      ;
; -3.226 ; ddfs:inst|cont[3]  ; ddfs:inst|cont[8]  ; ddfs:inst|freq_divider_DDFS:f_div_inst|count[19] ; ddfs:inst|freq_divider_DDFS:f_div_inst|count[19] ; 1.000        ; 0.000      ; 4.262      ;
; -3.224 ; ddfs:inst|cont[3]  ; ddfs:inst|cont[6]  ; ddfs:inst|freq_divider_DDFS:f_div_inst|count[19] ; ddfs:inst|freq_divider_DDFS:f_div_inst|count[19] ; 1.000        ; 0.000      ; 4.260      ;
; -3.168 ; ddfs:inst|cont[9]  ; ddfs:inst|cont[2]  ; ddfs:inst|freq_divider_DDFS:f_div_inst|count[19] ; ddfs:inst|freq_divider_DDFS:f_div_inst|count[19] ; 1.000        ; -0.001     ; 4.203      ;
; -3.163 ; ddfs:inst|cont[9]  ; ddfs:inst|cont[7]  ; ddfs:inst|freq_divider_DDFS:f_div_inst|count[19] ; ddfs:inst|freq_divider_DDFS:f_div_inst|count[19] ; 1.000        ; -0.001     ; 4.198      ;
; -3.161 ; ddfs:inst|cont[9]  ; ddfs:inst|cont[5]  ; ddfs:inst|freq_divider_DDFS:f_div_inst|count[19] ; ddfs:inst|freq_divider_DDFS:f_div_inst|count[19] ; 1.000        ; 0.000      ; 4.197      ;
; -3.159 ; ddfs:inst|cont[9]  ; ddfs:inst|cont[4]  ; ddfs:inst|freq_divider_DDFS:f_div_inst|count[19] ; ddfs:inst|freq_divider_DDFS:f_div_inst|count[19] ; 1.000        ; 0.000      ; 4.195      ;
; -3.159 ; ddfs:inst|cont[9]  ; ddfs:inst|cont[1]  ; ddfs:inst|freq_divider_DDFS:f_div_inst|count[19] ; ddfs:inst|freq_divider_DDFS:f_div_inst|count[19] ; 1.000        ; 0.000      ; 4.195      ;
; -3.159 ; ddfs:inst|cont[9]  ; ddfs:inst|cont[3]  ; ddfs:inst|freq_divider_DDFS:f_div_inst|count[19] ; ddfs:inst|freq_divider_DDFS:f_div_inst|count[19] ; 1.000        ; 0.000      ; 4.195      ;
; -3.156 ; ddfs:inst|cont[9]  ; ddfs:inst|cont[0]  ; ddfs:inst|freq_divider_DDFS:f_div_inst|count[19] ; ddfs:inst|freq_divider_DDFS:f_div_inst|count[19] ; 1.000        ; 0.000      ; 4.192      ;
; -3.151 ; ddfs:inst|cont[9]  ; ddfs:inst|cont[9]  ; ddfs:inst|freq_divider_DDFS:f_div_inst|count[19] ; ddfs:inst|freq_divider_DDFS:f_div_inst|count[19] ; 1.000        ; 0.000      ; 4.187      ;
; -3.151 ; ddfs:inst|cont[9]  ; ddfs:inst|cont[8]  ; ddfs:inst|freq_divider_DDFS:f_div_inst|count[19] ; ddfs:inst|freq_divider_DDFS:f_div_inst|count[19] ; 1.000        ; 0.000      ; 4.187      ;
; -3.149 ; ddfs:inst|cont[9]  ; ddfs:inst|cont[6]  ; ddfs:inst|freq_divider_DDFS:f_div_inst|count[19] ; ddfs:inst|freq_divider_DDFS:f_div_inst|count[19] ; 1.000        ; 0.000      ; 4.185      ;
; -3.131 ; ddfs:inst|cont[4]  ; ddfs:inst|cont[2]  ; ddfs:inst|freq_divider_DDFS:f_div_inst|count[19] ; ddfs:inst|freq_divider_DDFS:f_div_inst|count[19] ; 1.000        ; -0.001     ; 4.166      ;
; -3.126 ; ddfs:inst|cont[4]  ; ddfs:inst|cont[7]  ; ddfs:inst|freq_divider_DDFS:f_div_inst|count[19] ; ddfs:inst|freq_divider_DDFS:f_div_inst|count[19] ; 1.000        ; -0.001     ; 4.161      ;
; -3.124 ; ddfs:inst|cont[4]  ; ddfs:inst|cont[5]  ; ddfs:inst|freq_divider_DDFS:f_div_inst|count[19] ; ddfs:inst|freq_divider_DDFS:f_div_inst|count[19] ; 1.000        ; 0.000      ; 4.160      ;
; -3.122 ; ddfs:inst|cont[4]  ; ddfs:inst|cont[4]  ; ddfs:inst|freq_divider_DDFS:f_div_inst|count[19] ; ddfs:inst|freq_divider_DDFS:f_div_inst|count[19] ; 1.000        ; 0.000      ; 4.158      ;
; -3.122 ; ddfs:inst|cont[4]  ; ddfs:inst|cont[1]  ; ddfs:inst|freq_divider_DDFS:f_div_inst|count[19] ; ddfs:inst|freq_divider_DDFS:f_div_inst|count[19] ; 1.000        ; 0.000      ; 4.158      ;
; -3.122 ; ddfs:inst|cont[4]  ; ddfs:inst|cont[3]  ; ddfs:inst|freq_divider_DDFS:f_div_inst|count[19] ; ddfs:inst|freq_divider_DDFS:f_div_inst|count[19] ; 1.000        ; 0.000      ; 4.158      ;
; -3.121 ; ddfs:inst|cont[10] ; ddfs:inst|cont[11] ; ddfs:inst|freq_divider_DDFS:f_div_inst|count[19] ; ddfs:inst|freq_divider_DDFS:f_div_inst|count[19] ; 1.000        ; 0.000      ; 4.157      ;
; -3.119 ; ddfs:inst|cont[4]  ; ddfs:inst|cont[0]  ; ddfs:inst|freq_divider_DDFS:f_div_inst|count[19] ; ddfs:inst|freq_divider_DDFS:f_div_inst|count[19] ; 1.000        ; 0.000      ; 4.155      ;
; -3.117 ; ddfs:inst|cont[10] ; ddfs:inst|cont[10] ; ddfs:inst|freq_divider_DDFS:f_div_inst|count[19] ; ddfs:inst|freq_divider_DDFS:f_div_inst|count[19] ; 1.000        ; 0.000      ; 4.153      ;
; -3.114 ; ddfs:inst|cont[4]  ; ddfs:inst|cont[9]  ; ddfs:inst|freq_divider_DDFS:f_div_inst|count[19] ; ddfs:inst|freq_divider_DDFS:f_div_inst|count[19] ; 1.000        ; 0.000      ; 4.150      ;
; -3.114 ; ddfs:inst|cont[4]  ; ddfs:inst|cont[8]  ; ddfs:inst|freq_divider_DDFS:f_div_inst|count[19] ; ddfs:inst|freq_divider_DDFS:f_div_inst|count[19] ; 1.000        ; 0.000      ; 4.150      ;
; -3.112 ; ddfs:inst|cont[4]  ; ddfs:inst|cont[6]  ; ddfs:inst|freq_divider_DDFS:f_div_inst|count[19] ; ddfs:inst|freq_divider_DDFS:f_div_inst|count[19] ; 1.000        ; 0.000      ; 4.148      ;
; -3.107 ; ddfs:inst|cont[2]  ; ddfs:inst|cont[2]  ; ddfs:inst|freq_divider_DDFS:f_div_inst|count[19] ; ddfs:inst|freq_divider_DDFS:f_div_inst|count[19] ; 1.000        ; 0.000      ; 4.143      ;
; -3.106 ; ddfs:inst|cont[7]  ; ddfs:inst|cont[2]  ; ddfs:inst|freq_divider_DDFS:f_div_inst|count[19] ; ddfs:inst|freq_divider_DDFS:f_div_inst|count[19] ; 1.000        ; 0.000      ; 4.142      ;
; -3.102 ; ddfs:inst|cont[2]  ; ddfs:inst|cont[7]  ; ddfs:inst|freq_divider_DDFS:f_div_inst|count[19] ; ddfs:inst|freq_divider_DDFS:f_div_inst|count[19] ; 1.000        ; 0.000      ; 4.138      ;
; -3.101 ; ddfs:inst|cont[7]  ; ddfs:inst|cont[7]  ; ddfs:inst|freq_divider_DDFS:f_div_inst|count[19] ; ddfs:inst|freq_divider_DDFS:f_div_inst|count[19] ; 1.000        ; 0.000      ; 4.137      ;
; -3.100 ; ddfs:inst|cont[2]  ; ddfs:inst|cont[5]  ; ddfs:inst|freq_divider_DDFS:f_div_inst|count[19] ; ddfs:inst|freq_divider_DDFS:f_div_inst|count[19] ; 1.000        ; 0.001      ; 4.137      ;
; -3.099 ; ddfs:inst|cont[7]  ; ddfs:inst|cont[5]  ; ddfs:inst|freq_divider_DDFS:f_div_inst|count[19] ; ddfs:inst|freq_divider_DDFS:f_div_inst|count[19] ; 1.000        ; 0.001      ; 4.136      ;
; -3.098 ; ddfs:inst|cont[2]  ; ddfs:inst|cont[4]  ; ddfs:inst|freq_divider_DDFS:f_div_inst|count[19] ; ddfs:inst|freq_divider_DDFS:f_div_inst|count[19] ; 1.000        ; 0.001      ; 4.135      ;
; -3.098 ; ddfs:inst|cont[2]  ; ddfs:inst|cont[1]  ; ddfs:inst|freq_divider_DDFS:f_div_inst|count[19] ; ddfs:inst|freq_divider_DDFS:f_div_inst|count[19] ; 1.000        ; 0.001      ; 4.135      ;
; -3.098 ; ddfs:inst|cont[2]  ; ddfs:inst|cont[3]  ; ddfs:inst|freq_divider_DDFS:f_div_inst|count[19] ; ddfs:inst|freq_divider_DDFS:f_div_inst|count[19] ; 1.000        ; 0.001      ; 4.135      ;
; -3.097 ; ddfs:inst|cont[7]  ; ddfs:inst|cont[4]  ; ddfs:inst|freq_divider_DDFS:f_div_inst|count[19] ; ddfs:inst|freq_divider_DDFS:f_div_inst|count[19] ; 1.000        ; 0.001      ; 4.134      ;
; -3.097 ; ddfs:inst|cont[7]  ; ddfs:inst|cont[1]  ; ddfs:inst|freq_divider_DDFS:f_div_inst|count[19] ; ddfs:inst|freq_divider_DDFS:f_div_inst|count[19] ; 1.000        ; 0.001      ; 4.134      ;
; -3.097 ; ddfs:inst|cont[7]  ; ddfs:inst|cont[3]  ; ddfs:inst|freq_divider_DDFS:f_div_inst|count[19] ; ddfs:inst|freq_divider_DDFS:f_div_inst|count[19] ; 1.000        ; 0.001      ; 4.134      ;
; -3.095 ; ddfs:inst|cont[2]  ; ddfs:inst|cont[0]  ; ddfs:inst|freq_divider_DDFS:f_div_inst|count[19] ; ddfs:inst|freq_divider_DDFS:f_div_inst|count[19] ; 1.000        ; 0.001      ; 4.132      ;
; -3.094 ; ddfs:inst|cont[7]  ; ddfs:inst|cont[0]  ; ddfs:inst|freq_divider_DDFS:f_div_inst|count[19] ; ddfs:inst|freq_divider_DDFS:f_div_inst|count[19] ; 1.000        ; 0.001      ; 4.131      ;
; -3.090 ; ddfs:inst|cont[2]  ; ddfs:inst|cont[9]  ; ddfs:inst|freq_divider_DDFS:f_div_inst|count[19] ; ddfs:inst|freq_divider_DDFS:f_div_inst|count[19] ; 1.000        ; 0.001      ; 4.127      ;
; -3.090 ; ddfs:inst|cont[2]  ; ddfs:inst|cont[8]  ; ddfs:inst|freq_divider_DDFS:f_div_inst|count[19] ; ddfs:inst|freq_divider_DDFS:f_div_inst|count[19] ; 1.000        ; 0.001      ; 4.127      ;
; -3.089 ; ddfs:inst|cont[7]  ; ddfs:inst|cont[9]  ; ddfs:inst|freq_divider_DDFS:f_div_inst|count[19] ; ddfs:inst|freq_divider_DDFS:f_div_inst|count[19] ; 1.000        ; 0.001      ; 4.126      ;
; -3.089 ; ddfs:inst|cont[7]  ; ddfs:inst|cont[8]  ; ddfs:inst|freq_divider_DDFS:f_div_inst|count[19] ; ddfs:inst|freq_divider_DDFS:f_div_inst|count[19] ; 1.000        ; 0.001      ; 4.126      ;
+--------+--------------------+--------------------+--------------------------------------------------+--------------------------------------------------+--------------+------------+------------+


+----------------------------------------------------------------------------------------------------------------------------------------------------------------------------------------------------------------------------------------------+
; Slow Model Setup: 'inst1|altpll_component|pll|clk[0]'                                                                                                                                                                                        ;
+--------+--------------------------------------------------+--------------------------------------------------+--------------------------------------------------+-----------------------------------+--------------+------------+------------+
; Slack  ; From Node                                        ; To Node                                          ; Launch Clock                                     ; Latch Clock                       ; Relationship ; Clock Skew ; Data Delay ;
+--------+--------------------------------------------------+--------------------------------------------------+--------------------------------------------------+-----------------------------------+--------------+------------+------------+
; -1.050 ; ddfs:inst|freq_divider_DDFS:f_div_inst|count[19] ; ddfs:inst|freq_divider_DDFS:f_div_inst|count[0]  ; ddfs:inst|freq_divider_DDFS:f_div_inst|count[19] ; inst1|altpll_component|pll|clk[0] ; 0.500        ; 0.285      ; 2.121      ;
; -1.049 ; ddfs:inst|freq_divider_DDFS:f_div_inst|count[19] ; ddfs:inst|freq_divider_DDFS:f_div_inst|count[2]  ; ddfs:inst|freq_divider_DDFS:f_div_inst|count[19] ; inst1|altpll_component|pll|clk[0] ; 0.500        ; 0.285      ; 2.120      ;
; -1.048 ; ddfs:inst|freq_divider_DDFS:f_div_inst|count[19] ; ddfs:inst|freq_divider_DDFS:f_div_inst|count[1]  ; ddfs:inst|freq_divider_DDFS:f_div_inst|count[19] ; inst1|altpll_component|pll|clk[0] ; 0.500        ; 0.285      ; 2.119      ;
; -1.047 ; ddfs:inst|freq_divider_DDFS:f_div_inst|count[19] ; ddfs:inst|freq_divider_DDFS:f_div_inst|count[6]  ; ddfs:inst|freq_divider_DDFS:f_div_inst|count[19] ; inst1|altpll_component|pll|clk[0] ; 0.500        ; 0.285      ; 2.118      ;
; -1.018 ; ddfs:inst|freq_divider_DDFS:f_div_inst|count[19] ; ddfs:inst|freq_divider_DDFS:f_div_inst|count[9]  ; ddfs:inst|freq_divider_DDFS:f_div_inst|count[19] ; inst1|altpll_component|pll|clk[0] ; 0.500        ; 0.286      ; 2.090      ;
; -0.789 ; ddfs:inst|freq_divider_DDFS:f_div_inst|count[19] ; ddfs:inst|freq_divider_DDFS:f_div_inst|count[17] ; ddfs:inst|freq_divider_DDFS:f_div_inst|count[19] ; inst1|altpll_component|pll|clk[0] ; 0.500        ; 0.280      ; 1.855      ;
; -0.788 ; ddfs:inst|freq_divider_DDFS:f_div_inst|count[19] ; ddfs:inst|freq_divider_DDFS:f_div_inst|count[5]  ; ddfs:inst|freq_divider_DDFS:f_div_inst|count[19] ; inst1|altpll_component|pll|clk[0] ; 0.500        ; 0.280      ; 1.854      ;
; -0.788 ; ddfs:inst|freq_divider_DDFS:f_div_inst|count[19] ; ddfs:inst|freq_divider_DDFS:f_div_inst|count[8]  ; ddfs:inst|freq_divider_DDFS:f_div_inst|count[19] ; inst1|altpll_component|pll|clk[0] ; 0.500        ; 0.280      ; 1.854      ;
; -0.788 ; ddfs:inst|freq_divider_DDFS:f_div_inst|count[19] ; ddfs:inst|freq_divider_DDFS:f_div_inst|count[16] ; ddfs:inst|freq_divider_DDFS:f_div_inst|count[19] ; inst1|altpll_component|pll|clk[0] ; 0.500        ; 0.280      ; 1.854      ;
; -0.788 ; ddfs:inst|freq_divider_DDFS:f_div_inst|count[19] ; ddfs:inst|freq_divider_DDFS:f_div_inst|count[18] ; ddfs:inst|freq_divider_DDFS:f_div_inst|count[19] ; inst1|altpll_component|pll|clk[0] ; 0.500        ; 0.280      ; 1.854      ;
; -0.787 ; ddfs:inst|freq_divider_DDFS:f_div_inst|count[19] ; ddfs:inst|freq_divider_DDFS:f_div_inst|count[13] ; ddfs:inst|freq_divider_DDFS:f_div_inst|count[19] ; inst1|altpll_component|pll|clk[0] ; 0.500        ; 0.280      ; 1.853      ;
; -0.784 ; ddfs:inst|freq_divider_DDFS:f_div_inst|count[19] ; ddfs:inst|freq_divider_DDFS:f_div_inst|count[19] ; ddfs:inst|freq_divider_DDFS:f_div_inst|count[19] ; inst1|altpll_component|pll|clk[0] ; 0.500        ; 0.279      ; 1.849      ;
; -0.758 ; ddfs:inst|freq_divider_DDFS:f_div_inst|count[19] ; ddfs:inst|freq_divider_DDFS:f_div_inst|count[4]  ; ddfs:inst|freq_divider_DDFS:f_div_inst|count[19] ; inst1|altpll_component|pll|clk[0] ; 0.500        ; 0.285      ; 1.829      ;
; -0.756 ; ddfs:inst|freq_divider_DDFS:f_div_inst|count[19] ; ddfs:inst|freq_divider_DDFS:f_div_inst|count[7]  ; ddfs:inst|freq_divider_DDFS:f_div_inst|count[19] ; inst1|altpll_component|pll|clk[0] ; 0.500        ; 0.285      ; 1.827      ;
; -0.642 ; ddfs:inst|freq_divider_DDFS:f_div_inst|count[19] ; ddfs:inst|freq_divider_DDFS:f_div_inst|count[11] ; ddfs:inst|freq_divider_DDFS:f_div_inst|count[19] ; inst1|altpll_component|pll|clk[0] ; 0.500        ; 0.279      ; 1.707      ;
; -0.556 ; ddfs:inst|freq_divider_DDFS:f_div_inst|count[19] ; ddfs:inst|freq_divider_DDFS:f_div_inst|count[3]  ; ddfs:inst|freq_divider_DDFS:f_div_inst|count[19] ; inst1|altpll_component|pll|clk[0] ; 0.500        ; 0.279      ; 1.621      ;
; -0.556 ; ddfs:inst|freq_divider_DDFS:f_div_inst|count[19] ; ddfs:inst|freq_divider_DDFS:f_div_inst|count[15] ; ddfs:inst|freq_divider_DDFS:f_div_inst|count[19] ; inst1|altpll_component|pll|clk[0] ; 0.500        ; 0.279      ; 1.621      ;
; -0.550 ; ddfs:inst|freq_divider_DDFS:f_div_inst|count[19] ; ddfs:inst|freq_divider_DDFS:f_div_inst|count[0]  ; ddfs:inst|freq_divider_DDFS:f_div_inst|count[19] ; inst1|altpll_component|pll|clk[0] ; 1.000        ; 0.285      ; 2.121      ;
; -0.549 ; ddfs:inst|freq_divider_DDFS:f_div_inst|count[19] ; ddfs:inst|freq_divider_DDFS:f_div_inst|count[2]  ; ddfs:inst|freq_divider_DDFS:f_div_inst|count[19] ; inst1|altpll_component|pll|clk[0] ; 1.000        ; 0.285      ; 2.120      ;
; -0.548 ; ddfs:inst|freq_divider_DDFS:f_div_inst|count[19] ; ddfs:inst|freq_divider_DDFS:f_div_inst|count[1]  ; ddfs:inst|freq_divider_DDFS:f_div_inst|count[19] ; inst1|altpll_component|pll|clk[0] ; 1.000        ; 0.285      ; 2.119      ;
; -0.547 ; ddfs:inst|freq_divider_DDFS:f_div_inst|count[19] ; ddfs:inst|freq_divider_DDFS:f_div_inst|count[6]  ; ddfs:inst|freq_divider_DDFS:f_div_inst|count[19] ; inst1|altpll_component|pll|clk[0] ; 1.000        ; 0.285      ; 2.118      ;
; -0.518 ; ddfs:inst|freq_divider_DDFS:f_div_inst|count[19] ; ddfs:inst|freq_divider_DDFS:f_div_inst|count[9]  ; ddfs:inst|freq_divider_DDFS:f_div_inst|count[19] ; inst1|altpll_component|pll|clk[0] ; 1.000        ; 0.286      ; 2.090      ;
; -0.371 ; ddfs:inst|freq_divider_DDFS:f_div_inst|count[19] ; ddfs:inst|freq_divider_DDFS:f_div_inst|count[14] ; ddfs:inst|freq_divider_DDFS:f_div_inst|count[19] ; inst1|altpll_component|pll|clk[0] ; 0.500        ; 0.279      ; 1.436      ;
; -0.346 ; ddfs:inst|freq_divider_DDFS:f_div_inst|count[19] ; ddfs:inst|freq_divider_DDFS:f_div_inst|count[10] ; ddfs:inst|freq_divider_DDFS:f_div_inst|count[19] ; inst1|altpll_component|pll|clk[0] ; 0.500        ; 0.277      ; 1.409      ;
; -0.346 ; ddfs:inst|freq_divider_DDFS:f_div_inst|count[19] ; ddfs:inst|freq_divider_DDFS:f_div_inst|count[12] ; ddfs:inst|freq_divider_DDFS:f_div_inst|count[19] ; inst1|altpll_component|pll|clk[0] ; 0.500        ; 0.277      ; 1.409      ;
; -0.289 ; ddfs:inst|freq_divider_DDFS:f_div_inst|count[19] ; ddfs:inst|freq_divider_DDFS:f_div_inst|count[17] ; ddfs:inst|freq_divider_DDFS:f_div_inst|count[19] ; inst1|altpll_component|pll|clk[0] ; 1.000        ; 0.280      ; 1.855      ;
; -0.288 ; ddfs:inst|freq_divider_DDFS:f_div_inst|count[19] ; ddfs:inst|freq_divider_DDFS:f_div_inst|count[5]  ; ddfs:inst|freq_divider_DDFS:f_div_inst|count[19] ; inst1|altpll_component|pll|clk[0] ; 1.000        ; 0.280      ; 1.854      ;
; -0.288 ; ddfs:inst|freq_divider_DDFS:f_div_inst|count[19] ; ddfs:inst|freq_divider_DDFS:f_div_inst|count[8]  ; ddfs:inst|freq_divider_DDFS:f_div_inst|count[19] ; inst1|altpll_component|pll|clk[0] ; 1.000        ; 0.280      ; 1.854      ;
; -0.288 ; ddfs:inst|freq_divider_DDFS:f_div_inst|count[19] ; ddfs:inst|freq_divider_DDFS:f_div_inst|count[16] ; ddfs:inst|freq_divider_DDFS:f_div_inst|count[19] ; inst1|altpll_component|pll|clk[0] ; 1.000        ; 0.280      ; 1.854      ;
; -0.288 ; ddfs:inst|freq_divider_DDFS:f_div_inst|count[19] ; ddfs:inst|freq_divider_DDFS:f_div_inst|count[18] ; ddfs:inst|freq_divider_DDFS:f_div_inst|count[19] ; inst1|altpll_component|pll|clk[0] ; 1.000        ; 0.280      ; 1.854      ;
; -0.287 ; ddfs:inst|freq_divider_DDFS:f_div_inst|count[19] ; ddfs:inst|freq_divider_DDFS:f_div_inst|count[13] ; ddfs:inst|freq_divider_DDFS:f_div_inst|count[19] ; inst1|altpll_component|pll|clk[0] ; 1.000        ; 0.280      ; 1.853      ;
; -0.284 ; ddfs:inst|freq_divider_DDFS:f_div_inst|count[19] ; ddfs:inst|freq_divider_DDFS:f_div_inst|count[19] ; ddfs:inst|freq_divider_DDFS:f_div_inst|count[19] ; inst1|altpll_component|pll|clk[0] ; 1.000        ; 0.279      ; 1.849      ;
; -0.258 ; ddfs:inst|freq_divider_DDFS:f_div_inst|count[19] ; ddfs:inst|freq_divider_DDFS:f_div_inst|count[4]  ; ddfs:inst|freq_divider_DDFS:f_div_inst|count[19] ; inst1|altpll_component|pll|clk[0] ; 1.000        ; 0.285      ; 1.829      ;
; -0.256 ; ddfs:inst|freq_divider_DDFS:f_div_inst|count[19] ; ddfs:inst|freq_divider_DDFS:f_div_inst|count[7]  ; ddfs:inst|freq_divider_DDFS:f_div_inst|count[19] ; inst1|altpll_component|pll|clk[0] ; 1.000        ; 0.285      ; 1.827      ;
; -0.142 ; ddfs:inst|freq_divider_DDFS:f_div_inst|count[19] ; ddfs:inst|freq_divider_DDFS:f_div_inst|count[11] ; ddfs:inst|freq_divider_DDFS:f_div_inst|count[19] ; inst1|altpll_component|pll|clk[0] ; 1.000        ; 0.279      ; 1.707      ;
; -0.056 ; ddfs:inst|freq_divider_DDFS:f_div_inst|count[19] ; ddfs:inst|freq_divider_DDFS:f_div_inst|count[3]  ; ddfs:inst|freq_divider_DDFS:f_div_inst|count[19] ; inst1|altpll_component|pll|clk[0] ; 1.000        ; 0.279      ; 1.621      ;
; -0.056 ; ddfs:inst|freq_divider_DDFS:f_div_inst|count[19] ; ddfs:inst|freq_divider_DDFS:f_div_inst|count[15] ; ddfs:inst|freq_divider_DDFS:f_div_inst|count[19] ; inst1|altpll_component|pll|clk[0] ; 1.000        ; 0.279      ; 1.621      ;
; 0.129  ; ddfs:inst|freq_divider_DDFS:f_div_inst|count[19] ; ddfs:inst|freq_divider_DDFS:f_div_inst|count[14] ; ddfs:inst|freq_divider_DDFS:f_div_inst|count[19] ; inst1|altpll_component|pll|clk[0] ; 1.000        ; 0.279      ; 1.436      ;
; 0.154  ; ddfs:inst|freq_divider_DDFS:f_div_inst|count[19] ; ddfs:inst|freq_divider_DDFS:f_div_inst|count[10] ; ddfs:inst|freq_divider_DDFS:f_div_inst|count[19] ; inst1|altpll_component|pll|clk[0] ; 1.000        ; 0.277      ; 1.409      ;
; 0.154  ; ddfs:inst|freq_divider_DDFS:f_div_inst|count[19] ; ddfs:inst|freq_divider_DDFS:f_div_inst|count[12] ; ddfs:inst|freq_divider_DDFS:f_div_inst|count[19] ; inst1|altpll_component|pll|clk[0] ; 1.000        ; 0.277      ; 1.409      ;
; 0.574  ; ddfs:inst|freq_divider_DDFS:f_div_inst|count[3]  ; ddfs:inst|freq_divider_DDFS:f_div_inst|count[0]  ; inst1|altpll_component|pll|clk[0]                ; inst1|altpll_component|pll|clk[0] ; 5.000        ; 0.006      ; 4.468      ;
; 0.575  ; ddfs:inst|freq_divider_DDFS:f_div_inst|count[3]  ; ddfs:inst|freq_divider_DDFS:f_div_inst|count[2]  ; inst1|altpll_component|pll|clk[0]                ; inst1|altpll_component|pll|clk[0] ; 5.000        ; 0.006      ; 4.467      ;
; 0.576  ; ddfs:inst|freq_divider_DDFS:f_div_inst|count[3]  ; ddfs:inst|freq_divider_DDFS:f_div_inst|count[1]  ; inst1|altpll_component|pll|clk[0]                ; inst1|altpll_component|pll|clk[0] ; 5.000        ; 0.006      ; 4.466      ;
; 0.577  ; ddfs:inst|freq_divider_DDFS:f_div_inst|count[3]  ; ddfs:inst|freq_divider_DDFS:f_div_inst|count[6]  ; inst1|altpll_component|pll|clk[0]                ; inst1|altpll_component|pll|clk[0] ; 5.000        ; 0.006      ; 4.465      ;
; 0.606  ; ddfs:inst|freq_divider_DDFS:f_div_inst|count[3]  ; ddfs:inst|freq_divider_DDFS:f_div_inst|count[9]  ; inst1|altpll_component|pll|clk[0]                ; inst1|altpll_component|pll|clk[0] ; 5.000        ; 0.007      ; 4.437      ;
; 0.670  ; ddfs:inst|freq_divider_DDFS:f_div_inst|count[5]  ; ddfs:inst|freq_divider_DDFS:f_div_inst|count[0]  ; inst1|altpll_component|pll|clk[0]                ; inst1|altpll_component|pll|clk[0] ; 5.000        ; 0.005      ; 4.371      ;
; 0.671  ; ddfs:inst|freq_divider_DDFS:f_div_inst|count[5]  ; ddfs:inst|freq_divider_DDFS:f_div_inst|count[2]  ; inst1|altpll_component|pll|clk[0]                ; inst1|altpll_component|pll|clk[0] ; 5.000        ; 0.005      ; 4.370      ;
; 0.672  ; ddfs:inst|freq_divider_DDFS:f_div_inst|count[5]  ; ddfs:inst|freq_divider_DDFS:f_div_inst|count[1]  ; inst1|altpll_component|pll|clk[0]                ; inst1|altpll_component|pll|clk[0] ; 5.000        ; 0.005      ; 4.369      ;
; 0.673  ; ddfs:inst|freq_divider_DDFS:f_div_inst|count[5]  ; ddfs:inst|freq_divider_DDFS:f_div_inst|count[6]  ; inst1|altpll_component|pll|clk[0]                ; inst1|altpll_component|pll|clk[0] ; 5.000        ; 0.005      ; 4.368      ;
; 0.702  ; ddfs:inst|freq_divider_DDFS:f_div_inst|count[5]  ; ddfs:inst|freq_divider_DDFS:f_div_inst|count[9]  ; inst1|altpll_component|pll|clk[0]                ; inst1|altpll_component|pll|clk[0] ; 5.000        ; 0.006      ; 4.340      ;
; 0.705  ; ddfs:inst|freq_divider_DDFS:f_div_inst|count[8]  ; ddfs:inst|freq_divider_DDFS:f_div_inst|count[0]  ; inst1|altpll_component|pll|clk[0]                ; inst1|altpll_component|pll|clk[0] ; 5.000        ; 0.005      ; 4.336      ;
; 0.706  ; ddfs:inst|freq_divider_DDFS:f_div_inst|count[8]  ; ddfs:inst|freq_divider_DDFS:f_div_inst|count[2]  ; inst1|altpll_component|pll|clk[0]                ; inst1|altpll_component|pll|clk[0] ; 5.000        ; 0.005      ; 4.335      ;
; 0.707  ; ddfs:inst|freq_divider_DDFS:f_div_inst|count[8]  ; ddfs:inst|freq_divider_DDFS:f_div_inst|count[1]  ; inst1|altpll_component|pll|clk[0]                ; inst1|altpll_component|pll|clk[0] ; 5.000        ; 0.005      ; 4.334      ;
; 0.708  ; ddfs:inst|freq_divider_DDFS:f_div_inst|count[8]  ; ddfs:inst|freq_divider_DDFS:f_div_inst|count[6]  ; inst1|altpll_component|pll|clk[0]                ; inst1|altpll_component|pll|clk[0] ; 5.000        ; 0.005      ; 4.333      ;
; 0.737  ; ddfs:inst|freq_divider_DDFS:f_div_inst|count[8]  ; ddfs:inst|freq_divider_DDFS:f_div_inst|count[9]  ; inst1|altpll_component|pll|clk[0]                ; inst1|altpll_component|pll|clk[0] ; 5.000        ; 0.006      ; 4.305      ;
; 0.740  ; ddfs:inst|freq_divider_DDFS:f_div_inst|count[0]  ; ddfs:inst|freq_divider_DDFS:f_div_inst|count[0]  ; inst1|altpll_component|pll|clk[0]                ; inst1|altpll_component|pll|clk[0] ; 5.000        ; 0.000      ; 4.296      ;
; 0.741  ; ddfs:inst|freq_divider_DDFS:f_div_inst|count[0]  ; ddfs:inst|freq_divider_DDFS:f_div_inst|count[2]  ; inst1|altpll_component|pll|clk[0]                ; inst1|altpll_component|pll|clk[0] ; 5.000        ; 0.000      ; 4.295      ;
; 0.742  ; ddfs:inst|freq_divider_DDFS:f_div_inst|count[0]  ; ddfs:inst|freq_divider_DDFS:f_div_inst|count[1]  ; inst1|altpll_component|pll|clk[0]                ; inst1|altpll_component|pll|clk[0] ; 5.000        ; 0.000      ; 4.294      ;
; 0.743  ; ddfs:inst|freq_divider_DDFS:f_div_inst|count[0]  ; ddfs:inst|freq_divider_DDFS:f_div_inst|count[6]  ; inst1|altpll_component|pll|clk[0]                ; inst1|altpll_component|pll|clk[0] ; 5.000        ; 0.000      ; 4.293      ;
; 0.772  ; ddfs:inst|freq_divider_DDFS:f_div_inst|count[0]  ; ddfs:inst|freq_divider_DDFS:f_div_inst|count[9]  ; inst1|altpll_component|pll|clk[0]                ; inst1|altpll_component|pll|clk[0] ; 5.000        ; 0.001      ; 4.265      ;
; 0.804  ; ddfs:inst|freq_divider_DDFS:f_div_inst|count[1]  ; ddfs:inst|freq_divider_DDFS:f_div_inst|count[0]  ; inst1|altpll_component|pll|clk[0]                ; inst1|altpll_component|pll|clk[0] ; 5.000        ; 0.000      ; 4.232      ;
; 0.805  ; ddfs:inst|freq_divider_DDFS:f_div_inst|count[1]  ; ddfs:inst|freq_divider_DDFS:f_div_inst|count[2]  ; inst1|altpll_component|pll|clk[0]                ; inst1|altpll_component|pll|clk[0] ; 5.000        ; 0.000      ; 4.231      ;
; 0.806  ; ddfs:inst|freq_divider_DDFS:f_div_inst|count[1]  ; ddfs:inst|freq_divider_DDFS:f_div_inst|count[1]  ; inst1|altpll_component|pll|clk[0]                ; inst1|altpll_component|pll|clk[0] ; 5.000        ; 0.000      ; 4.230      ;
; 0.807  ; ddfs:inst|freq_divider_DDFS:f_div_inst|count[1]  ; ddfs:inst|freq_divider_DDFS:f_div_inst|count[6]  ; inst1|altpll_component|pll|clk[0]                ; inst1|altpll_component|pll|clk[0] ; 5.000        ; 0.000      ; 4.229      ;
; 0.835  ; ddfs:inst|freq_divider_DDFS:f_div_inst|count[3]  ; ddfs:inst|freq_divider_DDFS:f_div_inst|count[17] ; inst1|altpll_component|pll|clk[0]                ; inst1|altpll_component|pll|clk[0] ; 5.000        ; 0.001      ; 4.202      ;
; 0.836  ; ddfs:inst|freq_divider_DDFS:f_div_inst|count[3]  ; ddfs:inst|freq_divider_DDFS:f_div_inst|count[5]  ; inst1|altpll_component|pll|clk[0]                ; inst1|altpll_component|pll|clk[0] ; 5.000        ; 0.001      ; 4.201      ;
; 0.836  ; ddfs:inst|freq_divider_DDFS:f_div_inst|count[3]  ; ddfs:inst|freq_divider_DDFS:f_div_inst|count[8]  ; inst1|altpll_component|pll|clk[0]                ; inst1|altpll_component|pll|clk[0] ; 5.000        ; 0.001      ; 4.201      ;
; 0.836  ; ddfs:inst|freq_divider_DDFS:f_div_inst|count[3]  ; ddfs:inst|freq_divider_DDFS:f_div_inst|count[16] ; inst1|altpll_component|pll|clk[0]                ; inst1|altpll_component|pll|clk[0] ; 5.000        ; 0.001      ; 4.201      ;
; 0.836  ; ddfs:inst|freq_divider_DDFS:f_div_inst|count[3]  ; ddfs:inst|freq_divider_DDFS:f_div_inst|count[18] ; inst1|altpll_component|pll|clk[0]                ; inst1|altpll_component|pll|clk[0] ; 5.000        ; 0.001      ; 4.201      ;
; 0.836  ; ddfs:inst|freq_divider_DDFS:f_div_inst|count[1]  ; ddfs:inst|freq_divider_DDFS:f_div_inst|count[9]  ; inst1|altpll_component|pll|clk[0]                ; inst1|altpll_component|pll|clk[0] ; 5.000        ; 0.001      ; 4.201      ;
; 0.837  ; ddfs:inst|freq_divider_DDFS:f_div_inst|count[3]  ; ddfs:inst|freq_divider_DDFS:f_div_inst|count[13] ; inst1|altpll_component|pll|clk[0]                ; inst1|altpll_component|pll|clk[0] ; 5.000        ; 0.001      ; 4.200      ;
; 0.866  ; ddfs:inst|freq_divider_DDFS:f_div_inst|count[3]  ; ddfs:inst|freq_divider_DDFS:f_div_inst|count[4]  ; inst1|altpll_component|pll|clk[0]                ; inst1|altpll_component|pll|clk[0] ; 5.000        ; 0.006      ; 4.176      ;
; 0.868  ; ddfs:inst|freq_divider_DDFS:f_div_inst|count[3]  ; ddfs:inst|freq_divider_DDFS:f_div_inst|count[7]  ; inst1|altpll_component|pll|clk[0]                ; inst1|altpll_component|pll|clk[0] ; 5.000        ; 0.006      ; 4.174      ;
; 0.928  ; ddfs:inst|freq_divider_DDFS:f_div_inst|count[2]  ; ddfs:inst|freq_divider_DDFS:f_div_inst|count[0]  ; inst1|altpll_component|pll|clk[0]                ; inst1|altpll_component|pll|clk[0] ; 5.000        ; 0.000      ; 4.108      ;
; 0.929  ; ddfs:inst|freq_divider_DDFS:f_div_inst|count[2]  ; ddfs:inst|freq_divider_DDFS:f_div_inst|count[2]  ; inst1|altpll_component|pll|clk[0]                ; inst1|altpll_component|pll|clk[0] ; 5.000        ; 0.000      ; 4.107      ;
; 0.930  ; ddfs:inst|freq_divider_DDFS:f_div_inst|count[2]  ; ddfs:inst|freq_divider_DDFS:f_div_inst|count[1]  ; inst1|altpll_component|pll|clk[0]                ; inst1|altpll_component|pll|clk[0] ; 5.000        ; 0.000      ; 4.106      ;
; 0.931  ; ddfs:inst|freq_divider_DDFS:f_div_inst|count[2]  ; ddfs:inst|freq_divider_DDFS:f_div_inst|count[6]  ; inst1|altpll_component|pll|clk[0]                ; inst1|altpll_component|pll|clk[0] ; 5.000        ; 0.000      ; 4.105      ;
; 0.931  ; ddfs:inst|freq_divider_DDFS:f_div_inst|count[5]  ; ddfs:inst|freq_divider_DDFS:f_div_inst|count[17] ; inst1|altpll_component|pll|clk[0]                ; inst1|altpll_component|pll|clk[0] ; 5.000        ; 0.000      ; 4.105      ;
; 0.932  ; ddfs:inst|freq_divider_DDFS:f_div_inst|count[5]  ; ddfs:inst|freq_divider_DDFS:f_div_inst|count[5]  ; inst1|altpll_component|pll|clk[0]                ; inst1|altpll_component|pll|clk[0] ; 5.000        ; 0.000      ; 4.104      ;
; 0.932  ; ddfs:inst|freq_divider_DDFS:f_div_inst|count[5]  ; ddfs:inst|freq_divider_DDFS:f_div_inst|count[8]  ; inst1|altpll_component|pll|clk[0]                ; inst1|altpll_component|pll|clk[0] ; 5.000        ; 0.000      ; 4.104      ;
; 0.932  ; ddfs:inst|freq_divider_DDFS:f_div_inst|count[5]  ; ddfs:inst|freq_divider_DDFS:f_div_inst|count[16] ; inst1|altpll_component|pll|clk[0]                ; inst1|altpll_component|pll|clk[0] ; 5.000        ; 0.000      ; 4.104      ;
; 0.932  ; ddfs:inst|freq_divider_DDFS:f_div_inst|count[5]  ; ddfs:inst|freq_divider_DDFS:f_div_inst|count[18] ; inst1|altpll_component|pll|clk[0]                ; inst1|altpll_component|pll|clk[0] ; 5.000        ; 0.000      ; 4.104      ;
; 0.933  ; ddfs:inst|freq_divider_DDFS:f_div_inst|count[5]  ; ddfs:inst|freq_divider_DDFS:f_div_inst|count[13] ; inst1|altpll_component|pll|clk[0]                ; inst1|altpll_component|pll|clk[0] ; 5.000        ; 0.000      ; 4.103      ;
; 0.960  ; ddfs:inst|freq_divider_DDFS:f_div_inst|count[2]  ; ddfs:inst|freq_divider_DDFS:f_div_inst|count[9]  ; inst1|altpll_component|pll|clk[0]                ; inst1|altpll_component|pll|clk[0] ; 5.000        ; 0.001      ; 4.077      ;
; 0.962  ; ddfs:inst|freq_divider_DDFS:f_div_inst|count[5]  ; ddfs:inst|freq_divider_DDFS:f_div_inst|count[4]  ; inst1|altpll_component|pll|clk[0]                ; inst1|altpll_component|pll|clk[0] ; 5.000        ; 0.005      ; 4.079      ;
; 0.964  ; ddfs:inst|freq_divider_DDFS:f_div_inst|count[5]  ; ddfs:inst|freq_divider_DDFS:f_div_inst|count[7]  ; inst1|altpll_component|pll|clk[0]                ; inst1|altpll_component|pll|clk[0] ; 5.000        ; 0.005      ; 4.077      ;
; 0.966  ; ddfs:inst|freq_divider_DDFS:f_div_inst|count[8]  ; ddfs:inst|freq_divider_DDFS:f_div_inst|count[17] ; inst1|altpll_component|pll|clk[0]                ; inst1|altpll_component|pll|clk[0] ; 5.000        ; 0.000      ; 4.070      ;
; 0.967  ; ddfs:inst|freq_divider_DDFS:f_div_inst|count[8]  ; ddfs:inst|freq_divider_DDFS:f_div_inst|count[5]  ; inst1|altpll_component|pll|clk[0]                ; inst1|altpll_component|pll|clk[0] ; 5.000        ; 0.000      ; 4.069      ;
; 0.967  ; ddfs:inst|freq_divider_DDFS:f_div_inst|count[8]  ; ddfs:inst|freq_divider_DDFS:f_div_inst|count[8]  ; inst1|altpll_component|pll|clk[0]                ; inst1|altpll_component|pll|clk[0] ; 5.000        ; 0.000      ; 4.069      ;
; 0.967  ; ddfs:inst|freq_divider_DDFS:f_div_inst|count[8]  ; ddfs:inst|freq_divider_DDFS:f_div_inst|count[16] ; inst1|altpll_component|pll|clk[0]                ; inst1|altpll_component|pll|clk[0] ; 5.000        ; 0.000      ; 4.069      ;
; 0.967  ; ddfs:inst|freq_divider_DDFS:f_div_inst|count[8]  ; ddfs:inst|freq_divider_DDFS:f_div_inst|count[18] ; inst1|altpll_component|pll|clk[0]                ; inst1|altpll_component|pll|clk[0] ; 5.000        ; 0.000      ; 4.069      ;
; 0.968  ; ddfs:inst|freq_divider_DDFS:f_div_inst|count[8]  ; ddfs:inst|freq_divider_DDFS:f_div_inst|count[13] ; inst1|altpll_component|pll|clk[0]                ; inst1|altpll_component|pll|clk[0] ; 5.000        ; 0.000      ; 4.068      ;
; 0.982  ; ddfs:inst|freq_divider_DDFS:f_div_inst|count[3]  ; ddfs:inst|freq_divider_DDFS:f_div_inst|count[11] ; inst1|altpll_component|pll|clk[0]                ; inst1|altpll_component|pll|clk[0] ; 5.000        ; 0.000      ; 4.054      ;
; 0.997  ; ddfs:inst|freq_divider_DDFS:f_div_inst|count[8]  ; ddfs:inst|freq_divider_DDFS:f_div_inst|count[4]  ; inst1|altpll_component|pll|clk[0]                ; inst1|altpll_component|pll|clk[0] ; 5.000        ; 0.005      ; 4.044      ;
; 0.999  ; ddfs:inst|freq_divider_DDFS:f_div_inst|count[8]  ; ddfs:inst|freq_divider_DDFS:f_div_inst|count[7]  ; inst1|altpll_component|pll|clk[0]                ; inst1|altpll_component|pll|clk[0] ; 5.000        ; 0.005      ; 4.042      ;
; 1.001  ; ddfs:inst|freq_divider_DDFS:f_div_inst|count[0]  ; ddfs:inst|freq_divider_DDFS:f_div_inst|count[17] ; inst1|altpll_component|pll|clk[0]                ; inst1|altpll_component|pll|clk[0] ; 5.000        ; -0.005     ; 4.030      ;
; 1.002  ; ddfs:inst|freq_divider_DDFS:f_div_inst|count[0]  ; ddfs:inst|freq_divider_DDFS:f_div_inst|count[5]  ; inst1|altpll_component|pll|clk[0]                ; inst1|altpll_component|pll|clk[0] ; 5.000        ; -0.005     ; 4.029      ;
; 1.002  ; ddfs:inst|freq_divider_DDFS:f_div_inst|count[0]  ; ddfs:inst|freq_divider_DDFS:f_div_inst|count[8]  ; inst1|altpll_component|pll|clk[0]                ; inst1|altpll_component|pll|clk[0] ; 5.000        ; -0.005     ; 4.029      ;
; 1.002  ; ddfs:inst|freq_divider_DDFS:f_div_inst|count[0]  ; ddfs:inst|freq_divider_DDFS:f_div_inst|count[16] ; inst1|altpll_component|pll|clk[0]                ; inst1|altpll_component|pll|clk[0] ; 5.000        ; -0.005     ; 4.029      ;
; 1.002  ; ddfs:inst|freq_divider_DDFS:f_div_inst|count[0]  ; ddfs:inst|freq_divider_DDFS:f_div_inst|count[18] ; inst1|altpll_component|pll|clk[0]                ; inst1|altpll_component|pll|clk[0] ; 5.000        ; -0.005     ; 4.029      ;
+--------+--------------------------------------------------+--------------------------------------------------+--------------------------------------------------+-----------------------------------+--------------+------------+------------+


+---------------------------------------------------------------------------------------------------------------------------------------------------------------------------------------------------------------------------------------------+
; Slow Model Hold: 'inst1|altpll_component|pll|clk[0]'                                                                                                                                                                                        ;
+-------+--------------------------------------------------+--------------------------------------------------+--------------------------------------------------+-----------------------------------+--------------+------------+------------+
; Slack ; From Node                                        ; To Node                                          ; Launch Clock                                     ; Latch Clock                       ; Relationship ; Clock Skew ; Data Delay ;
+-------+--------------------------------------------------+--------------------------------------------------+--------------------------------------------------+-----------------------------------+--------------+------------+------------+
; 0.616 ; ddfs:inst|freq_divider_DDFS:f_div_inst|count[19] ; ddfs:inst|freq_divider_DDFS:f_div_inst|count[10] ; ddfs:inst|freq_divider_DDFS:f_div_inst|count[19] ; inst1|altpll_component|pll|clk[0] ; 0.000        ; 0.277      ; 1.409      ;
; 0.616 ; ddfs:inst|freq_divider_DDFS:f_div_inst|count[19] ; ddfs:inst|freq_divider_DDFS:f_div_inst|count[12] ; ddfs:inst|freq_divider_DDFS:f_div_inst|count[19] ; inst1|altpll_component|pll|clk[0] ; 0.000        ; 0.277      ; 1.409      ;
; 0.641 ; ddfs:inst|freq_divider_DDFS:f_div_inst|count[19] ; ddfs:inst|freq_divider_DDFS:f_div_inst|count[14] ; ddfs:inst|freq_divider_DDFS:f_div_inst|count[19] ; inst1|altpll_component|pll|clk[0] ; 0.000        ; 0.279      ; 1.436      ;
; 0.826 ; ddfs:inst|freq_divider_DDFS:f_div_inst|count[19] ; ddfs:inst|freq_divider_DDFS:f_div_inst|count[3]  ; ddfs:inst|freq_divider_DDFS:f_div_inst|count[19] ; inst1|altpll_component|pll|clk[0] ; 0.000        ; 0.279      ; 1.621      ;
; 0.826 ; ddfs:inst|freq_divider_DDFS:f_div_inst|count[19] ; ddfs:inst|freq_divider_DDFS:f_div_inst|count[15] ; ddfs:inst|freq_divider_DDFS:f_div_inst|count[19] ; inst1|altpll_component|pll|clk[0] ; 0.000        ; 0.279      ; 1.621      ;
; 0.887 ; ddfs:inst|freq_divider_DDFS:f_div_inst|count[19] ; ddfs:inst|freq_divider_DDFS:f_div_inst|count[19] ; ddfs:inst|freq_divider_DDFS:f_div_inst|count[19] ; inst1|altpll_component|pll|clk[0] ; 0.000        ; 0.279      ; 1.682      ;
; 0.912 ; ddfs:inst|freq_divider_DDFS:f_div_inst|count[19] ; ddfs:inst|freq_divider_DDFS:f_div_inst|count[11] ; ddfs:inst|freq_divider_DDFS:f_div_inst|count[19] ; inst1|altpll_component|pll|clk[0] ; 0.000        ; 0.279      ; 1.707      ;
; 1.026 ; ddfs:inst|freq_divider_DDFS:f_div_inst|count[19] ; ddfs:inst|freq_divider_DDFS:f_div_inst|count[7]  ; ddfs:inst|freq_divider_DDFS:f_div_inst|count[19] ; inst1|altpll_component|pll|clk[0] ; 0.000        ; 0.285      ; 1.827      ;
; 1.028 ; ddfs:inst|freq_divider_DDFS:f_div_inst|count[19] ; ddfs:inst|freq_divider_DDFS:f_div_inst|count[4]  ; ddfs:inst|freq_divider_DDFS:f_div_inst|count[19] ; inst1|altpll_component|pll|clk[0] ; 0.000        ; 0.285      ; 1.829      ;
; 1.057 ; ddfs:inst|freq_divider_DDFS:f_div_inst|count[19] ; ddfs:inst|freq_divider_DDFS:f_div_inst|count[13] ; ddfs:inst|freq_divider_DDFS:f_div_inst|count[19] ; inst1|altpll_component|pll|clk[0] ; 0.000        ; 0.280      ; 1.853      ;
; 1.058 ; ddfs:inst|freq_divider_DDFS:f_div_inst|count[19] ; ddfs:inst|freq_divider_DDFS:f_div_inst|count[5]  ; ddfs:inst|freq_divider_DDFS:f_div_inst|count[19] ; inst1|altpll_component|pll|clk[0] ; 0.000        ; 0.280      ; 1.854      ;
; 1.058 ; ddfs:inst|freq_divider_DDFS:f_div_inst|count[19] ; ddfs:inst|freq_divider_DDFS:f_div_inst|count[8]  ; ddfs:inst|freq_divider_DDFS:f_div_inst|count[19] ; inst1|altpll_component|pll|clk[0] ; 0.000        ; 0.280      ; 1.854      ;
; 1.058 ; ddfs:inst|freq_divider_DDFS:f_div_inst|count[19] ; ddfs:inst|freq_divider_DDFS:f_div_inst|count[16] ; ddfs:inst|freq_divider_DDFS:f_div_inst|count[19] ; inst1|altpll_component|pll|clk[0] ; 0.000        ; 0.280      ; 1.854      ;
; 1.058 ; ddfs:inst|freq_divider_DDFS:f_div_inst|count[19] ; ddfs:inst|freq_divider_DDFS:f_div_inst|count[18] ; ddfs:inst|freq_divider_DDFS:f_div_inst|count[19] ; inst1|altpll_component|pll|clk[0] ; 0.000        ; 0.280      ; 1.854      ;
; 1.059 ; ddfs:inst|freq_divider_DDFS:f_div_inst|count[19] ; ddfs:inst|freq_divider_DDFS:f_div_inst|count[17] ; ddfs:inst|freq_divider_DDFS:f_div_inst|count[19] ; inst1|altpll_component|pll|clk[0] ; 0.000        ; 0.280      ; 1.855      ;
; 1.116 ; ddfs:inst|freq_divider_DDFS:f_div_inst|count[19] ; ddfs:inst|freq_divider_DDFS:f_div_inst|count[10] ; ddfs:inst|freq_divider_DDFS:f_div_inst|count[19] ; inst1|altpll_component|pll|clk[0] ; -0.500       ; 0.277      ; 1.409      ;
; 1.116 ; ddfs:inst|freq_divider_DDFS:f_div_inst|count[19] ; ddfs:inst|freq_divider_DDFS:f_div_inst|count[12] ; ddfs:inst|freq_divider_DDFS:f_div_inst|count[19] ; inst1|altpll_component|pll|clk[0] ; -0.500       ; 0.277      ; 1.409      ;
; 1.141 ; ddfs:inst|freq_divider_DDFS:f_div_inst|count[19] ; ddfs:inst|freq_divider_DDFS:f_div_inst|count[14] ; ddfs:inst|freq_divider_DDFS:f_div_inst|count[19] ; inst1|altpll_component|pll|clk[0] ; -0.500       ; 0.279      ; 1.436      ;
; 1.288 ; ddfs:inst|freq_divider_DDFS:f_div_inst|count[19] ; ddfs:inst|freq_divider_DDFS:f_div_inst|count[9]  ; ddfs:inst|freq_divider_DDFS:f_div_inst|count[19] ; inst1|altpll_component|pll|clk[0] ; 0.000        ; 0.286      ; 2.090      ;
; 1.317 ; ddfs:inst|freq_divider_DDFS:f_div_inst|count[19] ; ddfs:inst|freq_divider_DDFS:f_div_inst|count[6]  ; ddfs:inst|freq_divider_DDFS:f_div_inst|count[19] ; inst1|altpll_component|pll|clk[0] ; 0.000        ; 0.285      ; 2.118      ;
; 1.318 ; ddfs:inst|freq_divider_DDFS:f_div_inst|count[19] ; ddfs:inst|freq_divider_DDFS:f_div_inst|count[1]  ; ddfs:inst|freq_divider_DDFS:f_div_inst|count[19] ; inst1|altpll_component|pll|clk[0] ; 0.000        ; 0.285      ; 2.119      ;
; 1.319 ; ddfs:inst|freq_divider_DDFS:f_div_inst|count[19] ; ddfs:inst|freq_divider_DDFS:f_div_inst|count[2]  ; ddfs:inst|freq_divider_DDFS:f_div_inst|count[19] ; inst1|altpll_component|pll|clk[0] ; 0.000        ; 0.285      ; 2.120      ;
; 1.320 ; ddfs:inst|freq_divider_DDFS:f_div_inst|count[19] ; ddfs:inst|freq_divider_DDFS:f_div_inst|count[0]  ; ddfs:inst|freq_divider_DDFS:f_div_inst|count[19] ; inst1|altpll_component|pll|clk[0] ; 0.000        ; 0.285      ; 2.121      ;
; 1.325 ; ddfs:inst|freq_divider_DDFS:f_div_inst|count[17] ; ddfs:inst|freq_divider_DDFS:f_div_inst|count[17] ; inst1|altpll_component|pll|clk[0]                ; inst1|altpll_component|pll|clk[0] ; 0.000        ; 0.000      ; 1.591      ;
; 1.326 ; ddfs:inst|freq_divider_DDFS:f_div_inst|count[19] ; ddfs:inst|freq_divider_DDFS:f_div_inst|count[3]  ; ddfs:inst|freq_divider_DDFS:f_div_inst|count[19] ; inst1|altpll_component|pll|clk[0] ; -0.500       ; 0.279      ; 1.621      ;
; 1.326 ; ddfs:inst|freq_divider_DDFS:f_div_inst|count[19] ; ddfs:inst|freq_divider_DDFS:f_div_inst|count[15] ; ddfs:inst|freq_divider_DDFS:f_div_inst|count[19] ; inst1|altpll_component|pll|clk[0] ; -0.500       ; 0.279      ; 1.621      ;
; 1.330 ; ddfs:inst|freq_divider_DDFS:f_div_inst|count[18] ; ddfs:inst|freq_divider_DDFS:f_div_inst|count[18] ; inst1|altpll_component|pll|clk[0]                ; inst1|altpll_component|pll|clk[0] ; 0.000        ; 0.000      ; 1.596      ;
; 1.387 ; ddfs:inst|freq_divider_DDFS:f_div_inst|count[19] ; ddfs:inst|freq_divider_DDFS:f_div_inst|count[19] ; ddfs:inst|freq_divider_DDFS:f_div_inst|count[19] ; inst1|altpll_component|pll|clk[0] ; -0.500       ; 0.279      ; 1.682      ;
; 1.412 ; ddfs:inst|freq_divider_DDFS:f_div_inst|count[19] ; ddfs:inst|freq_divider_DDFS:f_div_inst|count[11] ; ddfs:inst|freq_divider_DDFS:f_div_inst|count[19] ; inst1|altpll_component|pll|clk[0] ; -0.500       ; 0.279      ; 1.707      ;
; 1.465 ; ddfs:inst|freq_divider_DDFS:f_div_inst|count[9]  ; ddfs:inst|freq_divider_DDFS:f_div_inst|count[9]  ; inst1|altpll_component|pll|clk[0]                ; inst1|altpll_component|pll|clk[0] ; 0.000        ; 0.000      ; 1.731      ;
; 1.512 ; ddfs:inst|freq_divider_DDFS:f_div_inst|count[13] ; ddfs:inst|freq_divider_DDFS:f_div_inst|count[13] ; inst1|altpll_component|pll|clk[0]                ; inst1|altpll_component|pll|clk[0] ; 0.000        ; 0.000      ; 1.778      ;
; 1.526 ; ddfs:inst|freq_divider_DDFS:f_div_inst|count[19] ; ddfs:inst|freq_divider_DDFS:f_div_inst|count[7]  ; ddfs:inst|freq_divider_DDFS:f_div_inst|count[19] ; inst1|altpll_component|pll|clk[0] ; -0.500       ; 0.285      ; 1.827      ;
; 1.528 ; ddfs:inst|freq_divider_DDFS:f_div_inst|count[19] ; ddfs:inst|freq_divider_DDFS:f_div_inst|count[4]  ; ddfs:inst|freq_divider_DDFS:f_div_inst|count[19] ; inst1|altpll_component|pll|clk[0] ; -0.500       ; 0.285      ; 1.829      ;
; 1.540 ; ddfs:inst|freq_divider_DDFS:f_div_inst|count[16] ; ddfs:inst|freq_divider_DDFS:f_div_inst|count[16] ; inst1|altpll_component|pll|clk[0]                ; inst1|altpll_component|pll|clk[0] ; 0.000        ; 0.000      ; 1.806      ;
; 1.557 ; ddfs:inst|freq_divider_DDFS:f_div_inst|count[19] ; ddfs:inst|freq_divider_DDFS:f_div_inst|count[13] ; ddfs:inst|freq_divider_DDFS:f_div_inst|count[19] ; inst1|altpll_component|pll|clk[0] ; -0.500       ; 0.280      ; 1.853      ;
; 1.558 ; ddfs:inst|freq_divider_DDFS:f_div_inst|count[19] ; ddfs:inst|freq_divider_DDFS:f_div_inst|count[5]  ; ddfs:inst|freq_divider_DDFS:f_div_inst|count[19] ; inst1|altpll_component|pll|clk[0] ; -0.500       ; 0.280      ; 1.854      ;
; 1.558 ; ddfs:inst|freq_divider_DDFS:f_div_inst|count[19] ; ddfs:inst|freq_divider_DDFS:f_div_inst|count[8]  ; ddfs:inst|freq_divider_DDFS:f_div_inst|count[19] ; inst1|altpll_component|pll|clk[0] ; -0.500       ; 0.280      ; 1.854      ;
; 1.558 ; ddfs:inst|freq_divider_DDFS:f_div_inst|count[19] ; ddfs:inst|freq_divider_DDFS:f_div_inst|count[16] ; ddfs:inst|freq_divider_DDFS:f_div_inst|count[19] ; inst1|altpll_component|pll|clk[0] ; -0.500       ; 0.280      ; 1.854      ;
; 1.558 ; ddfs:inst|freq_divider_DDFS:f_div_inst|count[19] ; ddfs:inst|freq_divider_DDFS:f_div_inst|count[18] ; ddfs:inst|freq_divider_DDFS:f_div_inst|count[19] ; inst1|altpll_component|pll|clk[0] ; -0.500       ; 0.280      ; 1.854      ;
; 1.559 ; ddfs:inst|freq_divider_DDFS:f_div_inst|count[19] ; ddfs:inst|freq_divider_DDFS:f_div_inst|count[17] ; ddfs:inst|freq_divider_DDFS:f_div_inst|count[19] ; inst1|altpll_component|pll|clk[0] ; -0.500       ; 0.280      ; 1.855      ;
; 1.583 ; ddfs:inst|freq_divider_DDFS:f_div_inst|count[4]  ; ddfs:inst|freq_divider_DDFS:f_div_inst|count[4]  ; inst1|altpll_component|pll|clk[0]                ; inst1|altpll_component|pll|clk[0] ; 0.000        ; 0.000      ; 1.849      ;
; 1.703 ; ddfs:inst|freq_divider_DDFS:f_div_inst|count[15] ; ddfs:inst|freq_divider_DDFS:f_div_inst|count[15] ; inst1|altpll_component|pll|clk[0]                ; inst1|altpll_component|pll|clk[0] ; 0.000        ; 0.000      ; 1.969      ;
; 1.704 ; ddfs:inst|freq_divider_DDFS:f_div_inst|count[14] ; ddfs:inst|freq_divider_DDFS:f_div_inst|count[14] ; inst1|altpll_component|pll|clk[0]                ; inst1|altpll_component|pll|clk[0] ; 0.000        ; 0.000      ; 1.970      ;
; 1.705 ; ddfs:inst|freq_divider_DDFS:f_div_inst|count[1]  ; ddfs:inst|freq_divider_DDFS:f_div_inst|count[1]  ; inst1|altpll_component|pll|clk[0]                ; inst1|altpll_component|pll|clk[0] ; 0.000        ; 0.000      ; 1.971      ;
; 1.712 ; ddfs:inst|freq_divider_DDFS:f_div_inst|count[2]  ; ddfs:inst|freq_divider_DDFS:f_div_inst|count[2]  ; inst1|altpll_component|pll|clk[0]                ; inst1|altpll_component|pll|clk[0] ; 0.000        ; 0.000      ; 1.978      ;
; 1.741 ; ddfs:inst|freq_divider_DDFS:f_div_inst|count[16] ; ddfs:inst|freq_divider_DDFS:f_div_inst|count[17] ; inst1|altpll_component|pll|clk[0]                ; inst1|altpll_component|pll|clk[0] ; 0.000        ; 0.000      ; 2.007      ;
; 1.742 ; ddfs:inst|freq_divider_DDFS:f_div_inst|count[0]  ; ddfs:inst|freq_divider_DDFS:f_div_inst|count[0]  ; inst1|altpll_component|pll|clk[0]                ; inst1|altpll_component|pll|clk[0] ; 0.000        ; 0.000      ; 2.008      ;
; 1.774 ; ddfs:inst|freq_divider_DDFS:f_div_inst|count[18] ; ddfs:inst|freq_divider_DDFS:f_div_inst|count[19] ; inst1|altpll_component|pll|clk[0]                ; inst1|altpll_component|pll|clk[0] ; 0.000        ; -0.001     ; 2.039      ;
; 1.788 ; ddfs:inst|freq_divider_DDFS:f_div_inst|count[19] ; ddfs:inst|freq_divider_DDFS:f_div_inst|count[9]  ; ddfs:inst|freq_divider_DDFS:f_div_inst|count[19] ; inst1|altpll_component|pll|clk[0] ; -0.500       ; 0.286      ; 2.090      ;
; 1.805 ; ddfs:inst|freq_divider_DDFS:f_div_inst|count[17] ; ddfs:inst|freq_divider_DDFS:f_div_inst|count[18] ; inst1|altpll_component|pll|clk[0]                ; inst1|altpll_component|pll|clk[0] ; 0.000        ; 0.000      ; 2.071      ;
; 1.816 ; ddfs:inst|freq_divider_DDFS:f_div_inst|count[11] ; ddfs:inst|freq_divider_DDFS:f_div_inst|count[11] ; inst1|altpll_component|pll|clk[0]                ; inst1|altpll_component|pll|clk[0] ; 0.000        ; 0.000      ; 2.082      ;
; 1.817 ; ddfs:inst|freq_divider_DDFS:f_div_inst|count[19] ; ddfs:inst|freq_divider_DDFS:f_div_inst|count[6]  ; ddfs:inst|freq_divider_DDFS:f_div_inst|count[19] ; inst1|altpll_component|pll|clk[0] ; -0.500       ; 0.285      ; 2.118      ;
; 1.818 ; ddfs:inst|freq_divider_DDFS:f_div_inst|count[19] ; ddfs:inst|freq_divider_DDFS:f_div_inst|count[1]  ; ddfs:inst|freq_divider_DDFS:f_div_inst|count[19] ; inst1|altpll_component|pll|clk[0] ; -0.500       ; 0.285      ; 2.119      ;
; 1.819 ; ddfs:inst|freq_divider_DDFS:f_div_inst|count[7]  ; ddfs:inst|freq_divider_DDFS:f_div_inst|count[7]  ; inst1|altpll_component|pll|clk[0]                ; inst1|altpll_component|pll|clk[0] ; 0.000        ; 0.000      ; 2.085      ;
; 1.819 ; ddfs:inst|freq_divider_DDFS:f_div_inst|count[19] ; ddfs:inst|freq_divider_DDFS:f_div_inst|count[2]  ; ddfs:inst|freq_divider_DDFS:f_div_inst|count[19] ; inst1|altpll_component|pll|clk[0] ; -0.500       ; 0.285      ; 2.120      ;
; 1.820 ; ddfs:inst|freq_divider_DDFS:f_div_inst|count[19] ; ddfs:inst|freq_divider_DDFS:f_div_inst|count[0]  ; ddfs:inst|freq_divider_DDFS:f_div_inst|count[19] ; inst1|altpll_component|pll|clk[0] ; -0.500       ; 0.285      ; 2.121      ;
; 1.905 ; ddfs:inst|freq_divider_DDFS:f_div_inst|count[16] ; ddfs:inst|freq_divider_DDFS:f_div_inst|count[18] ; inst1|altpll_component|pll|clk[0]                ; inst1|altpll_component|pll|clk[0] ; 0.000        ; 0.000      ; 2.171      ;
; 1.911 ; ddfs:inst|freq_divider_DDFS:f_div_inst|count[13] ; ddfs:inst|freq_divider_DDFS:f_div_inst|count[14] ; inst1|altpll_component|pll|clk[0]                ; inst1|altpll_component|pll|clk[0] ; 0.000        ; -0.001     ; 2.176      ;
; 1.923 ; ddfs:inst|freq_divider_DDFS:f_div_inst|count[13] ; ddfs:inst|freq_divider_DDFS:f_div_inst|count[17] ; inst1|altpll_component|pll|clk[0]                ; inst1|altpll_component|pll|clk[0] ; 0.000        ; 0.000      ; 2.189      ;
; 1.937 ; ddfs:inst|freq_divider_DDFS:f_div_inst|count[17] ; ddfs:inst|freq_divider_DDFS:f_div_inst|count[19] ; inst1|altpll_component|pll|clk[0]                ; inst1|altpll_component|pll|clk[0] ; 0.000        ; -0.001     ; 2.202      ;
; 1.958 ; ddfs:inst|freq_divider_DDFS:f_div_inst|count[15] ; ddfs:inst|freq_divider_DDFS:f_div_inst|count[17] ; inst1|altpll_component|pll|clk[0]                ; inst1|altpll_component|pll|clk[0] ; 0.000        ; 0.001      ; 2.225      ;
; 1.980 ; ddfs:inst|freq_divider_DDFS:f_div_inst|count[13] ; ddfs:inst|freq_divider_DDFS:f_div_inst|count[15] ; inst1|altpll_component|pll|clk[0]                ; inst1|altpll_component|pll|clk[0] ; 0.000        ; -0.001     ; 2.245      ;
; 1.996 ; ddfs:inst|freq_divider_DDFS:f_div_inst|count[18] ; ddfs:inst|freq_divider_DDFS:f_div_inst|count[10] ; inst1|altpll_component|pll|clk[0]                ; inst1|altpll_component|pll|clk[0] ; 0.000        ; -0.003     ; 2.259      ;
; 1.996 ; ddfs:inst|freq_divider_DDFS:f_div_inst|count[18] ; ddfs:inst|freq_divider_DDFS:f_div_inst|count[12] ; inst1|altpll_component|pll|clk[0]                ; inst1|altpll_component|pll|clk[0] ; 0.000        ; -0.003     ; 2.259      ;
; 2.021 ; ddfs:inst|freq_divider_DDFS:f_div_inst|count[18] ; ddfs:inst|freq_divider_DDFS:f_div_inst|count[14] ; inst1|altpll_component|pll|clk[0]                ; inst1|altpll_component|pll|clk[0] ; 0.000        ; -0.001     ; 2.286      ;
; 2.028 ; ddfs:inst|freq_divider_DDFS:f_div_inst|count[14] ; ddfs:inst|freq_divider_DDFS:f_div_inst|count[17] ; inst1|altpll_component|pll|clk[0]                ; inst1|altpll_component|pll|clk[0] ; 0.000        ; 0.001      ; 2.295      ;
; 2.036 ; ddfs:inst|freq_divider_DDFS:f_div_inst|count[2]  ; ddfs:inst|freq_divider_DDFS:f_div_inst|count[4]  ; inst1|altpll_component|pll|clk[0]                ; inst1|altpll_component|pll|clk[0] ; 0.000        ; 0.000      ; 2.302      ;
; 2.037 ; ddfs:inst|freq_divider_DDFS:f_div_inst|count[13] ; ddfs:inst|freq_divider_DDFS:f_div_inst|count[16] ; inst1|altpll_component|pll|clk[0]                ; inst1|altpll_component|pll|clk[0] ; 0.000        ; 0.000      ; 2.303      ;
; 2.037 ; ddfs:inst|freq_divider_DDFS:f_div_inst|count[16] ; ddfs:inst|freq_divider_DDFS:f_div_inst|count[19] ; inst1|altpll_component|pll|clk[0]                ; inst1|altpll_component|pll|clk[0] ; 0.000        ; -0.001     ; 2.302      ;
; 2.072 ; ddfs:inst|freq_divider_DDFS:f_div_inst|count[15] ; ddfs:inst|freq_divider_DDFS:f_div_inst|count[16] ; inst1|altpll_component|pll|clk[0]                ; inst1|altpll_component|pll|clk[0] ; 0.000        ; 0.001      ; 2.339      ;
; 2.073 ; ddfs:inst|freq_divider_DDFS:f_div_inst|count[6]  ; ddfs:inst|freq_divider_DDFS:f_div_inst|count[6]  ; inst1|altpll_component|pll|clk[0]                ; inst1|altpll_component|pll|clk[0] ; 0.000        ; 0.000      ; 2.339      ;
; 2.085 ; ddfs:inst|freq_divider_DDFS:f_div_inst|count[14] ; ddfs:inst|freq_divider_DDFS:f_div_inst|count[15] ; inst1|altpll_component|pll|clk[0]                ; inst1|altpll_component|pll|clk[0] ; 0.000        ; 0.000      ; 2.351      ;
; 2.087 ; ddfs:inst|freq_divider_DDFS:f_div_inst|count[13] ; ddfs:inst|freq_divider_DDFS:f_div_inst|count[18] ; inst1|altpll_component|pll|clk[0]                ; inst1|altpll_component|pll|clk[0] ; 0.000        ; 0.000      ; 2.353      ;
; 2.094 ; ddfs:inst|freq_divider_DDFS:f_div_inst|count[0]  ; ddfs:inst|freq_divider_DDFS:f_div_inst|count[1]  ; inst1|altpll_component|pll|clk[0]                ; inst1|altpll_component|pll|clk[0] ; 0.000        ; 0.000      ; 2.360      ;
; 2.097 ; ddfs:inst|freq_divider_DDFS:f_div_inst|count[15] ; ddfs:inst|freq_divider_DDFS:f_div_inst|count[10] ; inst1|altpll_component|pll|clk[0]                ; inst1|altpll_component|pll|clk[0] ; 0.000        ; -0.002     ; 2.361      ;
; 2.097 ; ddfs:inst|freq_divider_DDFS:f_div_inst|count[15] ; ddfs:inst|freq_divider_DDFS:f_div_inst|count[12] ; inst1|altpll_component|pll|clk[0]                ; inst1|altpll_component|pll|clk[0] ; 0.000        ; -0.002     ; 2.361      ;
; 2.122 ; ddfs:inst|freq_divider_DDFS:f_div_inst|count[15] ; ddfs:inst|freq_divider_DDFS:f_div_inst|count[14] ; inst1|altpll_component|pll|clk[0]                ; inst1|altpll_component|pll|clk[0] ; 0.000        ; 0.000      ; 2.388      ;
; 2.122 ; ddfs:inst|freq_divider_DDFS:f_div_inst|count[15] ; ddfs:inst|freq_divider_DDFS:f_div_inst|count[18] ; inst1|altpll_component|pll|clk[0]                ; inst1|altpll_component|pll|clk[0] ; 0.000        ; 0.001      ; 2.389      ;
; 2.125 ; ddfs:inst|freq_divider_DDFS:f_div_inst|count[17] ; ddfs:inst|freq_divider_DDFS:f_div_inst|count[10] ; inst1|altpll_component|pll|clk[0]                ; inst1|altpll_component|pll|clk[0] ; 0.000        ; -0.003     ; 2.388      ;
; 2.125 ; ddfs:inst|freq_divider_DDFS:f_div_inst|count[17] ; ddfs:inst|freq_divider_DDFS:f_div_inst|count[12] ; inst1|altpll_component|pll|clk[0]                ; inst1|altpll_component|pll|clk[0] ; 0.000        ; -0.003     ; 2.388      ;
; 2.135 ; ddfs:inst|freq_divider_DDFS:f_div_inst|count[7]  ; ddfs:inst|freq_divider_DDFS:f_div_inst|count[9]  ; inst1|altpll_component|pll|clk[0]                ; inst1|altpll_component|pll|clk[0] ; 0.000        ; 0.001      ; 2.402      ;
; 2.142 ; ddfs:inst|freq_divider_DDFS:f_div_inst|count[14] ; ddfs:inst|freq_divider_DDFS:f_div_inst|count[16] ; inst1|altpll_component|pll|clk[0]                ; inst1|altpll_component|pll|clk[0] ; 0.000        ; 0.001      ; 2.409      ;
; 2.143 ; ddfs:inst|freq_divider_DDFS:f_div_inst|count[10] ; ddfs:inst|freq_divider_DDFS:f_div_inst|count[10] ; inst1|altpll_component|pll|clk[0]                ; inst1|altpll_component|pll|clk[0] ; 0.000        ; 0.000      ; 2.409      ;
; 2.149 ; ddfs:inst|freq_divider_DDFS:f_div_inst|count[9]  ; ddfs:inst|freq_divider_DDFS:f_div_inst|count[11] ; inst1|altpll_component|pll|clk[0]                ; inst1|altpll_component|pll|clk[0] ; 0.000        ; -0.007     ; 2.408      ;
; 2.150 ; ddfs:inst|freq_divider_DDFS:f_div_inst|count[17] ; ddfs:inst|freq_divider_DDFS:f_div_inst|count[14] ; inst1|altpll_component|pll|clk[0]                ; inst1|altpll_component|pll|clk[0] ; 0.000        ; -0.001     ; 2.415      ;
; 2.152 ; ddfs:inst|freq_divider_DDFS:f_div_inst|count[12] ; ddfs:inst|freq_divider_DDFS:f_div_inst|count[12] ; inst1|altpll_component|pll|clk[0]                ; inst1|altpll_component|pll|clk[0] ; 0.000        ; 0.000      ; 2.418      ;
; 2.175 ; ddfs:inst|freq_divider_DDFS:f_div_inst|count[14] ; ddfs:inst|freq_divider_DDFS:f_div_inst|count[10] ; inst1|altpll_component|pll|clk[0]                ; inst1|altpll_component|pll|clk[0] ; 0.000        ; -0.002     ; 2.439      ;
; 2.175 ; ddfs:inst|freq_divider_DDFS:f_div_inst|count[14] ; ddfs:inst|freq_divider_DDFS:f_div_inst|count[12] ; inst1|altpll_component|pll|clk[0]                ; inst1|altpll_component|pll|clk[0] ; 0.000        ; -0.002     ; 2.439      ;
; 2.179 ; ddfs:inst|freq_divider_DDFS:f_div_inst|count[11] ; ddfs:inst|freq_divider_DDFS:f_div_inst|count[13] ; inst1|altpll_component|pll|clk[0]                ; inst1|altpll_component|pll|clk[0] ; 0.000        ; 0.001      ; 2.446      ;
; 2.184 ; ddfs:inst|freq_divider_DDFS:f_div_inst|count[9]  ; ddfs:inst|freq_divider_DDFS:f_div_inst|count[10] ; inst1|altpll_component|pll|clk[0]                ; inst1|altpll_component|pll|clk[0] ; 0.000        ; -0.009     ; 2.441      ;
; 2.192 ; ddfs:inst|freq_divider_DDFS:f_div_inst|count[14] ; ddfs:inst|freq_divider_DDFS:f_div_inst|count[18] ; inst1|altpll_component|pll|clk[0]                ; inst1|altpll_component|pll|clk[0] ; 0.000        ; 0.001      ; 2.459      ;
; 2.197 ; ddfs:inst|freq_divider_DDFS:f_div_inst|count[9]  ; ddfs:inst|freq_divider_DDFS:f_div_inst|count[13] ; inst1|altpll_component|pll|clk[0]                ; inst1|altpll_component|pll|clk[0] ; 0.000        ; -0.006     ; 2.457      ;
; 2.206 ; ddfs:inst|freq_divider_DDFS:f_div_inst|count[18] ; ddfs:inst|freq_divider_DDFS:f_div_inst|count[3]  ; inst1|altpll_component|pll|clk[0]                ; inst1|altpll_component|pll|clk[0] ; 0.000        ; -0.001     ; 2.471      ;
; 2.206 ; ddfs:inst|freq_divider_DDFS:f_div_inst|count[18] ; ddfs:inst|freq_divider_DDFS:f_div_inst|count[15] ; inst1|altpll_component|pll|clk[0]                ; inst1|altpll_component|pll|clk[0] ; 0.000        ; -0.001     ; 2.471      ;
; 2.209 ; ddfs:inst|freq_divider_DDFS:f_div_inst|count[16] ; ddfs:inst|freq_divider_DDFS:f_div_inst|count[10] ; inst1|altpll_component|pll|clk[0]                ; inst1|altpll_component|pll|clk[0] ; 0.000        ; -0.003     ; 2.472      ;
; 2.209 ; ddfs:inst|freq_divider_DDFS:f_div_inst|count[16] ; ddfs:inst|freq_divider_DDFS:f_div_inst|count[12] ; inst1|altpll_component|pll|clk[0]                ; inst1|altpll_component|pll|clk[0] ; 0.000        ; -0.003     ; 2.472      ;
; 2.219 ; ddfs:inst|freq_divider_DDFS:f_div_inst|count[1]  ; ddfs:inst|freq_divider_DDFS:f_div_inst|count[2]  ; inst1|altpll_component|pll|clk[0]                ; inst1|altpll_component|pll|clk[0] ; 0.000        ; 0.000      ; 2.485      ;
; 2.219 ; ddfs:inst|freq_divider_DDFS:f_div_inst|count[13] ; ddfs:inst|freq_divider_DDFS:f_div_inst|count[19] ; inst1|altpll_component|pll|clk[0]                ; inst1|altpll_component|pll|clk[0] ; 0.000        ; -0.001     ; 2.484      ;
; 2.231 ; ddfs:inst|freq_divider_DDFS:f_div_inst|count[1]  ; ddfs:inst|freq_divider_DDFS:f_div_inst|count[4]  ; inst1|altpll_component|pll|clk[0]                ; inst1|altpll_component|pll|clk[0] ; 0.000        ; 0.000      ; 2.497      ;
; 2.234 ; ddfs:inst|freq_divider_DDFS:f_div_inst|count[16] ; ddfs:inst|freq_divider_DDFS:f_div_inst|count[14] ; inst1|altpll_component|pll|clk[0]                ; inst1|altpll_component|pll|clk[0] ; 0.000        ; -0.001     ; 2.499      ;
+-------+--------------------------------------------------+--------------------------------------------------+--------------------------------------------------+-----------------------------------+--------------+------------+------------+


+--------------------------------------------------------------------------------------------------------------------------------------------------------------------------------------------------------------------------------------------------------------------------------------------+
; Slow Model Hold: 'ddfs:inst|freq_divider_DDFS:f_div_inst|count[19]'                                                                                                                                                                                                                        ;
+-------+--------------------+----------------------------------------------------------------------------------------------------------------+--------------------------------------------------+--------------------------------------------------+--------------+------------+------------+
; Slack ; From Node          ; To Node                                                                                                        ; Launch Clock                                     ; Latch Clock                                      ; Relationship ; Clock Skew ; Data Delay ;
+-------+--------------------+----------------------------------------------------------------------------------------------------------------+--------------------------------------------------+--------------------------------------------------+--------------+------------+------------+
; 0.730 ; ddfs:inst|cont[10] ; ddfs:inst|cont_rt[10]                                                                                          ; ddfs:inst|freq_divider_DDFS:f_div_inst|count[19] ; ddfs:inst|freq_divider_DDFS:f_div_inst|count[19] ; 0.000        ; 0.000      ; 0.996      ;
; 1.074 ; ddfs:inst|cont[11] ; ddfs:inst|cont_rt[11]                                                                                          ; ddfs:inst|freq_divider_DDFS:f_div_inst|count[19] ; ddfs:inst|freq_divider_DDFS:f_div_inst|count[19] ; 0.000        ; 0.000      ; 1.340      ;
; 1.259 ; ddfs:inst|cont[10] ; ddfs:inst|cont[10]                                                                                             ; ddfs:inst|freq_divider_DDFS:f_div_inst|count[19] ; ddfs:inst|freq_divider_DDFS:f_div_inst|count[19] ; 0.000        ; 0.000      ; 1.525      ;
; 1.273 ; ddfs:inst|cont[10] ; ddfs:inst|cont[11]                                                                                             ; ddfs:inst|freq_divider_DDFS:f_div_inst|count[19] ; ddfs:inst|freq_divider_DDFS:f_div_inst|count[19] ; 0.000        ; 0.000      ; 1.539      ;
; 1.354 ; ddfs:inst|cont[11] ; ddfs:inst|cont[10]                                                                                             ; ddfs:inst|freq_divider_DDFS:f_div_inst|count[19] ; ddfs:inst|freq_divider_DDFS:f_div_inst|count[19] ; 0.000        ; 0.000      ; 1.620      ;
; 1.385 ; ddfs:inst|cont[11] ; ddfs:inst|cont[11]                                                                                             ; ddfs:inst|freq_divider_DDFS:f_div_inst|count[19] ; ddfs:inst|freq_divider_DDFS:f_div_inst|count[19] ; 0.000        ; 0.000      ; 1.651      ;
; 1.485 ; ddfs:inst|cont[0]  ; ddfs:inst|sin_lut:lut_inst|altsyncram:rom_rtl_0|altsyncram_3871:auto_generated|ram_block1a1~porta_address_reg0 ; ddfs:inst|freq_divider_DDFS:f_div_inst|count[19] ; ddfs:inst|freq_divider_DDFS:f_div_inst|count[19] ; 0.000        ; 0.065      ; 1.784      ;
; 1.508 ; ddfs:inst|cont[7]  ; ddfs:inst|cont[7]                                                                                              ; ddfs:inst|freq_divider_DDFS:f_div_inst|count[19] ; ddfs:inst|freq_divider_DDFS:f_div_inst|count[19] ; 0.000        ; 0.000      ; 1.774      ;
; 1.518 ; ddfs:inst|cont[2]  ; ddfs:inst|cont[2]                                                                                              ; ddfs:inst|freq_divider_DDFS:f_div_inst|count[19] ; ddfs:inst|freq_divider_DDFS:f_div_inst|count[19] ; 0.000        ; 0.000      ; 1.784      ;
; 1.520 ; ddfs:inst|cont[5]  ; ddfs:inst|sin_lut:lut_inst|altsyncram:rom_rtl_0|altsyncram_3871:auto_generated|ram_block1a1~porta_address_reg5 ; ddfs:inst|freq_divider_DDFS:f_div_inst|count[19] ; ddfs:inst|freq_divider_DDFS:f_div_inst|count[19] ; 0.000        ; 0.065      ; 1.819      ;
; 1.529 ; ddfs:inst|cont[10] ; ddfs:inst|sin_lut:lut_inst|altsyncram:rom_rtl_0|altsyncram_3871:auto_generated|ram_block1a1~porta_address_reg5 ; ddfs:inst|freq_divider_DDFS:f_div_inst|count[19] ; ddfs:inst|freq_divider_DDFS:f_div_inst|count[19] ; 0.000        ; 0.063      ; 1.826      ;
; 1.532 ; ddfs:inst|cont[3]  ; ddfs:inst|sin_lut:lut_inst|altsyncram:rom_rtl_0|altsyncram_3871:auto_generated|ram_block1a1~porta_address_reg3 ; ddfs:inst|freq_divider_DDFS:f_div_inst|count[19] ; ddfs:inst|freq_divider_DDFS:f_div_inst|count[19] ; 0.000        ; 0.065      ; 1.831      ;
; 1.548 ; ddfs:inst|cont[10] ; ddfs:inst|sin_lut:lut_inst|altsyncram:rom_rtl_0|altsyncram_3871:auto_generated|ram_block1a1~porta_address_reg3 ; ddfs:inst|freq_divider_DDFS:f_div_inst|count[19] ; ddfs:inst|freq_divider_DDFS:f_div_inst|count[19] ; 0.000        ; 0.063      ; 1.845      ;
; 1.718 ; ddfs:inst|cont[10] ; ddfs:inst|sin_lut:lut_inst|altsyncram:rom_rtl_0|altsyncram_3871:auto_generated|ram_block1a1~porta_address_reg0 ; ddfs:inst|freq_divider_DDFS:f_div_inst|count[19] ; ddfs:inst|freq_divider_DDFS:f_div_inst|count[19] ; 0.000        ; 0.063      ; 2.015      ;
; 1.750 ; ddfs:inst|cont[2]  ; ddfs:inst|sin_lut:lut_inst|altsyncram:rom_rtl_0|altsyncram_3871:auto_generated|ram_block1a1~porta_address_reg2 ; ddfs:inst|freq_divider_DDFS:f_div_inst|count[19] ; ddfs:inst|freq_divider_DDFS:f_div_inst|count[19] ; 0.000        ; 0.066      ; 2.050      ;
; 1.752 ; ddfs:inst|cont[9]  ; ddfs:inst|cont[9]                                                                                              ; ddfs:inst|freq_divider_DDFS:f_div_inst|count[19] ; ddfs:inst|freq_divider_DDFS:f_div_inst|count[19] ; 0.000        ; 0.000      ; 2.018      ;
; 1.758 ; ddfs:inst|cont[0]  ; ddfs:inst|sin_lut:lut_inst|altsyncram:rom_rtl_0|altsyncram_3871:auto_generated|ram_block1a4~porta_address_reg0 ; ddfs:inst|freq_divider_DDFS:f_div_inst|count[19] ; ddfs:inst|freq_divider_DDFS:f_div_inst|count[19] ; 0.000        ; 0.055      ; 2.047      ;
; 1.764 ; ddfs:inst|cont[0]  ; ddfs:inst|sin_lut:lut_inst|altsyncram:rom_rtl_0|altsyncram_3871:auto_generated|ram_block1a8~porta_address_reg0 ; ddfs:inst|freq_divider_DDFS:f_div_inst|count[19] ; ddfs:inst|freq_divider_DDFS:f_div_inst|count[19] ; 0.000        ; 0.065      ; 2.063      ;
; 1.777 ; ddfs:inst|cont[10] ; ddfs:inst|sin_lut:lut_inst|altsyncram:rom_rtl_0|altsyncram_3871:auto_generated|ram_block1a1~porta_address_reg6 ; ddfs:inst|freq_divider_DDFS:f_div_inst|count[19] ; ddfs:inst|freq_divider_DDFS:f_div_inst|count[19] ; 0.000        ; 0.063      ; 2.074      ;
; 1.816 ; ddfs:inst|cont[5]  ; ddfs:inst|sin_lut:lut_inst|altsyncram:rom_rtl_0|altsyncram_3871:auto_generated|ram_block1a8~porta_address_reg5 ; ddfs:inst|freq_divider_DDFS:f_div_inst|count[19] ; ddfs:inst|freq_divider_DDFS:f_div_inst|count[19] ; 0.000        ; 0.065      ; 2.115      ;
; 1.821 ; ddfs:inst|cont[5]  ; ddfs:inst|sin_lut:lut_inst|altsyncram:rom_rtl_0|altsyncram_3871:auto_generated|ram_block1a4~porta_address_reg5 ; ddfs:inst|freq_divider_DDFS:f_div_inst|count[19] ; ddfs:inst|freq_divider_DDFS:f_div_inst|count[19] ; 0.000        ; 0.055      ; 2.110      ;
; 1.825 ; ddfs:inst|cont[10] ; ddfs:inst|sin_lut:lut_inst|altsyncram:rom_rtl_0|altsyncram_3871:auto_generated|ram_block1a8~porta_address_reg5 ; ddfs:inst|freq_divider_DDFS:f_div_inst|count[19] ; ddfs:inst|freq_divider_DDFS:f_div_inst|count[19] ; 0.000        ; 0.063      ; 2.122      ;
; 1.830 ; ddfs:inst|cont[10] ; ddfs:inst|sin_lut:lut_inst|altsyncram:rom_rtl_0|altsyncram_3871:auto_generated|ram_block1a4~porta_address_reg5 ; ddfs:inst|freq_divider_DDFS:f_div_inst|count[19] ; ddfs:inst|freq_divider_DDFS:f_div_inst|count[19] ; 0.000        ; 0.053      ; 2.117      ;
; 1.846 ; ddfs:inst|cont[3]  ; ddfs:inst|sin_lut:lut_inst|altsyncram:rom_rtl_0|altsyncram_3871:auto_generated|ram_block1a8~porta_address_reg3 ; ddfs:inst|freq_divider_DDFS:f_div_inst|count[19] ; ddfs:inst|freq_divider_DDFS:f_div_inst|count[19] ; 0.000        ; 0.065      ; 2.145      ;
; 1.846 ; ddfs:inst|cont[10] ; ddfs:inst|sin_lut:lut_inst|altsyncram:rom_rtl_0|altsyncram_3871:auto_generated|ram_block1a4~porta_address_reg6 ; ddfs:inst|freq_divider_DDFS:f_div_inst|count[19] ; ddfs:inst|freq_divider_DDFS:f_div_inst|count[19] ; 0.000        ; 0.053      ; 2.133      ;
; 1.850 ; ddfs:inst|cont[10] ; ddfs:inst|sin_lut:lut_inst|altsyncram:rom_rtl_0|altsyncram_3871:auto_generated|ram_block1a8~porta_address_reg6 ; ddfs:inst|freq_divider_DDFS:f_div_inst|count[19] ; ddfs:inst|freq_divider_DDFS:f_div_inst|count[19] ; 0.000        ; 0.063      ; 2.147      ;
; 1.854 ; ddfs:inst|cont[0]  ; ddfs:inst|cont[0]                                                                                              ; ddfs:inst|freq_divider_DDFS:f_div_inst|count[19] ; ddfs:inst|freq_divider_DDFS:f_div_inst|count[19] ; 0.000        ; 0.000      ; 2.120      ;
; 1.862 ; ddfs:inst|cont[10] ; ddfs:inst|sin_lut:lut_inst|altsyncram:rom_rtl_0|altsyncram_3871:auto_generated|ram_block1a8~porta_address_reg3 ; ddfs:inst|freq_divider_DDFS:f_div_inst|count[19] ; ddfs:inst|freq_divider_DDFS:f_div_inst|count[19] ; 0.000        ; 0.063      ; 2.159      ;
; 1.893 ; ddfs:inst|cont[7]  ; ddfs:inst|sin_lut:lut_inst|altsyncram:rom_rtl_0|altsyncram_3871:auto_generated|ram_block1a1~porta_address_reg7 ; ddfs:inst|freq_divider_DDFS:f_div_inst|count[19] ; ddfs:inst|freq_divider_DDFS:f_div_inst|count[19] ; 0.000        ; 0.066      ; 2.193      ;
; 1.894 ; ddfs:inst|cont[6]  ; ddfs:inst|cont[6]                                                                                              ; ddfs:inst|freq_divider_DDFS:f_div_inst|count[19] ; ddfs:inst|freq_divider_DDFS:f_div_inst|count[19] ; 0.000        ; 0.000      ; 2.160      ;
; 1.910 ; ddfs:inst|cont[11] ; ddfs:inst|cont[2]                                                                                              ; ddfs:inst|freq_divider_DDFS:f_div_inst|count[19] ; ddfs:inst|freq_divider_DDFS:f_div_inst|count[19] ; 0.000        ; -0.003     ; 2.173      ;
; 1.911 ; ddfs:inst|cont[11] ; ddfs:inst|cont[7]                                                                                              ; ddfs:inst|freq_divider_DDFS:f_div_inst|count[19] ; ddfs:inst|freq_divider_DDFS:f_div_inst|count[19] ; 0.000        ; -0.003     ; 2.174      ;
; 1.930 ; ddfs:inst|cont[1]  ; ddfs:inst|cont[1]                                                                                              ; ddfs:inst|freq_divider_DDFS:f_div_inst|count[19] ; ddfs:inst|freq_divider_DDFS:f_div_inst|count[19] ; 0.000        ; 0.000      ; 2.196      ;
; 1.936 ; ddfs:inst|cont[3]  ; ddfs:inst|cont[3]                                                                                              ; ddfs:inst|freq_divider_DDFS:f_div_inst|count[19] ; ddfs:inst|freq_divider_DDFS:f_div_inst|count[19] ; 0.000        ; 0.000      ; 2.202      ;
; 1.942 ; ddfs:inst|cont[8]  ; ddfs:inst|cont[8]                                                                                              ; ddfs:inst|freq_divider_DDFS:f_div_inst|count[19] ; ddfs:inst|freq_divider_DDFS:f_div_inst|count[19] ; 0.000        ; 0.000      ; 2.208      ;
; 1.991 ; ddfs:inst|cont[10] ; ddfs:inst|sin_lut:lut_inst|altsyncram:rom_rtl_0|altsyncram_3871:auto_generated|ram_block1a4~porta_address_reg0 ; ddfs:inst|freq_divider_DDFS:f_div_inst|count[19] ; ddfs:inst|freq_divider_DDFS:f_div_inst|count[19] ; 0.000        ; 0.053      ; 2.278      ;
; 1.992 ; ddfs:inst|cont[11] ; ddfs:inst|cont[4]                                                                                              ; ddfs:inst|freq_divider_DDFS:f_div_inst|count[19] ; ddfs:inst|freq_divider_DDFS:f_div_inst|count[19] ; 0.000        ; -0.002     ; 2.256      ;
; 1.992 ; ddfs:inst|cont[11] ; ddfs:inst|cont[0]                                                                                              ; ddfs:inst|freq_divider_DDFS:f_div_inst|count[19] ; ddfs:inst|freq_divider_DDFS:f_div_inst|count[19] ; 0.000        ; -0.002     ; 2.256      ;
; 1.993 ; ddfs:inst|cont[11] ; ddfs:inst|cont[5]                                                                                              ; ddfs:inst|freq_divider_DDFS:f_div_inst|count[19] ; ddfs:inst|freq_divider_DDFS:f_div_inst|count[19] ; 0.000        ; -0.002     ; 2.257      ;
; 1.994 ; ddfs:inst|cont[11] ; ddfs:inst|cont[6]                                                                                              ; ddfs:inst|freq_divider_DDFS:f_div_inst|count[19] ; ddfs:inst|freq_divider_DDFS:f_div_inst|count[19] ; 0.000        ; -0.002     ; 2.258      ;
; 1.996 ; ddfs:inst|cont[6]  ; ddfs:inst|sin_lut:lut_inst|altsyncram:rom_rtl_0|altsyncram_3871:auto_generated|ram_block1a1~porta_address_reg6 ; ddfs:inst|freq_divider_DDFS:f_div_inst|count[19] ; ddfs:inst|freq_divider_DDFS:f_div_inst|count[19] ; 0.000        ; 0.065      ; 2.295      ;
; 1.997 ; ddfs:inst|cont[10] ; ddfs:inst|sin_lut:lut_inst|altsyncram:rom_rtl_0|altsyncram_3871:auto_generated|ram_block1a8~porta_address_reg0 ; ddfs:inst|freq_divider_DDFS:f_div_inst|count[19] ; ddfs:inst|freq_divider_DDFS:f_div_inst|count[19] ; 0.000        ; 0.063      ; 2.294      ;
; 2.003 ; ddfs:inst|cont[7]  ; ddfs:inst|cont[9]                                                                                              ; ddfs:inst|freq_divider_DDFS:f_div_inst|count[19] ; ddfs:inst|freq_divider_DDFS:f_div_inst|count[19] ; 0.000        ; 0.001      ; 2.270      ;
; 2.036 ; ddfs:inst|cont[10] ; ddfs:inst|sin_lut:lut_inst|altsyncram:rom_rtl_0|altsyncram_3871:auto_generated|ram_block1a1~porta_address_reg7 ; ddfs:inst|freq_divider_DDFS:f_div_inst|count[19] ; ddfs:inst|freq_divider_DDFS:f_div_inst|count[19] ; 0.000        ; 0.063      ; 2.333      ;
; 2.044 ; ddfs:inst|cont[10] ; ddfs:inst|cont[6]                                                                                              ; ddfs:inst|freq_divider_DDFS:f_div_inst|count[19] ; ddfs:inst|freq_divider_DDFS:f_div_inst|count[19] ; 0.000        ; -0.002     ; 2.308      ;
; 2.048 ; ddfs:inst|cont[2]  ; ddfs:inst|sin_lut:lut_inst|altsyncram:rom_rtl_0|altsyncram_3871:auto_generated|ram_block1a8~porta_address_reg2 ; ddfs:inst|freq_divider_DDFS:f_div_inst|count[19] ; ddfs:inst|freq_divider_DDFS:f_div_inst|count[19] ; 0.000        ; 0.066      ; 2.348      ;
; 2.048 ; ddfs:inst|cont[10] ; ddfs:inst|sin_lut:lut_inst|altsyncram:rom_rtl_0|altsyncram_3871:auto_generated|ram_block1a1~porta_address_reg1 ; ddfs:inst|freq_divider_DDFS:f_div_inst|count[19] ; ddfs:inst|freq_divider_DDFS:f_div_inst|count[19] ; 0.000        ; 0.063      ; 2.345      ;
; 2.048 ; ddfs:inst|cont[10] ; ddfs:inst|cont[9]                                                                                              ; ddfs:inst|freq_divider_DDFS:f_div_inst|count[19] ; ddfs:inst|freq_divider_DDFS:f_div_inst|count[19] ; 0.000        ; -0.002     ; 2.312      ;
; 2.048 ; ddfs:inst|cont[10] ; ddfs:inst|cont[8]                                                                                              ; ddfs:inst|freq_divider_DDFS:f_div_inst|count[19] ; ddfs:inst|freq_divider_DDFS:f_div_inst|count[19] ; 0.000        ; -0.002     ; 2.312      ;
; 2.050 ; ddfs:inst|cont[2]  ; ddfs:inst|sin_lut:lut_inst|altsyncram:rom_rtl_0|altsyncram_3871:auto_generated|ram_block1a4~porta_address_reg2 ; ddfs:inst|freq_divider_DDFS:f_div_inst|count[19] ; ddfs:inst|freq_divider_DDFS:f_div_inst|count[19] ; 0.000        ; 0.056      ; 2.340      ;
; 2.050 ; ddfs:inst|cont[10] ; ddfs:inst|cont[0]                                                                                              ; ddfs:inst|freq_divider_DDFS:f_div_inst|count[19] ; ddfs:inst|freq_divider_DDFS:f_div_inst|count[19] ; 0.000        ; -0.002     ; 2.314      ;
; 2.054 ; ddfs:inst|cont[10] ; ddfs:inst|cont[4]                                                                                              ; ddfs:inst|freq_divider_DDFS:f_div_inst|count[19] ; ddfs:inst|freq_divider_DDFS:f_div_inst|count[19] ; 0.000        ; -0.002     ; 2.318      ;
; 2.056 ; ddfs:inst|cont[10] ; ddfs:inst|cont[1]                                                                                              ; ddfs:inst|freq_divider_DDFS:f_div_inst|count[19] ; ddfs:inst|freq_divider_DDFS:f_div_inst|count[19] ; 0.000        ; -0.002     ; 2.320      ;
; 2.056 ; ddfs:inst|cont[10] ; ddfs:inst|cont[3]                                                                                              ; ddfs:inst|freq_divider_DDFS:f_div_inst|count[19] ; ddfs:inst|freq_divider_DDFS:f_div_inst|count[19] ; 0.000        ; -0.002     ; 2.320      ;
; 2.056 ; ddfs:inst|cont[10] ; ddfs:inst|cont[5]                                                                                              ; ddfs:inst|freq_divider_DDFS:f_div_inst|count[19] ; ddfs:inst|freq_divider_DDFS:f_div_inst|count[19] ; 0.000        ; -0.002     ; 2.320      ;
; 2.058 ; ddfs:inst|cont[10] ; ddfs:inst|sin_lut:lut_inst|altsyncram:rom_rtl_0|altsyncram_3871:auto_generated|ram_block1a1~porta_address_reg8 ; ddfs:inst|freq_divider_DDFS:f_div_inst|count[19] ; ddfs:inst|freq_divider_DDFS:f_div_inst|count[19] ; 0.000        ; 0.063      ; 2.355      ;
; 2.065 ; ddfs:inst|cont[6]  ; ddfs:inst|sin_lut:lut_inst|altsyncram:rom_rtl_0|altsyncram_3871:auto_generated|ram_block1a4~porta_address_reg6 ; ddfs:inst|freq_divider_DDFS:f_div_inst|count[19] ; ddfs:inst|freq_divider_DDFS:f_div_inst|count[19] ; 0.000        ; 0.055      ; 2.354      ;
; 2.069 ; ddfs:inst|cont[6]  ; ddfs:inst|sin_lut:lut_inst|altsyncram:rom_rtl_0|altsyncram_3871:auto_generated|ram_block1a8~porta_address_reg6 ; ddfs:inst|freq_divider_DDFS:f_div_inst|count[19] ; ddfs:inst|freq_divider_DDFS:f_div_inst|count[19] ; 0.000        ; 0.065      ; 2.368      ;
; 2.072 ; ddfs:inst|cont[10] ; ddfs:inst|sin_lut:lut_inst|altsyncram:rom_rtl_0|altsyncram_3871:auto_generated|ram_block1a1~porta_address_reg4 ; ddfs:inst|freq_divider_DDFS:f_div_inst|count[19] ; ddfs:inst|freq_divider_DDFS:f_div_inst|count[19] ; 0.000        ; 0.063      ; 2.369      ;
; 2.086 ; ddfs:inst|cont[1]  ; ddfs:inst|cont[2]                                                                                              ; ddfs:inst|freq_divider_DDFS:f_div_inst|count[19] ; ddfs:inst|freq_divider_DDFS:f_div_inst|count[19] ; 0.000        ; -0.001     ; 2.351      ;
; 2.096 ; ddfs:inst|cont[3]  ; ddfs:inst|sin_lut:lut_inst|altsyncram:rom_rtl_0|altsyncram_3871:auto_generated|ram_block1a4~porta_address_reg3 ; ddfs:inst|freq_divider_DDFS:f_div_inst|count[19] ; ddfs:inst|freq_divider_DDFS:f_div_inst|count[19] ; 0.000        ; 0.055      ; 2.385      ;
; 2.112 ; ddfs:inst|cont[10] ; ddfs:inst|sin_lut:lut_inst|altsyncram:rom_rtl_0|altsyncram_3871:auto_generated|ram_block1a4~porta_address_reg3 ; ddfs:inst|freq_divider_DDFS:f_div_inst|count[19] ; ddfs:inst|freq_divider_DDFS:f_div_inst|count[19] ; 0.000        ; 0.053      ; 2.399      ;
; 2.113 ; ddfs:inst|cont[0]  ; ddfs:inst|cont[2]                                                                                              ; ddfs:inst|freq_divider_DDFS:f_div_inst|count[19] ; ddfs:inst|freq_divider_DDFS:f_div_inst|count[19] ; 0.000        ; -0.001     ; 2.378      ;
; 2.115 ; ddfs:inst|cont[1]  ; ddfs:inst|sin_lut:lut_inst|altsyncram:rom_rtl_0|altsyncram_3871:auto_generated|ram_block1a1~porta_address_reg1 ; ddfs:inst|freq_divider_DDFS:f_div_inst|count[19] ; ddfs:inst|freq_divider_DDFS:f_div_inst|count[19] ; 0.000        ; 0.065      ; 2.414      ;
; 2.122 ; ddfs:inst|cont[5]  ; ddfs:inst|cont[5]                                                                                              ; ddfs:inst|freq_divider_DDFS:f_div_inst|count[19] ; ddfs:inst|freq_divider_DDFS:f_div_inst|count[19] ; 0.000        ; 0.000      ; 2.388      ;
; 2.124 ; ddfs:inst|cont[10] ; ddfs:inst|sin_lut:lut_inst|altsyncram:rom_rtl_0|altsyncram_3871:auto_generated|ram_block1a1~porta_address_reg2 ; ddfs:inst|freq_divider_DDFS:f_div_inst|count[19] ; ddfs:inst|freq_divider_DDFS:f_div_inst|count[19] ; 0.000        ; 0.063      ; 2.421      ;
; 2.125 ; ddfs:inst|cont[7]  ; ddfs:inst|cont[8]                                                                                              ; ddfs:inst|freq_divider_DDFS:f_div_inst|count[19] ; ddfs:inst|freq_divider_DDFS:f_div_inst|count[19] ; 0.000        ; 0.001      ; 2.392      ;
; 2.129 ; ddfs:inst|cont[4]  ; ddfs:inst|cont[4]                                                                                              ; ddfs:inst|freq_divider_DDFS:f_div_inst|count[19] ; ddfs:inst|freq_divider_DDFS:f_div_inst|count[19] ; 0.000        ; 0.000      ; 2.395      ;
; 2.132 ; ddfs:inst|cont[8]  ; ddfs:inst|cont[9]                                                                                              ; ddfs:inst|freq_divider_DDFS:f_div_inst|count[19] ; ddfs:inst|freq_divider_DDFS:f_div_inst|count[19] ; 0.000        ; 0.000      ; 2.398      ;
; 2.134 ; ddfs:inst|cont[2]  ; ddfs:inst|cont[3]                                                                                              ; ddfs:inst|freq_divider_DDFS:f_div_inst|count[19] ; ddfs:inst|freq_divider_DDFS:f_div_inst|count[19] ; 0.000        ; 0.001      ; 2.401      ;
; 2.151 ; ddfs:inst|cont[4]  ; ddfs:inst|sin_lut:lut_inst|altsyncram:rom_rtl_0|altsyncram_3871:auto_generated|ram_block1a1~porta_address_reg4 ; ddfs:inst|freq_divider_DDFS:f_div_inst|count[19] ; ddfs:inst|freq_divider_DDFS:f_div_inst|count[19] ; 0.000        ; 0.065      ; 2.450      ;
; 2.166 ; ddfs:inst|cont[11] ; ddfs:inst|cont[1]                                                                                              ; ddfs:inst|freq_divider_DDFS:f_div_inst|count[19] ; ddfs:inst|freq_divider_DDFS:f_div_inst|count[19] ; 0.000        ; -0.002     ; 2.430      ;
; 2.166 ; ddfs:inst|cont[11] ; ddfs:inst|cont[3]                                                                                              ; ddfs:inst|freq_divider_DDFS:f_div_inst|count[19] ; ddfs:inst|freq_divider_DDFS:f_div_inst|count[19] ; 0.000        ; -0.002     ; 2.430      ;
; 2.167 ; ddfs:inst|cont[11] ; ddfs:inst|cont[9]                                                                                              ; ddfs:inst|freq_divider_DDFS:f_div_inst|count[19] ; ddfs:inst|freq_divider_DDFS:f_div_inst|count[19] ; 0.000        ; -0.002     ; 2.431      ;
; 2.167 ; ddfs:inst|cont[11] ; ddfs:inst|cont[8]                                                                                              ; ddfs:inst|freq_divider_DDFS:f_div_inst|count[19] ; ddfs:inst|freq_divider_DDFS:f_div_inst|count[19] ; 0.000        ; -0.002     ; 2.431      ;
; 2.185 ; ddfs:inst|cont[7]  ; ddfs:inst|sin_lut:lut_inst|altsyncram:rom_rtl_0|altsyncram_3871:auto_generated|ram_block1a8~porta_address_reg7 ; ddfs:inst|freq_divider_DDFS:f_div_inst|count[19] ; ddfs:inst|freq_divider_DDFS:f_div_inst|count[19] ; 0.000        ; 0.066      ; 2.485      ;
; 2.201 ; ddfs:inst|cont[10] ; ddfs:inst|cont[7]                                                                                              ; ddfs:inst|freq_divider_DDFS:f_div_inst|count[19] ; ddfs:inst|freq_divider_DDFS:f_div_inst|count[19] ; 0.000        ; -0.003     ; 2.464      ;
; 2.201 ; ddfs:inst|cont[10] ; ddfs:inst|cont[2]                                                                                              ; ddfs:inst|freq_divider_DDFS:f_div_inst|count[19] ; ddfs:inst|freq_divider_DDFS:f_div_inst|count[19] ; 0.000        ; -0.003     ; 2.464      ;
; 2.202 ; ddfs:inst|cont[7]  ; ddfs:inst|sin_lut:lut_inst|altsyncram:rom_rtl_0|altsyncram_3871:auto_generated|ram_block1a4~porta_address_reg7 ; ddfs:inst|freq_divider_DDFS:f_div_inst|count[19] ; ddfs:inst|freq_divider_DDFS:f_div_inst|count[19] ; 0.000        ; 0.056      ; 2.492      ;
; 2.219 ; ddfs:inst|cont[6]  ; ddfs:inst|cont[7]                                                                                              ; ddfs:inst|freq_divider_DDFS:f_div_inst|count[19] ; ddfs:inst|freq_divider_DDFS:f_div_inst|count[19] ; 0.000        ; -0.001     ; 2.484      ;
; 2.248 ; ddfs:inst|cont[5]  ; ddfs:inst|cont[6]                                                                                              ; ddfs:inst|freq_divider_DDFS:f_div_inst|count[19] ; ddfs:inst|freq_divider_DDFS:f_div_inst|count[19] ; 0.000        ; 0.000      ; 2.514      ;
; 2.256 ; ddfs:inst|cont[5]  ; ddfs:inst|cont[7]                                                                                              ; ddfs:inst|freq_divider_DDFS:f_div_inst|count[19] ; ddfs:inst|freq_divider_DDFS:f_div_inst|count[19] ; 0.000        ; -0.001     ; 2.521      ;
; 2.271 ; ddfs:inst|cont[2]  ; ddfs:inst|cont[6]                                                                                              ; ddfs:inst|freq_divider_DDFS:f_div_inst|count[19] ; ddfs:inst|freq_divider_DDFS:f_div_inst|count[19] ; 0.000        ; 0.001      ; 2.538      ;
; 2.273 ; ddfs:inst|cont[0]  ; ddfs:inst|cont[1]                                                                                              ; ddfs:inst|freq_divider_DDFS:f_div_inst|count[19] ; ddfs:inst|freq_divider_DDFS:f_div_inst|count[19] ; 0.000        ; 0.000      ; 2.539      ;
; 2.279 ; ddfs:inst|cont[8]  ; ddfs:inst|sin_lut:lut_inst|altsyncram:rom_rtl_0|altsyncram_3871:auto_generated|ram_block1a1~porta_address_reg8 ; ddfs:inst|freq_divider_DDFS:f_div_inst|count[19] ; ddfs:inst|freq_divider_DDFS:f_div_inst|count[19] ; 0.000        ; 0.065      ; 2.578      ;
; 2.279 ; ddfs:inst|cont[2]  ; ddfs:inst|cont[7]                                                                                              ; ddfs:inst|freq_divider_DDFS:f_div_inst|count[19] ; ddfs:inst|freq_divider_DDFS:f_div_inst|count[19] ; 0.000        ; 0.000      ; 2.545      ;
; 2.295 ; ddfs:inst|cont[4]  ; ddfs:inst|cont[6]                                                                                              ; ddfs:inst|freq_divider_DDFS:f_div_inst|count[19] ; ddfs:inst|freq_divider_DDFS:f_div_inst|count[19] ; 0.000        ; 0.000      ; 2.561      ;
; 2.303 ; ddfs:inst|cont[4]  ; ddfs:inst|cont[7]                                                                                              ; ddfs:inst|freq_divider_DDFS:f_div_inst|count[19] ; ddfs:inst|freq_divider_DDFS:f_div_inst|count[19] ; 0.000        ; -0.001     ; 2.568      ;
; 2.328 ; ddfs:inst|cont[10] ; ddfs:inst|sin_lut:lut_inst|altsyncram:rom_rtl_0|altsyncram_3871:auto_generated|ram_block1a8~porta_address_reg7 ; ddfs:inst|freq_divider_DDFS:f_div_inst|count[19] ; ddfs:inst|freq_divider_DDFS:f_div_inst|count[19] ; 0.000        ; 0.063      ; 2.625      ;
; 2.333 ; ddfs:inst|cont[10] ; ddfs:inst|sin_lut:lut_inst|altsyncram:rom_rtl_0|altsyncram_3871:auto_generated|ram_block1a8~porta_address_reg9 ; ddfs:inst|freq_divider_DDFS:f_div_inst|count[19] ; ddfs:inst|freq_divider_DDFS:f_div_inst|count[19] ; 0.000        ; 0.063      ; 2.630      ;
; 2.335 ; ddfs:inst|cont[10] ; ddfs:inst|sin_lut:lut_inst|altsyncram:rom_rtl_0|altsyncram_3871:auto_generated|ram_block1a4~porta_address_reg8 ; ddfs:inst|freq_divider_DDFS:f_div_inst|count[19] ; ddfs:inst|freq_divider_DDFS:f_div_inst|count[19] ; 0.000        ; 0.053      ; 2.622      ;
; 2.338 ; ddfs:inst|cont[10] ; ddfs:inst|sin_lut:lut_inst|altsyncram:rom_rtl_0|altsyncram_3871:auto_generated|ram_block1a8~porta_address_reg1 ; ddfs:inst|freq_divider_DDFS:f_div_inst|count[19] ; ddfs:inst|freq_divider_DDFS:f_div_inst|count[19] ; 0.000        ; 0.063      ; 2.635      ;
; 2.342 ; ddfs:inst|cont[10] ; ddfs:inst|sin_lut:lut_inst|altsyncram:rom_rtl_0|altsyncram_3871:auto_generated|ram_block1a4~porta_address_reg9 ; ddfs:inst|freq_divider_DDFS:f_div_inst|count[19] ; ddfs:inst|freq_divider_DDFS:f_div_inst|count[19] ; 0.000        ; 0.053      ; 2.629      ;
; 2.344 ; ddfs:inst|cont[10] ; ddfs:inst|sin_lut:lut_inst|altsyncram:rom_rtl_0|altsyncram_3871:auto_generated|ram_block1a1~porta_address_reg9 ; ddfs:inst|freq_divider_DDFS:f_div_inst|count[19] ; ddfs:inst|freq_divider_DDFS:f_div_inst|count[19] ; 0.000        ; 0.063      ; 2.641      ;
; 2.345 ; ddfs:inst|cont[10] ; ddfs:inst|sin_lut:lut_inst|altsyncram:rom_rtl_0|altsyncram_3871:auto_generated|ram_block1a8~porta_address_reg8 ; ddfs:inst|freq_divider_DDFS:f_div_inst|count[19] ; ddfs:inst|freq_divider_DDFS:f_div_inst|count[19] ; 0.000        ; 0.063      ; 2.642      ;
; 2.345 ; ddfs:inst|cont[10] ; ddfs:inst|sin_lut:lut_inst|altsyncram:rom_rtl_0|altsyncram_3871:auto_generated|ram_block1a4~porta_address_reg7 ; ddfs:inst|freq_divider_DDFS:f_div_inst|count[19] ; ddfs:inst|freq_divider_DDFS:f_div_inst|count[19] ; 0.000        ; 0.053      ; 2.632      ;
; 2.347 ; ddfs:inst|cont[10] ; ddfs:inst|sin_lut:lut_inst|altsyncram:rom_rtl_0|altsyncram_3871:auto_generated|ram_block1a8~porta_address_reg4 ; ddfs:inst|freq_divider_DDFS:f_div_inst|count[19] ; ddfs:inst|freq_divider_DDFS:f_div_inst|count[19] ; 0.000        ; 0.063      ; 2.644      ;
; 2.355 ; ddfs:inst|cont[10] ; ddfs:inst|sin_lut:lut_inst|altsyncram:rom_rtl_0|altsyncram_3871:auto_generated|ram_block1a4~porta_address_reg4 ; ddfs:inst|freq_divider_DDFS:f_div_inst|count[19] ; ddfs:inst|freq_divider_DDFS:f_div_inst|count[19] ; 0.000        ; 0.053      ; 2.642      ;
; 2.389 ; ddfs:inst|cont[3]  ; ddfs:inst|cont[6]                                                                                              ; ddfs:inst|freq_divider_DDFS:f_div_inst|count[19] ; ddfs:inst|freq_divider_DDFS:f_div_inst|count[19] ; 0.000        ; 0.000      ; 2.655      ;
; 2.390 ; ddfs:inst|cont[1]  ; ddfs:inst|cont[3]                                                                                              ; ddfs:inst|freq_divider_DDFS:f_div_inst|count[19] ; ddfs:inst|freq_divider_DDFS:f_div_inst|count[19] ; 0.000        ; 0.000      ; 2.656      ;
+-------+--------------------+----------------------------------------------------------------------------------------------------------------+--------------------------------------------------+--------------------------------------------------+--------------+------------+------------+


+--------------------------------------------------------------------------------------------------------------------------------------------------------------------------------------------------------------------------------------------+
; Slow Model Minimum Pulse Width: 'ddfs:inst|freq_divider_DDFS:f_div_inst|count[19]'                                                                                                                                                         ;
+--------+--------------+----------------+------------------+--------------------------------------------------+------------+----------------------------------------------------------------------------------------------------------------+
; Slack  ; Actual Width ; Required Width ; Type             ; Clock                                            ; Clock Edge ; Target                                                                                                         ;
+--------+--------------+----------------+------------------+--------------------------------------------------+------------+----------------------------------------------------------------------------------------------------------------+
; -1.423 ; 0.500        ; 1.923          ; High Pulse Width ; ddfs:inst|freq_divider_DDFS:f_div_inst|count[19] ; Rise       ; ddfs:inst|sin_lut:lut_inst|altsyncram:rom_rtl_0|altsyncram_3871:auto_generated|ram_block1a1~porta_address_reg0 ;
; -1.423 ; 0.500        ; 1.923          ; Low Pulse Width  ; ddfs:inst|freq_divider_DDFS:f_div_inst|count[19] ; Rise       ; ddfs:inst|sin_lut:lut_inst|altsyncram:rom_rtl_0|altsyncram_3871:auto_generated|ram_block1a1~porta_address_reg0 ;
; -1.423 ; 0.500        ; 1.923          ; High Pulse Width ; ddfs:inst|freq_divider_DDFS:f_div_inst|count[19] ; Rise       ; ddfs:inst|sin_lut:lut_inst|altsyncram:rom_rtl_0|altsyncram_3871:auto_generated|ram_block1a1~porta_address_reg1 ;
; -1.423 ; 0.500        ; 1.923          ; Low Pulse Width  ; ddfs:inst|freq_divider_DDFS:f_div_inst|count[19] ; Rise       ; ddfs:inst|sin_lut:lut_inst|altsyncram:rom_rtl_0|altsyncram_3871:auto_generated|ram_block1a1~porta_address_reg1 ;
; -1.423 ; 0.500        ; 1.923          ; High Pulse Width ; ddfs:inst|freq_divider_DDFS:f_div_inst|count[19] ; Rise       ; ddfs:inst|sin_lut:lut_inst|altsyncram:rom_rtl_0|altsyncram_3871:auto_generated|ram_block1a1~porta_address_reg2 ;
; -1.423 ; 0.500        ; 1.923          ; Low Pulse Width  ; ddfs:inst|freq_divider_DDFS:f_div_inst|count[19] ; Rise       ; ddfs:inst|sin_lut:lut_inst|altsyncram:rom_rtl_0|altsyncram_3871:auto_generated|ram_block1a1~porta_address_reg2 ;
; -1.423 ; 0.500        ; 1.923          ; High Pulse Width ; ddfs:inst|freq_divider_DDFS:f_div_inst|count[19] ; Rise       ; ddfs:inst|sin_lut:lut_inst|altsyncram:rom_rtl_0|altsyncram_3871:auto_generated|ram_block1a1~porta_address_reg3 ;
; -1.423 ; 0.500        ; 1.923          ; Low Pulse Width  ; ddfs:inst|freq_divider_DDFS:f_div_inst|count[19] ; Rise       ; ddfs:inst|sin_lut:lut_inst|altsyncram:rom_rtl_0|altsyncram_3871:auto_generated|ram_block1a1~porta_address_reg3 ;
; -1.423 ; 0.500        ; 1.923          ; High Pulse Width ; ddfs:inst|freq_divider_DDFS:f_div_inst|count[19] ; Rise       ; ddfs:inst|sin_lut:lut_inst|altsyncram:rom_rtl_0|altsyncram_3871:auto_generated|ram_block1a1~porta_address_reg4 ;
; -1.423 ; 0.500        ; 1.923          ; Low Pulse Width  ; ddfs:inst|freq_divider_DDFS:f_div_inst|count[19] ; Rise       ; ddfs:inst|sin_lut:lut_inst|altsyncram:rom_rtl_0|altsyncram_3871:auto_generated|ram_block1a1~porta_address_reg4 ;
; -1.423 ; 0.500        ; 1.923          ; High Pulse Width ; ddfs:inst|freq_divider_DDFS:f_div_inst|count[19] ; Rise       ; ddfs:inst|sin_lut:lut_inst|altsyncram:rom_rtl_0|altsyncram_3871:auto_generated|ram_block1a1~porta_address_reg5 ;
; -1.423 ; 0.500        ; 1.923          ; Low Pulse Width  ; ddfs:inst|freq_divider_DDFS:f_div_inst|count[19] ; Rise       ; ddfs:inst|sin_lut:lut_inst|altsyncram:rom_rtl_0|altsyncram_3871:auto_generated|ram_block1a1~porta_address_reg5 ;
; -1.423 ; 0.500        ; 1.923          ; High Pulse Width ; ddfs:inst|freq_divider_DDFS:f_div_inst|count[19] ; Rise       ; ddfs:inst|sin_lut:lut_inst|altsyncram:rom_rtl_0|altsyncram_3871:auto_generated|ram_block1a1~porta_address_reg6 ;
; -1.423 ; 0.500        ; 1.923          ; Low Pulse Width  ; ddfs:inst|freq_divider_DDFS:f_div_inst|count[19] ; Rise       ; ddfs:inst|sin_lut:lut_inst|altsyncram:rom_rtl_0|altsyncram_3871:auto_generated|ram_block1a1~porta_address_reg6 ;
; -1.423 ; 0.500        ; 1.923          ; High Pulse Width ; ddfs:inst|freq_divider_DDFS:f_div_inst|count[19] ; Rise       ; ddfs:inst|sin_lut:lut_inst|altsyncram:rom_rtl_0|altsyncram_3871:auto_generated|ram_block1a1~porta_address_reg7 ;
; -1.423 ; 0.500        ; 1.923          ; Low Pulse Width  ; ddfs:inst|freq_divider_DDFS:f_div_inst|count[19] ; Rise       ; ddfs:inst|sin_lut:lut_inst|altsyncram:rom_rtl_0|altsyncram_3871:auto_generated|ram_block1a1~porta_address_reg7 ;
; -1.423 ; 0.500        ; 1.923          ; High Pulse Width ; ddfs:inst|freq_divider_DDFS:f_div_inst|count[19] ; Rise       ; ddfs:inst|sin_lut:lut_inst|altsyncram:rom_rtl_0|altsyncram_3871:auto_generated|ram_block1a1~porta_address_reg8 ;
; -1.423 ; 0.500        ; 1.923          ; Low Pulse Width  ; ddfs:inst|freq_divider_DDFS:f_div_inst|count[19] ; Rise       ; ddfs:inst|sin_lut:lut_inst|altsyncram:rom_rtl_0|altsyncram_3871:auto_generated|ram_block1a1~porta_address_reg8 ;
; -1.423 ; 0.500        ; 1.923          ; High Pulse Width ; ddfs:inst|freq_divider_DDFS:f_div_inst|count[19] ; Rise       ; ddfs:inst|sin_lut:lut_inst|altsyncram:rom_rtl_0|altsyncram_3871:auto_generated|ram_block1a1~porta_address_reg9 ;
; -1.423 ; 0.500        ; 1.923          ; Low Pulse Width  ; ddfs:inst|freq_divider_DDFS:f_div_inst|count[19] ; Rise       ; ddfs:inst|sin_lut:lut_inst|altsyncram:rom_rtl_0|altsyncram_3871:auto_generated|ram_block1a1~porta_address_reg9 ;
; -1.423 ; 0.500        ; 1.923          ; High Pulse Width ; ddfs:inst|freq_divider_DDFS:f_div_inst|count[19] ; Rise       ; ddfs:inst|sin_lut:lut_inst|altsyncram:rom_rtl_0|altsyncram_3871:auto_generated|ram_block1a4~porta_address_reg0 ;
; -1.423 ; 0.500        ; 1.923          ; Low Pulse Width  ; ddfs:inst|freq_divider_DDFS:f_div_inst|count[19] ; Rise       ; ddfs:inst|sin_lut:lut_inst|altsyncram:rom_rtl_0|altsyncram_3871:auto_generated|ram_block1a4~porta_address_reg0 ;
; -1.423 ; 0.500        ; 1.923          ; High Pulse Width ; ddfs:inst|freq_divider_DDFS:f_div_inst|count[19] ; Rise       ; ddfs:inst|sin_lut:lut_inst|altsyncram:rom_rtl_0|altsyncram_3871:auto_generated|ram_block1a4~porta_address_reg1 ;
; -1.423 ; 0.500        ; 1.923          ; Low Pulse Width  ; ddfs:inst|freq_divider_DDFS:f_div_inst|count[19] ; Rise       ; ddfs:inst|sin_lut:lut_inst|altsyncram:rom_rtl_0|altsyncram_3871:auto_generated|ram_block1a4~porta_address_reg1 ;
; -1.423 ; 0.500        ; 1.923          ; High Pulse Width ; ddfs:inst|freq_divider_DDFS:f_div_inst|count[19] ; Rise       ; ddfs:inst|sin_lut:lut_inst|altsyncram:rom_rtl_0|altsyncram_3871:auto_generated|ram_block1a4~porta_address_reg2 ;
; -1.423 ; 0.500        ; 1.923          ; Low Pulse Width  ; ddfs:inst|freq_divider_DDFS:f_div_inst|count[19] ; Rise       ; ddfs:inst|sin_lut:lut_inst|altsyncram:rom_rtl_0|altsyncram_3871:auto_generated|ram_block1a4~porta_address_reg2 ;
; -1.423 ; 0.500        ; 1.923          ; High Pulse Width ; ddfs:inst|freq_divider_DDFS:f_div_inst|count[19] ; Rise       ; ddfs:inst|sin_lut:lut_inst|altsyncram:rom_rtl_0|altsyncram_3871:auto_generated|ram_block1a4~porta_address_reg3 ;
; -1.423 ; 0.500        ; 1.923          ; Low Pulse Width  ; ddfs:inst|freq_divider_DDFS:f_div_inst|count[19] ; Rise       ; ddfs:inst|sin_lut:lut_inst|altsyncram:rom_rtl_0|altsyncram_3871:auto_generated|ram_block1a4~porta_address_reg3 ;
; -1.423 ; 0.500        ; 1.923          ; High Pulse Width ; ddfs:inst|freq_divider_DDFS:f_div_inst|count[19] ; Rise       ; ddfs:inst|sin_lut:lut_inst|altsyncram:rom_rtl_0|altsyncram_3871:auto_generated|ram_block1a4~porta_address_reg4 ;
; -1.423 ; 0.500        ; 1.923          ; Low Pulse Width  ; ddfs:inst|freq_divider_DDFS:f_div_inst|count[19] ; Rise       ; ddfs:inst|sin_lut:lut_inst|altsyncram:rom_rtl_0|altsyncram_3871:auto_generated|ram_block1a4~porta_address_reg4 ;
; -1.423 ; 0.500        ; 1.923          ; High Pulse Width ; ddfs:inst|freq_divider_DDFS:f_div_inst|count[19] ; Rise       ; ddfs:inst|sin_lut:lut_inst|altsyncram:rom_rtl_0|altsyncram_3871:auto_generated|ram_block1a4~porta_address_reg5 ;
; -1.423 ; 0.500        ; 1.923          ; Low Pulse Width  ; ddfs:inst|freq_divider_DDFS:f_div_inst|count[19] ; Rise       ; ddfs:inst|sin_lut:lut_inst|altsyncram:rom_rtl_0|altsyncram_3871:auto_generated|ram_block1a4~porta_address_reg5 ;
; -1.423 ; 0.500        ; 1.923          ; High Pulse Width ; ddfs:inst|freq_divider_DDFS:f_div_inst|count[19] ; Rise       ; ddfs:inst|sin_lut:lut_inst|altsyncram:rom_rtl_0|altsyncram_3871:auto_generated|ram_block1a4~porta_address_reg6 ;
; -1.423 ; 0.500        ; 1.923          ; Low Pulse Width  ; ddfs:inst|freq_divider_DDFS:f_div_inst|count[19] ; Rise       ; ddfs:inst|sin_lut:lut_inst|altsyncram:rom_rtl_0|altsyncram_3871:auto_generated|ram_block1a4~porta_address_reg6 ;
; -1.423 ; 0.500        ; 1.923          ; High Pulse Width ; ddfs:inst|freq_divider_DDFS:f_div_inst|count[19] ; Rise       ; ddfs:inst|sin_lut:lut_inst|altsyncram:rom_rtl_0|altsyncram_3871:auto_generated|ram_block1a4~porta_address_reg7 ;
; -1.423 ; 0.500        ; 1.923          ; Low Pulse Width  ; ddfs:inst|freq_divider_DDFS:f_div_inst|count[19] ; Rise       ; ddfs:inst|sin_lut:lut_inst|altsyncram:rom_rtl_0|altsyncram_3871:auto_generated|ram_block1a4~porta_address_reg7 ;
; -1.423 ; 0.500        ; 1.923          ; High Pulse Width ; ddfs:inst|freq_divider_DDFS:f_div_inst|count[19] ; Rise       ; ddfs:inst|sin_lut:lut_inst|altsyncram:rom_rtl_0|altsyncram_3871:auto_generated|ram_block1a4~porta_address_reg8 ;
; -1.423 ; 0.500        ; 1.923          ; Low Pulse Width  ; ddfs:inst|freq_divider_DDFS:f_div_inst|count[19] ; Rise       ; ddfs:inst|sin_lut:lut_inst|altsyncram:rom_rtl_0|altsyncram_3871:auto_generated|ram_block1a4~porta_address_reg8 ;
; -1.423 ; 0.500        ; 1.923          ; High Pulse Width ; ddfs:inst|freq_divider_DDFS:f_div_inst|count[19] ; Rise       ; ddfs:inst|sin_lut:lut_inst|altsyncram:rom_rtl_0|altsyncram_3871:auto_generated|ram_block1a4~porta_address_reg9 ;
; -1.423 ; 0.500        ; 1.923          ; Low Pulse Width  ; ddfs:inst|freq_divider_DDFS:f_div_inst|count[19] ; Rise       ; ddfs:inst|sin_lut:lut_inst|altsyncram:rom_rtl_0|altsyncram_3871:auto_generated|ram_block1a4~porta_address_reg9 ;
; -1.423 ; 0.500        ; 1.923          ; High Pulse Width ; ddfs:inst|freq_divider_DDFS:f_div_inst|count[19] ; Rise       ; ddfs:inst|sin_lut:lut_inst|altsyncram:rom_rtl_0|altsyncram_3871:auto_generated|ram_block1a8~porta_address_reg0 ;
; -1.423 ; 0.500        ; 1.923          ; Low Pulse Width  ; ddfs:inst|freq_divider_DDFS:f_div_inst|count[19] ; Rise       ; ddfs:inst|sin_lut:lut_inst|altsyncram:rom_rtl_0|altsyncram_3871:auto_generated|ram_block1a8~porta_address_reg0 ;
; -1.423 ; 0.500        ; 1.923          ; High Pulse Width ; ddfs:inst|freq_divider_DDFS:f_div_inst|count[19] ; Rise       ; ddfs:inst|sin_lut:lut_inst|altsyncram:rom_rtl_0|altsyncram_3871:auto_generated|ram_block1a8~porta_address_reg1 ;
; -1.423 ; 0.500        ; 1.923          ; Low Pulse Width  ; ddfs:inst|freq_divider_DDFS:f_div_inst|count[19] ; Rise       ; ddfs:inst|sin_lut:lut_inst|altsyncram:rom_rtl_0|altsyncram_3871:auto_generated|ram_block1a8~porta_address_reg1 ;
; -1.423 ; 0.500        ; 1.923          ; High Pulse Width ; ddfs:inst|freq_divider_DDFS:f_div_inst|count[19] ; Rise       ; ddfs:inst|sin_lut:lut_inst|altsyncram:rom_rtl_0|altsyncram_3871:auto_generated|ram_block1a8~porta_address_reg2 ;
; -1.423 ; 0.500        ; 1.923          ; Low Pulse Width  ; ddfs:inst|freq_divider_DDFS:f_div_inst|count[19] ; Rise       ; ddfs:inst|sin_lut:lut_inst|altsyncram:rom_rtl_0|altsyncram_3871:auto_generated|ram_block1a8~porta_address_reg2 ;
; -1.423 ; 0.500        ; 1.923          ; High Pulse Width ; ddfs:inst|freq_divider_DDFS:f_div_inst|count[19] ; Rise       ; ddfs:inst|sin_lut:lut_inst|altsyncram:rom_rtl_0|altsyncram_3871:auto_generated|ram_block1a8~porta_address_reg3 ;
; -1.423 ; 0.500        ; 1.923          ; Low Pulse Width  ; ddfs:inst|freq_divider_DDFS:f_div_inst|count[19] ; Rise       ; ddfs:inst|sin_lut:lut_inst|altsyncram:rom_rtl_0|altsyncram_3871:auto_generated|ram_block1a8~porta_address_reg3 ;
; -1.423 ; 0.500        ; 1.923          ; High Pulse Width ; ddfs:inst|freq_divider_DDFS:f_div_inst|count[19] ; Rise       ; ddfs:inst|sin_lut:lut_inst|altsyncram:rom_rtl_0|altsyncram_3871:auto_generated|ram_block1a8~porta_address_reg4 ;
; -1.423 ; 0.500        ; 1.923          ; Low Pulse Width  ; ddfs:inst|freq_divider_DDFS:f_div_inst|count[19] ; Rise       ; ddfs:inst|sin_lut:lut_inst|altsyncram:rom_rtl_0|altsyncram_3871:auto_generated|ram_block1a8~porta_address_reg4 ;
; -1.423 ; 0.500        ; 1.923          ; High Pulse Width ; ddfs:inst|freq_divider_DDFS:f_div_inst|count[19] ; Rise       ; ddfs:inst|sin_lut:lut_inst|altsyncram:rom_rtl_0|altsyncram_3871:auto_generated|ram_block1a8~porta_address_reg5 ;
; -1.423 ; 0.500        ; 1.923          ; Low Pulse Width  ; ddfs:inst|freq_divider_DDFS:f_div_inst|count[19] ; Rise       ; ddfs:inst|sin_lut:lut_inst|altsyncram:rom_rtl_0|altsyncram_3871:auto_generated|ram_block1a8~porta_address_reg5 ;
; -1.423 ; 0.500        ; 1.923          ; High Pulse Width ; ddfs:inst|freq_divider_DDFS:f_div_inst|count[19] ; Rise       ; ddfs:inst|sin_lut:lut_inst|altsyncram:rom_rtl_0|altsyncram_3871:auto_generated|ram_block1a8~porta_address_reg6 ;
; -1.423 ; 0.500        ; 1.923          ; Low Pulse Width  ; ddfs:inst|freq_divider_DDFS:f_div_inst|count[19] ; Rise       ; ddfs:inst|sin_lut:lut_inst|altsyncram:rom_rtl_0|altsyncram_3871:auto_generated|ram_block1a8~porta_address_reg6 ;
; -1.423 ; 0.500        ; 1.923          ; High Pulse Width ; ddfs:inst|freq_divider_DDFS:f_div_inst|count[19] ; Rise       ; ddfs:inst|sin_lut:lut_inst|altsyncram:rom_rtl_0|altsyncram_3871:auto_generated|ram_block1a8~porta_address_reg7 ;
; -1.423 ; 0.500        ; 1.923          ; Low Pulse Width  ; ddfs:inst|freq_divider_DDFS:f_div_inst|count[19] ; Rise       ; ddfs:inst|sin_lut:lut_inst|altsyncram:rom_rtl_0|altsyncram_3871:auto_generated|ram_block1a8~porta_address_reg7 ;
; -1.423 ; 0.500        ; 1.923          ; High Pulse Width ; ddfs:inst|freq_divider_DDFS:f_div_inst|count[19] ; Rise       ; ddfs:inst|sin_lut:lut_inst|altsyncram:rom_rtl_0|altsyncram_3871:auto_generated|ram_block1a8~porta_address_reg8 ;
; -1.423 ; 0.500        ; 1.923          ; Low Pulse Width  ; ddfs:inst|freq_divider_DDFS:f_div_inst|count[19] ; Rise       ; ddfs:inst|sin_lut:lut_inst|altsyncram:rom_rtl_0|altsyncram_3871:auto_generated|ram_block1a8~porta_address_reg8 ;
; -1.423 ; 0.500        ; 1.923          ; High Pulse Width ; ddfs:inst|freq_divider_DDFS:f_div_inst|count[19] ; Rise       ; ddfs:inst|sin_lut:lut_inst|altsyncram:rom_rtl_0|altsyncram_3871:auto_generated|ram_block1a8~porta_address_reg9 ;
; -1.423 ; 0.500        ; 1.923          ; Low Pulse Width  ; ddfs:inst|freq_divider_DDFS:f_div_inst|count[19] ; Rise       ; ddfs:inst|sin_lut:lut_inst|altsyncram:rom_rtl_0|altsyncram_3871:auto_generated|ram_block1a8~porta_address_reg9 ;
; -0.500 ; 0.500        ; 1.000          ; High Pulse Width ; ddfs:inst|freq_divider_DDFS:f_div_inst|count[19] ; Rise       ; ddfs:inst|cont[0]                                                                                              ;
; -0.500 ; 0.500        ; 1.000          ; Low Pulse Width  ; ddfs:inst|freq_divider_DDFS:f_div_inst|count[19] ; Rise       ; ddfs:inst|cont[0]                                                                                              ;
; -0.500 ; 0.500        ; 1.000          ; High Pulse Width ; ddfs:inst|freq_divider_DDFS:f_div_inst|count[19] ; Rise       ; ddfs:inst|cont[10]                                                                                             ;
; -0.500 ; 0.500        ; 1.000          ; Low Pulse Width  ; ddfs:inst|freq_divider_DDFS:f_div_inst|count[19] ; Rise       ; ddfs:inst|cont[10]                                                                                             ;
; -0.500 ; 0.500        ; 1.000          ; High Pulse Width ; ddfs:inst|freq_divider_DDFS:f_div_inst|count[19] ; Rise       ; ddfs:inst|cont[11]                                                                                             ;
; -0.500 ; 0.500        ; 1.000          ; Low Pulse Width  ; ddfs:inst|freq_divider_DDFS:f_div_inst|count[19] ; Rise       ; ddfs:inst|cont[11]                                                                                             ;
; -0.500 ; 0.500        ; 1.000          ; High Pulse Width ; ddfs:inst|freq_divider_DDFS:f_div_inst|count[19] ; Rise       ; ddfs:inst|cont[1]                                                                                              ;
; -0.500 ; 0.500        ; 1.000          ; Low Pulse Width  ; ddfs:inst|freq_divider_DDFS:f_div_inst|count[19] ; Rise       ; ddfs:inst|cont[1]                                                                                              ;
; -0.500 ; 0.500        ; 1.000          ; High Pulse Width ; ddfs:inst|freq_divider_DDFS:f_div_inst|count[19] ; Rise       ; ddfs:inst|cont[2]                                                                                              ;
; -0.500 ; 0.500        ; 1.000          ; Low Pulse Width  ; ddfs:inst|freq_divider_DDFS:f_div_inst|count[19] ; Rise       ; ddfs:inst|cont[2]                                                                                              ;
; -0.500 ; 0.500        ; 1.000          ; High Pulse Width ; ddfs:inst|freq_divider_DDFS:f_div_inst|count[19] ; Rise       ; ddfs:inst|cont[3]                                                                                              ;
; -0.500 ; 0.500        ; 1.000          ; Low Pulse Width  ; ddfs:inst|freq_divider_DDFS:f_div_inst|count[19] ; Rise       ; ddfs:inst|cont[3]                                                                                              ;
; -0.500 ; 0.500        ; 1.000          ; High Pulse Width ; ddfs:inst|freq_divider_DDFS:f_div_inst|count[19] ; Rise       ; ddfs:inst|cont[4]                                                                                              ;
; -0.500 ; 0.500        ; 1.000          ; Low Pulse Width  ; ddfs:inst|freq_divider_DDFS:f_div_inst|count[19] ; Rise       ; ddfs:inst|cont[4]                                                                                              ;
; -0.500 ; 0.500        ; 1.000          ; High Pulse Width ; ddfs:inst|freq_divider_DDFS:f_div_inst|count[19] ; Rise       ; ddfs:inst|cont[5]                                                                                              ;
; -0.500 ; 0.500        ; 1.000          ; Low Pulse Width  ; ddfs:inst|freq_divider_DDFS:f_div_inst|count[19] ; Rise       ; ddfs:inst|cont[5]                                                                                              ;
; -0.500 ; 0.500        ; 1.000          ; High Pulse Width ; ddfs:inst|freq_divider_DDFS:f_div_inst|count[19] ; Rise       ; ddfs:inst|cont[6]                                                                                              ;
; -0.500 ; 0.500        ; 1.000          ; Low Pulse Width  ; ddfs:inst|freq_divider_DDFS:f_div_inst|count[19] ; Rise       ; ddfs:inst|cont[6]                                                                                              ;
; -0.500 ; 0.500        ; 1.000          ; High Pulse Width ; ddfs:inst|freq_divider_DDFS:f_div_inst|count[19] ; Rise       ; ddfs:inst|cont[7]                                                                                              ;
; -0.500 ; 0.500        ; 1.000          ; Low Pulse Width  ; ddfs:inst|freq_divider_DDFS:f_div_inst|count[19] ; Rise       ; ddfs:inst|cont[7]                                                                                              ;
; -0.500 ; 0.500        ; 1.000          ; High Pulse Width ; ddfs:inst|freq_divider_DDFS:f_div_inst|count[19] ; Rise       ; ddfs:inst|cont[8]                                                                                              ;
; -0.500 ; 0.500        ; 1.000          ; Low Pulse Width  ; ddfs:inst|freq_divider_DDFS:f_div_inst|count[19] ; Rise       ; ddfs:inst|cont[8]                                                                                              ;
; -0.500 ; 0.500        ; 1.000          ; High Pulse Width ; ddfs:inst|freq_divider_DDFS:f_div_inst|count[19] ; Rise       ; ddfs:inst|cont[9]                                                                                              ;
; -0.500 ; 0.500        ; 1.000          ; Low Pulse Width  ; ddfs:inst|freq_divider_DDFS:f_div_inst|count[19] ; Rise       ; ddfs:inst|cont[9]                                                                                              ;
; -0.500 ; 0.500        ; 1.000          ; High Pulse Width ; ddfs:inst|freq_divider_DDFS:f_div_inst|count[19] ; Rise       ; ddfs:inst|cont_rt[10]                                                                                          ;
; -0.500 ; 0.500        ; 1.000          ; Low Pulse Width  ; ddfs:inst|freq_divider_DDFS:f_div_inst|count[19] ; Rise       ; ddfs:inst|cont_rt[10]                                                                                          ;
; -0.500 ; 0.500        ; 1.000          ; High Pulse Width ; ddfs:inst|freq_divider_DDFS:f_div_inst|count[19] ; Rise       ; ddfs:inst|cont_rt[11]                                                                                          ;
; -0.500 ; 0.500        ; 1.000          ; Low Pulse Width  ; ddfs:inst|freq_divider_DDFS:f_div_inst|count[19] ; Rise       ; ddfs:inst|cont_rt[11]                                                                                          ;
; 0.500  ; 0.500        ; 0.000          ; High Pulse Width ; ddfs:inst|freq_divider_DDFS:f_div_inst|count[19] ; Rise       ; inst|cont[0]|clk                                                                                               ;
; 0.500  ; 0.500        ; 0.000          ; Low Pulse Width  ; ddfs:inst|freq_divider_DDFS:f_div_inst|count[19] ; Rise       ; inst|cont[0]|clk                                                                                               ;
; 0.500  ; 0.500        ; 0.000          ; High Pulse Width ; ddfs:inst|freq_divider_DDFS:f_div_inst|count[19] ; Rise       ; inst|cont[10]|clk                                                                                              ;
; 0.500  ; 0.500        ; 0.000          ; Low Pulse Width  ; ddfs:inst|freq_divider_DDFS:f_div_inst|count[19] ; Rise       ; inst|cont[10]|clk                                                                                              ;
; 0.500  ; 0.500        ; 0.000          ; High Pulse Width ; ddfs:inst|freq_divider_DDFS:f_div_inst|count[19] ; Rise       ; inst|cont[11]|clk                                                                                              ;
; 0.500  ; 0.500        ; 0.000          ; Low Pulse Width  ; ddfs:inst|freq_divider_DDFS:f_div_inst|count[19] ; Rise       ; inst|cont[11]|clk                                                                                              ;
; 0.500  ; 0.500        ; 0.000          ; High Pulse Width ; ddfs:inst|freq_divider_DDFS:f_div_inst|count[19] ; Rise       ; inst|cont[1]|clk                                                                                               ;
; 0.500  ; 0.500        ; 0.000          ; Low Pulse Width  ; ddfs:inst|freq_divider_DDFS:f_div_inst|count[19] ; Rise       ; inst|cont[1]|clk                                                                                               ;
; 0.500  ; 0.500        ; 0.000          ; High Pulse Width ; ddfs:inst|freq_divider_DDFS:f_div_inst|count[19] ; Rise       ; inst|cont[2]|clk                                                                                               ;
; 0.500  ; 0.500        ; 0.000          ; Low Pulse Width  ; ddfs:inst|freq_divider_DDFS:f_div_inst|count[19] ; Rise       ; inst|cont[2]|clk                                                                                               ;
; 0.500  ; 0.500        ; 0.000          ; High Pulse Width ; ddfs:inst|freq_divider_DDFS:f_div_inst|count[19] ; Rise       ; inst|cont[3]|clk                                                                                               ;
; 0.500  ; 0.500        ; 0.000          ; Low Pulse Width  ; ddfs:inst|freq_divider_DDFS:f_div_inst|count[19] ; Rise       ; inst|cont[3]|clk                                                                                               ;
+--------+--------------+----------------+------------------+--------------------------------------------------+------------+----------------------------------------------------------------------------------------------------------------+


+--------------------------------------------------------------------------------------------------------------------------------------------------------------+
; Slow Model Minimum Pulse Width: 'inst1|altpll_component|pll|clk[0]'                                                                                          ;
+-------+--------------+----------------+------------------+-----------------------------------+------------+--------------------------------------------------+
; Slack ; Actual Width ; Required Width ; Type             ; Clock                             ; Clock Edge ; Target                                           ;
+-------+--------------+----------------+------------------+-----------------------------------+------------+--------------------------------------------------+
; 1.500 ; 2.500        ; 1.000          ; High Pulse Width ; inst1|altpll_component|pll|clk[0] ; Rise       ; ddfs:inst|freq_divider_DDFS:f_div_inst|count[0]  ;
; 1.500 ; 2.500        ; 1.000          ; Low Pulse Width  ; inst1|altpll_component|pll|clk[0] ; Rise       ; ddfs:inst|freq_divider_DDFS:f_div_inst|count[0]  ;
; 1.500 ; 2.500        ; 1.000          ; High Pulse Width ; inst1|altpll_component|pll|clk[0] ; Rise       ; ddfs:inst|freq_divider_DDFS:f_div_inst|count[10] ;
; 1.500 ; 2.500        ; 1.000          ; Low Pulse Width  ; inst1|altpll_component|pll|clk[0] ; Rise       ; ddfs:inst|freq_divider_DDFS:f_div_inst|count[10] ;
; 1.500 ; 2.500        ; 1.000          ; High Pulse Width ; inst1|altpll_component|pll|clk[0] ; Rise       ; ddfs:inst|freq_divider_DDFS:f_div_inst|count[11] ;
; 1.500 ; 2.500        ; 1.000          ; Low Pulse Width  ; inst1|altpll_component|pll|clk[0] ; Rise       ; ddfs:inst|freq_divider_DDFS:f_div_inst|count[11] ;
; 1.500 ; 2.500        ; 1.000          ; High Pulse Width ; inst1|altpll_component|pll|clk[0] ; Rise       ; ddfs:inst|freq_divider_DDFS:f_div_inst|count[12] ;
; 1.500 ; 2.500        ; 1.000          ; Low Pulse Width  ; inst1|altpll_component|pll|clk[0] ; Rise       ; ddfs:inst|freq_divider_DDFS:f_div_inst|count[12] ;
; 1.500 ; 2.500        ; 1.000          ; High Pulse Width ; inst1|altpll_component|pll|clk[0] ; Rise       ; ddfs:inst|freq_divider_DDFS:f_div_inst|count[13] ;
; 1.500 ; 2.500        ; 1.000          ; Low Pulse Width  ; inst1|altpll_component|pll|clk[0] ; Rise       ; ddfs:inst|freq_divider_DDFS:f_div_inst|count[13] ;
; 1.500 ; 2.500        ; 1.000          ; High Pulse Width ; inst1|altpll_component|pll|clk[0] ; Rise       ; ddfs:inst|freq_divider_DDFS:f_div_inst|count[14] ;
; 1.500 ; 2.500        ; 1.000          ; Low Pulse Width  ; inst1|altpll_component|pll|clk[0] ; Rise       ; ddfs:inst|freq_divider_DDFS:f_div_inst|count[14] ;
; 1.500 ; 2.500        ; 1.000          ; High Pulse Width ; inst1|altpll_component|pll|clk[0] ; Rise       ; ddfs:inst|freq_divider_DDFS:f_div_inst|count[15] ;
; 1.500 ; 2.500        ; 1.000          ; Low Pulse Width  ; inst1|altpll_component|pll|clk[0] ; Rise       ; ddfs:inst|freq_divider_DDFS:f_div_inst|count[15] ;
; 1.500 ; 2.500        ; 1.000          ; High Pulse Width ; inst1|altpll_component|pll|clk[0] ; Rise       ; ddfs:inst|freq_divider_DDFS:f_div_inst|count[16] ;
; 1.500 ; 2.500        ; 1.000          ; Low Pulse Width  ; inst1|altpll_component|pll|clk[0] ; Rise       ; ddfs:inst|freq_divider_DDFS:f_div_inst|count[16] ;
; 1.500 ; 2.500        ; 1.000          ; High Pulse Width ; inst1|altpll_component|pll|clk[0] ; Rise       ; ddfs:inst|freq_divider_DDFS:f_div_inst|count[17] ;
; 1.500 ; 2.500        ; 1.000          ; Low Pulse Width  ; inst1|altpll_component|pll|clk[0] ; Rise       ; ddfs:inst|freq_divider_DDFS:f_div_inst|count[17] ;
; 1.500 ; 2.500        ; 1.000          ; High Pulse Width ; inst1|altpll_component|pll|clk[0] ; Rise       ; ddfs:inst|freq_divider_DDFS:f_div_inst|count[18] ;
; 1.500 ; 2.500        ; 1.000          ; Low Pulse Width  ; inst1|altpll_component|pll|clk[0] ; Rise       ; ddfs:inst|freq_divider_DDFS:f_div_inst|count[18] ;
; 1.500 ; 2.500        ; 1.000          ; High Pulse Width ; inst1|altpll_component|pll|clk[0] ; Rise       ; ddfs:inst|freq_divider_DDFS:f_div_inst|count[19] ;
; 1.500 ; 2.500        ; 1.000          ; Low Pulse Width  ; inst1|altpll_component|pll|clk[0] ; Rise       ; ddfs:inst|freq_divider_DDFS:f_div_inst|count[19] ;
; 1.500 ; 2.500        ; 1.000          ; High Pulse Width ; inst1|altpll_component|pll|clk[0] ; Rise       ; ddfs:inst|freq_divider_DDFS:f_div_inst|count[1]  ;
; 1.500 ; 2.500        ; 1.000          ; Low Pulse Width  ; inst1|altpll_component|pll|clk[0] ; Rise       ; ddfs:inst|freq_divider_DDFS:f_div_inst|count[1]  ;
; 1.500 ; 2.500        ; 1.000          ; High Pulse Width ; inst1|altpll_component|pll|clk[0] ; Rise       ; ddfs:inst|freq_divider_DDFS:f_div_inst|count[2]  ;
; 1.500 ; 2.500        ; 1.000          ; Low Pulse Width  ; inst1|altpll_component|pll|clk[0] ; Rise       ; ddfs:inst|freq_divider_DDFS:f_div_inst|count[2]  ;
; 1.500 ; 2.500        ; 1.000          ; High Pulse Width ; inst1|altpll_component|pll|clk[0] ; Rise       ; ddfs:inst|freq_divider_DDFS:f_div_inst|count[3]  ;
; 1.500 ; 2.500        ; 1.000          ; Low Pulse Width  ; inst1|altpll_component|pll|clk[0] ; Rise       ; ddfs:inst|freq_divider_DDFS:f_div_inst|count[3]  ;
; 1.500 ; 2.500        ; 1.000          ; High Pulse Width ; inst1|altpll_component|pll|clk[0] ; Rise       ; ddfs:inst|freq_divider_DDFS:f_div_inst|count[4]  ;
; 1.500 ; 2.500        ; 1.000          ; Low Pulse Width  ; inst1|altpll_component|pll|clk[0] ; Rise       ; ddfs:inst|freq_divider_DDFS:f_div_inst|count[4]  ;
; 1.500 ; 2.500        ; 1.000          ; High Pulse Width ; inst1|altpll_component|pll|clk[0] ; Rise       ; ddfs:inst|freq_divider_DDFS:f_div_inst|count[5]  ;
; 1.500 ; 2.500        ; 1.000          ; Low Pulse Width  ; inst1|altpll_component|pll|clk[0] ; Rise       ; ddfs:inst|freq_divider_DDFS:f_div_inst|count[5]  ;
; 1.500 ; 2.500        ; 1.000          ; High Pulse Width ; inst1|altpll_component|pll|clk[0] ; Rise       ; ddfs:inst|freq_divider_DDFS:f_div_inst|count[6]  ;
; 1.500 ; 2.500        ; 1.000          ; Low Pulse Width  ; inst1|altpll_component|pll|clk[0] ; Rise       ; ddfs:inst|freq_divider_DDFS:f_div_inst|count[6]  ;
; 1.500 ; 2.500        ; 1.000          ; High Pulse Width ; inst1|altpll_component|pll|clk[0] ; Rise       ; ddfs:inst|freq_divider_DDFS:f_div_inst|count[7]  ;
; 1.500 ; 2.500        ; 1.000          ; Low Pulse Width  ; inst1|altpll_component|pll|clk[0] ; Rise       ; ddfs:inst|freq_divider_DDFS:f_div_inst|count[7]  ;
; 1.500 ; 2.500        ; 1.000          ; High Pulse Width ; inst1|altpll_component|pll|clk[0] ; Rise       ; ddfs:inst|freq_divider_DDFS:f_div_inst|count[8]  ;
; 1.500 ; 2.500        ; 1.000          ; Low Pulse Width  ; inst1|altpll_component|pll|clk[0] ; Rise       ; ddfs:inst|freq_divider_DDFS:f_div_inst|count[8]  ;
; 1.500 ; 2.500        ; 1.000          ; High Pulse Width ; inst1|altpll_component|pll|clk[0] ; Rise       ; ddfs:inst|freq_divider_DDFS:f_div_inst|count[9]  ;
; 1.500 ; 2.500        ; 1.000          ; Low Pulse Width  ; inst1|altpll_component|pll|clk[0] ; Rise       ; ddfs:inst|freq_divider_DDFS:f_div_inst|count[9]  ;
; 2.500 ; 2.500        ; 0.000          ; High Pulse Width ; inst1|altpll_component|pll|clk[0] ; Rise       ; inst1|altpll_component|_clk0~clkctrl|inclk[0]    ;
; 2.500 ; 2.500        ; 0.000          ; Low Pulse Width  ; inst1|altpll_component|pll|clk[0] ; Rise       ; inst1|altpll_component|_clk0~clkctrl|inclk[0]    ;
; 2.500 ; 2.500        ; 0.000          ; High Pulse Width ; inst1|altpll_component|pll|clk[0] ; Rise       ; inst1|altpll_component|_clk0~clkctrl|outclk      ;
; 2.500 ; 2.500        ; 0.000          ; Low Pulse Width  ; inst1|altpll_component|pll|clk[0] ; Rise       ; inst1|altpll_component|_clk0~clkctrl|outclk      ;
; 2.500 ; 2.500        ; 0.000          ; High Pulse Width ; inst1|altpll_component|pll|clk[0] ; Rise       ; inst|f_div_inst|count[0]|clk                     ;
; 2.500 ; 2.500        ; 0.000          ; Low Pulse Width  ; inst1|altpll_component|pll|clk[0] ; Rise       ; inst|f_div_inst|count[0]|clk                     ;
; 2.500 ; 2.500        ; 0.000          ; High Pulse Width ; inst1|altpll_component|pll|clk[0] ; Rise       ; inst|f_div_inst|count[10]|clk                    ;
; 2.500 ; 2.500        ; 0.000          ; Low Pulse Width  ; inst1|altpll_component|pll|clk[0] ; Rise       ; inst|f_div_inst|count[10]|clk                    ;
; 2.500 ; 2.500        ; 0.000          ; High Pulse Width ; inst1|altpll_component|pll|clk[0] ; Rise       ; inst|f_div_inst|count[11]|clk                    ;
; 2.500 ; 2.500        ; 0.000          ; Low Pulse Width  ; inst1|altpll_component|pll|clk[0] ; Rise       ; inst|f_div_inst|count[11]|clk                    ;
; 2.500 ; 2.500        ; 0.000          ; High Pulse Width ; inst1|altpll_component|pll|clk[0] ; Rise       ; inst|f_div_inst|count[12]|clk                    ;
; 2.500 ; 2.500        ; 0.000          ; Low Pulse Width  ; inst1|altpll_component|pll|clk[0] ; Rise       ; inst|f_div_inst|count[12]|clk                    ;
; 2.500 ; 2.500        ; 0.000          ; High Pulse Width ; inst1|altpll_component|pll|clk[0] ; Rise       ; inst|f_div_inst|count[13]|clk                    ;
; 2.500 ; 2.500        ; 0.000          ; Low Pulse Width  ; inst1|altpll_component|pll|clk[0] ; Rise       ; inst|f_div_inst|count[13]|clk                    ;
; 2.500 ; 2.500        ; 0.000          ; High Pulse Width ; inst1|altpll_component|pll|clk[0] ; Rise       ; inst|f_div_inst|count[14]|clk                    ;
; 2.500 ; 2.500        ; 0.000          ; Low Pulse Width  ; inst1|altpll_component|pll|clk[0] ; Rise       ; inst|f_div_inst|count[14]|clk                    ;
; 2.500 ; 2.500        ; 0.000          ; High Pulse Width ; inst1|altpll_component|pll|clk[0] ; Rise       ; inst|f_div_inst|count[15]|clk                    ;
; 2.500 ; 2.500        ; 0.000          ; Low Pulse Width  ; inst1|altpll_component|pll|clk[0] ; Rise       ; inst|f_div_inst|count[15]|clk                    ;
; 2.500 ; 2.500        ; 0.000          ; High Pulse Width ; inst1|altpll_component|pll|clk[0] ; Rise       ; inst|f_div_inst|count[16]|clk                    ;
; 2.500 ; 2.500        ; 0.000          ; Low Pulse Width  ; inst1|altpll_component|pll|clk[0] ; Rise       ; inst|f_div_inst|count[16]|clk                    ;
; 2.500 ; 2.500        ; 0.000          ; High Pulse Width ; inst1|altpll_component|pll|clk[0] ; Rise       ; inst|f_div_inst|count[17]|clk                    ;
; 2.500 ; 2.500        ; 0.000          ; Low Pulse Width  ; inst1|altpll_component|pll|clk[0] ; Rise       ; inst|f_div_inst|count[17]|clk                    ;
; 2.500 ; 2.500        ; 0.000          ; High Pulse Width ; inst1|altpll_component|pll|clk[0] ; Rise       ; inst|f_div_inst|count[18]|clk                    ;
; 2.500 ; 2.500        ; 0.000          ; Low Pulse Width  ; inst1|altpll_component|pll|clk[0] ; Rise       ; inst|f_div_inst|count[18]|clk                    ;
; 2.500 ; 2.500        ; 0.000          ; High Pulse Width ; inst1|altpll_component|pll|clk[0] ; Rise       ; inst|f_div_inst|count[19]|clk                    ;
; 2.500 ; 2.500        ; 0.000          ; Low Pulse Width  ; inst1|altpll_component|pll|clk[0] ; Rise       ; inst|f_div_inst|count[19]|clk                    ;
; 2.500 ; 2.500        ; 0.000          ; High Pulse Width ; inst1|altpll_component|pll|clk[0] ; Rise       ; inst|f_div_inst|count[1]|clk                     ;
; 2.500 ; 2.500        ; 0.000          ; Low Pulse Width  ; inst1|altpll_component|pll|clk[0] ; Rise       ; inst|f_div_inst|count[1]|clk                     ;
; 2.500 ; 2.500        ; 0.000          ; High Pulse Width ; inst1|altpll_component|pll|clk[0] ; Rise       ; inst|f_div_inst|count[2]|clk                     ;
; 2.500 ; 2.500        ; 0.000          ; Low Pulse Width  ; inst1|altpll_component|pll|clk[0] ; Rise       ; inst|f_div_inst|count[2]|clk                     ;
; 2.500 ; 2.500        ; 0.000          ; High Pulse Width ; inst1|altpll_component|pll|clk[0] ; Rise       ; inst|f_div_inst|count[3]|clk                     ;
; 2.500 ; 2.500        ; 0.000          ; Low Pulse Width  ; inst1|altpll_component|pll|clk[0] ; Rise       ; inst|f_div_inst|count[3]|clk                     ;
; 2.500 ; 2.500        ; 0.000          ; High Pulse Width ; inst1|altpll_component|pll|clk[0] ; Rise       ; inst|f_div_inst|count[4]|clk                     ;
; 2.500 ; 2.500        ; 0.000          ; Low Pulse Width  ; inst1|altpll_component|pll|clk[0] ; Rise       ; inst|f_div_inst|count[4]|clk                     ;
; 2.500 ; 2.500        ; 0.000          ; High Pulse Width ; inst1|altpll_component|pll|clk[0] ; Rise       ; inst|f_div_inst|count[5]|clk                     ;
; 2.500 ; 2.500        ; 0.000          ; Low Pulse Width  ; inst1|altpll_component|pll|clk[0] ; Rise       ; inst|f_div_inst|count[5]|clk                     ;
; 2.500 ; 2.500        ; 0.000          ; High Pulse Width ; inst1|altpll_component|pll|clk[0] ; Rise       ; inst|f_div_inst|count[6]|clk                     ;
; 2.500 ; 2.500        ; 0.000          ; Low Pulse Width  ; inst1|altpll_component|pll|clk[0] ; Rise       ; inst|f_div_inst|count[6]|clk                     ;
; 2.500 ; 2.500        ; 0.000          ; High Pulse Width ; inst1|altpll_component|pll|clk[0] ; Rise       ; inst|f_div_inst|count[7]|clk                     ;
; 2.500 ; 2.500        ; 0.000          ; Low Pulse Width  ; inst1|altpll_component|pll|clk[0] ; Rise       ; inst|f_div_inst|count[7]|clk                     ;
; 2.500 ; 2.500        ; 0.000          ; High Pulse Width ; inst1|altpll_component|pll|clk[0] ; Rise       ; inst|f_div_inst|count[8]|clk                     ;
; 2.500 ; 2.500        ; 0.000          ; Low Pulse Width  ; inst1|altpll_component|pll|clk[0] ; Rise       ; inst|f_div_inst|count[8]|clk                     ;
; 2.500 ; 2.500        ; 0.000          ; High Pulse Width ; inst1|altpll_component|pll|clk[0] ; Rise       ; inst|f_div_inst|count[9]|clk                     ;
; 2.500 ; 2.500        ; 0.000          ; Low Pulse Width  ; inst1|altpll_component|pll|clk[0] ; Rise       ; inst|f_div_inst|count[9]|clk                     ;
+-------+--------------+----------------+------------------+-----------------------------------+------------+--------------------------------------------------+


+-------------------------------------------------------------------------------------------------------------------------+
; Slow Model Minimum Pulse Width: 'CLOCK_50'                                                                              ;
+--------+--------------+----------------+------------------+----------+------------+-------------------------------------+
; Slack  ; Actual Width ; Required Width ; Type             ; Clock    ; Clock Edge ; Target                              ;
+--------+--------------+----------------+------------------+----------+------------+-------------------------------------+
; 10.000 ; 10.000       ; 0.000          ; High Pulse Width ; CLOCK_50 ; Rise       ; CLOCK_50|combout                    ;
; 10.000 ; 10.000       ; 0.000          ; Low Pulse Width  ; CLOCK_50 ; Rise       ; CLOCK_50|combout                    ;
; 10.000 ; 10.000       ; 0.000          ; High Pulse Width ; CLOCK_50 ; Rise       ; inst1|altpll_component|pll|clk[0]   ;
; 10.000 ; 10.000       ; 0.000          ; Low Pulse Width  ; CLOCK_50 ; Rise       ; inst1|altpll_component|pll|clk[0]   ;
; 10.000 ; 10.000       ; 0.000          ; High Pulse Width ; CLOCK_50 ; Rise       ; inst1|altpll_component|pll|inclk[0] ;
; 10.000 ; 10.000       ; 0.000          ; Low Pulse Width  ; CLOCK_50 ; Rise       ; inst1|altpll_component|pll|inclk[0] ;
; 17.620 ; 20.000       ; 2.380          ; Port Rate        ; CLOCK_50 ; Rise       ; CLOCK_50                            ;
+--------+--------------+----------------+------------------+----------+------------+-------------------------------------+


+------------------------------------------------------------------------------------------------------------------------------------------------+
; Setup Times                                                                                                                                    ;
+-----------+--------------------------------------------------+--------+--------+------------+--------------------------------------------------+
; Data Port ; Clock Port                                       ; Rise   ; Fall   ; Clock Edge ; Clock Reference                                  ;
+-----------+--------------------------------------------------+--------+--------+------------+--------------------------------------------------+
; SW[*]     ; ddfs:inst|freq_divider_DDFS:f_div_inst|count[19] ; 5.967  ; 5.967  ; Rise       ; ddfs:inst|freq_divider_DDFS:f_div_inst|count[19] ;
;  SW[3]    ; ddfs:inst|freq_divider_DDFS:f_div_inst|count[19] ; 2.191  ; 2.191  ; Rise       ; ddfs:inst|freq_divider_DDFS:f_div_inst|count[19] ;
;  SW[4]    ; ddfs:inst|freq_divider_DDFS:f_div_inst|count[19] ; 5.967  ; 5.967  ; Rise       ; ddfs:inst|freq_divider_DDFS:f_div_inst|count[19] ;
;  SW[5]    ; ddfs:inst|freq_divider_DDFS:f_div_inst|count[19] ; 5.772  ; 5.772  ; Rise       ; ddfs:inst|freq_divider_DDFS:f_div_inst|count[19] ;
;  SW[6]    ; ddfs:inst|freq_divider_DDFS:f_div_inst|count[19] ; 5.353  ; 5.353  ; Rise       ; ddfs:inst|freq_divider_DDFS:f_div_inst|count[19] ;
;  SW[7]    ; ddfs:inst|freq_divider_DDFS:f_div_inst|count[19] ; 4.381  ; 4.381  ; Rise       ; ddfs:inst|freq_divider_DDFS:f_div_inst|count[19] ;
;  SW[8]    ; ddfs:inst|freq_divider_DDFS:f_div_inst|count[19] ; 4.369  ; 4.369  ; Rise       ; ddfs:inst|freq_divider_DDFS:f_div_inst|count[19] ;
;  SW[9]    ; ddfs:inst|freq_divider_DDFS:f_div_inst|count[19] ; 4.507  ; 4.507  ; Rise       ; ddfs:inst|freq_divider_DDFS:f_div_inst|count[19] ;
;  SW[10]   ; ddfs:inst|freq_divider_DDFS:f_div_inst|count[19] ; 4.933  ; 4.933  ; Rise       ; ddfs:inst|freq_divider_DDFS:f_div_inst|count[19] ;
; SW[*]     ; CLOCK_50                                         ; 12.184 ; 12.184 ; Rise       ; inst1|altpll_component|pll|clk[0]                ;
;  SW[11]   ; CLOCK_50                                         ; 3.276  ; 3.276  ; Rise       ; inst1|altpll_component|pll|clk[0]                ;
;  SW[12]   ; CLOCK_50                                         ; 8.389  ; 8.389  ; Rise       ; inst1|altpll_component|pll|clk[0]                ;
;  SW[13]   ; CLOCK_50                                         ; 12.184 ; 12.184 ; Rise       ; inst1|altpll_component|pll|clk[0]                ;
;  SW[14]   ; CLOCK_50                                         ; 11.950 ; 11.950 ; Rise       ; inst1|altpll_component|pll|clk[0]                ;
+-----------+--------------------------------------------------+--------+--------+------------+--------------------------------------------------+


+------------------------------------------------------------------------------------------------------------------------------------------------+
; Hold Times                                                                                                                                     ;
+-----------+--------------------------------------------------+--------+--------+------------+--------------------------------------------------+
; Data Port ; Clock Port                                       ; Rise   ; Fall   ; Clock Edge ; Clock Reference                                  ;
+-----------+--------------------------------------------------+--------+--------+------------+--------------------------------------------------+
; SW[*]     ; ddfs:inst|freq_divider_DDFS:f_div_inst|count[19] ; -1.035 ; -1.035 ; Rise       ; ddfs:inst|freq_divider_DDFS:f_div_inst|count[19] ;
;  SW[3]    ; ddfs:inst|freq_divider_DDFS:f_div_inst|count[19] ; -1.035 ; -1.035 ; Rise       ; ddfs:inst|freq_divider_DDFS:f_div_inst|count[19] ;
;  SW[4]    ; ddfs:inst|freq_divider_DDFS:f_div_inst|count[19] ; -2.559 ; -2.559 ; Rise       ; ddfs:inst|freq_divider_DDFS:f_div_inst|count[19] ;
;  SW[5]    ; ddfs:inst|freq_divider_DDFS:f_div_inst|count[19] ; -2.548 ; -2.548 ; Rise       ; ddfs:inst|freq_divider_DDFS:f_div_inst|count[19] ;
;  SW[6]    ; ddfs:inst|freq_divider_DDFS:f_div_inst|count[19] ; -2.418 ; -2.418 ; Rise       ; ddfs:inst|freq_divider_DDFS:f_div_inst|count[19] ;
;  SW[7]    ; ddfs:inst|freq_divider_DDFS:f_div_inst|count[19] ; -1.526 ; -1.526 ; Rise       ; ddfs:inst|freq_divider_DDFS:f_div_inst|count[19] ;
;  SW[8]    ; ddfs:inst|freq_divider_DDFS:f_div_inst|count[19] ; -1.803 ; -1.803 ; Rise       ; ddfs:inst|freq_divider_DDFS:f_div_inst|count[19] ;
;  SW[9]    ; ddfs:inst|freq_divider_DDFS:f_div_inst|count[19] ; -2.013 ; -2.013 ; Rise       ; ddfs:inst|freq_divider_DDFS:f_div_inst|count[19] ;
;  SW[10]   ; ddfs:inst|freq_divider_DDFS:f_div_inst|count[19] ; -2.241 ; -2.241 ; Rise       ; ddfs:inst|freq_divider_DDFS:f_div_inst|count[19] ;
; SW[*]     ; CLOCK_50                                         ; -2.134 ; -2.134 ; Rise       ; inst1|altpll_component|pll|clk[0]                ;
;  SW[11]   ; CLOCK_50                                         ; -2.134 ; -2.134 ; Rise       ; inst1|altpll_component|pll|clk[0]                ;
;  SW[12]   ; CLOCK_50                                         ; -2.379 ; -2.379 ; Rise       ; inst1|altpll_component|pll|clk[0]                ;
;  SW[13]   ; CLOCK_50                                         ; -5.801 ; -5.801 ; Rise       ; inst1|altpll_component|pll|clk[0]                ;
;  SW[14]   ; CLOCK_50                                         ; -5.764 ; -5.764 ; Rise       ; inst1|altpll_component|pll|clk[0]                ;
+-----------+--------------------------------------------------+--------+--------+------------+--------------------------------------------------+


+------------------------------------------------------------------------------------------------------------------------------------------------+
; Clock to Output Times                                                                                                                          ;
+-----------+--------------------------------------------------+--------+--------+------------+--------------------------------------------------+
; Data Port ; Clock Port                                       ; Rise   ; Fall   ; Clock Edge ; Clock Reference                                  ;
+-----------+--------------------------------------------------+--------+--------+------------+--------------------------------------------------+
; VGA_CLK   ; ddfs:inst|freq_divider_DDFS:f_div_inst|count[19] ; 5.532  ;        ; Rise       ; ddfs:inst|freq_divider_DDFS:f_div_inst|count[19] ;
; VGA_G[*]  ; ddfs:inst|freq_divider_DDFS:f_div_inst|count[19] ; 14.750 ; 14.750 ; Rise       ; ddfs:inst|freq_divider_DDFS:f_div_inst|count[19] ;
;  VGA_G[0] ; ddfs:inst|freq_divider_DDFS:f_div_inst|count[19] ; 13.634 ; 13.634 ; Rise       ; ddfs:inst|freq_divider_DDFS:f_div_inst|count[19] ;
;  VGA_G[1] ; ddfs:inst|freq_divider_DDFS:f_div_inst|count[19] ; 13.693 ; 13.693 ; Rise       ; ddfs:inst|freq_divider_DDFS:f_div_inst|count[19] ;
;  VGA_G[2] ; ddfs:inst|freq_divider_DDFS:f_div_inst|count[19] ; 13.579 ; 13.579 ; Rise       ; ddfs:inst|freq_divider_DDFS:f_div_inst|count[19] ;
;  VGA_G[3] ; ddfs:inst|freq_divider_DDFS:f_div_inst|count[19] ; 13.941 ; 13.941 ; Rise       ; ddfs:inst|freq_divider_DDFS:f_div_inst|count[19] ;
;  VGA_G[4] ; ddfs:inst|freq_divider_DDFS:f_div_inst|count[19] ; 13.691 ; 13.691 ; Rise       ; ddfs:inst|freq_divider_DDFS:f_div_inst|count[19] ;
;  VGA_G[5] ; ddfs:inst|freq_divider_DDFS:f_div_inst|count[19] ; 13.890 ; 13.890 ; Rise       ; ddfs:inst|freq_divider_DDFS:f_div_inst|count[19] ;
;  VGA_G[6] ; ddfs:inst|freq_divider_DDFS:f_div_inst|count[19] ; 13.982 ; 13.982 ; Rise       ; ddfs:inst|freq_divider_DDFS:f_div_inst|count[19] ;
;  VGA_G[7] ; ddfs:inst|freq_divider_DDFS:f_div_inst|count[19] ; 14.014 ; 14.014 ; Rise       ; ddfs:inst|freq_divider_DDFS:f_div_inst|count[19] ;
;  VGA_G[8] ; ddfs:inst|freq_divider_DDFS:f_div_inst|count[19] ; 13.740 ; 13.740 ; Rise       ; ddfs:inst|freq_divider_DDFS:f_div_inst|count[19] ;
;  VGA_G[9] ; ddfs:inst|freq_divider_DDFS:f_div_inst|count[19] ; 14.750 ; 14.750 ; Rise       ; ddfs:inst|freq_divider_DDFS:f_div_inst|count[19] ;
; VGA_CLK   ; ddfs:inst|freq_divider_DDFS:f_div_inst|count[19] ;        ; 5.532  ; Fall       ; ddfs:inst|freq_divider_DDFS:f_div_inst|count[19] ;
+-----------+--------------------------------------------------+--------+--------+------------+--------------------------------------------------+


+----------------------------------------------------------------------------------------------------------------------------------------------+
; Minimum Clock to Output Times                                                                                                                ;
+-----------+--------------------------------------------------+-------+-------+------------+--------------------------------------------------+
; Data Port ; Clock Port                                       ; Rise  ; Fall  ; Clock Edge ; Clock Reference                                  ;
+-----------+--------------------------------------------------+-------+-------+------------+--------------------------------------------------+
; VGA_CLK   ; ddfs:inst|freq_divider_DDFS:f_div_inst|count[19] ; 5.532 ;       ; Rise       ; ddfs:inst|freq_divider_DDFS:f_div_inst|count[19] ;
; VGA_G[*]  ; ddfs:inst|freq_divider_DDFS:f_div_inst|count[19] ; 8.185 ; 8.185 ; Rise       ; ddfs:inst|freq_divider_DDFS:f_div_inst|count[19] ;
;  VGA_G[0] ; ddfs:inst|freq_divider_DDFS:f_div_inst|count[19] ; 9.236 ; 9.236 ; Rise       ; ddfs:inst|freq_divider_DDFS:f_div_inst|count[19] ;
;  VGA_G[1] ; ddfs:inst|freq_divider_DDFS:f_div_inst|count[19] ; 9.225 ; 9.225 ; Rise       ; ddfs:inst|freq_divider_DDFS:f_div_inst|count[19] ;
;  VGA_G[2] ; ddfs:inst|freq_divider_DDFS:f_div_inst|count[19] ; 9.234 ; 9.234 ; Rise       ; ddfs:inst|freq_divider_DDFS:f_div_inst|count[19] ;
;  VGA_G[3] ; ddfs:inst|freq_divider_DDFS:f_div_inst|count[19] ; 9.232 ; 9.232 ; Rise       ; ddfs:inst|freq_divider_DDFS:f_div_inst|count[19] ;
;  VGA_G[4] ; ddfs:inst|freq_divider_DDFS:f_div_inst|count[19] ; 9.079 ; 9.079 ; Rise       ; ddfs:inst|freq_divider_DDFS:f_div_inst|count[19] ;
;  VGA_G[5] ; ddfs:inst|freq_divider_DDFS:f_div_inst|count[19] ; 9.246 ; 9.246 ; Rise       ; ddfs:inst|freq_divider_DDFS:f_div_inst|count[19] ;
;  VGA_G[6] ; ddfs:inst|freq_divider_DDFS:f_div_inst|count[19] ; 8.978 ; 8.978 ; Rise       ; ddfs:inst|freq_divider_DDFS:f_div_inst|count[19] ;
;  VGA_G[7] ; ddfs:inst|freq_divider_DDFS:f_div_inst|count[19] ; 9.149 ; 9.149 ; Rise       ; ddfs:inst|freq_divider_DDFS:f_div_inst|count[19] ;
;  VGA_G[8] ; ddfs:inst|freq_divider_DDFS:f_div_inst|count[19] ; 8.844 ; 8.844 ; Rise       ; ddfs:inst|freq_divider_DDFS:f_div_inst|count[19] ;
;  VGA_G[9] ; ddfs:inst|freq_divider_DDFS:f_div_inst|count[19] ; 8.185 ; 8.185 ; Rise       ; ddfs:inst|freq_divider_DDFS:f_div_inst|count[19] ;
; VGA_CLK   ; ddfs:inst|freq_divider_DDFS:f_div_inst|count[19] ;       ; 5.532 ; Fall       ; ddfs:inst|freq_divider_DDFS:f_div_inst|count[19] ;
+-----------+--------------------------------------------------+-------+-------+------------+--------------------------------------------------+


+--------------------------------------------------------------+
; Propagation Delay                                            ;
+------------+-------------+--------+--------+--------+--------+
; Input Port ; Output Port ; RR     ; RF     ; FR     ; FF     ;
+------------+-------------+--------+--------+--------+--------+
; SW[0]      ; VGA_G[0]    ; 9.787  ; 9.787  ; 9.787  ; 9.787  ;
; SW[0]      ; VGA_G[1]    ; 9.846  ; 9.846  ; 9.846  ; 9.846  ;
; SW[0]      ; VGA_G[2]    ; 9.732  ; 9.732  ; 9.732  ; 9.732  ;
; SW[0]      ; VGA_G[3]    ; 10.094 ; 10.094 ; 10.094 ; 10.094 ;
; SW[0]      ; VGA_G[4]    ; 9.844  ; 9.844  ; 9.844  ; 9.844  ;
; SW[0]      ; VGA_G[5]    ; 10.043 ; 10.043 ; 10.043 ; 10.043 ;
; SW[0]      ; VGA_G[6]    ; 10.135 ; 10.135 ; 10.135 ; 10.135 ;
; SW[0]      ; VGA_G[7]    ; 10.167 ; 10.167 ; 10.167 ; 10.167 ;
; SW[0]      ; VGA_G[8]    ; 9.893  ; 9.893  ; 9.893  ; 9.893  ;
; SW[0]      ; VGA_G[9]    ; 10.903 ; 10.903 ; 10.903 ; 10.903 ;
; SW[1]      ; VGA_G[0]    ; 9.517  ; 9.517  ; 9.517  ; 9.517  ;
; SW[1]      ; VGA_G[1]    ; 9.576  ; 9.576  ; 9.576  ; 9.576  ;
; SW[1]      ; VGA_G[2]    ; 9.462  ; 9.462  ; 9.462  ; 9.462  ;
; SW[1]      ; VGA_G[3]    ; 9.824  ; 9.824  ; 9.824  ; 9.824  ;
; SW[1]      ; VGA_G[4]    ; 9.574  ; 9.574  ; 9.574  ; 9.574  ;
; SW[1]      ; VGA_G[5]    ; 9.773  ; 9.773  ; 9.773  ; 9.773  ;
; SW[1]      ; VGA_G[6]    ; 9.865  ; 9.865  ; 9.865  ; 9.865  ;
; SW[1]      ; VGA_G[7]    ; 9.897  ; 9.897  ; 9.897  ; 9.897  ;
; SW[1]      ; VGA_G[8]    ; 9.623  ; 9.623  ; 9.623  ; 9.623  ;
; SW[1]      ; VGA_G[9]    ;        ; 10.633 ; 10.633 ;        ;
; SW[2]      ; VGA_G[0]    ; 9.374  ; 9.374  ; 9.374  ; 9.374  ;
; SW[2]      ; VGA_G[1]    ; 9.363  ; 9.363  ; 9.363  ; 9.363  ;
; SW[2]      ; VGA_G[2]    ; 9.372  ; 9.372  ; 9.372  ; 9.372  ;
; SW[2]      ; VGA_G[3]    ; 9.370  ; 9.370  ; 9.370  ; 9.370  ;
; SW[2]      ; VGA_G[4]    ; 9.217  ; 9.217  ; 9.217  ; 9.217  ;
; SW[2]      ; VGA_G[5]    ; 9.384  ; 9.384  ; 9.384  ; 9.384  ;
; SW[2]      ; VGA_G[6]    ; 9.116  ; 9.116  ; 9.116  ; 9.116  ;
; SW[2]      ; VGA_G[7]    ; 9.287  ; 9.287  ; 9.287  ; 9.287  ;
; SW[2]      ; VGA_G[8]    ; 8.982  ; 8.982  ; 8.982  ; 8.982  ;
; SW[2]      ; VGA_G[9]    ;        ; 8.323  ; 8.323  ;        ;
; SW[3]      ; VGA_G[0]    ; 10.884 ; 10.884 ; 10.884 ; 10.884 ;
; SW[3]      ; VGA_G[1]    ; 10.969 ; 10.969 ; 10.969 ; 10.969 ;
; SW[3]      ; VGA_G[2]    ; 11.194 ; 11.194 ; 11.194 ; 11.194 ;
; SW[3]      ; VGA_G[3]    ; 11.556 ; 11.556 ; 11.556 ; 11.556 ;
; SW[3]      ; VGA_G[4]    ; 11.306 ; 11.306 ; 11.306 ; 11.306 ;
; SW[3]      ; VGA_G[5]    ; 11.505 ; 11.505 ; 11.505 ; 11.505 ;
; SW[3]      ; VGA_G[6]    ; 11.597 ; 11.597 ; 11.597 ; 11.597 ;
; SW[3]      ; VGA_G[7]    ; 11.629 ; 11.629 ; 11.629 ; 11.629 ;
; SW[3]      ; VGA_G[8]    ; 11.355 ; 11.355 ; 11.355 ; 11.355 ;
; SW[3]      ; VGA_G[9]    ; 12.365 ; 12.365 ; 12.365 ; 12.365 ;
+------------+-------------+--------+--------+--------+--------+


+----------------------------------------------------------+
; Minimum Propagation Delay                                ;
+------------+-------------+-------+-------+-------+-------+
; Input Port ; Output Port ; RR    ; RF    ; FR    ; FF    ;
+------------+-------------+-------+-------+-------+-------+
; SW[0]      ; VGA_G[0]    ; 7.704 ; 7.704 ; 7.704 ; 7.704 ;
; SW[0]      ; VGA_G[1]    ; 8.415 ; 8.415 ; 8.415 ; 8.415 ;
; SW[0]      ; VGA_G[2]    ; 8.696 ; 8.696 ; 8.696 ; 8.696 ;
; SW[0]      ; VGA_G[3]    ; 8.119 ; 8.119 ; 8.119 ; 8.119 ;
; SW[0]      ; VGA_G[4]    ; 8.659 ; 8.659 ; 8.659 ; 8.659 ;
; SW[0]      ; VGA_G[5]    ; 8.697 ; 8.697 ; 8.697 ; 8.697 ;
; SW[0]      ; VGA_G[6]    ; 7.989 ; 7.989 ; 7.989 ; 7.989 ;
; SW[0]      ; VGA_G[7]    ; 7.756 ; 7.756 ; 7.756 ; 7.756 ;
; SW[0]      ; VGA_G[8]    ; 8.139 ; 8.139 ; 8.139 ; 8.139 ;
; SW[0]      ; VGA_G[9]    ; 7.689 ; 7.689 ; 7.689 ; 7.689 ;
; SW[1]      ; VGA_G[0]    ; 7.575 ; 8.785 ; 8.785 ; 7.575 ;
; SW[1]      ; VGA_G[1]    ; 8.142 ; 9.096 ; 9.096 ; 8.142 ;
; SW[1]      ; VGA_G[2]    ; 8.425 ; 8.951 ; 8.951 ; 8.425 ;
; SW[1]      ; VGA_G[3]    ; 8.460 ; 9.407 ; 9.407 ; 8.460 ;
; SW[1]      ; VGA_G[4]    ; 8.384 ; 8.805 ; 8.805 ; 8.384 ;
; SW[1]      ; VGA_G[5]    ; 8.427 ; 8.933 ; 8.933 ; 8.427 ;
; SW[1]      ; VGA_G[6]    ; 8.330 ; 9.269 ; 9.269 ; 8.330 ;
; SW[1]      ; VGA_G[7]    ; 7.627 ; 8.560 ; 8.560 ; 7.627 ;
; SW[1]      ; VGA_G[8]    ; 8.476 ; 8.626 ; 8.626 ; 8.476 ;
; SW[1]      ; VGA_G[9]    ;       ; 9.636 ; 9.636 ;       ;
; SW[2]      ; VGA_G[0]    ; 8.438 ; 8.438 ; 8.438 ; 8.438 ;
; SW[2]      ; VGA_G[1]    ; 8.427 ; 8.427 ; 8.427 ; 8.427 ;
; SW[2]      ; VGA_G[2]    ; 8.436 ; 8.436 ; 8.436 ; 8.436 ;
; SW[2]      ; VGA_G[3]    ; 8.434 ; 8.434 ; 8.434 ; 8.434 ;
; SW[2]      ; VGA_G[4]    ; 8.281 ; 8.281 ; 8.281 ; 8.281 ;
; SW[2]      ; VGA_G[5]    ; 8.448 ; 8.448 ; 8.448 ; 8.448 ;
; SW[2]      ; VGA_G[6]    ; 8.180 ; 8.180 ; 8.180 ; 8.180 ;
; SW[2]      ; VGA_G[7]    ; 8.351 ; 8.351 ; 8.351 ; 8.351 ;
; SW[2]      ; VGA_G[8]    ; 8.046 ; 8.046 ; 8.046 ; 8.046 ;
; SW[2]      ; VGA_G[9]    ;       ; 7.685 ; 7.685 ;       ;
; SW[3]      ; VGA_G[0]    ; 8.674 ; 8.674 ; 8.674 ; 8.674 ;
; SW[3]      ; VGA_G[1]    ; 8.663 ; 8.663 ; 8.663 ; 8.663 ;
; SW[3]      ; VGA_G[2]    ; 8.672 ; 8.672 ; 8.672 ; 8.672 ;
; SW[3]      ; VGA_G[3]    ; 8.670 ; 8.670 ; 8.670 ; 8.670 ;
; SW[3]      ; VGA_G[4]    ; 8.517 ; 8.517 ; 8.517 ; 8.517 ;
; SW[3]      ; VGA_G[5]    ; 8.684 ; 8.684 ; 8.684 ; 8.684 ;
; SW[3]      ; VGA_G[6]    ; 8.416 ; 8.416 ; 8.416 ; 8.416 ;
; SW[3]      ; VGA_G[7]    ; 8.587 ; 8.587 ; 8.587 ; 8.587 ;
; SW[3]      ; VGA_G[8]    ; 8.282 ; 8.282 ; 8.282 ; 8.282 ;
; SW[3]      ; VGA_G[9]    ; 7.378 ; 8.409 ; 8.409 ; 7.378 ;
+------------+-------------+-------+-------+-------+-------+


+---------------------------------------------------------------------------+
; Fast Model Setup Summary                                                  ;
+--------------------------------------------------+--------+---------------+
; Clock                                            ; Slack  ; End Point TNS ;
+--------------------------------------------------+--------+---------------+
; ddfs:inst|freq_divider_DDFS:f_div_inst|count[19] ; -1.066 ; -14.976       ;
; inst1|altpll_component|pll|clk[0]                ; -0.253 ; -2.636        ;
+--------------------------------------------------+--------+---------------+


+--------------------------------------------------------------------------+
; Fast Model Hold Summary                                                  ;
+--------------------------------------------------+-------+---------------+
; Clock                                            ; Slack ; End Point TNS ;
+--------------------------------------------------+-------+---------------+
; inst1|altpll_component|pll|clk[0]                ; 0.331 ; 0.000         ;
; ddfs:inst|freq_divider_DDFS:f_div_inst|count[19] ; 0.365 ; 0.000         ;
+--------------------------------------------------+-------+---------------+


-------------------------------
; Fast Model Recovery Summary ;
-------------------------------
No paths to report.


------------------------------
; Fast Model Removal Summary ;
------------------------------
No paths to report.


+---------------------------------------------------------------------------+
; Fast Model Minimum Pulse Width Summary                                    ;
+--------------------------------------------------+--------+---------------+
; Clock                                            ; Slack  ; End Point TNS ;
+--------------------------------------------------+--------+---------------+
; ddfs:inst|freq_divider_DDFS:f_div_inst|count[19] ; -1.423 ; -99.380       ;
; inst1|altpll_component|pll|clk[0]                ; 1.500  ; 0.000         ;
; CLOCK_50                                         ; 10.000 ; 0.000         ;
+--------------------------------------------------+--------+---------------+


+------------------------------------------------------------------------------------------------------------------------------------------------------------------------------------------------+
; Fast Model Setup: 'ddfs:inst|freq_divider_DDFS:f_div_inst|count[19]'                                                                                                                           ;
+--------+-------------------+--------------------+--------------------------------------------------+--------------------------------------------------+--------------+------------+------------+
; Slack  ; From Node         ; To Node            ; Launch Clock                                     ; Latch Clock                                      ; Relationship ; Clock Skew ; Data Delay ;
+--------+-------------------+--------------------+--------------------------------------------------+--------------------------------------------------+--------------+------------+------------+
; -1.066 ; ddfs:inst|cont[0] ; ddfs:inst|cont[11] ; ddfs:inst|freq_divider_DDFS:f_div_inst|count[19] ; ddfs:inst|freq_divider_DDFS:f_div_inst|count[19] ; 1.000        ; 0.002      ; 2.100      ;
; -1.061 ; ddfs:inst|cont[0] ; ddfs:inst|cont[10] ; ddfs:inst|freq_divider_DDFS:f_div_inst|count[19] ; ddfs:inst|freq_divider_DDFS:f_div_inst|count[19] ; 1.000        ; 0.002      ; 2.095      ;
; -1.046 ; ddfs:inst|cont[1] ; ddfs:inst|cont[11] ; ddfs:inst|freq_divider_DDFS:f_div_inst|count[19] ; ddfs:inst|freq_divider_DDFS:f_div_inst|count[19] ; 1.000        ; 0.002      ; 2.080      ;
; -1.041 ; ddfs:inst|cont[1] ; ddfs:inst|cont[10] ; ddfs:inst|freq_divider_DDFS:f_div_inst|count[19] ; ddfs:inst|freq_divider_DDFS:f_div_inst|count[19] ; 1.000        ; 0.002      ; 2.075      ;
; -1.005 ; ddfs:inst|cont[8] ; ddfs:inst|cont[11] ; ddfs:inst|freq_divider_DDFS:f_div_inst|count[19] ; ddfs:inst|freq_divider_DDFS:f_div_inst|count[19] ; 1.000        ; 0.002      ; 2.039      ;
; -1.000 ; ddfs:inst|cont[8] ; ddfs:inst|cont[10] ; ddfs:inst|freq_divider_DDFS:f_div_inst|count[19] ; ddfs:inst|freq_divider_DDFS:f_div_inst|count[19] ; 1.000        ; 0.002      ; 2.034      ;
; -0.978 ; ddfs:inst|cont[3] ; ddfs:inst|cont[11] ; ddfs:inst|freq_divider_DDFS:f_div_inst|count[19] ; ddfs:inst|freq_divider_DDFS:f_div_inst|count[19] ; 1.000        ; 0.002      ; 2.012      ;
; -0.977 ; ddfs:inst|cont[0] ; ddfs:inst|cont[5]  ; ddfs:inst|freq_divider_DDFS:f_div_inst|count[19] ; ddfs:inst|freq_divider_DDFS:f_div_inst|count[19] ; 1.000        ; 0.000      ; 2.009      ;
; -0.976 ; ddfs:inst|cont[0] ; ddfs:inst|cont[4]  ; ddfs:inst|freq_divider_DDFS:f_div_inst|count[19] ; ddfs:inst|freq_divider_DDFS:f_div_inst|count[19] ; 1.000        ; 0.000      ; 2.008      ;
; -0.974 ; ddfs:inst|cont[0] ; ddfs:inst|cont[1]  ; ddfs:inst|freq_divider_DDFS:f_div_inst|count[19] ; ddfs:inst|freq_divider_DDFS:f_div_inst|count[19] ; 1.000        ; 0.000      ; 2.006      ;
; -0.974 ; ddfs:inst|cont[0] ; ddfs:inst|cont[3]  ; ddfs:inst|freq_divider_DDFS:f_div_inst|count[19] ; ddfs:inst|freq_divider_DDFS:f_div_inst|count[19] ; 1.000        ; 0.000      ; 2.006      ;
; -0.973 ; ddfs:inst|cont[0] ; ddfs:inst|cont[0]  ; ddfs:inst|freq_divider_DDFS:f_div_inst|count[19] ; ddfs:inst|freq_divider_DDFS:f_div_inst|count[19] ; 1.000        ; 0.000      ; 2.005      ;
; -0.973 ; ddfs:inst|cont[3] ; ddfs:inst|cont[10] ; ddfs:inst|freq_divider_DDFS:f_div_inst|count[19] ; ddfs:inst|freq_divider_DDFS:f_div_inst|count[19] ; 1.000        ; 0.002      ; 2.007      ;
; -0.969 ; ddfs:inst|cont[0] ; ddfs:inst|cont[6]  ; ddfs:inst|freq_divider_DDFS:f_div_inst|count[19] ; ddfs:inst|freq_divider_DDFS:f_div_inst|count[19] ; 1.000        ; 0.000      ; 2.001      ;
; -0.968 ; ddfs:inst|cont[0] ; ddfs:inst|cont[2]  ; ddfs:inst|freq_divider_DDFS:f_div_inst|count[19] ; ddfs:inst|freq_divider_DDFS:f_div_inst|count[19] ; 1.000        ; -0.001     ; 1.999      ;
; -0.968 ; ddfs:inst|cont[0] ; ddfs:inst|cont[9]  ; ddfs:inst|freq_divider_DDFS:f_div_inst|count[19] ; ddfs:inst|freq_divider_DDFS:f_div_inst|count[19] ; 1.000        ; 0.000      ; 2.000      ;
; -0.968 ; ddfs:inst|cont[0] ; ddfs:inst|cont[8]  ; ddfs:inst|freq_divider_DDFS:f_div_inst|count[19] ; ddfs:inst|freq_divider_DDFS:f_div_inst|count[19] ; 1.000        ; 0.000      ; 2.000      ;
; -0.963 ; ddfs:inst|cont[0] ; ddfs:inst|cont[7]  ; ddfs:inst|freq_divider_DDFS:f_div_inst|count[19] ; ddfs:inst|freq_divider_DDFS:f_div_inst|count[19] ; 1.000        ; -0.001     ; 1.994      ;
; -0.957 ; ddfs:inst|cont[1] ; ddfs:inst|cont[5]  ; ddfs:inst|freq_divider_DDFS:f_div_inst|count[19] ; ddfs:inst|freq_divider_DDFS:f_div_inst|count[19] ; 1.000        ; 0.000      ; 1.989      ;
; -0.956 ; ddfs:inst|cont[1] ; ddfs:inst|cont[4]  ; ddfs:inst|freq_divider_DDFS:f_div_inst|count[19] ; ddfs:inst|freq_divider_DDFS:f_div_inst|count[19] ; 1.000        ; 0.000      ; 1.988      ;
; -0.954 ; ddfs:inst|cont[1] ; ddfs:inst|cont[1]  ; ddfs:inst|freq_divider_DDFS:f_div_inst|count[19] ; ddfs:inst|freq_divider_DDFS:f_div_inst|count[19] ; 1.000        ; 0.000      ; 1.986      ;
; -0.954 ; ddfs:inst|cont[1] ; ddfs:inst|cont[3]  ; ddfs:inst|freq_divider_DDFS:f_div_inst|count[19] ; ddfs:inst|freq_divider_DDFS:f_div_inst|count[19] ; 1.000        ; 0.000      ; 1.986      ;
; -0.953 ; ddfs:inst|cont[1] ; ddfs:inst|cont[0]  ; ddfs:inst|freq_divider_DDFS:f_div_inst|count[19] ; ddfs:inst|freq_divider_DDFS:f_div_inst|count[19] ; 1.000        ; 0.000      ; 1.985      ;
; -0.949 ; ddfs:inst|cont[1] ; ddfs:inst|cont[6]  ; ddfs:inst|freq_divider_DDFS:f_div_inst|count[19] ; ddfs:inst|freq_divider_DDFS:f_div_inst|count[19] ; 1.000        ; 0.000      ; 1.981      ;
; -0.948 ; ddfs:inst|cont[1] ; ddfs:inst|cont[2]  ; ddfs:inst|freq_divider_DDFS:f_div_inst|count[19] ; ddfs:inst|freq_divider_DDFS:f_div_inst|count[19] ; 1.000        ; -0.001     ; 1.979      ;
; -0.948 ; ddfs:inst|cont[1] ; ddfs:inst|cont[9]  ; ddfs:inst|freq_divider_DDFS:f_div_inst|count[19] ; ddfs:inst|freq_divider_DDFS:f_div_inst|count[19] ; 1.000        ; 0.000      ; 1.980      ;
; -0.948 ; ddfs:inst|cont[1] ; ddfs:inst|cont[8]  ; ddfs:inst|freq_divider_DDFS:f_div_inst|count[19] ; ddfs:inst|freq_divider_DDFS:f_div_inst|count[19] ; 1.000        ; 0.000      ; 1.980      ;
; -0.943 ; ddfs:inst|cont[1] ; ddfs:inst|cont[7]  ; ddfs:inst|freq_divider_DDFS:f_div_inst|count[19] ; ddfs:inst|freq_divider_DDFS:f_div_inst|count[19] ; 1.000        ; -0.001     ; 1.974      ;
; -0.932 ; ddfs:inst|cont[4] ; ddfs:inst|cont[11] ; ddfs:inst|freq_divider_DDFS:f_div_inst|count[19] ; ddfs:inst|freq_divider_DDFS:f_div_inst|count[19] ; 1.000        ; 0.002      ; 1.966      ;
; -0.928 ; ddfs:inst|cont[2] ; ddfs:inst|cont[11] ; ddfs:inst|freq_divider_DDFS:f_div_inst|count[19] ; ddfs:inst|freq_divider_DDFS:f_div_inst|count[19] ; 1.000        ; 0.003      ; 1.963      ;
; -0.927 ; ddfs:inst|cont[4] ; ddfs:inst|cont[10] ; ddfs:inst|freq_divider_DDFS:f_div_inst|count[19] ; ddfs:inst|freq_divider_DDFS:f_div_inst|count[19] ; 1.000        ; 0.002      ; 1.961      ;
; -0.923 ; ddfs:inst|cont[2] ; ddfs:inst|cont[10] ; ddfs:inst|freq_divider_DDFS:f_div_inst|count[19] ; ddfs:inst|freq_divider_DDFS:f_div_inst|count[19] ; 1.000        ; 0.003      ; 1.958      ;
; -0.923 ; ddfs:inst|cont[9] ; ddfs:inst|cont[11] ; ddfs:inst|freq_divider_DDFS:f_div_inst|count[19] ; ddfs:inst|freq_divider_DDFS:f_div_inst|count[19] ; 1.000        ; 0.002      ; 1.957      ;
; -0.918 ; ddfs:inst|cont[9] ; ddfs:inst|cont[10] ; ddfs:inst|freq_divider_DDFS:f_div_inst|count[19] ; ddfs:inst|freq_divider_DDFS:f_div_inst|count[19] ; 1.000        ; 0.002      ; 1.952      ;
; -0.909 ; ddfs:inst|cont[8] ; ddfs:inst|cont[5]  ; ddfs:inst|freq_divider_DDFS:f_div_inst|count[19] ; ddfs:inst|freq_divider_DDFS:f_div_inst|count[19] ; 1.000        ; 0.000      ; 1.941      ;
; -0.908 ; ddfs:inst|cont[5] ; ddfs:inst|cont[11] ; ddfs:inst|freq_divider_DDFS:f_div_inst|count[19] ; ddfs:inst|freq_divider_DDFS:f_div_inst|count[19] ; 1.000        ; 0.002      ; 1.942      ;
; -0.908 ; ddfs:inst|cont[8] ; ddfs:inst|cont[4]  ; ddfs:inst|freq_divider_DDFS:f_div_inst|count[19] ; ddfs:inst|freq_divider_DDFS:f_div_inst|count[19] ; 1.000        ; 0.000      ; 1.940      ;
; -0.906 ; ddfs:inst|cont[8] ; ddfs:inst|cont[1]  ; ddfs:inst|freq_divider_DDFS:f_div_inst|count[19] ; ddfs:inst|freq_divider_DDFS:f_div_inst|count[19] ; 1.000        ; 0.000      ; 1.938      ;
; -0.906 ; ddfs:inst|cont[8] ; ddfs:inst|cont[3]  ; ddfs:inst|freq_divider_DDFS:f_div_inst|count[19] ; ddfs:inst|freq_divider_DDFS:f_div_inst|count[19] ; 1.000        ; 0.000      ; 1.938      ;
; -0.905 ; ddfs:inst|cont[8] ; ddfs:inst|cont[0]  ; ddfs:inst|freq_divider_DDFS:f_div_inst|count[19] ; ddfs:inst|freq_divider_DDFS:f_div_inst|count[19] ; 1.000        ; 0.000      ; 1.937      ;
; -0.903 ; ddfs:inst|cont[5] ; ddfs:inst|cont[10] ; ddfs:inst|freq_divider_DDFS:f_div_inst|count[19] ; ddfs:inst|freq_divider_DDFS:f_div_inst|count[19] ; 1.000        ; 0.002      ; 1.937      ;
; -0.901 ; ddfs:inst|cont[7] ; ddfs:inst|cont[11] ; ddfs:inst|freq_divider_DDFS:f_div_inst|count[19] ; ddfs:inst|freq_divider_DDFS:f_div_inst|count[19] ; 1.000        ; 0.003      ; 1.936      ;
; -0.901 ; ddfs:inst|cont[8] ; ddfs:inst|cont[6]  ; ddfs:inst|freq_divider_DDFS:f_div_inst|count[19] ; ddfs:inst|freq_divider_DDFS:f_div_inst|count[19] ; 1.000        ; 0.000      ; 1.933      ;
; -0.900 ; ddfs:inst|cont[8] ; ddfs:inst|cont[2]  ; ddfs:inst|freq_divider_DDFS:f_div_inst|count[19] ; ddfs:inst|freq_divider_DDFS:f_div_inst|count[19] ; 1.000        ; -0.001     ; 1.931      ;
; -0.900 ; ddfs:inst|cont[8] ; ddfs:inst|cont[9]  ; ddfs:inst|freq_divider_DDFS:f_div_inst|count[19] ; ddfs:inst|freq_divider_DDFS:f_div_inst|count[19] ; 1.000        ; 0.000      ; 1.932      ;
; -0.900 ; ddfs:inst|cont[8] ; ddfs:inst|cont[8]  ; ddfs:inst|freq_divider_DDFS:f_div_inst|count[19] ; ddfs:inst|freq_divider_DDFS:f_div_inst|count[19] ; 1.000        ; 0.000      ; 1.932      ;
; -0.896 ; ddfs:inst|cont[7] ; ddfs:inst|cont[10] ; ddfs:inst|freq_divider_DDFS:f_div_inst|count[19] ; ddfs:inst|freq_divider_DDFS:f_div_inst|count[19] ; 1.000        ; 0.003      ; 1.931      ;
; -0.895 ; ddfs:inst|cont[8] ; ddfs:inst|cont[7]  ; ddfs:inst|freq_divider_DDFS:f_div_inst|count[19] ; ddfs:inst|freq_divider_DDFS:f_div_inst|count[19] ; 1.000        ; -0.001     ; 1.926      ;
; -0.891 ; ddfs:inst|cont[6] ; ddfs:inst|cont[11] ; ddfs:inst|freq_divider_DDFS:f_div_inst|count[19] ; ddfs:inst|freq_divider_DDFS:f_div_inst|count[19] ; 1.000        ; 0.002      ; 1.925      ;
; -0.889 ; ddfs:inst|cont[3] ; ddfs:inst|cont[5]  ; ddfs:inst|freq_divider_DDFS:f_div_inst|count[19] ; ddfs:inst|freq_divider_DDFS:f_div_inst|count[19] ; 1.000        ; 0.000      ; 1.921      ;
; -0.888 ; ddfs:inst|cont[3] ; ddfs:inst|cont[4]  ; ddfs:inst|freq_divider_DDFS:f_div_inst|count[19] ; ddfs:inst|freq_divider_DDFS:f_div_inst|count[19] ; 1.000        ; 0.000      ; 1.920      ;
; -0.886 ; ddfs:inst|cont[6] ; ddfs:inst|cont[10] ; ddfs:inst|freq_divider_DDFS:f_div_inst|count[19] ; ddfs:inst|freq_divider_DDFS:f_div_inst|count[19] ; 1.000        ; 0.002      ; 1.920      ;
; -0.886 ; ddfs:inst|cont[3] ; ddfs:inst|cont[1]  ; ddfs:inst|freq_divider_DDFS:f_div_inst|count[19] ; ddfs:inst|freq_divider_DDFS:f_div_inst|count[19] ; 1.000        ; 0.000      ; 1.918      ;
; -0.886 ; ddfs:inst|cont[3] ; ddfs:inst|cont[3]  ; ddfs:inst|freq_divider_DDFS:f_div_inst|count[19] ; ddfs:inst|freq_divider_DDFS:f_div_inst|count[19] ; 1.000        ; 0.000      ; 1.918      ;
; -0.885 ; ddfs:inst|cont[3] ; ddfs:inst|cont[0]  ; ddfs:inst|freq_divider_DDFS:f_div_inst|count[19] ; ddfs:inst|freq_divider_DDFS:f_div_inst|count[19] ; 1.000        ; 0.000      ; 1.917      ;
; -0.881 ; ddfs:inst|cont[3] ; ddfs:inst|cont[6]  ; ddfs:inst|freq_divider_DDFS:f_div_inst|count[19] ; ddfs:inst|freq_divider_DDFS:f_div_inst|count[19] ; 1.000        ; 0.000      ; 1.913      ;
; -0.880 ; ddfs:inst|cont[3] ; ddfs:inst|cont[2]  ; ddfs:inst|freq_divider_DDFS:f_div_inst|count[19] ; ddfs:inst|freq_divider_DDFS:f_div_inst|count[19] ; 1.000        ; -0.001     ; 1.911      ;
; -0.880 ; ddfs:inst|cont[3] ; ddfs:inst|cont[9]  ; ddfs:inst|freq_divider_DDFS:f_div_inst|count[19] ; ddfs:inst|freq_divider_DDFS:f_div_inst|count[19] ; 1.000        ; 0.000      ; 1.912      ;
; -0.880 ; ddfs:inst|cont[3] ; ddfs:inst|cont[8]  ; ddfs:inst|freq_divider_DDFS:f_div_inst|count[19] ; ddfs:inst|freq_divider_DDFS:f_div_inst|count[19] ; 1.000        ; 0.000      ; 1.912      ;
; -0.875 ; ddfs:inst|cont[3] ; ddfs:inst|cont[7]  ; ddfs:inst|freq_divider_DDFS:f_div_inst|count[19] ; ddfs:inst|freq_divider_DDFS:f_div_inst|count[19] ; 1.000        ; -0.001     ; 1.906      ;
; -0.843 ; ddfs:inst|cont[4] ; ddfs:inst|cont[5]  ; ddfs:inst|freq_divider_DDFS:f_div_inst|count[19] ; ddfs:inst|freq_divider_DDFS:f_div_inst|count[19] ; 1.000        ; 0.000      ; 1.875      ;
; -0.842 ; ddfs:inst|cont[4] ; ddfs:inst|cont[4]  ; ddfs:inst|freq_divider_DDFS:f_div_inst|count[19] ; ddfs:inst|freq_divider_DDFS:f_div_inst|count[19] ; 1.000        ; 0.000      ; 1.874      ;
; -0.840 ; ddfs:inst|cont[4] ; ddfs:inst|cont[1]  ; ddfs:inst|freq_divider_DDFS:f_div_inst|count[19] ; ddfs:inst|freq_divider_DDFS:f_div_inst|count[19] ; 1.000        ; 0.000      ; 1.872      ;
; -0.840 ; ddfs:inst|cont[4] ; ddfs:inst|cont[3]  ; ddfs:inst|freq_divider_DDFS:f_div_inst|count[19] ; ddfs:inst|freq_divider_DDFS:f_div_inst|count[19] ; 1.000        ; 0.000      ; 1.872      ;
; -0.839 ; ddfs:inst|cont[2] ; ddfs:inst|cont[5]  ; ddfs:inst|freq_divider_DDFS:f_div_inst|count[19] ; ddfs:inst|freq_divider_DDFS:f_div_inst|count[19] ; 1.000        ; 0.001      ; 1.872      ;
; -0.839 ; ddfs:inst|cont[4] ; ddfs:inst|cont[0]  ; ddfs:inst|freq_divider_DDFS:f_div_inst|count[19] ; ddfs:inst|freq_divider_DDFS:f_div_inst|count[19] ; 1.000        ; 0.000      ; 1.871      ;
; -0.838 ; ddfs:inst|cont[2] ; ddfs:inst|cont[4]  ; ddfs:inst|freq_divider_DDFS:f_div_inst|count[19] ; ddfs:inst|freq_divider_DDFS:f_div_inst|count[19] ; 1.000        ; 0.001      ; 1.871      ;
; -0.836 ; ddfs:inst|cont[2] ; ddfs:inst|cont[1]  ; ddfs:inst|freq_divider_DDFS:f_div_inst|count[19] ; ddfs:inst|freq_divider_DDFS:f_div_inst|count[19] ; 1.000        ; 0.001      ; 1.869      ;
; -0.836 ; ddfs:inst|cont[2] ; ddfs:inst|cont[3]  ; ddfs:inst|freq_divider_DDFS:f_div_inst|count[19] ; ddfs:inst|freq_divider_DDFS:f_div_inst|count[19] ; 1.000        ; 0.001      ; 1.869      ;
; -0.835 ; ddfs:inst|cont[2] ; ddfs:inst|cont[0]  ; ddfs:inst|freq_divider_DDFS:f_div_inst|count[19] ; ddfs:inst|freq_divider_DDFS:f_div_inst|count[19] ; 1.000        ; 0.001      ; 1.868      ;
; -0.835 ; ddfs:inst|cont[4] ; ddfs:inst|cont[6]  ; ddfs:inst|freq_divider_DDFS:f_div_inst|count[19] ; ddfs:inst|freq_divider_DDFS:f_div_inst|count[19] ; 1.000        ; 0.000      ; 1.867      ;
; -0.834 ; ddfs:inst|cont[4] ; ddfs:inst|cont[2]  ; ddfs:inst|freq_divider_DDFS:f_div_inst|count[19] ; ddfs:inst|freq_divider_DDFS:f_div_inst|count[19] ; 1.000        ; -0.001     ; 1.865      ;
; -0.834 ; ddfs:inst|cont[4] ; ddfs:inst|cont[9]  ; ddfs:inst|freq_divider_DDFS:f_div_inst|count[19] ; ddfs:inst|freq_divider_DDFS:f_div_inst|count[19] ; 1.000        ; 0.000      ; 1.866      ;
; -0.834 ; ddfs:inst|cont[4] ; ddfs:inst|cont[8]  ; ddfs:inst|freq_divider_DDFS:f_div_inst|count[19] ; ddfs:inst|freq_divider_DDFS:f_div_inst|count[19] ; 1.000        ; 0.000      ; 1.866      ;
; -0.831 ; ddfs:inst|cont[2] ; ddfs:inst|cont[6]  ; ddfs:inst|freq_divider_DDFS:f_div_inst|count[19] ; ddfs:inst|freq_divider_DDFS:f_div_inst|count[19] ; 1.000        ; 0.001      ; 1.864      ;
; -0.830 ; ddfs:inst|cont[2] ; ddfs:inst|cont[2]  ; ddfs:inst|freq_divider_DDFS:f_div_inst|count[19] ; ddfs:inst|freq_divider_DDFS:f_div_inst|count[19] ; 1.000        ; 0.000      ; 1.862      ;
; -0.830 ; ddfs:inst|cont[2] ; ddfs:inst|cont[9]  ; ddfs:inst|freq_divider_DDFS:f_div_inst|count[19] ; ddfs:inst|freq_divider_DDFS:f_div_inst|count[19] ; 1.000        ; 0.001      ; 1.863      ;
; -0.830 ; ddfs:inst|cont[2] ; ddfs:inst|cont[8]  ; ddfs:inst|freq_divider_DDFS:f_div_inst|count[19] ; ddfs:inst|freq_divider_DDFS:f_div_inst|count[19] ; 1.000        ; 0.001      ; 1.863      ;
; -0.829 ; ddfs:inst|cont[4] ; ddfs:inst|cont[7]  ; ddfs:inst|freq_divider_DDFS:f_div_inst|count[19] ; ddfs:inst|freq_divider_DDFS:f_div_inst|count[19] ; 1.000        ; -0.001     ; 1.860      ;
; -0.827 ; ddfs:inst|cont[9] ; ddfs:inst|cont[5]  ; ddfs:inst|freq_divider_DDFS:f_div_inst|count[19] ; ddfs:inst|freq_divider_DDFS:f_div_inst|count[19] ; 1.000        ; 0.000      ; 1.859      ;
; -0.826 ; ddfs:inst|cont[9] ; ddfs:inst|cont[4]  ; ddfs:inst|freq_divider_DDFS:f_div_inst|count[19] ; ddfs:inst|freq_divider_DDFS:f_div_inst|count[19] ; 1.000        ; 0.000      ; 1.858      ;
; -0.825 ; ddfs:inst|cont[2] ; ddfs:inst|cont[7]  ; ddfs:inst|freq_divider_DDFS:f_div_inst|count[19] ; ddfs:inst|freq_divider_DDFS:f_div_inst|count[19] ; 1.000        ; 0.000      ; 1.857      ;
; -0.824 ; ddfs:inst|cont[9] ; ddfs:inst|cont[1]  ; ddfs:inst|freq_divider_DDFS:f_div_inst|count[19] ; ddfs:inst|freq_divider_DDFS:f_div_inst|count[19] ; 1.000        ; 0.000      ; 1.856      ;
; -0.824 ; ddfs:inst|cont[9] ; ddfs:inst|cont[3]  ; ddfs:inst|freq_divider_DDFS:f_div_inst|count[19] ; ddfs:inst|freq_divider_DDFS:f_div_inst|count[19] ; 1.000        ; 0.000      ; 1.856      ;
; -0.823 ; ddfs:inst|cont[9] ; ddfs:inst|cont[0]  ; ddfs:inst|freq_divider_DDFS:f_div_inst|count[19] ; ddfs:inst|freq_divider_DDFS:f_div_inst|count[19] ; 1.000        ; 0.000      ; 1.855      ;
; -0.819 ; ddfs:inst|cont[5] ; ddfs:inst|cont[5]  ; ddfs:inst|freq_divider_DDFS:f_div_inst|count[19] ; ddfs:inst|freq_divider_DDFS:f_div_inst|count[19] ; 1.000        ; 0.000      ; 1.851      ;
; -0.819 ; ddfs:inst|cont[9] ; ddfs:inst|cont[6]  ; ddfs:inst|freq_divider_DDFS:f_div_inst|count[19] ; ddfs:inst|freq_divider_DDFS:f_div_inst|count[19] ; 1.000        ; 0.000      ; 1.851      ;
; -0.818 ; ddfs:inst|cont[5] ; ddfs:inst|cont[4]  ; ddfs:inst|freq_divider_DDFS:f_div_inst|count[19] ; ddfs:inst|freq_divider_DDFS:f_div_inst|count[19] ; 1.000        ; 0.000      ; 1.850      ;
; -0.818 ; ddfs:inst|cont[9] ; ddfs:inst|cont[2]  ; ddfs:inst|freq_divider_DDFS:f_div_inst|count[19] ; ddfs:inst|freq_divider_DDFS:f_div_inst|count[19] ; 1.000        ; -0.001     ; 1.849      ;
; -0.818 ; ddfs:inst|cont[9] ; ddfs:inst|cont[9]  ; ddfs:inst|freq_divider_DDFS:f_div_inst|count[19] ; ddfs:inst|freq_divider_DDFS:f_div_inst|count[19] ; 1.000        ; 0.000      ; 1.850      ;
; -0.818 ; ddfs:inst|cont[9] ; ddfs:inst|cont[8]  ; ddfs:inst|freq_divider_DDFS:f_div_inst|count[19] ; ddfs:inst|freq_divider_DDFS:f_div_inst|count[19] ; 1.000        ; 0.000      ; 1.850      ;
; -0.816 ; ddfs:inst|cont[5] ; ddfs:inst|cont[1]  ; ddfs:inst|freq_divider_DDFS:f_div_inst|count[19] ; ddfs:inst|freq_divider_DDFS:f_div_inst|count[19] ; 1.000        ; 0.000      ; 1.848      ;
; -0.816 ; ddfs:inst|cont[5] ; ddfs:inst|cont[3]  ; ddfs:inst|freq_divider_DDFS:f_div_inst|count[19] ; ddfs:inst|freq_divider_DDFS:f_div_inst|count[19] ; 1.000        ; 0.000      ; 1.848      ;
; -0.815 ; ddfs:inst|cont[5] ; ddfs:inst|cont[0]  ; ddfs:inst|freq_divider_DDFS:f_div_inst|count[19] ; ddfs:inst|freq_divider_DDFS:f_div_inst|count[19] ; 1.000        ; 0.000      ; 1.847      ;
; -0.813 ; ddfs:inst|cont[9] ; ddfs:inst|cont[7]  ; ddfs:inst|freq_divider_DDFS:f_div_inst|count[19] ; ddfs:inst|freq_divider_DDFS:f_div_inst|count[19] ; 1.000        ; -0.001     ; 1.844      ;
; -0.811 ; ddfs:inst|cont[5] ; ddfs:inst|cont[6]  ; ddfs:inst|freq_divider_DDFS:f_div_inst|count[19] ; ddfs:inst|freq_divider_DDFS:f_div_inst|count[19] ; 1.000        ; 0.000      ; 1.843      ;
; -0.810 ; ddfs:inst|cont[5] ; ddfs:inst|cont[2]  ; ddfs:inst|freq_divider_DDFS:f_div_inst|count[19] ; ddfs:inst|freq_divider_DDFS:f_div_inst|count[19] ; 1.000        ; -0.001     ; 1.841      ;
; -0.810 ; ddfs:inst|cont[5] ; ddfs:inst|cont[9]  ; ddfs:inst|freq_divider_DDFS:f_div_inst|count[19] ; ddfs:inst|freq_divider_DDFS:f_div_inst|count[19] ; 1.000        ; 0.000      ; 1.842      ;
; -0.810 ; ddfs:inst|cont[5] ; ddfs:inst|cont[8]  ; ddfs:inst|freq_divider_DDFS:f_div_inst|count[19] ; ddfs:inst|freq_divider_DDFS:f_div_inst|count[19] ; 1.000        ; 0.000      ; 1.842      ;
; -0.805 ; ddfs:inst|cont[5] ; ddfs:inst|cont[7]  ; ddfs:inst|freq_divider_DDFS:f_div_inst|count[19] ; ddfs:inst|freq_divider_DDFS:f_div_inst|count[19] ; 1.000        ; -0.001     ; 1.836      ;
+--------+-------------------+--------------------+--------------------------------------------------+--------------------------------------------------+--------------+------------+------------+


+----------------------------------------------------------------------------------------------------------------------------------------------------------------------------------------------------------------------------------------------+
; Fast Model Setup: 'inst1|altpll_component|pll|clk[0]'                                                                                                                                                                                        ;
+--------+--------------------------------------------------+--------------------------------------------------+--------------------------------------------------+-----------------------------------+--------------+------------+------------+
; Slack  ; From Node                                        ; To Node                                          ; Launch Clock                                     ; Latch Clock                       ; Relationship ; Clock Skew ; Data Delay ;
+--------+--------------------------------------------------+--------------------------------------------------+--------------------------------------------------+-----------------------------------+--------------+------------+------------+
; -0.253 ; ddfs:inst|freq_divider_DDFS:f_div_inst|count[19] ; ddfs:inst|freq_divider_DDFS:f_div_inst|count[0]  ; ddfs:inst|freq_divider_DDFS:f_div_inst|count[19] ; inst1|altpll_component|pll|clk[0] ; 0.500        ; 0.040      ; 0.966      ;
; -0.252 ; ddfs:inst|freq_divider_DDFS:f_div_inst|count[19] ; ddfs:inst|freq_divider_DDFS:f_div_inst|count[1]  ; ddfs:inst|freq_divider_DDFS:f_div_inst|count[19] ; inst1|altpll_component|pll|clk[0] ; 0.500        ; 0.040      ; 0.965      ;
; -0.252 ; ddfs:inst|freq_divider_DDFS:f_div_inst|count[19] ; ddfs:inst|freq_divider_DDFS:f_div_inst|count[2]  ; ddfs:inst|freq_divider_DDFS:f_div_inst|count[19] ; inst1|altpll_component|pll|clk[0] ; 0.500        ; 0.040      ; 0.965      ;
; -0.252 ; ddfs:inst|freq_divider_DDFS:f_div_inst|count[19] ; ddfs:inst|freq_divider_DDFS:f_div_inst|count[6]  ; ddfs:inst|freq_divider_DDFS:f_div_inst|count[19] ; inst1|altpll_component|pll|clk[0] ; 0.500        ; 0.040      ; 0.965      ;
; -0.231 ; ddfs:inst|freq_divider_DDFS:f_div_inst|count[19] ; ddfs:inst|freq_divider_DDFS:f_div_inst|count[9]  ; ddfs:inst|freq_divider_DDFS:f_div_inst|count[19] ; inst1|altpll_component|pll|clk[0] ; 0.500        ; 0.041      ; 0.945      ;
; -0.151 ; ddfs:inst|freq_divider_DDFS:f_div_inst|count[19] ; ddfs:inst|freq_divider_DDFS:f_div_inst|count[19] ; ddfs:inst|freq_divider_DDFS:f_div_inst|count[19] ; inst1|altpll_component|pll|clk[0] ; 0.500        ; 0.034      ; 0.858      ;
; -0.143 ; ddfs:inst|freq_divider_DDFS:f_div_inst|count[19] ; ddfs:inst|freq_divider_DDFS:f_div_inst|count[13] ; ddfs:inst|freq_divider_DDFS:f_div_inst|count[19] ; inst1|altpll_component|pll|clk[0] ; 0.500        ; 0.035      ; 0.851      ;
; -0.142 ; ddfs:inst|freq_divider_DDFS:f_div_inst|count[19] ; ddfs:inst|freq_divider_DDFS:f_div_inst|count[8]  ; ddfs:inst|freq_divider_DDFS:f_div_inst|count[19] ; inst1|altpll_component|pll|clk[0] ; 0.500        ; 0.035      ; 0.850      ;
; -0.142 ; ddfs:inst|freq_divider_DDFS:f_div_inst|count[19] ; ddfs:inst|freq_divider_DDFS:f_div_inst|count[16] ; ddfs:inst|freq_divider_DDFS:f_div_inst|count[19] ; inst1|altpll_component|pll|clk[0] ; 0.500        ; 0.035      ; 0.850      ;
; -0.142 ; ddfs:inst|freq_divider_DDFS:f_div_inst|count[19] ; ddfs:inst|freq_divider_DDFS:f_div_inst|count[17] ; ddfs:inst|freq_divider_DDFS:f_div_inst|count[19] ; inst1|altpll_component|pll|clk[0] ; 0.500        ; 0.035      ; 0.850      ;
; -0.142 ; ddfs:inst|freq_divider_DDFS:f_div_inst|count[19] ; ddfs:inst|freq_divider_DDFS:f_div_inst|count[18] ; ddfs:inst|freq_divider_DDFS:f_div_inst|count[19] ; inst1|altpll_component|pll|clk[0] ; 0.500        ; 0.035      ; 0.850      ;
; -0.141 ; ddfs:inst|freq_divider_DDFS:f_div_inst|count[19] ; ddfs:inst|freq_divider_DDFS:f_div_inst|count[5]  ; ddfs:inst|freq_divider_DDFS:f_div_inst|count[19] ; inst1|altpll_component|pll|clk[0] ; 0.500        ; 0.035      ; 0.849      ;
; -0.125 ; ddfs:inst|freq_divider_DDFS:f_div_inst|count[19] ; ddfs:inst|freq_divider_DDFS:f_div_inst|count[4]  ; ddfs:inst|freq_divider_DDFS:f_div_inst|count[19] ; inst1|altpll_component|pll|clk[0] ; 0.500        ; 0.040      ; 0.838      ;
; -0.124 ; ddfs:inst|freq_divider_DDFS:f_div_inst|count[19] ; ddfs:inst|freq_divider_DDFS:f_div_inst|count[7]  ; ddfs:inst|freq_divider_DDFS:f_div_inst|count[19] ; inst1|altpll_component|pll|clk[0] ; 0.500        ; 0.040      ; 0.837      ;
; -0.080 ; ddfs:inst|freq_divider_DDFS:f_div_inst|count[19] ; ddfs:inst|freq_divider_DDFS:f_div_inst|count[11] ; ddfs:inst|freq_divider_DDFS:f_div_inst|count[19] ; inst1|altpll_component|pll|clk[0] ; 0.500        ; 0.034      ; 0.787      ;
; -0.032 ; ddfs:inst|freq_divider_DDFS:f_div_inst|count[19] ; ddfs:inst|freq_divider_DDFS:f_div_inst|count[3]  ; ddfs:inst|freq_divider_DDFS:f_div_inst|count[19] ; inst1|altpll_component|pll|clk[0] ; 0.500        ; 0.034      ; 0.739      ;
; -0.032 ; ddfs:inst|freq_divider_DDFS:f_div_inst|count[19] ; ddfs:inst|freq_divider_DDFS:f_div_inst|count[15] ; ddfs:inst|freq_divider_DDFS:f_div_inst|count[19] ; inst1|altpll_component|pll|clk[0] ; 0.500        ; 0.034      ; 0.739      ;
; 0.029  ; ddfs:inst|freq_divider_DDFS:f_div_inst|count[19] ; ddfs:inst|freq_divider_DDFS:f_div_inst|count[10] ; ddfs:inst|freq_divider_DDFS:f_div_inst|count[19] ; inst1|altpll_component|pll|clk[0] ; 0.500        ; 0.033      ; 0.677      ;
; 0.035  ; ddfs:inst|freq_divider_DDFS:f_div_inst|count[19] ; ddfs:inst|freq_divider_DDFS:f_div_inst|count[14] ; ddfs:inst|freq_divider_DDFS:f_div_inst|count[19] ; inst1|altpll_component|pll|clk[0] ; 0.500        ; 0.034      ; 0.672      ;
; 0.049  ; ddfs:inst|freq_divider_DDFS:f_div_inst|count[19] ; ddfs:inst|freq_divider_DDFS:f_div_inst|count[12] ; ddfs:inst|freq_divider_DDFS:f_div_inst|count[19] ; inst1|altpll_component|pll|clk[0] ; 0.500        ; 0.033      ; 0.657      ;
; 0.247  ; ddfs:inst|freq_divider_DDFS:f_div_inst|count[19] ; ddfs:inst|freq_divider_DDFS:f_div_inst|count[0]  ; ddfs:inst|freq_divider_DDFS:f_div_inst|count[19] ; inst1|altpll_component|pll|clk[0] ; 1.000        ; 0.040      ; 0.966      ;
; 0.248  ; ddfs:inst|freq_divider_DDFS:f_div_inst|count[19] ; ddfs:inst|freq_divider_DDFS:f_div_inst|count[1]  ; ddfs:inst|freq_divider_DDFS:f_div_inst|count[19] ; inst1|altpll_component|pll|clk[0] ; 1.000        ; 0.040      ; 0.965      ;
; 0.248  ; ddfs:inst|freq_divider_DDFS:f_div_inst|count[19] ; ddfs:inst|freq_divider_DDFS:f_div_inst|count[2]  ; ddfs:inst|freq_divider_DDFS:f_div_inst|count[19] ; inst1|altpll_component|pll|clk[0] ; 1.000        ; 0.040      ; 0.965      ;
; 0.248  ; ddfs:inst|freq_divider_DDFS:f_div_inst|count[19] ; ddfs:inst|freq_divider_DDFS:f_div_inst|count[6]  ; ddfs:inst|freq_divider_DDFS:f_div_inst|count[19] ; inst1|altpll_component|pll|clk[0] ; 1.000        ; 0.040      ; 0.965      ;
; 0.269  ; ddfs:inst|freq_divider_DDFS:f_div_inst|count[19] ; ddfs:inst|freq_divider_DDFS:f_div_inst|count[9]  ; ddfs:inst|freq_divider_DDFS:f_div_inst|count[19] ; inst1|altpll_component|pll|clk[0] ; 1.000        ; 0.041      ; 0.945      ;
; 0.349  ; ddfs:inst|freq_divider_DDFS:f_div_inst|count[19] ; ddfs:inst|freq_divider_DDFS:f_div_inst|count[19] ; ddfs:inst|freq_divider_DDFS:f_div_inst|count[19] ; inst1|altpll_component|pll|clk[0] ; 1.000        ; 0.034      ; 0.858      ;
; 0.357  ; ddfs:inst|freq_divider_DDFS:f_div_inst|count[19] ; ddfs:inst|freq_divider_DDFS:f_div_inst|count[13] ; ddfs:inst|freq_divider_DDFS:f_div_inst|count[19] ; inst1|altpll_component|pll|clk[0] ; 1.000        ; 0.035      ; 0.851      ;
; 0.358  ; ddfs:inst|freq_divider_DDFS:f_div_inst|count[19] ; ddfs:inst|freq_divider_DDFS:f_div_inst|count[8]  ; ddfs:inst|freq_divider_DDFS:f_div_inst|count[19] ; inst1|altpll_component|pll|clk[0] ; 1.000        ; 0.035      ; 0.850      ;
; 0.358  ; ddfs:inst|freq_divider_DDFS:f_div_inst|count[19] ; ddfs:inst|freq_divider_DDFS:f_div_inst|count[16] ; ddfs:inst|freq_divider_DDFS:f_div_inst|count[19] ; inst1|altpll_component|pll|clk[0] ; 1.000        ; 0.035      ; 0.850      ;
; 0.358  ; ddfs:inst|freq_divider_DDFS:f_div_inst|count[19] ; ddfs:inst|freq_divider_DDFS:f_div_inst|count[17] ; ddfs:inst|freq_divider_DDFS:f_div_inst|count[19] ; inst1|altpll_component|pll|clk[0] ; 1.000        ; 0.035      ; 0.850      ;
; 0.358  ; ddfs:inst|freq_divider_DDFS:f_div_inst|count[19] ; ddfs:inst|freq_divider_DDFS:f_div_inst|count[18] ; ddfs:inst|freq_divider_DDFS:f_div_inst|count[19] ; inst1|altpll_component|pll|clk[0] ; 1.000        ; 0.035      ; 0.850      ;
; 0.359  ; ddfs:inst|freq_divider_DDFS:f_div_inst|count[19] ; ddfs:inst|freq_divider_DDFS:f_div_inst|count[5]  ; ddfs:inst|freq_divider_DDFS:f_div_inst|count[19] ; inst1|altpll_component|pll|clk[0] ; 1.000        ; 0.035      ; 0.849      ;
; 0.375  ; ddfs:inst|freq_divider_DDFS:f_div_inst|count[19] ; ddfs:inst|freq_divider_DDFS:f_div_inst|count[4]  ; ddfs:inst|freq_divider_DDFS:f_div_inst|count[19] ; inst1|altpll_component|pll|clk[0] ; 1.000        ; 0.040      ; 0.838      ;
; 0.376  ; ddfs:inst|freq_divider_DDFS:f_div_inst|count[19] ; ddfs:inst|freq_divider_DDFS:f_div_inst|count[7]  ; ddfs:inst|freq_divider_DDFS:f_div_inst|count[19] ; inst1|altpll_component|pll|clk[0] ; 1.000        ; 0.040      ; 0.837      ;
; 0.420  ; ddfs:inst|freq_divider_DDFS:f_div_inst|count[19] ; ddfs:inst|freq_divider_DDFS:f_div_inst|count[11] ; ddfs:inst|freq_divider_DDFS:f_div_inst|count[19] ; inst1|altpll_component|pll|clk[0] ; 1.000        ; 0.034      ; 0.787      ;
; 0.468  ; ddfs:inst|freq_divider_DDFS:f_div_inst|count[19] ; ddfs:inst|freq_divider_DDFS:f_div_inst|count[3]  ; ddfs:inst|freq_divider_DDFS:f_div_inst|count[19] ; inst1|altpll_component|pll|clk[0] ; 1.000        ; 0.034      ; 0.739      ;
; 0.468  ; ddfs:inst|freq_divider_DDFS:f_div_inst|count[19] ; ddfs:inst|freq_divider_DDFS:f_div_inst|count[15] ; ddfs:inst|freq_divider_DDFS:f_div_inst|count[19] ; inst1|altpll_component|pll|clk[0] ; 1.000        ; 0.034      ; 0.739      ;
; 0.529  ; ddfs:inst|freq_divider_DDFS:f_div_inst|count[19] ; ddfs:inst|freq_divider_DDFS:f_div_inst|count[10] ; ddfs:inst|freq_divider_DDFS:f_div_inst|count[19] ; inst1|altpll_component|pll|clk[0] ; 1.000        ; 0.033      ; 0.677      ;
; 0.535  ; ddfs:inst|freq_divider_DDFS:f_div_inst|count[19] ; ddfs:inst|freq_divider_DDFS:f_div_inst|count[14] ; ddfs:inst|freq_divider_DDFS:f_div_inst|count[19] ; inst1|altpll_component|pll|clk[0] ; 1.000        ; 0.034      ; 0.672      ;
; 0.549  ; ddfs:inst|freq_divider_DDFS:f_div_inst|count[19] ; ddfs:inst|freq_divider_DDFS:f_div_inst|count[12] ; ddfs:inst|freq_divider_DDFS:f_div_inst|count[19] ; inst1|altpll_component|pll|clk[0] ; 1.000        ; 0.033      ; 0.657      ;
; 2.972  ; ddfs:inst|freq_divider_DDFS:f_div_inst|count[3]  ; ddfs:inst|freq_divider_DDFS:f_div_inst|count[0]  ; inst1|altpll_component|pll|clk[0]                ; inst1|altpll_component|pll|clk[0] ; 5.000        ; 0.006      ; 2.066      ;
; 2.973  ; ddfs:inst|freq_divider_DDFS:f_div_inst|count[3]  ; ddfs:inst|freq_divider_DDFS:f_div_inst|count[1]  ; inst1|altpll_component|pll|clk[0]                ; inst1|altpll_component|pll|clk[0] ; 5.000        ; 0.006      ; 2.065      ;
; 2.973  ; ddfs:inst|freq_divider_DDFS:f_div_inst|count[3]  ; ddfs:inst|freq_divider_DDFS:f_div_inst|count[2]  ; inst1|altpll_component|pll|clk[0]                ; inst1|altpll_component|pll|clk[0] ; 5.000        ; 0.006      ; 2.065      ;
; 2.973  ; ddfs:inst|freq_divider_DDFS:f_div_inst|count[3]  ; ddfs:inst|freq_divider_DDFS:f_div_inst|count[6]  ; inst1|altpll_component|pll|clk[0]                ; inst1|altpll_component|pll|clk[0] ; 5.000        ; 0.006      ; 2.065      ;
; 2.994  ; ddfs:inst|freq_divider_DDFS:f_div_inst|count[3]  ; ddfs:inst|freq_divider_DDFS:f_div_inst|count[9]  ; inst1|altpll_component|pll|clk[0]                ; inst1|altpll_component|pll|clk[0] ; 5.000        ; 0.007      ; 2.045      ;
; 3.018  ; ddfs:inst|freq_divider_DDFS:f_div_inst|count[0]  ; ddfs:inst|freq_divider_DDFS:f_div_inst|count[0]  ; inst1|altpll_component|pll|clk[0]                ; inst1|altpll_component|pll|clk[0] ; 5.000        ; 0.000      ; 2.014      ;
; 3.019  ; ddfs:inst|freq_divider_DDFS:f_div_inst|count[0]  ; ddfs:inst|freq_divider_DDFS:f_div_inst|count[1]  ; inst1|altpll_component|pll|clk[0]                ; inst1|altpll_component|pll|clk[0] ; 5.000        ; 0.000      ; 2.013      ;
; 3.019  ; ddfs:inst|freq_divider_DDFS:f_div_inst|count[0]  ; ddfs:inst|freq_divider_DDFS:f_div_inst|count[2]  ; inst1|altpll_component|pll|clk[0]                ; inst1|altpll_component|pll|clk[0] ; 5.000        ; 0.000      ; 2.013      ;
; 3.019  ; ddfs:inst|freq_divider_DDFS:f_div_inst|count[0]  ; ddfs:inst|freq_divider_DDFS:f_div_inst|count[6]  ; inst1|altpll_component|pll|clk[0]                ; inst1|altpll_component|pll|clk[0] ; 5.000        ; 0.000      ; 2.013      ;
; 3.029  ; ddfs:inst|freq_divider_DDFS:f_div_inst|count[5]  ; ddfs:inst|freq_divider_DDFS:f_div_inst|count[0]  ; inst1|altpll_component|pll|clk[0]                ; inst1|altpll_component|pll|clk[0] ; 5.000        ; 0.005      ; 2.008      ;
; 3.030  ; ddfs:inst|freq_divider_DDFS:f_div_inst|count[5]  ; ddfs:inst|freq_divider_DDFS:f_div_inst|count[1]  ; inst1|altpll_component|pll|clk[0]                ; inst1|altpll_component|pll|clk[0] ; 5.000        ; 0.005      ; 2.007      ;
; 3.030  ; ddfs:inst|freq_divider_DDFS:f_div_inst|count[5]  ; ddfs:inst|freq_divider_DDFS:f_div_inst|count[2]  ; inst1|altpll_component|pll|clk[0]                ; inst1|altpll_component|pll|clk[0] ; 5.000        ; 0.005      ; 2.007      ;
; 3.030  ; ddfs:inst|freq_divider_DDFS:f_div_inst|count[5]  ; ddfs:inst|freq_divider_DDFS:f_div_inst|count[6]  ; inst1|altpll_component|pll|clk[0]                ; inst1|altpll_component|pll|clk[0] ; 5.000        ; 0.005      ; 2.007      ;
; 3.040  ; ddfs:inst|freq_divider_DDFS:f_div_inst|count[0]  ; ddfs:inst|freq_divider_DDFS:f_div_inst|count[9]  ; inst1|altpll_component|pll|clk[0]                ; inst1|altpll_component|pll|clk[0] ; 5.000        ; 0.001      ; 1.993      ;
; 3.048  ; ddfs:inst|freq_divider_DDFS:f_div_inst|count[8]  ; ddfs:inst|freq_divider_DDFS:f_div_inst|count[0]  ; inst1|altpll_component|pll|clk[0]                ; inst1|altpll_component|pll|clk[0] ; 5.000        ; 0.005      ; 1.989      ;
; 3.049  ; ddfs:inst|freq_divider_DDFS:f_div_inst|count[8]  ; ddfs:inst|freq_divider_DDFS:f_div_inst|count[1]  ; inst1|altpll_component|pll|clk[0]                ; inst1|altpll_component|pll|clk[0] ; 5.000        ; 0.005      ; 1.988      ;
; 3.049  ; ddfs:inst|freq_divider_DDFS:f_div_inst|count[8]  ; ddfs:inst|freq_divider_DDFS:f_div_inst|count[2]  ; inst1|altpll_component|pll|clk[0]                ; inst1|altpll_component|pll|clk[0] ; 5.000        ; 0.005      ; 1.988      ;
; 3.049  ; ddfs:inst|freq_divider_DDFS:f_div_inst|count[8]  ; ddfs:inst|freq_divider_DDFS:f_div_inst|count[6]  ; inst1|altpll_component|pll|clk[0]                ; inst1|altpll_component|pll|clk[0] ; 5.000        ; 0.005      ; 1.988      ;
; 3.051  ; ddfs:inst|freq_divider_DDFS:f_div_inst|count[5]  ; ddfs:inst|freq_divider_DDFS:f_div_inst|count[9]  ; inst1|altpll_component|pll|clk[0]                ; inst1|altpll_component|pll|clk[0] ; 5.000        ; 0.006      ; 1.987      ;
; 3.055  ; ddfs:inst|freq_divider_DDFS:f_div_inst|count[1]  ; ddfs:inst|freq_divider_DDFS:f_div_inst|count[0]  ; inst1|altpll_component|pll|clk[0]                ; inst1|altpll_component|pll|clk[0] ; 5.000        ; 0.000      ; 1.977      ;
; 3.056  ; ddfs:inst|freq_divider_DDFS:f_div_inst|count[1]  ; ddfs:inst|freq_divider_DDFS:f_div_inst|count[1]  ; inst1|altpll_component|pll|clk[0]                ; inst1|altpll_component|pll|clk[0] ; 5.000        ; 0.000      ; 1.976      ;
; 3.056  ; ddfs:inst|freq_divider_DDFS:f_div_inst|count[1]  ; ddfs:inst|freq_divider_DDFS:f_div_inst|count[2]  ; inst1|altpll_component|pll|clk[0]                ; inst1|altpll_component|pll|clk[0] ; 5.000        ; 0.000      ; 1.976      ;
; 3.056  ; ddfs:inst|freq_divider_DDFS:f_div_inst|count[1]  ; ddfs:inst|freq_divider_DDFS:f_div_inst|count[6]  ; inst1|altpll_component|pll|clk[0]                ; inst1|altpll_component|pll|clk[0] ; 5.000        ; 0.000      ; 1.976      ;
; 3.070  ; ddfs:inst|freq_divider_DDFS:f_div_inst|count[8]  ; ddfs:inst|freq_divider_DDFS:f_div_inst|count[9]  ; inst1|altpll_component|pll|clk[0]                ; inst1|altpll_component|pll|clk[0] ; 5.000        ; 0.006      ; 1.968      ;
; 3.077  ; ddfs:inst|freq_divider_DDFS:f_div_inst|count[1]  ; ddfs:inst|freq_divider_DDFS:f_div_inst|count[9]  ; inst1|altpll_component|pll|clk[0]                ; inst1|altpll_component|pll|clk[0] ; 5.000        ; 0.001      ; 1.956      ;
; 3.082  ; ddfs:inst|freq_divider_DDFS:f_div_inst|count[3]  ; ddfs:inst|freq_divider_DDFS:f_div_inst|count[13] ; inst1|altpll_component|pll|clk[0]                ; inst1|altpll_component|pll|clk[0] ; 5.000        ; 0.001      ; 1.951      ;
; 3.083  ; ddfs:inst|freq_divider_DDFS:f_div_inst|count[3]  ; ddfs:inst|freq_divider_DDFS:f_div_inst|count[8]  ; inst1|altpll_component|pll|clk[0]                ; inst1|altpll_component|pll|clk[0] ; 5.000        ; 0.001      ; 1.950      ;
; 3.083  ; ddfs:inst|freq_divider_DDFS:f_div_inst|count[3]  ; ddfs:inst|freq_divider_DDFS:f_div_inst|count[16] ; inst1|altpll_component|pll|clk[0]                ; inst1|altpll_component|pll|clk[0] ; 5.000        ; 0.001      ; 1.950      ;
; 3.083  ; ddfs:inst|freq_divider_DDFS:f_div_inst|count[3]  ; ddfs:inst|freq_divider_DDFS:f_div_inst|count[17] ; inst1|altpll_component|pll|clk[0]                ; inst1|altpll_component|pll|clk[0] ; 5.000        ; 0.001      ; 1.950      ;
; 3.083  ; ddfs:inst|freq_divider_DDFS:f_div_inst|count[3]  ; ddfs:inst|freq_divider_DDFS:f_div_inst|count[18] ; inst1|altpll_component|pll|clk[0]                ; inst1|altpll_component|pll|clk[0] ; 5.000        ; 0.001      ; 1.950      ;
; 3.084  ; ddfs:inst|freq_divider_DDFS:f_div_inst|count[3]  ; ddfs:inst|freq_divider_DDFS:f_div_inst|count[5]  ; inst1|altpll_component|pll|clk[0]                ; inst1|altpll_component|pll|clk[0] ; 5.000        ; 0.001      ; 1.949      ;
; 3.100  ; ddfs:inst|freq_divider_DDFS:f_div_inst|count[3]  ; ddfs:inst|freq_divider_DDFS:f_div_inst|count[4]  ; inst1|altpll_component|pll|clk[0]                ; inst1|altpll_component|pll|clk[0] ; 5.000        ; 0.006      ; 1.938      ;
; 3.101  ; ddfs:inst|freq_divider_DDFS:f_div_inst|count[3]  ; ddfs:inst|freq_divider_DDFS:f_div_inst|count[7]  ; inst1|altpll_component|pll|clk[0]                ; inst1|altpll_component|pll|clk[0] ; 5.000        ; 0.006      ; 1.937      ;
; 3.128  ; ddfs:inst|freq_divider_DDFS:f_div_inst|count[0]  ; ddfs:inst|freq_divider_DDFS:f_div_inst|count[13] ; inst1|altpll_component|pll|clk[0]                ; inst1|altpll_component|pll|clk[0] ; 5.000        ; -0.005     ; 1.899      ;
; 3.129  ; ddfs:inst|freq_divider_DDFS:f_div_inst|count[2]  ; ddfs:inst|freq_divider_DDFS:f_div_inst|count[0]  ; inst1|altpll_component|pll|clk[0]                ; inst1|altpll_component|pll|clk[0] ; 5.000        ; 0.000      ; 1.903      ;
; 3.129  ; ddfs:inst|freq_divider_DDFS:f_div_inst|count[0]  ; ddfs:inst|freq_divider_DDFS:f_div_inst|count[8]  ; inst1|altpll_component|pll|clk[0]                ; inst1|altpll_component|pll|clk[0] ; 5.000        ; -0.005     ; 1.898      ;
; 3.129  ; ddfs:inst|freq_divider_DDFS:f_div_inst|count[0]  ; ddfs:inst|freq_divider_DDFS:f_div_inst|count[16] ; inst1|altpll_component|pll|clk[0]                ; inst1|altpll_component|pll|clk[0] ; 5.000        ; -0.005     ; 1.898      ;
; 3.129  ; ddfs:inst|freq_divider_DDFS:f_div_inst|count[0]  ; ddfs:inst|freq_divider_DDFS:f_div_inst|count[17] ; inst1|altpll_component|pll|clk[0]                ; inst1|altpll_component|pll|clk[0] ; 5.000        ; -0.005     ; 1.898      ;
; 3.129  ; ddfs:inst|freq_divider_DDFS:f_div_inst|count[0]  ; ddfs:inst|freq_divider_DDFS:f_div_inst|count[18] ; inst1|altpll_component|pll|clk[0]                ; inst1|altpll_component|pll|clk[0] ; 5.000        ; -0.005     ; 1.898      ;
; 3.130  ; ddfs:inst|freq_divider_DDFS:f_div_inst|count[2]  ; ddfs:inst|freq_divider_DDFS:f_div_inst|count[1]  ; inst1|altpll_component|pll|clk[0]                ; inst1|altpll_component|pll|clk[0] ; 5.000        ; 0.000      ; 1.902      ;
; 3.130  ; ddfs:inst|freq_divider_DDFS:f_div_inst|count[2]  ; ddfs:inst|freq_divider_DDFS:f_div_inst|count[2]  ; inst1|altpll_component|pll|clk[0]                ; inst1|altpll_component|pll|clk[0] ; 5.000        ; 0.000      ; 1.902      ;
; 3.130  ; ddfs:inst|freq_divider_DDFS:f_div_inst|count[2]  ; ddfs:inst|freq_divider_DDFS:f_div_inst|count[6]  ; inst1|altpll_component|pll|clk[0]                ; inst1|altpll_component|pll|clk[0] ; 5.000        ; 0.000      ; 1.902      ;
; 3.130  ; ddfs:inst|freq_divider_DDFS:f_div_inst|count[0]  ; ddfs:inst|freq_divider_DDFS:f_div_inst|count[5]  ; inst1|altpll_component|pll|clk[0]                ; inst1|altpll_component|pll|clk[0] ; 5.000        ; -0.005     ; 1.897      ;
; 3.137  ; ddfs:inst|freq_divider_DDFS:f_div_inst|count[3]  ; ddfs:inst|freq_divider_DDFS:f_div_inst|count[19] ; inst1|altpll_component|pll|clk[0]                ; inst1|altpll_component|pll|clk[0] ; 5.000        ; 0.000      ; 1.895      ;
; 3.139  ; ddfs:inst|freq_divider_DDFS:f_div_inst|count[5]  ; ddfs:inst|freq_divider_DDFS:f_div_inst|count[13] ; inst1|altpll_component|pll|clk[0]                ; inst1|altpll_component|pll|clk[0] ; 5.000        ; 0.000      ; 1.893      ;
; 3.140  ; ddfs:inst|freq_divider_DDFS:f_div_inst|count[5]  ; ddfs:inst|freq_divider_DDFS:f_div_inst|count[8]  ; inst1|altpll_component|pll|clk[0]                ; inst1|altpll_component|pll|clk[0] ; 5.000        ; 0.000      ; 1.892      ;
; 3.140  ; ddfs:inst|freq_divider_DDFS:f_div_inst|count[5]  ; ddfs:inst|freq_divider_DDFS:f_div_inst|count[16] ; inst1|altpll_component|pll|clk[0]                ; inst1|altpll_component|pll|clk[0] ; 5.000        ; 0.000      ; 1.892      ;
; 3.140  ; ddfs:inst|freq_divider_DDFS:f_div_inst|count[5]  ; ddfs:inst|freq_divider_DDFS:f_div_inst|count[17] ; inst1|altpll_component|pll|clk[0]                ; inst1|altpll_component|pll|clk[0] ; 5.000        ; 0.000      ; 1.892      ;
; 3.140  ; ddfs:inst|freq_divider_DDFS:f_div_inst|count[5]  ; ddfs:inst|freq_divider_DDFS:f_div_inst|count[18] ; inst1|altpll_component|pll|clk[0]                ; inst1|altpll_component|pll|clk[0] ; 5.000        ; 0.000      ; 1.892      ;
; 3.141  ; ddfs:inst|freq_divider_DDFS:f_div_inst|count[5]  ; ddfs:inst|freq_divider_DDFS:f_div_inst|count[5]  ; inst1|altpll_component|pll|clk[0]                ; inst1|altpll_component|pll|clk[0] ; 5.000        ; 0.000      ; 1.891      ;
; 3.145  ; ddfs:inst|freq_divider_DDFS:f_div_inst|count[3]  ; ddfs:inst|freq_divider_DDFS:f_div_inst|count[11] ; inst1|altpll_component|pll|clk[0]                ; inst1|altpll_component|pll|clk[0] ; 5.000        ; 0.000      ; 1.887      ;
; 3.146  ; ddfs:inst|freq_divider_DDFS:f_div_inst|count[0]  ; ddfs:inst|freq_divider_DDFS:f_div_inst|count[4]  ; inst1|altpll_component|pll|clk[0]                ; inst1|altpll_component|pll|clk[0] ; 5.000        ; 0.000      ; 1.886      ;
; 3.147  ; ddfs:inst|freq_divider_DDFS:f_div_inst|count[0]  ; ddfs:inst|freq_divider_DDFS:f_div_inst|count[7]  ; inst1|altpll_component|pll|clk[0]                ; inst1|altpll_component|pll|clk[0] ; 5.000        ; 0.000      ; 1.885      ;
; 3.151  ; ddfs:inst|freq_divider_DDFS:f_div_inst|count[2]  ; ddfs:inst|freq_divider_DDFS:f_div_inst|count[9]  ; inst1|altpll_component|pll|clk[0]                ; inst1|altpll_component|pll|clk[0] ; 5.000        ; 0.001      ; 1.882      ;
; 3.157  ; ddfs:inst|freq_divider_DDFS:f_div_inst|count[5]  ; ddfs:inst|freq_divider_DDFS:f_div_inst|count[4]  ; inst1|altpll_component|pll|clk[0]                ; inst1|altpll_component|pll|clk[0] ; 5.000        ; 0.005      ; 1.880      ;
; 3.158  ; ddfs:inst|freq_divider_DDFS:f_div_inst|count[8]  ; ddfs:inst|freq_divider_DDFS:f_div_inst|count[13] ; inst1|altpll_component|pll|clk[0]                ; inst1|altpll_component|pll|clk[0] ; 5.000        ; 0.000      ; 1.874      ;
; 3.158  ; ddfs:inst|freq_divider_DDFS:f_div_inst|count[5]  ; ddfs:inst|freq_divider_DDFS:f_div_inst|count[7]  ; inst1|altpll_component|pll|clk[0]                ; inst1|altpll_component|pll|clk[0] ; 5.000        ; 0.005      ; 1.879      ;
; 3.159  ; ddfs:inst|freq_divider_DDFS:f_div_inst|count[8]  ; ddfs:inst|freq_divider_DDFS:f_div_inst|count[8]  ; inst1|altpll_component|pll|clk[0]                ; inst1|altpll_component|pll|clk[0] ; 5.000        ; 0.000      ; 1.873      ;
; 3.159  ; ddfs:inst|freq_divider_DDFS:f_div_inst|count[8]  ; ddfs:inst|freq_divider_DDFS:f_div_inst|count[16] ; inst1|altpll_component|pll|clk[0]                ; inst1|altpll_component|pll|clk[0] ; 5.000        ; 0.000      ; 1.873      ;
; 3.159  ; ddfs:inst|freq_divider_DDFS:f_div_inst|count[8]  ; ddfs:inst|freq_divider_DDFS:f_div_inst|count[17] ; inst1|altpll_component|pll|clk[0]                ; inst1|altpll_component|pll|clk[0] ; 5.000        ; 0.000      ; 1.873      ;
+--------+--------------------------------------------------+--------------------------------------------------+--------------------------------------------------+-----------------------------------+--------------+------------+------------+


+---------------------------------------------------------------------------------------------------------------------------------------------------------------------------------------------------------------------------------------------+
; Fast Model Hold: 'inst1|altpll_component|pll|clk[0]'                                                                                                                                                                                        ;
+-------+--------------------------------------------------+--------------------------------------------------+--------------------------------------------------+-----------------------------------+--------------+------------+------------+
; Slack ; From Node                                        ; To Node                                          ; Launch Clock                                     ; Latch Clock                       ; Relationship ; Clock Skew ; Data Delay ;
+-------+--------------------------------------------------+--------------------------------------------------+--------------------------------------------------+-----------------------------------+--------------+------------+------------+
; 0.331 ; ddfs:inst|freq_divider_DDFS:f_div_inst|count[19] ; ddfs:inst|freq_divider_DDFS:f_div_inst|count[12] ; ddfs:inst|freq_divider_DDFS:f_div_inst|count[19] ; inst1|altpll_component|pll|clk[0] ; 0.000        ; 0.033      ; 0.657      ;
; 0.345 ; ddfs:inst|freq_divider_DDFS:f_div_inst|count[19] ; ddfs:inst|freq_divider_DDFS:f_div_inst|count[14] ; ddfs:inst|freq_divider_DDFS:f_div_inst|count[19] ; inst1|altpll_component|pll|clk[0] ; 0.000        ; 0.034      ; 0.672      ;
; 0.351 ; ddfs:inst|freq_divider_DDFS:f_div_inst|count[19] ; ddfs:inst|freq_divider_DDFS:f_div_inst|count[10] ; ddfs:inst|freq_divider_DDFS:f_div_inst|count[19] ; inst1|altpll_component|pll|clk[0] ; 0.000        ; 0.033      ; 0.677      ;
; 0.412 ; ddfs:inst|freq_divider_DDFS:f_div_inst|count[19] ; ddfs:inst|freq_divider_DDFS:f_div_inst|count[3]  ; ddfs:inst|freq_divider_DDFS:f_div_inst|count[19] ; inst1|altpll_component|pll|clk[0] ; 0.000        ; 0.034      ; 0.739      ;
; 0.412 ; ddfs:inst|freq_divider_DDFS:f_div_inst|count[19] ; ddfs:inst|freq_divider_DDFS:f_div_inst|count[15] ; ddfs:inst|freq_divider_DDFS:f_div_inst|count[19] ; inst1|altpll_component|pll|clk[0] ; 0.000        ; 0.034      ; 0.739      ;
; 0.460 ; ddfs:inst|freq_divider_DDFS:f_div_inst|count[19] ; ddfs:inst|freq_divider_DDFS:f_div_inst|count[11] ; ddfs:inst|freq_divider_DDFS:f_div_inst|count[19] ; inst1|altpll_component|pll|clk[0] ; 0.000        ; 0.034      ; 0.787      ;
; 0.468 ; ddfs:inst|freq_divider_DDFS:f_div_inst|count[19] ; ddfs:inst|freq_divider_DDFS:f_div_inst|count[19] ; ddfs:inst|freq_divider_DDFS:f_div_inst|count[19] ; inst1|altpll_component|pll|clk[0] ; 0.000        ; 0.034      ; 0.795      ;
; 0.504 ; ddfs:inst|freq_divider_DDFS:f_div_inst|count[19] ; ddfs:inst|freq_divider_DDFS:f_div_inst|count[7]  ; ddfs:inst|freq_divider_DDFS:f_div_inst|count[19] ; inst1|altpll_component|pll|clk[0] ; 0.000        ; 0.040      ; 0.837      ;
; 0.505 ; ddfs:inst|freq_divider_DDFS:f_div_inst|count[19] ; ddfs:inst|freq_divider_DDFS:f_div_inst|count[4]  ; ddfs:inst|freq_divider_DDFS:f_div_inst|count[19] ; inst1|altpll_component|pll|clk[0] ; 0.000        ; 0.040      ; 0.838      ;
; 0.521 ; ddfs:inst|freq_divider_DDFS:f_div_inst|count[19] ; ddfs:inst|freq_divider_DDFS:f_div_inst|count[5]  ; ddfs:inst|freq_divider_DDFS:f_div_inst|count[19] ; inst1|altpll_component|pll|clk[0] ; 0.000        ; 0.035      ; 0.849      ;
; 0.522 ; ddfs:inst|freq_divider_DDFS:f_div_inst|count[19] ; ddfs:inst|freq_divider_DDFS:f_div_inst|count[8]  ; ddfs:inst|freq_divider_DDFS:f_div_inst|count[19] ; inst1|altpll_component|pll|clk[0] ; 0.000        ; 0.035      ; 0.850      ;
; 0.522 ; ddfs:inst|freq_divider_DDFS:f_div_inst|count[19] ; ddfs:inst|freq_divider_DDFS:f_div_inst|count[16] ; ddfs:inst|freq_divider_DDFS:f_div_inst|count[19] ; inst1|altpll_component|pll|clk[0] ; 0.000        ; 0.035      ; 0.850      ;
; 0.522 ; ddfs:inst|freq_divider_DDFS:f_div_inst|count[19] ; ddfs:inst|freq_divider_DDFS:f_div_inst|count[17] ; ddfs:inst|freq_divider_DDFS:f_div_inst|count[19] ; inst1|altpll_component|pll|clk[0] ; 0.000        ; 0.035      ; 0.850      ;
; 0.522 ; ddfs:inst|freq_divider_DDFS:f_div_inst|count[19] ; ddfs:inst|freq_divider_DDFS:f_div_inst|count[18] ; ddfs:inst|freq_divider_DDFS:f_div_inst|count[19] ; inst1|altpll_component|pll|clk[0] ; 0.000        ; 0.035      ; 0.850      ;
; 0.523 ; ddfs:inst|freq_divider_DDFS:f_div_inst|count[19] ; ddfs:inst|freq_divider_DDFS:f_div_inst|count[13] ; ddfs:inst|freq_divider_DDFS:f_div_inst|count[19] ; inst1|altpll_component|pll|clk[0] ; 0.000        ; 0.035      ; 0.851      ;
; 0.575 ; ddfs:inst|freq_divider_DDFS:f_div_inst|count[17] ; ddfs:inst|freq_divider_DDFS:f_div_inst|count[17] ; inst1|altpll_component|pll|clk[0]                ; inst1|altpll_component|pll|clk[0] ; 0.000        ; 0.000      ; 0.727      ;
; 0.578 ; ddfs:inst|freq_divider_DDFS:f_div_inst|count[18] ; ddfs:inst|freq_divider_DDFS:f_div_inst|count[18] ; inst1|altpll_component|pll|clk[0]                ; inst1|altpll_component|pll|clk[0] ; 0.000        ; 0.000      ; 0.730      ;
; 0.611 ; ddfs:inst|freq_divider_DDFS:f_div_inst|count[19] ; ddfs:inst|freq_divider_DDFS:f_div_inst|count[9]  ; ddfs:inst|freq_divider_DDFS:f_div_inst|count[19] ; inst1|altpll_component|pll|clk[0] ; 0.000        ; 0.041      ; 0.945      ;
; 0.632 ; ddfs:inst|freq_divider_DDFS:f_div_inst|count[19] ; ddfs:inst|freq_divider_DDFS:f_div_inst|count[1]  ; ddfs:inst|freq_divider_DDFS:f_div_inst|count[19] ; inst1|altpll_component|pll|clk[0] ; 0.000        ; 0.040      ; 0.965      ;
; 0.632 ; ddfs:inst|freq_divider_DDFS:f_div_inst|count[19] ; ddfs:inst|freq_divider_DDFS:f_div_inst|count[2]  ; ddfs:inst|freq_divider_DDFS:f_div_inst|count[19] ; inst1|altpll_component|pll|clk[0] ; 0.000        ; 0.040      ; 0.965      ;
; 0.632 ; ddfs:inst|freq_divider_DDFS:f_div_inst|count[19] ; ddfs:inst|freq_divider_DDFS:f_div_inst|count[6]  ; ddfs:inst|freq_divider_DDFS:f_div_inst|count[19] ; inst1|altpll_component|pll|clk[0] ; 0.000        ; 0.040      ; 0.965      ;
; 0.633 ; ddfs:inst|freq_divider_DDFS:f_div_inst|count[19] ; ddfs:inst|freq_divider_DDFS:f_div_inst|count[0]  ; ddfs:inst|freq_divider_DDFS:f_div_inst|count[19] ; inst1|altpll_component|pll|clk[0] ; 0.000        ; 0.040      ; 0.966      ;
; 0.643 ; ddfs:inst|freq_divider_DDFS:f_div_inst|count[9]  ; ddfs:inst|freq_divider_DDFS:f_div_inst|count[9]  ; inst1|altpll_component|pll|clk[0]                ; inst1|altpll_component|pll|clk[0] ; 0.000        ; 0.000      ; 0.795      ;
; 0.663 ; ddfs:inst|freq_divider_DDFS:f_div_inst|count[13] ; ddfs:inst|freq_divider_DDFS:f_div_inst|count[13] ; inst1|altpll_component|pll|clk[0]                ; inst1|altpll_component|pll|clk[0] ; 0.000        ; 0.000      ; 0.815      ;
; 0.671 ; ddfs:inst|freq_divider_DDFS:f_div_inst|count[16] ; ddfs:inst|freq_divider_DDFS:f_div_inst|count[16] ; inst1|altpll_component|pll|clk[0]                ; inst1|altpll_component|pll|clk[0] ; 0.000        ; 0.000      ; 0.823      ;
; 0.699 ; ddfs:inst|freq_divider_DDFS:f_div_inst|count[4]  ; ddfs:inst|freq_divider_DDFS:f_div_inst|count[4]  ; inst1|altpll_component|pll|clk[0]                ; inst1|altpll_component|pll|clk[0] ; 0.000        ; 0.000      ; 0.851      ;
; 0.725 ; ddfs:inst|freq_divider_DDFS:f_div_inst|count[16] ; ddfs:inst|freq_divider_DDFS:f_div_inst|count[17] ; inst1|altpll_component|pll|clk[0]                ; inst1|altpll_component|pll|clk[0] ; 0.000        ; 0.000      ; 0.877      ;
; 0.743 ; ddfs:inst|freq_divider_DDFS:f_div_inst|count[14] ; ddfs:inst|freq_divider_DDFS:f_div_inst|count[14] ; inst1|altpll_component|pll|clk[0]                ; inst1|altpll_component|pll|clk[0] ; 0.000        ; 0.000      ; 0.895      ;
; 0.747 ; ddfs:inst|freq_divider_DDFS:f_div_inst|count[15] ; ddfs:inst|freq_divider_DDFS:f_div_inst|count[15] ; inst1|altpll_component|pll|clk[0]                ; inst1|altpll_component|pll|clk[0] ; 0.000        ; 0.000      ; 0.899      ;
; 0.747 ; ddfs:inst|freq_divider_DDFS:f_div_inst|count[18] ; ddfs:inst|freq_divider_DDFS:f_div_inst|count[19] ; inst1|altpll_component|pll|clk[0]                ; inst1|altpll_component|pll|clk[0] ; 0.000        ; -0.001     ; 0.898      ;
; 0.750 ; ddfs:inst|freq_divider_DDFS:f_div_inst|count[1]  ; ddfs:inst|freq_divider_DDFS:f_div_inst|count[1]  ; inst1|altpll_component|pll|clk[0]                ; inst1|altpll_component|pll|clk[0] ; 0.000        ; 0.000      ; 0.902      ;
; 0.752 ; ddfs:inst|freq_divider_DDFS:f_div_inst|count[2]  ; ddfs:inst|freq_divider_DDFS:f_div_inst|count[2]  ; inst1|altpll_component|pll|clk[0]                ; inst1|altpll_component|pll|clk[0] ; 0.000        ; 0.000      ; 0.904      ;
; 0.758 ; ddfs:inst|freq_divider_DDFS:f_div_inst|count[0]  ; ddfs:inst|freq_divider_DDFS:f_div_inst|count[0]  ; inst1|altpll_component|pll|clk[0]                ; inst1|altpll_component|pll|clk[0] ; 0.000        ; 0.000      ; 0.910      ;
; 0.771 ; ddfs:inst|freq_divider_DDFS:f_div_inst|count[17] ; ddfs:inst|freq_divider_DDFS:f_div_inst|count[18] ; inst1|altpll_component|pll|clk[0]                ; inst1|altpll_component|pll|clk[0] ; 0.000        ; 0.000      ; 0.923      ;
; 0.791 ; ddfs:inst|freq_divider_DDFS:f_div_inst|count[7]  ; ddfs:inst|freq_divider_DDFS:f_div_inst|count[7]  ; inst1|altpll_component|pll|clk[0]                ; inst1|altpll_component|pll|clk[0] ; 0.000        ; 0.000      ; 0.943      ;
; 0.794 ; ddfs:inst|freq_divider_DDFS:f_div_inst|count[11] ; ddfs:inst|freq_divider_DDFS:f_div_inst|count[11] ; inst1|altpll_component|pll|clk[0]                ; inst1|altpll_component|pll|clk[0] ; 0.000        ; 0.000      ; 0.946      ;
; 0.803 ; ddfs:inst|freq_divider_DDFS:f_div_inst|count[13] ; ddfs:inst|freq_divider_DDFS:f_div_inst|count[14] ; inst1|altpll_component|pll|clk[0]                ; inst1|altpll_component|pll|clk[0] ; 0.000        ; -0.001     ; 0.954      ;
; 0.820 ; ddfs:inst|freq_divider_DDFS:f_div_inst|count[13] ; ddfs:inst|freq_divider_DDFS:f_div_inst|count[17] ; inst1|altpll_component|pll|clk[0]                ; inst1|altpll_component|pll|clk[0] ; 0.000        ; 0.000      ; 0.972      ;
; 0.822 ; ddfs:inst|freq_divider_DDFS:f_div_inst|count[16] ; ddfs:inst|freq_divider_DDFS:f_div_inst|count[18] ; inst1|altpll_component|pll|clk[0]                ; inst1|altpll_component|pll|clk[0] ; 0.000        ; 0.000      ; 0.974      ;
; 0.829 ; ddfs:inst|freq_divider_DDFS:f_div_inst|count[15] ; ddfs:inst|freq_divider_DDFS:f_div_inst|count[17] ; inst1|altpll_component|pll|clk[0]                ; inst1|altpll_component|pll|clk[0] ; 0.000        ; 0.001      ; 0.982      ;
; 0.831 ; ddfs:inst|freq_divider_DDFS:f_div_inst|count[19] ; ddfs:inst|freq_divider_DDFS:f_div_inst|count[12] ; ddfs:inst|freq_divider_DDFS:f_div_inst|count[19] ; inst1|altpll_component|pll|clk[0] ; -0.500       ; 0.033      ; 0.657      ;
; 0.837 ; ddfs:inst|freq_divider_DDFS:f_div_inst|count[17] ; ddfs:inst|freq_divider_DDFS:f_div_inst|count[19] ; inst1|altpll_component|pll|clk[0]                ; inst1|altpll_component|pll|clk[0] ; 0.000        ; -0.001     ; 0.988      ;
; 0.841 ; ddfs:inst|freq_divider_DDFS:f_div_inst|count[13] ; ddfs:inst|freq_divider_DDFS:f_div_inst|count[15] ; inst1|altpll_component|pll|clk[0]                ; inst1|altpll_component|pll|clk[0] ; 0.000        ; -0.001     ; 0.992      ;
; 0.845 ; ddfs:inst|freq_divider_DDFS:f_div_inst|count[19] ; ddfs:inst|freq_divider_DDFS:f_div_inst|count[14] ; ddfs:inst|freq_divider_DDFS:f_div_inst|count[19] ; inst1|altpll_component|pll|clk[0] ; -0.500       ; 0.034      ; 0.672      ;
; 0.849 ; ddfs:inst|freq_divider_DDFS:f_div_inst|count[18] ; ddfs:inst|freq_divider_DDFS:f_div_inst|count[12] ; inst1|altpll_component|pll|clk[0]                ; inst1|altpll_component|pll|clk[0] ; 0.000        ; -0.002     ; 0.999      ;
; 0.851 ; ddfs:inst|freq_divider_DDFS:f_div_inst|count[19] ; ddfs:inst|freq_divider_DDFS:f_div_inst|count[10] ; ddfs:inst|freq_divider_DDFS:f_div_inst|count[19] ; inst1|altpll_component|pll|clk[0] ; -0.500       ; 0.033      ; 0.677      ;
; 0.863 ; ddfs:inst|freq_divider_DDFS:f_div_inst|count[18] ; ddfs:inst|freq_divider_DDFS:f_div_inst|count[14] ; inst1|altpll_component|pll|clk[0]                ; inst1|altpll_component|pll|clk[0] ; 0.000        ; -0.001     ; 1.014      ;
; 0.863 ; ddfs:inst|freq_divider_DDFS:f_div_inst|count[14] ; ddfs:inst|freq_divider_DDFS:f_div_inst|count[17] ; inst1|altpll_component|pll|clk[0]                ; inst1|altpll_component|pll|clk[0] ; 0.000        ; 0.001      ; 1.016      ;
; 0.869 ; ddfs:inst|freq_divider_DDFS:f_div_inst|count[18] ; ddfs:inst|freq_divider_DDFS:f_div_inst|count[10] ; inst1|altpll_component|pll|clk[0]                ; inst1|altpll_component|pll|clk[0] ; 0.000        ; -0.002     ; 1.019      ;
; 0.871 ; ddfs:inst|freq_divider_DDFS:f_div_inst|count[13] ; ddfs:inst|freq_divider_DDFS:f_div_inst|count[16] ; inst1|altpll_component|pll|clk[0]                ; inst1|altpll_component|pll|clk[0] ; 0.000        ; 0.000      ; 1.023      ;
; 0.871 ; ddfs:inst|freq_divider_DDFS:f_div_inst|count[2]  ; ddfs:inst|freq_divider_DDFS:f_div_inst|count[4]  ; inst1|altpll_component|pll|clk[0]                ; inst1|altpll_component|pll|clk[0] ; 0.000        ; 0.000      ; 1.023      ;
; 0.880 ; ddfs:inst|freq_divider_DDFS:f_div_inst|count[15] ; ddfs:inst|freq_divider_DDFS:f_div_inst|count[16] ; inst1|altpll_component|pll|clk[0]                ; inst1|altpll_component|pll|clk[0] ; 0.000        ; 0.001      ; 1.033      ;
; 0.884 ; ddfs:inst|freq_divider_DDFS:f_div_inst|count[14] ; ddfs:inst|freq_divider_DDFS:f_div_inst|count[15] ; inst1|altpll_component|pll|clk[0]                ; inst1|altpll_component|pll|clk[0] ; 0.000        ; 0.000      ; 1.036      ;
; 0.888 ; ddfs:inst|freq_divider_DDFS:f_div_inst|count[16] ; ddfs:inst|freq_divider_DDFS:f_div_inst|count[19] ; inst1|altpll_component|pll|clk[0]                ; inst1|altpll_component|pll|clk[0] ; 0.000        ; -0.001     ; 1.039      ;
; 0.889 ; ddfs:inst|freq_divider_DDFS:f_div_inst|count[0]  ; ddfs:inst|freq_divider_DDFS:f_div_inst|count[1]  ; inst1|altpll_component|pll|clk[0]                ; inst1|altpll_component|pll|clk[0] ; 0.000        ; 0.000      ; 1.041      ;
; 0.907 ; ddfs:inst|freq_divider_DDFS:f_div_inst|count[7]  ; ddfs:inst|freq_divider_DDFS:f_div_inst|count[9]  ; inst1|altpll_component|pll|clk[0]                ; inst1|altpll_component|pll|clk[0] ; 0.000        ; 0.001      ; 1.060      ;
; 0.912 ; ddfs:inst|freq_divider_DDFS:f_div_inst|count[19] ; ddfs:inst|freq_divider_DDFS:f_div_inst|count[3]  ; ddfs:inst|freq_divider_DDFS:f_div_inst|count[19] ; inst1|altpll_component|pll|clk[0] ; -0.500       ; 0.034      ; 0.739      ;
; 0.912 ; ddfs:inst|freq_divider_DDFS:f_div_inst|count[19] ; ddfs:inst|freq_divider_DDFS:f_div_inst|count[15] ; ddfs:inst|freq_divider_DDFS:f_div_inst|count[19] ; inst1|altpll_component|pll|clk[0] ; -0.500       ; 0.034      ; 0.739      ;
; 0.914 ; ddfs:inst|freq_divider_DDFS:f_div_inst|count[14] ; ddfs:inst|freq_divider_DDFS:f_div_inst|count[16] ; inst1|altpll_component|pll|clk[0]                ; inst1|altpll_component|pll|clk[0] ; 0.000        ; 0.001      ; 1.067      ;
; 0.917 ; ddfs:inst|freq_divider_DDFS:f_div_inst|count[13] ; ddfs:inst|freq_divider_DDFS:f_div_inst|count[18] ; inst1|altpll_component|pll|clk[0]                ; inst1|altpll_component|pll|clk[0] ; 0.000        ; 0.000      ; 1.069      ;
; 0.921 ; ddfs:inst|freq_divider_DDFS:f_div_inst|count[15] ; ddfs:inst|freq_divider_DDFS:f_div_inst|count[12] ; inst1|altpll_component|pll|clk[0]                ; inst1|altpll_component|pll|clk[0] ; 0.000        ; -0.001     ; 1.072      ;
; 0.925 ; ddfs:inst|freq_divider_DDFS:f_div_inst|count[6]  ; ddfs:inst|freq_divider_DDFS:f_div_inst|count[6]  ; inst1|altpll_component|pll|clk[0]                ; inst1|altpll_component|pll|clk[0] ; 0.000        ; 0.000      ; 1.077      ;
; 0.925 ; ddfs:inst|freq_divider_DDFS:f_div_inst|count[9]  ; ddfs:inst|freq_divider_DDFS:f_div_inst|count[11] ; inst1|altpll_component|pll|clk[0]                ; inst1|altpll_component|pll|clk[0] ; 0.000        ; -0.007     ; 1.070      ;
; 0.926 ; ddfs:inst|freq_divider_DDFS:f_div_inst|count[15] ; ddfs:inst|freq_divider_DDFS:f_div_inst|count[18] ; inst1|altpll_component|pll|clk[0]                ; inst1|altpll_component|pll|clk[0] ; 0.000        ; 0.001      ; 1.079      ;
; 0.928 ; ddfs:inst|freq_divider_DDFS:f_div_inst|count[11] ; ddfs:inst|freq_divider_DDFS:f_div_inst|count[13] ; inst1|altpll_component|pll|clk[0]                ; inst1|altpll_component|pll|clk[0] ; 0.000        ; 0.001      ; 1.081      ;
; 0.930 ; ddfs:inst|freq_divider_DDFS:f_div_inst|count[18] ; ddfs:inst|freq_divider_DDFS:f_div_inst|count[3]  ; inst1|altpll_component|pll|clk[0]                ; inst1|altpll_component|pll|clk[0] ; 0.000        ; -0.001     ; 1.081      ;
; 0.930 ; ddfs:inst|freq_divider_DDFS:f_div_inst|count[18] ; ddfs:inst|freq_divider_DDFS:f_div_inst|count[15] ; inst1|altpll_component|pll|clk[0]                ; inst1|altpll_component|pll|clk[0] ; 0.000        ; -0.001     ; 1.081      ;
; 0.932 ; ddfs:inst|freq_divider_DDFS:f_div_inst|count[17] ; ddfs:inst|freq_divider_DDFS:f_div_inst|count[12] ; inst1|altpll_component|pll|clk[0]                ; inst1|altpll_component|pll|clk[0] ; 0.000        ; -0.002     ; 1.082      ;
; 0.935 ; ddfs:inst|freq_divider_DDFS:f_div_inst|count[15] ; ddfs:inst|freq_divider_DDFS:f_div_inst|count[14] ; inst1|altpll_component|pll|clk[0]                ; inst1|altpll_component|pll|clk[0] ; 0.000        ; 0.000      ; 1.087      ;
; 0.941 ; ddfs:inst|freq_divider_DDFS:f_div_inst|count[12] ; ddfs:inst|freq_divider_DDFS:f_div_inst|count[12] ; inst1|altpll_component|pll|clk[0]                ; inst1|altpll_component|pll|clk[0] ; 0.000        ; 0.000      ; 1.093      ;
; 0.941 ; ddfs:inst|freq_divider_DDFS:f_div_inst|count[15] ; ddfs:inst|freq_divider_DDFS:f_div_inst|count[10] ; inst1|altpll_component|pll|clk[0]                ; inst1|altpll_component|pll|clk[0] ; 0.000        ; -0.001     ; 1.092      ;
; 0.942 ; ddfs:inst|freq_divider_DDFS:f_div_inst|count[9]  ; ddfs:inst|freq_divider_DDFS:f_div_inst|count[10] ; inst1|altpll_component|pll|clk[0]                ; inst1|altpll_component|pll|clk[0] ; 0.000        ; -0.008     ; 1.086      ;
; 0.946 ; ddfs:inst|freq_divider_DDFS:f_div_inst|count[17] ; ddfs:inst|freq_divider_DDFS:f_div_inst|count[14] ; inst1|altpll_component|pll|clk[0]                ; inst1|altpll_component|pll|clk[0] ; 0.000        ; -0.001     ; 1.097      ;
; 0.952 ; ddfs:inst|freq_divider_DDFS:f_div_inst|count[17] ; ddfs:inst|freq_divider_DDFS:f_div_inst|count[10] ; inst1|altpll_component|pll|clk[0]                ; inst1|altpll_component|pll|clk[0] ; 0.000        ; -0.002     ; 1.102      ;
; 0.953 ; ddfs:inst|freq_divider_DDFS:f_div_inst|count[10] ; ddfs:inst|freq_divider_DDFS:f_div_inst|count[10] ; inst1|altpll_component|pll|clk[0]                ; inst1|altpll_component|pll|clk[0] ; 0.000        ; 0.000      ; 1.105      ;
; 0.954 ; ddfs:inst|freq_divider_DDFS:f_div_inst|count[9]  ; ddfs:inst|freq_divider_DDFS:f_div_inst|count[13] ; inst1|altpll_component|pll|clk[0]                ; inst1|altpll_component|pll|clk[0] ; 0.000        ; -0.006     ; 1.100      ;
; 0.956 ; ddfs:inst|freq_divider_DDFS:f_div_inst|count[1]  ; ddfs:inst|freq_divider_DDFS:f_div_inst|count[2]  ; inst1|altpll_component|pll|clk[0]                ; inst1|altpll_component|pll|clk[0] ; 0.000        ; 0.000      ; 1.108      ;
; 0.960 ; ddfs:inst|freq_divider_DDFS:f_div_inst|count[14] ; ddfs:inst|freq_divider_DDFS:f_div_inst|count[18] ; inst1|altpll_component|pll|clk[0]                ; inst1|altpll_component|pll|clk[0] ; 0.000        ; 0.001      ; 1.113      ;
; 0.960 ; ddfs:inst|freq_divider_DDFS:f_div_inst|count[19] ; ddfs:inst|freq_divider_DDFS:f_div_inst|count[11] ; ddfs:inst|freq_divider_DDFS:f_div_inst|count[19] ; inst1|altpll_component|pll|clk[0] ; -0.500       ; 0.034      ; 0.787      ;
; 0.961 ; ddfs:inst|freq_divider_DDFS:f_div_inst|count[14] ; ddfs:inst|freq_divider_DDFS:f_div_inst|count[12] ; inst1|altpll_component|pll|clk[0]                ; inst1|altpll_component|pll|clk[0] ; 0.000        ; -0.001     ; 1.112      ;
; 0.965 ; ddfs:inst|freq_divider_DDFS:f_div_inst|count[11] ; ddfs:inst|freq_divider_DDFS:f_div_inst|count[14] ; inst1|altpll_component|pll|clk[0]                ; inst1|altpll_component|pll|clk[0] ; 0.000        ; 0.000      ; 1.117      ;
; 0.968 ; ddfs:inst|freq_divider_DDFS:f_div_inst|count[19] ; ddfs:inst|freq_divider_DDFS:f_div_inst|count[19] ; ddfs:inst|freq_divider_DDFS:f_div_inst|count[19] ; inst1|altpll_component|pll|clk[0] ; -0.500       ; 0.034      ; 0.795      ;
; 0.969 ; ddfs:inst|freq_divider_DDFS:f_div_inst|count[16] ; ddfs:inst|freq_divider_DDFS:f_div_inst|count[12] ; inst1|altpll_component|pll|clk[0]                ; inst1|altpll_component|pll|clk[0] ; 0.000        ; -0.002     ; 1.119      ;
; 0.972 ; ddfs:inst|freq_divider_DDFS:f_div_inst|count[1]  ; ddfs:inst|freq_divider_DDFS:f_div_inst|count[4]  ; inst1|altpll_component|pll|clk[0]                ; inst1|altpll_component|pll|clk[0] ; 0.000        ; 0.000      ; 1.124      ;
; 0.973 ; ddfs:inst|freq_divider_DDFS:f_div_inst|count[12] ; ddfs:inst|freq_divider_DDFS:f_div_inst|count[13] ; inst1|altpll_component|pll|clk[0]                ; inst1|altpll_component|pll|clk[0] ; 0.000        ; 0.002      ; 1.127      ;
; 0.978 ; ddfs:inst|freq_divider_DDFS:f_div_inst|count[18] ; ddfs:inst|freq_divider_DDFS:f_div_inst|count[11] ; inst1|altpll_component|pll|clk[0]                ; inst1|altpll_component|pll|clk[0] ; 0.000        ; -0.001     ; 1.129      ;
; 0.981 ; ddfs:inst|freq_divider_DDFS:f_div_inst|count[14] ; ddfs:inst|freq_divider_DDFS:f_div_inst|count[10] ; inst1|altpll_component|pll|clk[0]                ; inst1|altpll_component|pll|clk[0] ; 0.000        ; -0.001     ; 1.132      ;
; 0.982 ; ddfs:inst|freq_divider_DDFS:f_div_inst|count[11] ; ddfs:inst|freq_divider_DDFS:f_div_inst|count[17] ; inst1|altpll_component|pll|clk[0]                ; inst1|altpll_component|pll|clk[0] ; 0.000        ; 0.001      ; 1.135      ;
; 0.982 ; ddfs:inst|freq_divider_DDFS:f_div_inst|count[8]  ; ddfs:inst|freq_divider_DDFS:f_div_inst|count[9]  ; inst1|altpll_component|pll|clk[0]                ; inst1|altpll_component|pll|clk[0] ; 0.000        ; 0.006      ; 1.140      ;
; 0.983 ; ddfs:inst|freq_divider_DDFS:f_div_inst|count[13] ; ddfs:inst|freq_divider_DDFS:f_div_inst|count[19] ; inst1|altpll_component|pll|clk[0]                ; inst1|altpll_component|pll|clk[0] ; 0.000        ; -0.001     ; 1.134      ;
; 0.983 ; ddfs:inst|freq_divider_DDFS:f_div_inst|count[16] ; ddfs:inst|freq_divider_DDFS:f_div_inst|count[14] ; inst1|altpll_component|pll|clk[0]                ; inst1|altpll_component|pll|clk[0] ; 0.000        ; -0.001     ; 1.134      ;
; 0.989 ; ddfs:inst|freq_divider_DDFS:f_div_inst|count[16] ; ddfs:inst|freq_divider_DDFS:f_div_inst|count[10] ; inst1|altpll_component|pll|clk[0]                ; inst1|altpll_component|pll|clk[0] ; 0.000        ; -0.002     ; 1.139      ;
; 0.991 ; ddfs:inst|freq_divider_DDFS:f_div_inst|count[9]  ; ddfs:inst|freq_divider_DDFS:f_div_inst|count[14] ; inst1|altpll_component|pll|clk[0]                ; inst1|altpll_component|pll|clk[0] ; 0.000        ; -0.007     ; 1.136      ;
; 0.992 ; ddfs:inst|freq_divider_DDFS:f_div_inst|count[15] ; ddfs:inst|freq_divider_DDFS:f_div_inst|count[19] ; inst1|altpll_component|pll|clk[0]                ; inst1|altpll_component|pll|clk[0] ; 0.000        ; 0.000      ; 1.144      ;
; 0.994 ; ddfs:inst|freq_divider_DDFS:f_div_inst|count[8]  ; ddfs:inst|freq_divider_DDFS:f_div_inst|count[8]  ; inst1|altpll_component|pll|clk[0]                ; inst1|altpll_component|pll|clk[0] ; 0.000        ; 0.000      ; 1.146      ;
; 0.995 ; ddfs:inst|freq_divider_DDFS:f_div_inst|count[0]  ; ddfs:inst|freq_divider_DDFS:f_div_inst|count[2]  ; inst1|altpll_component|pll|clk[0]                ; inst1|altpll_component|pll|clk[0] ; 0.000        ; 0.000      ; 1.147      ;
; 0.996 ; ddfs:inst|freq_divider_DDFS:f_div_inst|count[4]  ; ddfs:inst|freq_divider_DDFS:f_div_inst|count[6]  ; inst1|altpll_component|pll|clk[0]                ; inst1|altpll_component|pll|clk[0] ; 0.000        ; 0.000      ; 1.148      ;
; 0.997 ; ddfs:inst|freq_divider_DDFS:f_div_inst|count[5]  ; ddfs:inst|freq_divider_DDFS:f_div_inst|count[5]  ; inst1|altpll_component|pll|clk[0]                ; inst1|altpll_component|pll|clk[0] ; 0.000        ; 0.000      ; 1.149      ;
; 0.998 ; ddfs:inst|freq_divider_DDFS:f_div_inst|count[4]  ; ddfs:inst|freq_divider_DDFS:f_div_inst|count[7]  ; inst1|altpll_component|pll|clk[0]                ; inst1|altpll_component|pll|clk[0] ; 0.000        ; 0.000      ; 1.150      ;
; 0.999 ; ddfs:inst|freq_divider_DDFS:f_div_inst|count[11] ; ddfs:inst|freq_divider_DDFS:f_div_inst|count[12] ; inst1|altpll_component|pll|clk[0]                ; inst1|altpll_component|pll|clk[0] ; 0.000        ; -0.001     ; 1.150      ;
+-------+--------------------------------------------------+--------------------------------------------------+--------------------------------------------------+-----------------------------------+--------------+------------+------------+


+--------------------------------------------------------------------------------------------------------------------------------------------------------------------------------------------------------------------------------------------------------------------------------------------+
; Fast Model Hold: 'ddfs:inst|freq_divider_DDFS:f_div_inst|count[19]'                                                                                                                                                                                                                        ;
+-------+--------------------+----------------------------------------------------------------------------------------------------------------+--------------------------------------------------+--------------------------------------------------+--------------+------------+------------+
; Slack ; From Node          ; To Node                                                                                                        ; Launch Clock                                     ; Latch Clock                                      ; Relationship ; Clock Skew ; Data Delay ;
+-------+--------------------+----------------------------------------------------------------------------------------------------------------+--------------------------------------------------+--------------------------------------------------+--------------+------------+------------+
; 0.365 ; ddfs:inst|cont[10] ; ddfs:inst|cont_rt[10]                                                                                          ; ddfs:inst|freq_divider_DDFS:f_div_inst|count[19] ; ddfs:inst|freq_divider_DDFS:f_div_inst|count[19] ; 0.000        ; 0.000      ; 0.517      ;
; 0.508 ; ddfs:inst|cont[11] ; ddfs:inst|cont_rt[11]                                                                                          ; ddfs:inst|freq_divider_DDFS:f_div_inst|count[19] ; ddfs:inst|freq_divider_DDFS:f_div_inst|count[19] ; 0.000        ; 0.000      ; 0.660      ;
; 0.550 ; ddfs:inst|cont[10] ; ddfs:inst|cont[10]                                                                                             ; ddfs:inst|freq_divider_DDFS:f_div_inst|count[19] ; ddfs:inst|freq_divider_DDFS:f_div_inst|count[19] ; 0.000        ; 0.000      ; 0.702      ;
; 0.557 ; ddfs:inst|cont[10] ; ddfs:inst|cont[11]                                                                                             ; ddfs:inst|freq_divider_DDFS:f_div_inst|count[19] ; ddfs:inst|freq_divider_DDFS:f_div_inst|count[19] ; 0.000        ; 0.000      ; 0.709      ;
; 0.597 ; ddfs:inst|cont[11] ; ddfs:inst|cont[10]                                                                                             ; ddfs:inst|freq_divider_DDFS:f_div_inst|count[19] ; ddfs:inst|freq_divider_DDFS:f_div_inst|count[19] ; 0.000        ; 0.000      ; 0.749      ;
; 0.620 ; ddfs:inst|cont[11] ; ddfs:inst|cont[11]                                                                                             ; ddfs:inst|freq_divider_DDFS:f_div_inst|count[19] ; ddfs:inst|freq_divider_DDFS:f_div_inst|count[19] ; 0.000        ; 0.000      ; 0.772      ;
; 0.642 ; ddfs:inst|cont[0]  ; ddfs:inst|sin_lut:lut_inst|altsyncram:rom_rtl_0|altsyncram_3871:auto_generated|ram_block1a1~porta_address_reg0 ; ddfs:inst|freq_divider_DDFS:f_div_inst|count[19] ; ddfs:inst|freq_divider_DDFS:f_div_inst|count[19] ; 0.000        ; 0.071      ; 0.851      ;
; 0.649 ; ddfs:inst|cont[5]  ; ddfs:inst|sin_lut:lut_inst|altsyncram:rom_rtl_0|altsyncram_3871:auto_generated|ram_block1a1~porta_address_reg5 ; ddfs:inst|freq_divider_DDFS:f_div_inst|count[19] ; ddfs:inst|freq_divider_DDFS:f_div_inst|count[19] ; 0.000        ; 0.071      ; 0.858      ;
; 0.653 ; ddfs:inst|cont[10] ; ddfs:inst|sin_lut:lut_inst|altsyncram:rom_rtl_0|altsyncram_3871:auto_generated|ram_block1a1~porta_address_reg5 ; ddfs:inst|freq_divider_DDFS:f_div_inst|count[19] ; ddfs:inst|freq_divider_DDFS:f_div_inst|count[19] ; 0.000        ; 0.069      ; 0.860      ;
; 0.656 ; ddfs:inst|cont[3]  ; ddfs:inst|sin_lut:lut_inst|altsyncram:rom_rtl_0|altsyncram_3871:auto_generated|ram_block1a1~porta_address_reg3 ; ddfs:inst|freq_divider_DDFS:f_div_inst|count[19] ; ddfs:inst|freq_divider_DDFS:f_div_inst|count[19] ; 0.000        ; 0.071      ; 0.865      ;
; 0.664 ; ddfs:inst|cont[7]  ; ddfs:inst|cont[7]                                                                                              ; ddfs:inst|freq_divider_DDFS:f_div_inst|count[19] ; ddfs:inst|freq_divider_DDFS:f_div_inst|count[19] ; 0.000        ; 0.000      ; 0.816      ;
; 0.664 ; ddfs:inst|cont[10] ; ddfs:inst|sin_lut:lut_inst|altsyncram:rom_rtl_0|altsyncram_3871:auto_generated|ram_block1a1~porta_address_reg3 ; ddfs:inst|freq_divider_DDFS:f_div_inst|count[19] ; ddfs:inst|freq_divider_DDFS:f_div_inst|count[19] ; 0.000        ; 0.069      ; 0.871      ;
; 0.666 ; ddfs:inst|cont[2]  ; ddfs:inst|cont[2]                                                                                              ; ddfs:inst|freq_divider_DDFS:f_div_inst|count[19] ; ddfs:inst|freq_divider_DDFS:f_div_inst|count[19] ; 0.000        ; 0.000      ; 0.818      ;
; 0.741 ; ddfs:inst|cont[10] ; ddfs:inst|sin_lut:lut_inst|altsyncram:rom_rtl_0|altsyncram_3871:auto_generated|ram_block1a1~porta_address_reg0 ; ddfs:inst|freq_divider_DDFS:f_div_inst|count[19] ; ddfs:inst|freq_divider_DDFS:f_div_inst|count[19] ; 0.000        ; 0.069      ; 0.948      ;
; 0.750 ; ddfs:inst|cont[2]  ; ddfs:inst|sin_lut:lut_inst|altsyncram:rom_rtl_0|altsyncram_3871:auto_generated|ram_block1a1~porta_address_reg2 ; ddfs:inst|freq_divider_DDFS:f_div_inst|count[19] ; ddfs:inst|freq_divider_DDFS:f_div_inst|count[19] ; 0.000        ; 0.072      ; 0.960      ;
; 0.768 ; ddfs:inst|cont[0]  ; ddfs:inst|sin_lut:lut_inst|altsyncram:rom_rtl_0|altsyncram_3871:auto_generated|ram_block1a4~porta_address_reg0 ; ddfs:inst|freq_divider_DDFS:f_div_inst|count[19] ; ddfs:inst|freq_divider_DDFS:f_div_inst|count[19] ; 0.000        ; 0.062      ; 0.968      ;
; 0.768 ; ddfs:inst|cont[10] ; ddfs:inst|sin_lut:lut_inst|altsyncram:rom_rtl_0|altsyncram_3871:auto_generated|ram_block1a1~porta_address_reg6 ; ddfs:inst|freq_divider_DDFS:f_div_inst|count[19] ; ddfs:inst|freq_divider_DDFS:f_div_inst|count[19] ; 0.000        ; 0.069      ; 0.975      ;
; 0.771 ; ddfs:inst|cont[0]  ; ddfs:inst|sin_lut:lut_inst|altsyncram:rom_rtl_0|altsyncram_3871:auto_generated|ram_block1a8~porta_address_reg0 ; ddfs:inst|freq_divider_DDFS:f_div_inst|count[19] ; ddfs:inst|freq_divider_DDFS:f_div_inst|count[19] ; 0.000        ; 0.071      ; 0.980      ;
; 0.787 ; ddfs:inst|cont[5]  ; ddfs:inst|sin_lut:lut_inst|altsyncram:rom_rtl_0|altsyncram_3871:auto_generated|ram_block1a8~porta_address_reg5 ; ddfs:inst|freq_divider_DDFS:f_div_inst|count[19] ; ddfs:inst|freq_divider_DDFS:f_div_inst|count[19] ; 0.000        ; 0.071      ; 0.996      ;
; 0.788 ; ddfs:inst|cont[5]  ; ddfs:inst|sin_lut:lut_inst|altsyncram:rom_rtl_0|altsyncram_3871:auto_generated|ram_block1a4~porta_address_reg5 ; ddfs:inst|freq_divider_DDFS:f_div_inst|count[19] ; ddfs:inst|freq_divider_DDFS:f_div_inst|count[19] ; 0.000        ; 0.062      ; 0.988      ;
; 0.791 ; ddfs:inst|cont[10] ; ddfs:inst|sin_lut:lut_inst|altsyncram:rom_rtl_0|altsyncram_3871:auto_generated|ram_block1a8~porta_address_reg5 ; ddfs:inst|freq_divider_DDFS:f_div_inst|count[19] ; ddfs:inst|freq_divider_DDFS:f_div_inst|count[19] ; 0.000        ; 0.069      ; 0.998      ;
; 0.792 ; ddfs:inst|cont[10] ; ddfs:inst|sin_lut:lut_inst|altsyncram:rom_rtl_0|altsyncram_3871:auto_generated|ram_block1a4~porta_address_reg5 ; ddfs:inst|freq_divider_DDFS:f_div_inst|count[19] ; ddfs:inst|freq_divider_DDFS:f_div_inst|count[19] ; 0.000        ; 0.060      ; 0.990      ;
; 0.800 ; ddfs:inst|cont[9]  ; ddfs:inst|cont[9]                                                                                              ; ddfs:inst|freq_divider_DDFS:f_div_inst|count[19] ; ddfs:inst|freq_divider_DDFS:f_div_inst|count[19] ; 0.000        ; 0.000      ; 0.952      ;
; 0.803 ; ddfs:inst|cont[10] ; ddfs:inst|sin_lut:lut_inst|altsyncram:rom_rtl_0|altsyncram_3871:auto_generated|ram_block1a4~porta_address_reg6 ; ddfs:inst|freq_divider_DDFS:f_div_inst|count[19] ; ddfs:inst|freq_divider_DDFS:f_div_inst|count[19] ; 0.000        ; 0.060      ; 1.001      ;
; 0.806 ; ddfs:inst|cont[10] ; ddfs:inst|sin_lut:lut_inst|altsyncram:rom_rtl_0|altsyncram_3871:auto_generated|ram_block1a8~porta_address_reg6 ; ddfs:inst|freq_divider_DDFS:f_div_inst|count[19] ; ddfs:inst|freq_divider_DDFS:f_div_inst|count[19] ; 0.000        ; 0.069      ; 1.013      ;
; 0.807 ; ddfs:inst|cont[3]  ; ddfs:inst|sin_lut:lut_inst|altsyncram:rom_rtl_0|altsyncram_3871:auto_generated|ram_block1a8~porta_address_reg3 ; ddfs:inst|freq_divider_DDFS:f_div_inst|count[19] ; ddfs:inst|freq_divider_DDFS:f_div_inst|count[19] ; 0.000        ; 0.071      ; 1.016      ;
; 0.810 ; ddfs:inst|cont[7]  ; ddfs:inst|sin_lut:lut_inst|altsyncram:rom_rtl_0|altsyncram_3871:auto_generated|ram_block1a1~porta_address_reg7 ; ddfs:inst|freq_divider_DDFS:f_div_inst|count[19] ; ddfs:inst|freq_divider_DDFS:f_div_inst|count[19] ; 0.000        ; 0.072      ; 1.020      ;
; 0.815 ; ddfs:inst|cont[10] ; ddfs:inst|sin_lut:lut_inst|altsyncram:rom_rtl_0|altsyncram_3871:auto_generated|ram_block1a8~porta_address_reg3 ; ddfs:inst|freq_divider_DDFS:f_div_inst|count[19] ; ddfs:inst|freq_divider_DDFS:f_div_inst|count[19] ; 0.000        ; 0.069      ; 1.022      ;
; 0.826 ; ddfs:inst|cont[0]  ; ddfs:inst|cont[0]                                                                                              ; ddfs:inst|freq_divider_DDFS:f_div_inst|count[19] ; ddfs:inst|freq_divider_DDFS:f_div_inst|count[19] ; 0.000        ; 0.000      ; 0.978      ;
; 0.839 ; ddfs:inst|cont[6]  ; ddfs:inst|cont[6]                                                                                              ; ddfs:inst|freq_divider_DDFS:f_div_inst|count[19] ; ddfs:inst|freq_divider_DDFS:f_div_inst|count[19] ; 0.000        ; 0.000      ; 0.991      ;
; 0.851 ; ddfs:inst|cont[11] ; ddfs:inst|cont[2]                                                                                              ; ddfs:inst|freq_divider_DDFS:f_div_inst|count[19] ; ddfs:inst|freq_divider_DDFS:f_div_inst|count[19] ; 0.000        ; -0.003     ; 1.000      ;
; 0.853 ; ddfs:inst|cont[11] ; ddfs:inst|cont[7]                                                                                              ; ddfs:inst|freq_divider_DDFS:f_div_inst|count[19] ; ddfs:inst|freq_divider_DDFS:f_div_inst|count[19] ; 0.000        ; -0.003     ; 1.002      ;
; 0.865 ; ddfs:inst|cont[6]  ; ddfs:inst|sin_lut:lut_inst|altsyncram:rom_rtl_0|altsyncram_3871:auto_generated|ram_block1a1~porta_address_reg6 ; ddfs:inst|freq_divider_DDFS:f_div_inst|count[19] ; ddfs:inst|freq_divider_DDFS:f_div_inst|count[19] ; 0.000        ; 0.071      ; 1.074      ;
; 0.867 ; ddfs:inst|cont[10] ; ddfs:inst|sin_lut:lut_inst|altsyncram:rom_rtl_0|altsyncram_3871:auto_generated|ram_block1a4~porta_address_reg0 ; ddfs:inst|freq_divider_DDFS:f_div_inst|count[19] ; ddfs:inst|freq_divider_DDFS:f_div_inst|count[19] ; 0.000        ; 0.060      ; 1.065      ;
; 0.870 ; ddfs:inst|cont[10] ; ddfs:inst|sin_lut:lut_inst|altsyncram:rom_rtl_0|altsyncram_3871:auto_generated|ram_block1a8~porta_address_reg0 ; ddfs:inst|freq_divider_DDFS:f_div_inst|count[19] ; ddfs:inst|freq_divider_DDFS:f_div_inst|count[19] ; 0.000        ; 0.069      ; 1.077      ;
; 0.872 ; ddfs:inst|cont[1]  ; ddfs:inst|cont[1]                                                                                              ; ddfs:inst|freq_divider_DDFS:f_div_inst|count[19] ; ddfs:inst|freq_divider_DDFS:f_div_inst|count[19] ; 0.000        ; 0.000      ; 1.024      ;
; 0.874 ; ddfs:inst|cont[3]  ; ddfs:inst|cont[3]                                                                                              ; ddfs:inst|freq_divider_DDFS:f_div_inst|count[19] ; ddfs:inst|freq_divider_DDFS:f_div_inst|count[19] ; 0.000        ; 0.000      ; 1.026      ;
; 0.878 ; ddfs:inst|cont[8]  ; ddfs:inst|cont[8]                                                                                              ; ddfs:inst|freq_divider_DDFS:f_div_inst|count[19] ; ddfs:inst|freq_divider_DDFS:f_div_inst|count[19] ; 0.000        ; 0.000      ; 1.030      ;
; 0.878 ; ddfs:inst|cont[7]  ; ddfs:inst|cont[9]                                                                                              ; ddfs:inst|freq_divider_DDFS:f_div_inst|count[19] ; ddfs:inst|freq_divider_DDFS:f_div_inst|count[19] ; 0.000        ; 0.001      ; 1.031      ;
; 0.887 ; ddfs:inst|cont[1]  ; ddfs:inst|cont[2]                                                                                              ; ddfs:inst|freq_divider_DDFS:f_div_inst|count[19] ; ddfs:inst|freq_divider_DDFS:f_div_inst|count[19] ; 0.000        ; -0.001     ; 1.038      ;
; 0.890 ; ddfs:inst|cont[2]  ; ddfs:inst|sin_lut:lut_inst|altsyncram:rom_rtl_0|altsyncram_3871:auto_generated|ram_block1a8~porta_address_reg2 ; ddfs:inst|freq_divider_DDFS:f_div_inst|count[19] ; ddfs:inst|freq_divider_DDFS:f_div_inst|count[19] ; 0.000        ; 0.072      ; 1.100      ;
; 0.892 ; ddfs:inst|cont[2]  ; ddfs:inst|sin_lut:lut_inst|altsyncram:rom_rtl_0|altsyncram_3871:auto_generated|ram_block1a4~porta_address_reg2 ; ddfs:inst|freq_divider_DDFS:f_div_inst|count[19] ; ddfs:inst|freq_divider_DDFS:f_div_inst|count[19] ; 0.000        ; 0.063      ; 1.093      ;
; 0.892 ; ddfs:inst|cont[10] ; ddfs:inst|sin_lut:lut_inst|altsyncram:rom_rtl_0|altsyncram_3871:auto_generated|ram_block1a1~porta_address_reg7 ; ddfs:inst|freq_divider_DDFS:f_div_inst|count[19] ; ddfs:inst|freq_divider_DDFS:f_div_inst|count[19] ; 0.000        ; 0.069      ; 1.099      ;
; 0.897 ; ddfs:inst|cont[10] ; ddfs:inst|sin_lut:lut_inst|altsyncram:rom_rtl_0|altsyncram_3871:auto_generated|ram_block1a1~porta_address_reg1 ; ddfs:inst|freq_divider_DDFS:f_div_inst|count[19] ; ddfs:inst|freq_divider_DDFS:f_div_inst|count[19] ; 0.000        ; 0.069      ; 1.104      ;
; 0.899 ; ddfs:inst|cont[11] ; ddfs:inst|cont[4]                                                                                              ; ddfs:inst|freq_divider_DDFS:f_div_inst|count[19] ; ddfs:inst|freq_divider_DDFS:f_div_inst|count[19] ; 0.000        ; -0.002     ; 1.049      ;
; 0.899 ; ddfs:inst|cont[10] ; ddfs:inst|sin_lut:lut_inst|altsyncram:rom_rtl_0|altsyncram_3871:auto_generated|ram_block1a1~porta_address_reg8 ; ddfs:inst|freq_divider_DDFS:f_div_inst|count[19] ; ddfs:inst|freq_divider_DDFS:f_div_inst|count[19] ; 0.000        ; 0.069      ; 1.106      ;
; 0.900 ; ddfs:inst|cont[6]  ; ddfs:inst|sin_lut:lut_inst|altsyncram:rom_rtl_0|altsyncram_3871:auto_generated|ram_block1a4~porta_address_reg6 ; ddfs:inst|freq_divider_DDFS:f_div_inst|count[19] ; ddfs:inst|freq_divider_DDFS:f_div_inst|count[19] ; 0.000        ; 0.062      ; 1.100      ;
; 0.900 ; ddfs:inst|cont[11] ; ddfs:inst|cont[0]                                                                                              ; ddfs:inst|freq_divider_DDFS:f_div_inst|count[19] ; ddfs:inst|freq_divider_DDFS:f_div_inst|count[19] ; 0.000        ; -0.002     ; 1.050      ;
; 0.901 ; ddfs:inst|cont[11] ; ddfs:inst|cont[5]                                                                                              ; ddfs:inst|freq_divider_DDFS:f_div_inst|count[19] ; ddfs:inst|freq_divider_DDFS:f_div_inst|count[19] ; 0.000        ; -0.002     ; 1.051      ;
; 0.902 ; ddfs:inst|cont[11] ; ddfs:inst|cont[6]                                                                                              ; ddfs:inst|freq_divider_DDFS:f_div_inst|count[19] ; ddfs:inst|freq_divider_DDFS:f_div_inst|count[19] ; 0.000        ; -0.002     ; 1.052      ;
; 0.902 ; ddfs:inst|cont[10] ; ddfs:inst|cont[6]                                                                                              ; ddfs:inst|freq_divider_DDFS:f_div_inst|count[19] ; ddfs:inst|freq_divider_DDFS:f_div_inst|count[19] ; 0.000        ; -0.002     ; 1.052      ;
; 0.903 ; ddfs:inst|cont[6]  ; ddfs:inst|sin_lut:lut_inst|altsyncram:rom_rtl_0|altsyncram_3871:auto_generated|ram_block1a8~porta_address_reg6 ; ddfs:inst|freq_divider_DDFS:f_div_inst|count[19] ; ddfs:inst|freq_divider_DDFS:f_div_inst|count[19] ; 0.000        ; 0.071      ; 1.112      ;
; 0.905 ; ddfs:inst|cont[10] ; ddfs:inst|cont[9]                                                                                              ; ddfs:inst|freq_divider_DDFS:f_div_inst|count[19] ; ddfs:inst|freq_divider_DDFS:f_div_inst|count[19] ; 0.000        ; -0.002     ; 1.055      ;
; 0.905 ; ddfs:inst|cont[10] ; ddfs:inst|cont[8]                                                                                              ; ddfs:inst|freq_divider_DDFS:f_div_inst|count[19] ; ddfs:inst|freq_divider_DDFS:f_div_inst|count[19] ; 0.000        ; -0.002     ; 1.055      ;
; 0.907 ; ddfs:inst|cont[10] ; ddfs:inst|cont[0]                                                                                              ; ddfs:inst|freq_divider_DDFS:f_div_inst|count[19] ; ddfs:inst|freq_divider_DDFS:f_div_inst|count[19] ; 0.000        ; -0.002     ; 1.057      ;
; 0.907 ; ddfs:inst|cont[0]  ; ddfs:inst|cont[2]                                                                                              ; ddfs:inst|freq_divider_DDFS:f_div_inst|count[19] ; ddfs:inst|freq_divider_DDFS:f_div_inst|count[19] ; 0.000        ; -0.001     ; 1.058      ;
; 0.909 ; ddfs:inst|cont[1]  ; ddfs:inst|sin_lut:lut_inst|altsyncram:rom_rtl_0|altsyncram_3871:auto_generated|ram_block1a1~porta_address_reg1 ; ddfs:inst|freq_divider_DDFS:f_div_inst|count[19] ; ddfs:inst|freq_divider_DDFS:f_div_inst|count[19] ; 0.000        ; 0.071      ; 1.118      ;
; 0.910 ; ddfs:inst|cont[10] ; ddfs:inst|sin_lut:lut_inst|altsyncram:rom_rtl_0|altsyncram_3871:auto_generated|ram_block1a1~porta_address_reg4 ; ddfs:inst|freq_divider_DDFS:f_div_inst|count[19] ; ddfs:inst|freq_divider_DDFS:f_div_inst|count[19] ; 0.000        ; 0.069      ; 1.117      ;
; 0.910 ; ddfs:inst|cont[10] ; ddfs:inst|cont[4]                                                                                              ; ddfs:inst|freq_divider_DDFS:f_div_inst|count[19] ; ddfs:inst|freq_divider_DDFS:f_div_inst|count[19] ; 0.000        ; -0.002     ; 1.060      ;
; 0.911 ; ddfs:inst|cont[10] ; ddfs:inst|cont[1]                                                                                              ; ddfs:inst|freq_divider_DDFS:f_div_inst|count[19] ; ddfs:inst|freq_divider_DDFS:f_div_inst|count[19] ; 0.000        ; -0.002     ; 1.061      ;
; 0.911 ; ddfs:inst|cont[10] ; ddfs:inst|cont[3]                                                                                              ; ddfs:inst|freq_divider_DDFS:f_div_inst|count[19] ; ddfs:inst|freq_divider_DDFS:f_div_inst|count[19] ; 0.000        ; -0.002     ; 1.061      ;
; 0.911 ; ddfs:inst|cont[10] ; ddfs:inst|cont[5]                                                                                              ; ddfs:inst|freq_divider_DDFS:f_div_inst|count[19] ; ddfs:inst|freq_divider_DDFS:f_div_inst|count[19] ; 0.000        ; -0.002     ; 1.061      ;
; 0.913 ; ddfs:inst|cont[10] ; ddfs:inst|sin_lut:lut_inst|altsyncram:rom_rtl_0|altsyncram_3871:auto_generated|ram_block1a1~porta_address_reg2 ; ddfs:inst|freq_divider_DDFS:f_div_inst|count[19] ; ddfs:inst|freq_divider_DDFS:f_div_inst|count[19] ; 0.000        ; 0.069      ; 1.120      ;
; 0.918 ; ddfs:inst|cont[3]  ; ddfs:inst|sin_lut:lut_inst|altsyncram:rom_rtl_0|altsyncram_3871:auto_generated|ram_block1a4~porta_address_reg3 ; ddfs:inst|freq_divider_DDFS:f_div_inst|count[19] ; ddfs:inst|freq_divider_DDFS:f_div_inst|count[19] ; 0.000        ; 0.062      ; 1.118      ;
; 0.922 ; ddfs:inst|cont[7]  ; ddfs:inst|cont[8]                                                                                              ; ddfs:inst|freq_divider_DDFS:f_div_inst|count[19] ; ddfs:inst|freq_divider_DDFS:f_div_inst|count[19] ; 0.000        ; 0.001      ; 1.075      ;
; 0.926 ; ddfs:inst|cont[10] ; ddfs:inst|sin_lut:lut_inst|altsyncram:rom_rtl_0|altsyncram_3871:auto_generated|ram_block1a4~porta_address_reg3 ; ddfs:inst|freq_divider_DDFS:f_div_inst|count[19] ; ddfs:inst|freq_divider_DDFS:f_div_inst|count[19] ; 0.000        ; 0.060      ; 1.124      ;
; 0.927 ; ddfs:inst|cont[2]  ; ddfs:inst|cont[3]                                                                                              ; ddfs:inst|freq_divider_DDFS:f_div_inst|count[19] ; ddfs:inst|freq_divider_DDFS:f_div_inst|count[19] ; 0.000        ; 0.001      ; 1.080      ;
; 0.930 ; ddfs:inst|cont[4]  ; ddfs:inst|sin_lut:lut_inst|altsyncram:rom_rtl_0|altsyncram_3871:auto_generated|ram_block1a1~porta_address_reg4 ; ddfs:inst|freq_divider_DDFS:f_div_inst|count[19] ; ddfs:inst|freq_divider_DDFS:f_div_inst|count[19] ; 0.000        ; 0.071      ; 1.139      ;
; 0.935 ; ddfs:inst|cont[5]  ; ddfs:inst|cont[5]                                                                                              ; ddfs:inst|freq_divider_DDFS:f_div_inst|count[19] ; ddfs:inst|freq_divider_DDFS:f_div_inst|count[19] ; 0.000        ; 0.000      ; 1.087      ;
; 0.937 ; ddfs:inst|cont[8]  ; ddfs:inst|cont[9]                                                                                              ; ddfs:inst|freq_divider_DDFS:f_div_inst|count[19] ; ddfs:inst|freq_divider_DDFS:f_div_inst|count[19] ; 0.000        ; 0.000      ; 1.089      ;
; 0.942 ; ddfs:inst|cont[4]  ; ddfs:inst|cont[4]                                                                                              ; ddfs:inst|freq_divider_DDFS:f_div_inst|count[19] ; ddfs:inst|freq_divider_DDFS:f_div_inst|count[19] ; 0.000        ; 0.000      ; 1.094      ;
; 0.946 ; ddfs:inst|cont[7]  ; ddfs:inst|sin_lut:lut_inst|altsyncram:rom_rtl_0|altsyncram_3871:auto_generated|ram_block1a8~porta_address_reg7 ; ddfs:inst|freq_divider_DDFS:f_div_inst|count[19] ; ddfs:inst|freq_divider_DDFS:f_div_inst|count[19] ; 0.000        ; 0.072      ; 1.156      ;
; 0.954 ; ddfs:inst|cont[7]  ; ddfs:inst|sin_lut:lut_inst|altsyncram:rom_rtl_0|altsyncram_3871:auto_generated|ram_block1a4~porta_address_reg7 ; ddfs:inst|freq_divider_DDFS:f_div_inst|count[19] ; ddfs:inst|freq_divider_DDFS:f_div_inst|count[19] ; 0.000        ; 0.063      ; 1.155      ;
; 0.960 ; ddfs:inst|cont[6]  ; ddfs:inst|cont[7]                                                                                              ; ddfs:inst|freq_divider_DDFS:f_div_inst|count[19] ; ddfs:inst|freq_divider_DDFS:f_div_inst|count[19] ; 0.000        ; -0.001     ; 1.111      ;
; 0.966 ; ddfs:inst|cont[10] ; ddfs:inst|cont[7]                                                                                              ; ddfs:inst|freq_divider_DDFS:f_div_inst|count[19] ; ddfs:inst|freq_divider_DDFS:f_div_inst|count[19] ; 0.000        ; -0.003     ; 1.115      ;
; 0.967 ; ddfs:inst|cont[5]  ; ddfs:inst|cont[6]                                                                                              ; ddfs:inst|freq_divider_DDFS:f_div_inst|count[19] ; ddfs:inst|freq_divider_DDFS:f_div_inst|count[19] ; 0.000        ; 0.000      ; 1.119      ;
; 0.968 ; ddfs:inst|cont[10] ; ddfs:inst|cont[2]                                                                                              ; ddfs:inst|freq_divider_DDFS:f_div_inst|count[19] ; ddfs:inst|freq_divider_DDFS:f_div_inst|count[19] ; 0.000        ; -0.003     ; 1.117      ;
; 0.980 ; ddfs:inst|cont[11] ; ddfs:inst|cont[1]                                                                                              ; ddfs:inst|freq_divider_DDFS:f_div_inst|count[19] ; ddfs:inst|freq_divider_DDFS:f_div_inst|count[19] ; 0.000        ; -0.002     ; 1.130      ;
; 0.980 ; ddfs:inst|cont[11] ; ddfs:inst|cont[3]                                                                                              ; ddfs:inst|freq_divider_DDFS:f_div_inst|count[19] ; ddfs:inst|freq_divider_DDFS:f_div_inst|count[19] ; 0.000        ; -0.002     ; 1.130      ;
; 0.981 ; ddfs:inst|cont[11] ; ddfs:inst|cont[9]                                                                                              ; ddfs:inst|freq_divider_DDFS:f_div_inst|count[19] ; ddfs:inst|freq_divider_DDFS:f_div_inst|count[19] ; 0.000        ; -0.002     ; 1.131      ;
; 0.981 ; ddfs:inst|cont[11] ; ddfs:inst|cont[8]                                                                                              ; ddfs:inst|freq_divider_DDFS:f_div_inst|count[19] ; ddfs:inst|freq_divider_DDFS:f_div_inst|count[19] ; 0.000        ; -0.002     ; 1.131      ;
; 0.987 ; ddfs:inst|cont[2]  ; ddfs:inst|cont[6]                                                                                              ; ddfs:inst|freq_divider_DDFS:f_div_inst|count[19] ; ddfs:inst|freq_divider_DDFS:f_div_inst|count[19] ; 0.000        ; 0.001      ; 1.140      ;
; 0.988 ; ddfs:inst|cont[5]  ; ddfs:inst|cont[7]                                                                                              ; ddfs:inst|freq_divider_DDFS:f_div_inst|count[19] ; ddfs:inst|freq_divider_DDFS:f_div_inst|count[19] ; 0.000        ; -0.001     ; 1.139      ;
; 0.991 ; ddfs:inst|cont[8]  ; ddfs:inst|sin_lut:lut_inst|altsyncram:rom_rtl_0|altsyncram_3871:auto_generated|ram_block1a1~porta_address_reg8 ; ddfs:inst|freq_divider_DDFS:f_div_inst|count[19] ; ddfs:inst|freq_divider_DDFS:f_div_inst|count[19] ; 0.000        ; 0.071      ; 1.200      ;
; 0.991 ; ddfs:inst|cont[4]  ; ddfs:inst|cont[6]                                                                                              ; ddfs:inst|freq_divider_DDFS:f_div_inst|count[19] ; ddfs:inst|freq_divider_DDFS:f_div_inst|count[19] ; 0.000        ; 0.000      ; 1.143      ;
; 0.995 ; ddfs:inst|cont[0]  ; ddfs:inst|cont[1]                                                                                              ; ddfs:inst|freq_divider_DDFS:f_div_inst|count[19] ; ddfs:inst|freq_divider_DDFS:f_div_inst|count[19] ; 0.000        ; 0.000      ; 1.147      ;
; 1.008 ; ddfs:inst|cont[2]  ; ddfs:inst|cont[7]                                                                                              ; ddfs:inst|freq_divider_DDFS:f_div_inst|count[19] ; ddfs:inst|freq_divider_DDFS:f_div_inst|count[19] ; 0.000        ; 0.000      ; 1.160      ;
; 1.012 ; ddfs:inst|cont[4]  ; ddfs:inst|cont[7]                                                                                              ; ddfs:inst|freq_divider_DDFS:f_div_inst|count[19] ; ddfs:inst|freq_divider_DDFS:f_div_inst|count[19] ; 0.000        ; -0.001     ; 1.163      ;
; 1.025 ; ddfs:inst|cont[10] ; ddfs:inst|sin_lut:lut_inst|altsyncram:rom_rtl_0|altsyncram_3871:auto_generated|ram_block1a4~porta_address_reg8 ; ddfs:inst|freq_divider_DDFS:f_div_inst|count[19] ; ddfs:inst|freq_divider_DDFS:f_div_inst|count[19] ; 0.000        ; 0.060      ; 1.223      ;
; 1.028 ; ddfs:inst|cont[10] ; ddfs:inst|sin_lut:lut_inst|altsyncram:rom_rtl_0|altsyncram_3871:auto_generated|ram_block1a8~porta_address_reg9 ; ddfs:inst|freq_divider_DDFS:f_div_inst|count[19] ; ddfs:inst|freq_divider_DDFS:f_div_inst|count[19] ; 0.000        ; 0.069      ; 1.235      ;
; 1.028 ; ddfs:inst|cont[10] ; ddfs:inst|sin_lut:lut_inst|altsyncram:rom_rtl_0|altsyncram_3871:auto_generated|ram_block1a8~porta_address_reg1 ; ddfs:inst|freq_divider_DDFS:f_div_inst|count[19] ; ddfs:inst|freq_divider_DDFS:f_div_inst|count[19] ; 0.000        ; 0.069      ; 1.235      ;
; 1.028 ; ddfs:inst|cont[10] ; ddfs:inst|sin_lut:lut_inst|altsyncram:rom_rtl_0|altsyncram_3871:auto_generated|ram_block1a8~porta_address_reg7 ; ddfs:inst|freq_divider_DDFS:f_div_inst|count[19] ; ddfs:inst|freq_divider_DDFS:f_div_inst|count[19] ; 0.000        ; 0.069      ; 1.235      ;
; 1.032 ; ddfs:inst|cont[10] ; ddfs:inst|sin_lut:lut_inst|altsyncram:rom_rtl_0|altsyncram_3871:auto_generated|ram_block1a8~porta_address_reg8 ; ddfs:inst|freq_divider_DDFS:f_div_inst|count[19] ; ddfs:inst|freq_divider_DDFS:f_div_inst|count[19] ; 0.000        ; 0.069      ; 1.239      ;
; 1.032 ; ddfs:inst|cont[10] ; ddfs:inst|sin_lut:lut_inst|altsyncram:rom_rtl_0|altsyncram_3871:auto_generated|ram_block1a4~porta_address_reg9 ; ddfs:inst|freq_divider_DDFS:f_div_inst|count[19] ; ddfs:inst|freq_divider_DDFS:f_div_inst|count[19] ; 0.000        ; 0.060      ; 1.230      ;
; 1.034 ; ddfs:inst|cont[10] ; ddfs:inst|sin_lut:lut_inst|altsyncram:rom_rtl_0|altsyncram_3871:auto_generated|ram_block1a8~porta_address_reg4 ; ddfs:inst|freq_divider_DDFS:f_div_inst|count[19] ; ddfs:inst|freq_divider_DDFS:f_div_inst|count[19] ; 0.000        ; 0.069      ; 1.241      ;
; 1.036 ; ddfs:inst|cont[10] ; ddfs:inst|sin_lut:lut_inst|altsyncram:rom_rtl_0|altsyncram_3871:auto_generated|ram_block1a4~porta_address_reg7 ; ddfs:inst|freq_divider_DDFS:f_div_inst|count[19] ; ddfs:inst|freq_divider_DDFS:f_div_inst|count[19] ; 0.000        ; 0.060      ; 1.234      ;
; 1.037 ; ddfs:inst|cont[10] ; ddfs:inst|sin_lut:lut_inst|altsyncram:rom_rtl_0|altsyncram_3871:auto_generated|ram_block1a1~porta_address_reg9 ; ddfs:inst|freq_divider_DDFS:f_div_inst|count[19] ; ddfs:inst|freq_divider_DDFS:f_div_inst|count[19] ; 0.000        ; 0.069      ; 1.244      ;
; 1.037 ; ddfs:inst|cont[3]  ; ddfs:inst|cont[6]                                                                                              ; ddfs:inst|freq_divider_DDFS:f_div_inst|count[19] ; ddfs:inst|freq_divider_DDFS:f_div_inst|count[19] ; 0.000        ; 0.000      ; 1.189      ;
; 1.037 ; ddfs:inst|cont[9]  ; ddfs:inst|sin_lut:lut_inst|altsyncram:rom_rtl_0|altsyncram_3871:auto_generated|ram_block1a8~porta_address_reg9 ; ddfs:inst|freq_divider_DDFS:f_div_inst|count[19] ; ddfs:inst|freq_divider_DDFS:f_div_inst|count[19] ; 0.000        ; 0.071      ; 1.246      ;
; 1.040 ; ddfs:inst|cont[10] ; ddfs:inst|sin_lut:lut_inst|altsyncram:rom_rtl_0|altsyncram_3871:auto_generated|ram_block1a4~porta_address_reg4 ; ddfs:inst|freq_divider_DDFS:f_div_inst|count[19] ; ddfs:inst|freq_divider_DDFS:f_div_inst|count[19] ; 0.000        ; 0.060      ; 1.238      ;
+-------+--------------------+----------------------------------------------------------------------------------------------------------------+--------------------------------------------------+--------------------------------------------------+--------------+------------+------------+


+--------------------------------------------------------------------------------------------------------------------------------------------------------------------------------------------------------------------------------------------+
; Fast Model Minimum Pulse Width: 'ddfs:inst|freq_divider_DDFS:f_div_inst|count[19]'                                                                                                                                                         ;
+--------+--------------+----------------+------------------+--------------------------------------------------+------------+----------------------------------------------------------------------------------------------------------------+
; Slack  ; Actual Width ; Required Width ; Type             ; Clock                                            ; Clock Edge ; Target                                                                                                         ;
+--------+--------------+----------------+------------------+--------------------------------------------------+------------+----------------------------------------------------------------------------------------------------------------+
; -1.423 ; 0.500        ; 1.923          ; High Pulse Width ; ddfs:inst|freq_divider_DDFS:f_div_inst|count[19] ; Rise       ; ddfs:inst|sin_lut:lut_inst|altsyncram:rom_rtl_0|altsyncram_3871:auto_generated|ram_block1a1~porta_address_reg0 ;
; -1.423 ; 0.500        ; 1.923          ; Low Pulse Width  ; ddfs:inst|freq_divider_DDFS:f_div_inst|count[19] ; Rise       ; ddfs:inst|sin_lut:lut_inst|altsyncram:rom_rtl_0|altsyncram_3871:auto_generated|ram_block1a1~porta_address_reg0 ;
; -1.423 ; 0.500        ; 1.923          ; High Pulse Width ; ddfs:inst|freq_divider_DDFS:f_div_inst|count[19] ; Rise       ; ddfs:inst|sin_lut:lut_inst|altsyncram:rom_rtl_0|altsyncram_3871:auto_generated|ram_block1a1~porta_address_reg1 ;
; -1.423 ; 0.500        ; 1.923          ; Low Pulse Width  ; ddfs:inst|freq_divider_DDFS:f_div_inst|count[19] ; Rise       ; ddfs:inst|sin_lut:lut_inst|altsyncram:rom_rtl_0|altsyncram_3871:auto_generated|ram_block1a1~porta_address_reg1 ;
; -1.423 ; 0.500        ; 1.923          ; High Pulse Width ; ddfs:inst|freq_divider_DDFS:f_div_inst|count[19] ; Rise       ; ddfs:inst|sin_lut:lut_inst|altsyncram:rom_rtl_0|altsyncram_3871:auto_generated|ram_block1a1~porta_address_reg2 ;
; -1.423 ; 0.500        ; 1.923          ; Low Pulse Width  ; ddfs:inst|freq_divider_DDFS:f_div_inst|count[19] ; Rise       ; ddfs:inst|sin_lut:lut_inst|altsyncram:rom_rtl_0|altsyncram_3871:auto_generated|ram_block1a1~porta_address_reg2 ;
; -1.423 ; 0.500        ; 1.923          ; High Pulse Width ; ddfs:inst|freq_divider_DDFS:f_div_inst|count[19] ; Rise       ; ddfs:inst|sin_lut:lut_inst|altsyncram:rom_rtl_0|altsyncram_3871:auto_generated|ram_block1a1~porta_address_reg3 ;
; -1.423 ; 0.500        ; 1.923          ; Low Pulse Width  ; ddfs:inst|freq_divider_DDFS:f_div_inst|count[19] ; Rise       ; ddfs:inst|sin_lut:lut_inst|altsyncram:rom_rtl_0|altsyncram_3871:auto_generated|ram_block1a1~porta_address_reg3 ;
; -1.423 ; 0.500        ; 1.923          ; High Pulse Width ; ddfs:inst|freq_divider_DDFS:f_div_inst|count[19] ; Rise       ; ddfs:inst|sin_lut:lut_inst|altsyncram:rom_rtl_0|altsyncram_3871:auto_generated|ram_block1a1~porta_address_reg4 ;
; -1.423 ; 0.500        ; 1.923          ; Low Pulse Width  ; ddfs:inst|freq_divider_DDFS:f_div_inst|count[19] ; Rise       ; ddfs:inst|sin_lut:lut_inst|altsyncram:rom_rtl_0|altsyncram_3871:auto_generated|ram_block1a1~porta_address_reg4 ;
; -1.423 ; 0.500        ; 1.923          ; High Pulse Width ; ddfs:inst|freq_divider_DDFS:f_div_inst|count[19] ; Rise       ; ddfs:inst|sin_lut:lut_inst|altsyncram:rom_rtl_0|altsyncram_3871:auto_generated|ram_block1a1~porta_address_reg5 ;
; -1.423 ; 0.500        ; 1.923          ; Low Pulse Width  ; ddfs:inst|freq_divider_DDFS:f_div_inst|count[19] ; Rise       ; ddfs:inst|sin_lut:lut_inst|altsyncram:rom_rtl_0|altsyncram_3871:auto_generated|ram_block1a1~porta_address_reg5 ;
; -1.423 ; 0.500        ; 1.923          ; High Pulse Width ; ddfs:inst|freq_divider_DDFS:f_div_inst|count[19] ; Rise       ; ddfs:inst|sin_lut:lut_inst|altsyncram:rom_rtl_0|altsyncram_3871:auto_generated|ram_block1a1~porta_address_reg6 ;
; -1.423 ; 0.500        ; 1.923          ; Low Pulse Width  ; ddfs:inst|freq_divider_DDFS:f_div_inst|count[19] ; Rise       ; ddfs:inst|sin_lut:lut_inst|altsyncram:rom_rtl_0|altsyncram_3871:auto_generated|ram_block1a1~porta_address_reg6 ;
; -1.423 ; 0.500        ; 1.923          ; High Pulse Width ; ddfs:inst|freq_divider_DDFS:f_div_inst|count[19] ; Rise       ; ddfs:inst|sin_lut:lut_inst|altsyncram:rom_rtl_0|altsyncram_3871:auto_generated|ram_block1a1~porta_address_reg7 ;
; -1.423 ; 0.500        ; 1.923          ; Low Pulse Width  ; ddfs:inst|freq_divider_DDFS:f_div_inst|count[19] ; Rise       ; ddfs:inst|sin_lut:lut_inst|altsyncram:rom_rtl_0|altsyncram_3871:auto_generated|ram_block1a1~porta_address_reg7 ;
; -1.423 ; 0.500        ; 1.923          ; High Pulse Width ; ddfs:inst|freq_divider_DDFS:f_div_inst|count[19] ; Rise       ; ddfs:inst|sin_lut:lut_inst|altsyncram:rom_rtl_0|altsyncram_3871:auto_generated|ram_block1a1~porta_address_reg8 ;
; -1.423 ; 0.500        ; 1.923          ; Low Pulse Width  ; ddfs:inst|freq_divider_DDFS:f_div_inst|count[19] ; Rise       ; ddfs:inst|sin_lut:lut_inst|altsyncram:rom_rtl_0|altsyncram_3871:auto_generated|ram_block1a1~porta_address_reg8 ;
; -1.423 ; 0.500        ; 1.923          ; High Pulse Width ; ddfs:inst|freq_divider_DDFS:f_div_inst|count[19] ; Rise       ; ddfs:inst|sin_lut:lut_inst|altsyncram:rom_rtl_0|altsyncram_3871:auto_generated|ram_block1a1~porta_address_reg9 ;
; -1.423 ; 0.500        ; 1.923          ; Low Pulse Width  ; ddfs:inst|freq_divider_DDFS:f_div_inst|count[19] ; Rise       ; ddfs:inst|sin_lut:lut_inst|altsyncram:rom_rtl_0|altsyncram_3871:auto_generated|ram_block1a1~porta_address_reg9 ;
; -1.423 ; 0.500        ; 1.923          ; High Pulse Width ; ddfs:inst|freq_divider_DDFS:f_div_inst|count[19] ; Rise       ; ddfs:inst|sin_lut:lut_inst|altsyncram:rom_rtl_0|altsyncram_3871:auto_generated|ram_block1a4~porta_address_reg0 ;
; -1.423 ; 0.500        ; 1.923          ; Low Pulse Width  ; ddfs:inst|freq_divider_DDFS:f_div_inst|count[19] ; Rise       ; ddfs:inst|sin_lut:lut_inst|altsyncram:rom_rtl_0|altsyncram_3871:auto_generated|ram_block1a4~porta_address_reg0 ;
; -1.423 ; 0.500        ; 1.923          ; High Pulse Width ; ddfs:inst|freq_divider_DDFS:f_div_inst|count[19] ; Rise       ; ddfs:inst|sin_lut:lut_inst|altsyncram:rom_rtl_0|altsyncram_3871:auto_generated|ram_block1a4~porta_address_reg1 ;
; -1.423 ; 0.500        ; 1.923          ; Low Pulse Width  ; ddfs:inst|freq_divider_DDFS:f_div_inst|count[19] ; Rise       ; ddfs:inst|sin_lut:lut_inst|altsyncram:rom_rtl_0|altsyncram_3871:auto_generated|ram_block1a4~porta_address_reg1 ;
; -1.423 ; 0.500        ; 1.923          ; High Pulse Width ; ddfs:inst|freq_divider_DDFS:f_div_inst|count[19] ; Rise       ; ddfs:inst|sin_lut:lut_inst|altsyncram:rom_rtl_0|altsyncram_3871:auto_generated|ram_block1a4~porta_address_reg2 ;
; -1.423 ; 0.500        ; 1.923          ; Low Pulse Width  ; ddfs:inst|freq_divider_DDFS:f_div_inst|count[19] ; Rise       ; ddfs:inst|sin_lut:lut_inst|altsyncram:rom_rtl_0|altsyncram_3871:auto_generated|ram_block1a4~porta_address_reg2 ;
; -1.423 ; 0.500        ; 1.923          ; High Pulse Width ; ddfs:inst|freq_divider_DDFS:f_div_inst|count[19] ; Rise       ; ddfs:inst|sin_lut:lut_inst|altsyncram:rom_rtl_0|altsyncram_3871:auto_generated|ram_block1a4~porta_address_reg3 ;
; -1.423 ; 0.500        ; 1.923          ; Low Pulse Width  ; ddfs:inst|freq_divider_DDFS:f_div_inst|count[19] ; Rise       ; ddfs:inst|sin_lut:lut_inst|altsyncram:rom_rtl_0|altsyncram_3871:auto_generated|ram_block1a4~porta_address_reg3 ;
; -1.423 ; 0.500        ; 1.923          ; High Pulse Width ; ddfs:inst|freq_divider_DDFS:f_div_inst|count[19] ; Rise       ; ddfs:inst|sin_lut:lut_inst|altsyncram:rom_rtl_0|altsyncram_3871:auto_generated|ram_block1a4~porta_address_reg4 ;
; -1.423 ; 0.500        ; 1.923          ; Low Pulse Width  ; ddfs:inst|freq_divider_DDFS:f_div_inst|count[19] ; Rise       ; ddfs:inst|sin_lut:lut_inst|altsyncram:rom_rtl_0|altsyncram_3871:auto_generated|ram_block1a4~porta_address_reg4 ;
; -1.423 ; 0.500        ; 1.923          ; High Pulse Width ; ddfs:inst|freq_divider_DDFS:f_div_inst|count[19] ; Rise       ; ddfs:inst|sin_lut:lut_inst|altsyncram:rom_rtl_0|altsyncram_3871:auto_generated|ram_block1a4~porta_address_reg5 ;
; -1.423 ; 0.500        ; 1.923          ; Low Pulse Width  ; ddfs:inst|freq_divider_DDFS:f_div_inst|count[19] ; Rise       ; ddfs:inst|sin_lut:lut_inst|altsyncram:rom_rtl_0|altsyncram_3871:auto_generated|ram_block1a4~porta_address_reg5 ;
; -1.423 ; 0.500        ; 1.923          ; High Pulse Width ; ddfs:inst|freq_divider_DDFS:f_div_inst|count[19] ; Rise       ; ddfs:inst|sin_lut:lut_inst|altsyncram:rom_rtl_0|altsyncram_3871:auto_generated|ram_block1a4~porta_address_reg6 ;
; -1.423 ; 0.500        ; 1.923          ; Low Pulse Width  ; ddfs:inst|freq_divider_DDFS:f_div_inst|count[19] ; Rise       ; ddfs:inst|sin_lut:lut_inst|altsyncram:rom_rtl_0|altsyncram_3871:auto_generated|ram_block1a4~porta_address_reg6 ;
; -1.423 ; 0.500        ; 1.923          ; High Pulse Width ; ddfs:inst|freq_divider_DDFS:f_div_inst|count[19] ; Rise       ; ddfs:inst|sin_lut:lut_inst|altsyncram:rom_rtl_0|altsyncram_3871:auto_generated|ram_block1a4~porta_address_reg7 ;
; -1.423 ; 0.500        ; 1.923          ; Low Pulse Width  ; ddfs:inst|freq_divider_DDFS:f_div_inst|count[19] ; Rise       ; ddfs:inst|sin_lut:lut_inst|altsyncram:rom_rtl_0|altsyncram_3871:auto_generated|ram_block1a4~porta_address_reg7 ;
; -1.423 ; 0.500        ; 1.923          ; High Pulse Width ; ddfs:inst|freq_divider_DDFS:f_div_inst|count[19] ; Rise       ; ddfs:inst|sin_lut:lut_inst|altsyncram:rom_rtl_0|altsyncram_3871:auto_generated|ram_block1a4~porta_address_reg8 ;
; -1.423 ; 0.500        ; 1.923          ; Low Pulse Width  ; ddfs:inst|freq_divider_DDFS:f_div_inst|count[19] ; Rise       ; ddfs:inst|sin_lut:lut_inst|altsyncram:rom_rtl_0|altsyncram_3871:auto_generated|ram_block1a4~porta_address_reg8 ;
; -1.423 ; 0.500        ; 1.923          ; High Pulse Width ; ddfs:inst|freq_divider_DDFS:f_div_inst|count[19] ; Rise       ; ddfs:inst|sin_lut:lut_inst|altsyncram:rom_rtl_0|altsyncram_3871:auto_generated|ram_block1a4~porta_address_reg9 ;
; -1.423 ; 0.500        ; 1.923          ; Low Pulse Width  ; ddfs:inst|freq_divider_DDFS:f_div_inst|count[19] ; Rise       ; ddfs:inst|sin_lut:lut_inst|altsyncram:rom_rtl_0|altsyncram_3871:auto_generated|ram_block1a4~porta_address_reg9 ;
; -1.423 ; 0.500        ; 1.923          ; High Pulse Width ; ddfs:inst|freq_divider_DDFS:f_div_inst|count[19] ; Rise       ; ddfs:inst|sin_lut:lut_inst|altsyncram:rom_rtl_0|altsyncram_3871:auto_generated|ram_block1a8~porta_address_reg0 ;
; -1.423 ; 0.500        ; 1.923          ; Low Pulse Width  ; ddfs:inst|freq_divider_DDFS:f_div_inst|count[19] ; Rise       ; ddfs:inst|sin_lut:lut_inst|altsyncram:rom_rtl_0|altsyncram_3871:auto_generated|ram_block1a8~porta_address_reg0 ;
; -1.423 ; 0.500        ; 1.923          ; High Pulse Width ; ddfs:inst|freq_divider_DDFS:f_div_inst|count[19] ; Rise       ; ddfs:inst|sin_lut:lut_inst|altsyncram:rom_rtl_0|altsyncram_3871:auto_generated|ram_block1a8~porta_address_reg1 ;
; -1.423 ; 0.500        ; 1.923          ; Low Pulse Width  ; ddfs:inst|freq_divider_DDFS:f_div_inst|count[19] ; Rise       ; ddfs:inst|sin_lut:lut_inst|altsyncram:rom_rtl_0|altsyncram_3871:auto_generated|ram_block1a8~porta_address_reg1 ;
; -1.423 ; 0.500        ; 1.923          ; High Pulse Width ; ddfs:inst|freq_divider_DDFS:f_div_inst|count[19] ; Rise       ; ddfs:inst|sin_lut:lut_inst|altsyncram:rom_rtl_0|altsyncram_3871:auto_generated|ram_block1a8~porta_address_reg2 ;
; -1.423 ; 0.500        ; 1.923          ; Low Pulse Width  ; ddfs:inst|freq_divider_DDFS:f_div_inst|count[19] ; Rise       ; ddfs:inst|sin_lut:lut_inst|altsyncram:rom_rtl_0|altsyncram_3871:auto_generated|ram_block1a8~porta_address_reg2 ;
; -1.423 ; 0.500        ; 1.923          ; High Pulse Width ; ddfs:inst|freq_divider_DDFS:f_div_inst|count[19] ; Rise       ; ddfs:inst|sin_lut:lut_inst|altsyncram:rom_rtl_0|altsyncram_3871:auto_generated|ram_block1a8~porta_address_reg3 ;
; -1.423 ; 0.500        ; 1.923          ; Low Pulse Width  ; ddfs:inst|freq_divider_DDFS:f_div_inst|count[19] ; Rise       ; ddfs:inst|sin_lut:lut_inst|altsyncram:rom_rtl_0|altsyncram_3871:auto_generated|ram_block1a8~porta_address_reg3 ;
; -1.423 ; 0.500        ; 1.923          ; High Pulse Width ; ddfs:inst|freq_divider_DDFS:f_div_inst|count[19] ; Rise       ; ddfs:inst|sin_lut:lut_inst|altsyncram:rom_rtl_0|altsyncram_3871:auto_generated|ram_block1a8~porta_address_reg4 ;
; -1.423 ; 0.500        ; 1.923          ; Low Pulse Width  ; ddfs:inst|freq_divider_DDFS:f_div_inst|count[19] ; Rise       ; ddfs:inst|sin_lut:lut_inst|altsyncram:rom_rtl_0|altsyncram_3871:auto_generated|ram_block1a8~porta_address_reg4 ;
; -1.423 ; 0.500        ; 1.923          ; High Pulse Width ; ddfs:inst|freq_divider_DDFS:f_div_inst|count[19] ; Rise       ; ddfs:inst|sin_lut:lut_inst|altsyncram:rom_rtl_0|altsyncram_3871:auto_generated|ram_block1a8~porta_address_reg5 ;
; -1.423 ; 0.500        ; 1.923          ; Low Pulse Width  ; ddfs:inst|freq_divider_DDFS:f_div_inst|count[19] ; Rise       ; ddfs:inst|sin_lut:lut_inst|altsyncram:rom_rtl_0|altsyncram_3871:auto_generated|ram_block1a8~porta_address_reg5 ;
; -1.423 ; 0.500        ; 1.923          ; High Pulse Width ; ddfs:inst|freq_divider_DDFS:f_div_inst|count[19] ; Rise       ; ddfs:inst|sin_lut:lut_inst|altsyncram:rom_rtl_0|altsyncram_3871:auto_generated|ram_block1a8~porta_address_reg6 ;
; -1.423 ; 0.500        ; 1.923          ; Low Pulse Width  ; ddfs:inst|freq_divider_DDFS:f_div_inst|count[19] ; Rise       ; ddfs:inst|sin_lut:lut_inst|altsyncram:rom_rtl_0|altsyncram_3871:auto_generated|ram_block1a8~porta_address_reg6 ;
; -1.423 ; 0.500        ; 1.923          ; High Pulse Width ; ddfs:inst|freq_divider_DDFS:f_div_inst|count[19] ; Rise       ; ddfs:inst|sin_lut:lut_inst|altsyncram:rom_rtl_0|altsyncram_3871:auto_generated|ram_block1a8~porta_address_reg7 ;
; -1.423 ; 0.500        ; 1.923          ; Low Pulse Width  ; ddfs:inst|freq_divider_DDFS:f_div_inst|count[19] ; Rise       ; ddfs:inst|sin_lut:lut_inst|altsyncram:rom_rtl_0|altsyncram_3871:auto_generated|ram_block1a8~porta_address_reg7 ;
; -1.423 ; 0.500        ; 1.923          ; High Pulse Width ; ddfs:inst|freq_divider_DDFS:f_div_inst|count[19] ; Rise       ; ddfs:inst|sin_lut:lut_inst|altsyncram:rom_rtl_0|altsyncram_3871:auto_generated|ram_block1a8~porta_address_reg8 ;
; -1.423 ; 0.500        ; 1.923          ; Low Pulse Width  ; ddfs:inst|freq_divider_DDFS:f_div_inst|count[19] ; Rise       ; ddfs:inst|sin_lut:lut_inst|altsyncram:rom_rtl_0|altsyncram_3871:auto_generated|ram_block1a8~porta_address_reg8 ;
; -1.423 ; 0.500        ; 1.923          ; High Pulse Width ; ddfs:inst|freq_divider_DDFS:f_div_inst|count[19] ; Rise       ; ddfs:inst|sin_lut:lut_inst|altsyncram:rom_rtl_0|altsyncram_3871:auto_generated|ram_block1a8~porta_address_reg9 ;
; -1.423 ; 0.500        ; 1.923          ; Low Pulse Width  ; ddfs:inst|freq_divider_DDFS:f_div_inst|count[19] ; Rise       ; ddfs:inst|sin_lut:lut_inst|altsyncram:rom_rtl_0|altsyncram_3871:auto_generated|ram_block1a8~porta_address_reg9 ;
; -0.500 ; 0.500        ; 1.000          ; High Pulse Width ; ddfs:inst|freq_divider_DDFS:f_div_inst|count[19] ; Rise       ; ddfs:inst|cont[0]                                                                                              ;
; -0.500 ; 0.500        ; 1.000          ; Low Pulse Width  ; ddfs:inst|freq_divider_DDFS:f_div_inst|count[19] ; Rise       ; ddfs:inst|cont[0]                                                                                              ;
; -0.500 ; 0.500        ; 1.000          ; High Pulse Width ; ddfs:inst|freq_divider_DDFS:f_div_inst|count[19] ; Rise       ; ddfs:inst|cont[10]                                                                                             ;
; -0.500 ; 0.500        ; 1.000          ; Low Pulse Width  ; ddfs:inst|freq_divider_DDFS:f_div_inst|count[19] ; Rise       ; ddfs:inst|cont[10]                                                                                             ;
; -0.500 ; 0.500        ; 1.000          ; High Pulse Width ; ddfs:inst|freq_divider_DDFS:f_div_inst|count[19] ; Rise       ; ddfs:inst|cont[11]                                                                                             ;
; -0.500 ; 0.500        ; 1.000          ; Low Pulse Width  ; ddfs:inst|freq_divider_DDFS:f_div_inst|count[19] ; Rise       ; ddfs:inst|cont[11]                                                                                             ;
; -0.500 ; 0.500        ; 1.000          ; High Pulse Width ; ddfs:inst|freq_divider_DDFS:f_div_inst|count[19] ; Rise       ; ddfs:inst|cont[1]                                                                                              ;
; -0.500 ; 0.500        ; 1.000          ; Low Pulse Width  ; ddfs:inst|freq_divider_DDFS:f_div_inst|count[19] ; Rise       ; ddfs:inst|cont[1]                                                                                              ;
; -0.500 ; 0.500        ; 1.000          ; High Pulse Width ; ddfs:inst|freq_divider_DDFS:f_div_inst|count[19] ; Rise       ; ddfs:inst|cont[2]                                                                                              ;
; -0.500 ; 0.500        ; 1.000          ; Low Pulse Width  ; ddfs:inst|freq_divider_DDFS:f_div_inst|count[19] ; Rise       ; ddfs:inst|cont[2]                                                                                              ;
; -0.500 ; 0.500        ; 1.000          ; High Pulse Width ; ddfs:inst|freq_divider_DDFS:f_div_inst|count[19] ; Rise       ; ddfs:inst|cont[3]                                                                                              ;
; -0.500 ; 0.500        ; 1.000          ; Low Pulse Width  ; ddfs:inst|freq_divider_DDFS:f_div_inst|count[19] ; Rise       ; ddfs:inst|cont[3]                                                                                              ;
; -0.500 ; 0.500        ; 1.000          ; High Pulse Width ; ddfs:inst|freq_divider_DDFS:f_div_inst|count[19] ; Rise       ; ddfs:inst|cont[4]                                                                                              ;
; -0.500 ; 0.500        ; 1.000          ; Low Pulse Width  ; ddfs:inst|freq_divider_DDFS:f_div_inst|count[19] ; Rise       ; ddfs:inst|cont[4]                                                                                              ;
; -0.500 ; 0.500        ; 1.000          ; High Pulse Width ; ddfs:inst|freq_divider_DDFS:f_div_inst|count[19] ; Rise       ; ddfs:inst|cont[5]                                                                                              ;
; -0.500 ; 0.500        ; 1.000          ; Low Pulse Width  ; ddfs:inst|freq_divider_DDFS:f_div_inst|count[19] ; Rise       ; ddfs:inst|cont[5]                                                                                              ;
; -0.500 ; 0.500        ; 1.000          ; High Pulse Width ; ddfs:inst|freq_divider_DDFS:f_div_inst|count[19] ; Rise       ; ddfs:inst|cont[6]                                                                                              ;
; -0.500 ; 0.500        ; 1.000          ; Low Pulse Width  ; ddfs:inst|freq_divider_DDFS:f_div_inst|count[19] ; Rise       ; ddfs:inst|cont[6]                                                                                              ;
; -0.500 ; 0.500        ; 1.000          ; High Pulse Width ; ddfs:inst|freq_divider_DDFS:f_div_inst|count[19] ; Rise       ; ddfs:inst|cont[7]                                                                                              ;
; -0.500 ; 0.500        ; 1.000          ; Low Pulse Width  ; ddfs:inst|freq_divider_DDFS:f_div_inst|count[19] ; Rise       ; ddfs:inst|cont[7]                                                                                              ;
; -0.500 ; 0.500        ; 1.000          ; High Pulse Width ; ddfs:inst|freq_divider_DDFS:f_div_inst|count[19] ; Rise       ; ddfs:inst|cont[8]                                                                                              ;
; -0.500 ; 0.500        ; 1.000          ; Low Pulse Width  ; ddfs:inst|freq_divider_DDFS:f_div_inst|count[19] ; Rise       ; ddfs:inst|cont[8]                                                                                              ;
; -0.500 ; 0.500        ; 1.000          ; High Pulse Width ; ddfs:inst|freq_divider_DDFS:f_div_inst|count[19] ; Rise       ; ddfs:inst|cont[9]                                                                                              ;
; -0.500 ; 0.500        ; 1.000          ; Low Pulse Width  ; ddfs:inst|freq_divider_DDFS:f_div_inst|count[19] ; Rise       ; ddfs:inst|cont[9]                                                                                              ;
; -0.500 ; 0.500        ; 1.000          ; High Pulse Width ; ddfs:inst|freq_divider_DDFS:f_div_inst|count[19] ; Rise       ; ddfs:inst|cont_rt[10]                                                                                          ;
; -0.500 ; 0.500        ; 1.000          ; Low Pulse Width  ; ddfs:inst|freq_divider_DDFS:f_div_inst|count[19] ; Rise       ; ddfs:inst|cont_rt[10]                                                                                          ;
; -0.500 ; 0.500        ; 1.000          ; High Pulse Width ; ddfs:inst|freq_divider_DDFS:f_div_inst|count[19] ; Rise       ; ddfs:inst|cont_rt[11]                                                                                          ;
; -0.500 ; 0.500        ; 1.000          ; Low Pulse Width  ; ddfs:inst|freq_divider_DDFS:f_div_inst|count[19] ; Rise       ; ddfs:inst|cont_rt[11]                                                                                          ;
; 0.500  ; 0.500        ; 0.000          ; High Pulse Width ; ddfs:inst|freq_divider_DDFS:f_div_inst|count[19] ; Rise       ; inst|cont[0]|clk                                                                                               ;
; 0.500  ; 0.500        ; 0.000          ; Low Pulse Width  ; ddfs:inst|freq_divider_DDFS:f_div_inst|count[19] ; Rise       ; inst|cont[0]|clk                                                                                               ;
; 0.500  ; 0.500        ; 0.000          ; High Pulse Width ; ddfs:inst|freq_divider_DDFS:f_div_inst|count[19] ; Rise       ; inst|cont[10]|clk                                                                                              ;
; 0.500  ; 0.500        ; 0.000          ; Low Pulse Width  ; ddfs:inst|freq_divider_DDFS:f_div_inst|count[19] ; Rise       ; inst|cont[10]|clk                                                                                              ;
; 0.500  ; 0.500        ; 0.000          ; High Pulse Width ; ddfs:inst|freq_divider_DDFS:f_div_inst|count[19] ; Rise       ; inst|cont[11]|clk                                                                                              ;
; 0.500  ; 0.500        ; 0.000          ; Low Pulse Width  ; ddfs:inst|freq_divider_DDFS:f_div_inst|count[19] ; Rise       ; inst|cont[11]|clk                                                                                              ;
; 0.500  ; 0.500        ; 0.000          ; High Pulse Width ; ddfs:inst|freq_divider_DDFS:f_div_inst|count[19] ; Rise       ; inst|cont[1]|clk                                                                                               ;
; 0.500  ; 0.500        ; 0.000          ; Low Pulse Width  ; ddfs:inst|freq_divider_DDFS:f_div_inst|count[19] ; Rise       ; inst|cont[1]|clk                                                                                               ;
; 0.500  ; 0.500        ; 0.000          ; High Pulse Width ; ddfs:inst|freq_divider_DDFS:f_div_inst|count[19] ; Rise       ; inst|cont[2]|clk                                                                                               ;
; 0.500  ; 0.500        ; 0.000          ; Low Pulse Width  ; ddfs:inst|freq_divider_DDFS:f_div_inst|count[19] ; Rise       ; inst|cont[2]|clk                                                                                               ;
; 0.500  ; 0.500        ; 0.000          ; High Pulse Width ; ddfs:inst|freq_divider_DDFS:f_div_inst|count[19] ; Rise       ; inst|cont[3]|clk                                                                                               ;
; 0.500  ; 0.500        ; 0.000          ; Low Pulse Width  ; ddfs:inst|freq_divider_DDFS:f_div_inst|count[19] ; Rise       ; inst|cont[3]|clk                                                                                               ;
+--------+--------------+----------------+------------------+--------------------------------------------------+------------+----------------------------------------------------------------------------------------------------------------+


+--------------------------------------------------------------------------------------------------------------------------------------------------------------+
; Fast Model Minimum Pulse Width: 'inst1|altpll_component|pll|clk[0]'                                                                                          ;
+-------+--------------+----------------+------------------+-----------------------------------+------------+--------------------------------------------------+
; Slack ; Actual Width ; Required Width ; Type             ; Clock                             ; Clock Edge ; Target                                           ;
+-------+--------------+----------------+------------------+-----------------------------------+------------+--------------------------------------------------+
; 1.500 ; 2.500        ; 1.000          ; High Pulse Width ; inst1|altpll_component|pll|clk[0] ; Rise       ; ddfs:inst|freq_divider_DDFS:f_div_inst|count[0]  ;
; 1.500 ; 2.500        ; 1.000          ; Low Pulse Width  ; inst1|altpll_component|pll|clk[0] ; Rise       ; ddfs:inst|freq_divider_DDFS:f_div_inst|count[0]  ;
; 1.500 ; 2.500        ; 1.000          ; High Pulse Width ; inst1|altpll_component|pll|clk[0] ; Rise       ; ddfs:inst|freq_divider_DDFS:f_div_inst|count[10] ;
; 1.500 ; 2.500        ; 1.000          ; Low Pulse Width  ; inst1|altpll_component|pll|clk[0] ; Rise       ; ddfs:inst|freq_divider_DDFS:f_div_inst|count[10] ;
; 1.500 ; 2.500        ; 1.000          ; High Pulse Width ; inst1|altpll_component|pll|clk[0] ; Rise       ; ddfs:inst|freq_divider_DDFS:f_div_inst|count[11] ;
; 1.500 ; 2.500        ; 1.000          ; Low Pulse Width  ; inst1|altpll_component|pll|clk[0] ; Rise       ; ddfs:inst|freq_divider_DDFS:f_div_inst|count[11] ;
; 1.500 ; 2.500        ; 1.000          ; High Pulse Width ; inst1|altpll_component|pll|clk[0] ; Rise       ; ddfs:inst|freq_divider_DDFS:f_div_inst|count[12] ;
; 1.500 ; 2.500        ; 1.000          ; Low Pulse Width  ; inst1|altpll_component|pll|clk[0] ; Rise       ; ddfs:inst|freq_divider_DDFS:f_div_inst|count[12] ;
; 1.500 ; 2.500        ; 1.000          ; High Pulse Width ; inst1|altpll_component|pll|clk[0] ; Rise       ; ddfs:inst|freq_divider_DDFS:f_div_inst|count[13] ;
; 1.500 ; 2.500        ; 1.000          ; Low Pulse Width  ; inst1|altpll_component|pll|clk[0] ; Rise       ; ddfs:inst|freq_divider_DDFS:f_div_inst|count[13] ;
; 1.500 ; 2.500        ; 1.000          ; High Pulse Width ; inst1|altpll_component|pll|clk[0] ; Rise       ; ddfs:inst|freq_divider_DDFS:f_div_inst|count[14] ;
; 1.500 ; 2.500        ; 1.000          ; Low Pulse Width  ; inst1|altpll_component|pll|clk[0] ; Rise       ; ddfs:inst|freq_divider_DDFS:f_div_inst|count[14] ;
; 1.500 ; 2.500        ; 1.000          ; High Pulse Width ; inst1|altpll_component|pll|clk[0] ; Rise       ; ddfs:inst|freq_divider_DDFS:f_div_inst|count[15] ;
; 1.500 ; 2.500        ; 1.000          ; Low Pulse Width  ; inst1|altpll_component|pll|clk[0] ; Rise       ; ddfs:inst|freq_divider_DDFS:f_div_inst|count[15] ;
; 1.500 ; 2.500        ; 1.000          ; High Pulse Width ; inst1|altpll_component|pll|clk[0] ; Rise       ; ddfs:inst|freq_divider_DDFS:f_div_inst|count[16] ;
; 1.500 ; 2.500        ; 1.000          ; Low Pulse Width  ; inst1|altpll_component|pll|clk[0] ; Rise       ; ddfs:inst|freq_divider_DDFS:f_div_inst|count[16] ;
; 1.500 ; 2.500        ; 1.000          ; High Pulse Width ; inst1|altpll_component|pll|clk[0] ; Rise       ; ddfs:inst|freq_divider_DDFS:f_div_inst|count[17] ;
; 1.500 ; 2.500        ; 1.000          ; Low Pulse Width  ; inst1|altpll_component|pll|clk[0] ; Rise       ; ddfs:inst|freq_divider_DDFS:f_div_inst|count[17] ;
; 1.500 ; 2.500        ; 1.000          ; High Pulse Width ; inst1|altpll_component|pll|clk[0] ; Rise       ; ddfs:inst|freq_divider_DDFS:f_div_inst|count[18] ;
; 1.500 ; 2.500        ; 1.000          ; Low Pulse Width  ; inst1|altpll_component|pll|clk[0] ; Rise       ; ddfs:inst|freq_divider_DDFS:f_div_inst|count[18] ;
; 1.500 ; 2.500        ; 1.000          ; High Pulse Width ; inst1|altpll_component|pll|clk[0] ; Rise       ; ddfs:inst|freq_divider_DDFS:f_div_inst|count[19] ;
; 1.500 ; 2.500        ; 1.000          ; Low Pulse Width  ; inst1|altpll_component|pll|clk[0] ; Rise       ; ddfs:inst|freq_divider_DDFS:f_div_inst|count[19] ;
; 1.500 ; 2.500        ; 1.000          ; High Pulse Width ; inst1|altpll_component|pll|clk[0] ; Rise       ; ddfs:inst|freq_divider_DDFS:f_div_inst|count[1]  ;
; 1.500 ; 2.500        ; 1.000          ; Low Pulse Width  ; inst1|altpll_component|pll|clk[0] ; Rise       ; ddfs:inst|freq_divider_DDFS:f_div_inst|count[1]  ;
; 1.500 ; 2.500        ; 1.000          ; High Pulse Width ; inst1|altpll_component|pll|clk[0] ; Rise       ; ddfs:inst|freq_divider_DDFS:f_div_inst|count[2]  ;
; 1.500 ; 2.500        ; 1.000          ; Low Pulse Width  ; inst1|altpll_component|pll|clk[0] ; Rise       ; ddfs:inst|freq_divider_DDFS:f_div_inst|count[2]  ;
; 1.500 ; 2.500        ; 1.000          ; High Pulse Width ; inst1|altpll_component|pll|clk[0] ; Rise       ; ddfs:inst|freq_divider_DDFS:f_div_inst|count[3]  ;
; 1.500 ; 2.500        ; 1.000          ; Low Pulse Width  ; inst1|altpll_component|pll|clk[0] ; Rise       ; ddfs:inst|freq_divider_DDFS:f_div_inst|count[3]  ;
; 1.500 ; 2.500        ; 1.000          ; High Pulse Width ; inst1|altpll_component|pll|clk[0] ; Rise       ; ddfs:inst|freq_divider_DDFS:f_div_inst|count[4]  ;
; 1.500 ; 2.500        ; 1.000          ; Low Pulse Width  ; inst1|altpll_component|pll|clk[0] ; Rise       ; ddfs:inst|freq_divider_DDFS:f_div_inst|count[4]  ;
; 1.500 ; 2.500        ; 1.000          ; High Pulse Width ; inst1|altpll_component|pll|clk[0] ; Rise       ; ddfs:inst|freq_divider_DDFS:f_div_inst|count[5]  ;
; 1.500 ; 2.500        ; 1.000          ; Low Pulse Width  ; inst1|altpll_component|pll|clk[0] ; Rise       ; ddfs:inst|freq_divider_DDFS:f_div_inst|count[5]  ;
; 1.500 ; 2.500        ; 1.000          ; High Pulse Width ; inst1|altpll_component|pll|clk[0] ; Rise       ; ddfs:inst|freq_divider_DDFS:f_div_inst|count[6]  ;
; 1.500 ; 2.500        ; 1.000          ; Low Pulse Width  ; inst1|altpll_component|pll|clk[0] ; Rise       ; ddfs:inst|freq_divider_DDFS:f_div_inst|count[6]  ;
; 1.500 ; 2.500        ; 1.000          ; High Pulse Width ; inst1|altpll_component|pll|clk[0] ; Rise       ; ddfs:inst|freq_divider_DDFS:f_div_inst|count[7]  ;
; 1.500 ; 2.500        ; 1.000          ; Low Pulse Width  ; inst1|altpll_component|pll|clk[0] ; Rise       ; ddfs:inst|freq_divider_DDFS:f_div_inst|count[7]  ;
; 1.500 ; 2.500        ; 1.000          ; High Pulse Width ; inst1|altpll_component|pll|clk[0] ; Rise       ; ddfs:inst|freq_divider_DDFS:f_div_inst|count[8]  ;
; 1.500 ; 2.500        ; 1.000          ; Low Pulse Width  ; inst1|altpll_component|pll|clk[0] ; Rise       ; ddfs:inst|freq_divider_DDFS:f_div_inst|count[8]  ;
; 1.500 ; 2.500        ; 1.000          ; High Pulse Width ; inst1|altpll_component|pll|clk[0] ; Rise       ; ddfs:inst|freq_divider_DDFS:f_div_inst|count[9]  ;
; 1.500 ; 2.500        ; 1.000          ; Low Pulse Width  ; inst1|altpll_component|pll|clk[0] ; Rise       ; ddfs:inst|freq_divider_DDFS:f_div_inst|count[9]  ;
; 2.500 ; 2.500        ; 0.000          ; High Pulse Width ; inst1|altpll_component|pll|clk[0] ; Rise       ; inst1|altpll_component|_clk0~clkctrl|inclk[0]    ;
; 2.500 ; 2.500        ; 0.000          ; Low Pulse Width  ; inst1|altpll_component|pll|clk[0] ; Rise       ; inst1|altpll_component|_clk0~clkctrl|inclk[0]    ;
; 2.500 ; 2.500        ; 0.000          ; High Pulse Width ; inst1|altpll_component|pll|clk[0] ; Rise       ; inst1|altpll_component|_clk0~clkctrl|outclk      ;
; 2.500 ; 2.500        ; 0.000          ; Low Pulse Width  ; inst1|altpll_component|pll|clk[0] ; Rise       ; inst1|altpll_component|_clk0~clkctrl|outclk      ;
; 2.500 ; 2.500        ; 0.000          ; High Pulse Width ; inst1|altpll_component|pll|clk[0] ; Rise       ; inst|f_div_inst|count[0]|clk                     ;
; 2.500 ; 2.500        ; 0.000          ; Low Pulse Width  ; inst1|altpll_component|pll|clk[0] ; Rise       ; inst|f_div_inst|count[0]|clk                     ;
; 2.500 ; 2.500        ; 0.000          ; High Pulse Width ; inst1|altpll_component|pll|clk[0] ; Rise       ; inst|f_div_inst|count[10]|clk                    ;
; 2.500 ; 2.500        ; 0.000          ; Low Pulse Width  ; inst1|altpll_component|pll|clk[0] ; Rise       ; inst|f_div_inst|count[10]|clk                    ;
; 2.500 ; 2.500        ; 0.000          ; High Pulse Width ; inst1|altpll_component|pll|clk[0] ; Rise       ; inst|f_div_inst|count[11]|clk                    ;
; 2.500 ; 2.500        ; 0.000          ; Low Pulse Width  ; inst1|altpll_component|pll|clk[0] ; Rise       ; inst|f_div_inst|count[11]|clk                    ;
; 2.500 ; 2.500        ; 0.000          ; High Pulse Width ; inst1|altpll_component|pll|clk[0] ; Rise       ; inst|f_div_inst|count[12]|clk                    ;
; 2.500 ; 2.500        ; 0.000          ; Low Pulse Width  ; inst1|altpll_component|pll|clk[0] ; Rise       ; inst|f_div_inst|count[12]|clk                    ;
; 2.500 ; 2.500        ; 0.000          ; High Pulse Width ; inst1|altpll_component|pll|clk[0] ; Rise       ; inst|f_div_inst|count[13]|clk                    ;
; 2.500 ; 2.500        ; 0.000          ; Low Pulse Width  ; inst1|altpll_component|pll|clk[0] ; Rise       ; inst|f_div_inst|count[13]|clk                    ;
; 2.500 ; 2.500        ; 0.000          ; High Pulse Width ; inst1|altpll_component|pll|clk[0] ; Rise       ; inst|f_div_inst|count[14]|clk                    ;
; 2.500 ; 2.500        ; 0.000          ; Low Pulse Width  ; inst1|altpll_component|pll|clk[0] ; Rise       ; inst|f_div_inst|count[14]|clk                    ;
; 2.500 ; 2.500        ; 0.000          ; High Pulse Width ; inst1|altpll_component|pll|clk[0] ; Rise       ; inst|f_div_inst|count[15]|clk                    ;
; 2.500 ; 2.500        ; 0.000          ; Low Pulse Width  ; inst1|altpll_component|pll|clk[0] ; Rise       ; inst|f_div_inst|count[15]|clk                    ;
; 2.500 ; 2.500        ; 0.000          ; High Pulse Width ; inst1|altpll_component|pll|clk[0] ; Rise       ; inst|f_div_inst|count[16]|clk                    ;
; 2.500 ; 2.500        ; 0.000          ; Low Pulse Width  ; inst1|altpll_component|pll|clk[0] ; Rise       ; inst|f_div_inst|count[16]|clk                    ;
; 2.500 ; 2.500        ; 0.000          ; High Pulse Width ; inst1|altpll_component|pll|clk[0] ; Rise       ; inst|f_div_inst|count[17]|clk                    ;
; 2.500 ; 2.500        ; 0.000          ; Low Pulse Width  ; inst1|altpll_component|pll|clk[0] ; Rise       ; inst|f_div_inst|count[17]|clk                    ;
; 2.500 ; 2.500        ; 0.000          ; High Pulse Width ; inst1|altpll_component|pll|clk[0] ; Rise       ; inst|f_div_inst|count[18]|clk                    ;
; 2.500 ; 2.500        ; 0.000          ; Low Pulse Width  ; inst1|altpll_component|pll|clk[0] ; Rise       ; inst|f_div_inst|count[18]|clk                    ;
; 2.500 ; 2.500        ; 0.000          ; High Pulse Width ; inst1|altpll_component|pll|clk[0] ; Rise       ; inst|f_div_inst|count[19]|clk                    ;
; 2.500 ; 2.500        ; 0.000          ; Low Pulse Width  ; inst1|altpll_component|pll|clk[0] ; Rise       ; inst|f_div_inst|count[19]|clk                    ;
; 2.500 ; 2.500        ; 0.000          ; High Pulse Width ; inst1|altpll_component|pll|clk[0] ; Rise       ; inst|f_div_inst|count[1]|clk                     ;
; 2.500 ; 2.500        ; 0.000          ; Low Pulse Width  ; inst1|altpll_component|pll|clk[0] ; Rise       ; inst|f_div_inst|count[1]|clk                     ;
; 2.500 ; 2.500        ; 0.000          ; High Pulse Width ; inst1|altpll_component|pll|clk[0] ; Rise       ; inst|f_div_inst|count[2]|clk                     ;
; 2.500 ; 2.500        ; 0.000          ; Low Pulse Width  ; inst1|altpll_component|pll|clk[0] ; Rise       ; inst|f_div_inst|count[2]|clk                     ;
; 2.500 ; 2.500        ; 0.000          ; High Pulse Width ; inst1|altpll_component|pll|clk[0] ; Rise       ; inst|f_div_inst|count[3]|clk                     ;
; 2.500 ; 2.500        ; 0.000          ; Low Pulse Width  ; inst1|altpll_component|pll|clk[0] ; Rise       ; inst|f_div_inst|count[3]|clk                     ;
; 2.500 ; 2.500        ; 0.000          ; High Pulse Width ; inst1|altpll_component|pll|clk[0] ; Rise       ; inst|f_div_inst|count[4]|clk                     ;
; 2.500 ; 2.500        ; 0.000          ; Low Pulse Width  ; inst1|altpll_component|pll|clk[0] ; Rise       ; inst|f_div_inst|count[4]|clk                     ;
; 2.500 ; 2.500        ; 0.000          ; High Pulse Width ; inst1|altpll_component|pll|clk[0] ; Rise       ; inst|f_div_inst|count[5]|clk                     ;
; 2.500 ; 2.500        ; 0.000          ; Low Pulse Width  ; inst1|altpll_component|pll|clk[0] ; Rise       ; inst|f_div_inst|count[5]|clk                     ;
; 2.500 ; 2.500        ; 0.000          ; High Pulse Width ; inst1|altpll_component|pll|clk[0] ; Rise       ; inst|f_div_inst|count[6]|clk                     ;
; 2.500 ; 2.500        ; 0.000          ; Low Pulse Width  ; inst1|altpll_component|pll|clk[0] ; Rise       ; inst|f_div_inst|count[6]|clk                     ;
; 2.500 ; 2.500        ; 0.000          ; High Pulse Width ; inst1|altpll_component|pll|clk[0] ; Rise       ; inst|f_div_inst|count[7]|clk                     ;
; 2.500 ; 2.500        ; 0.000          ; Low Pulse Width  ; inst1|altpll_component|pll|clk[0] ; Rise       ; inst|f_div_inst|count[7]|clk                     ;
; 2.500 ; 2.500        ; 0.000          ; High Pulse Width ; inst1|altpll_component|pll|clk[0] ; Rise       ; inst|f_div_inst|count[8]|clk                     ;
; 2.500 ; 2.500        ; 0.000          ; Low Pulse Width  ; inst1|altpll_component|pll|clk[0] ; Rise       ; inst|f_div_inst|count[8]|clk                     ;
; 2.500 ; 2.500        ; 0.000          ; High Pulse Width ; inst1|altpll_component|pll|clk[0] ; Rise       ; inst|f_div_inst|count[9]|clk                     ;
; 2.500 ; 2.500        ; 0.000          ; Low Pulse Width  ; inst1|altpll_component|pll|clk[0] ; Rise       ; inst|f_div_inst|count[9]|clk                     ;
+-------+--------------+----------------+------------------+-----------------------------------+------------+--------------------------------------------------+


+-------------------------------------------------------------------------------------------------------------------------+
; Fast Model Minimum Pulse Width: 'CLOCK_50'                                                                              ;
+--------+--------------+----------------+------------------+----------+------------+-------------------------------------+
; Slack  ; Actual Width ; Required Width ; Type             ; Clock    ; Clock Edge ; Target                              ;
+--------+--------------+----------------+------------------+----------+------------+-------------------------------------+
; 10.000 ; 10.000       ; 0.000          ; High Pulse Width ; CLOCK_50 ; Rise       ; CLOCK_50|combout                    ;
; 10.000 ; 10.000       ; 0.000          ; Low Pulse Width  ; CLOCK_50 ; Rise       ; CLOCK_50|combout                    ;
; 10.000 ; 10.000       ; 0.000          ; High Pulse Width ; CLOCK_50 ; Rise       ; inst1|altpll_component|pll|clk[0]   ;
; 10.000 ; 10.000       ; 0.000          ; Low Pulse Width  ; CLOCK_50 ; Rise       ; inst1|altpll_component|pll|clk[0]   ;
; 10.000 ; 10.000       ; 0.000          ; High Pulse Width ; CLOCK_50 ; Rise       ; inst1|altpll_component|pll|inclk[0] ;
; 10.000 ; 10.000       ; 0.000          ; Low Pulse Width  ; CLOCK_50 ; Rise       ; inst1|altpll_component|pll|inclk[0] ;
; 17.620 ; 20.000       ; 2.380          ; Port Rate        ; CLOCK_50 ; Rise       ; CLOCK_50                            ;
+--------+--------------+----------------+------------------+----------+------------+-------------------------------------+


+----------------------------------------------------------------------------------------------------------------------------------------------+
; Setup Times                                                                                                                                  ;
+-----------+--------------------------------------------------+-------+-------+------------+--------------------------------------------------+
; Data Port ; Clock Port                                       ; Rise  ; Fall  ; Clock Edge ; Clock Reference                                  ;
+-----------+--------------------------------------------------+-------+-------+------------+--------------------------------------------------+
; SW[*]     ; ddfs:inst|freq_divider_DDFS:f_div_inst|count[19] ; 2.445 ; 2.445 ; Rise       ; ddfs:inst|freq_divider_DDFS:f_div_inst|count[19] ;
;  SW[3]    ; ddfs:inst|freq_divider_DDFS:f_div_inst|count[19] ; 0.817 ; 0.817 ; Rise       ; ddfs:inst|freq_divider_DDFS:f_div_inst|count[19] ;
;  SW[4]    ; ddfs:inst|freq_divider_DDFS:f_div_inst|count[19] ; 2.445 ; 2.445 ; Rise       ; ddfs:inst|freq_divider_DDFS:f_div_inst|count[19] ;
;  SW[5]    ; ddfs:inst|freq_divider_DDFS:f_div_inst|count[19] ; 2.322 ; 2.322 ; Rise       ; ddfs:inst|freq_divider_DDFS:f_div_inst|count[19] ;
;  SW[6]    ; ddfs:inst|freq_divider_DDFS:f_div_inst|count[19] ; 2.163 ; 2.163 ; Rise       ; ddfs:inst|freq_divider_DDFS:f_div_inst|count[19] ;
;  SW[7]    ; ddfs:inst|freq_divider_DDFS:f_div_inst|count[19] ; 1.612 ; 1.612 ; Rise       ; ddfs:inst|freq_divider_DDFS:f_div_inst|count[19] ;
;  SW[8]    ; ddfs:inst|freq_divider_DDFS:f_div_inst|count[19] ; 1.607 ; 1.607 ; Rise       ; ddfs:inst|freq_divider_DDFS:f_div_inst|count[19] ;
;  SW[9]    ; ddfs:inst|freq_divider_DDFS:f_div_inst|count[19] ; 1.680 ; 1.680 ; Rise       ; ddfs:inst|freq_divider_DDFS:f_div_inst|count[19] ;
;  SW[10]   ; ddfs:inst|freq_divider_DDFS:f_div_inst|count[19] ; 1.928 ; 1.928 ; Rise       ; ddfs:inst|freq_divider_DDFS:f_div_inst|count[19] ;
; SW[*]     ; CLOCK_50                                         ; 6.331 ; 6.331 ; Rise       ; inst1|altpll_component|pll|clk[0]                ;
;  SW[11]   ; CLOCK_50                                         ; 1.700 ; 1.700 ; Rise       ; inst1|altpll_component|pll|clk[0]                ;
;  SW[12]   ; CLOCK_50                                         ; 3.955 ; 3.955 ; Rise       ; inst1|altpll_component|pll|clk[0]                ;
;  SW[13]   ; CLOCK_50                                         ; 6.331 ; 6.331 ; Rise       ; inst1|altpll_component|pll|clk[0]                ;
;  SW[14]   ; CLOCK_50                                         ; 6.204 ; 6.204 ; Rise       ; inst1|altpll_component|pll|clk[0]                ;
+-----------+--------------------------------------------------+-------+-------+------------+--------------------------------------------------+


+------------------------------------------------------------------------------------------------------------------------------------------------+
; Hold Times                                                                                                                                     ;
+-----------+--------------------------------------------------+--------+--------+------------+--------------------------------------------------+
; Data Port ; Clock Port                                       ; Rise   ; Fall   ; Clock Edge ; Clock Reference                                  ;
+-----------+--------------------------------------------------+--------+--------+------------+--------------------------------------------------+
; SW[*]     ; ddfs:inst|freq_divider_DDFS:f_div_inst|count[19] ; -0.275 ; -0.275 ; Rise       ; ddfs:inst|freq_divider_DDFS:f_div_inst|count[19] ;
;  SW[3]    ; ddfs:inst|freq_divider_DDFS:f_div_inst|count[19] ; -0.275 ; -0.275 ; Rise       ; ddfs:inst|freq_divider_DDFS:f_div_inst|count[19] ;
;  SW[4]    ; ddfs:inst|freq_divider_DDFS:f_div_inst|count[19] ; -0.949 ; -0.949 ; Rise       ; ddfs:inst|freq_divider_DDFS:f_div_inst|count[19] ;
;  SW[5]    ; ddfs:inst|freq_divider_DDFS:f_div_inst|count[19] ; -0.943 ; -0.943 ; Rise       ; ddfs:inst|freq_divider_DDFS:f_div_inst|count[19] ;
;  SW[6]    ; ddfs:inst|freq_divider_DDFS:f_div_inst|count[19] ; -0.888 ; -0.888 ; Rise       ; ddfs:inst|freq_divider_DDFS:f_div_inst|count[19] ;
;  SW[7]    ; ddfs:inst|freq_divider_DDFS:f_div_inst|count[19] ; -0.398 ; -0.398 ; Rise       ; ddfs:inst|freq_divider_DDFS:f_div_inst|count[19] ;
;  SW[8]    ; ddfs:inst|freq_divider_DDFS:f_div_inst|count[19] ; -0.510 ; -0.510 ; Rise       ; ddfs:inst|freq_divider_DDFS:f_div_inst|count[19] ;
;  SW[9]    ; ddfs:inst|freq_divider_DDFS:f_div_inst|count[19] ; -0.616 ; -0.616 ; Rise       ; ddfs:inst|freq_divider_DDFS:f_div_inst|count[19] ;
;  SW[10]   ; ddfs:inst|freq_divider_DDFS:f_div_inst|count[19] ; -0.792 ; -0.792 ; Rise       ; ddfs:inst|freq_divider_DDFS:f_div_inst|count[19] ;
; SW[*]     ; CLOCK_50                                         ; -1.158 ; -1.158 ; Rise       ; inst1|altpll_component|pll|clk[0]                ;
;  SW[11]   ; CLOCK_50                                         ; -1.158 ; -1.158 ; Rise       ; inst1|altpll_component|pll|clk[0]                ;
;  SW[12]   ; CLOCK_50                                         ; -1.264 ; -1.264 ; Rise       ; inst1|altpll_component|pll|clk[0]                ;
;  SW[13]   ; CLOCK_50                                         ; -3.447 ; -3.447 ; Rise       ; inst1|altpll_component|pll|clk[0]                ;
;  SW[14]   ; CLOCK_50                                         ; -3.426 ; -3.426 ; Rise       ; inst1|altpll_component|pll|clk[0]                ;
+-----------+--------------------------------------------------+--------+--------+------------+--------------------------------------------------+


+----------------------------------------------------------------------------------------------------------------------------------------------+
; Clock to Output Times                                                                                                                        ;
+-----------+--------------------------------------------------+-------+-------+------------+--------------------------------------------------+
; Data Port ; Clock Port                                       ; Rise  ; Fall  ; Clock Edge ; Clock Reference                                  ;
+-----------+--------------------------------------------------+-------+-------+------------+--------------------------------------------------+
; VGA_CLK   ; ddfs:inst|freq_divider_DDFS:f_div_inst|count[19] ; 2.920 ;       ; Rise       ; ddfs:inst|freq_divider_DDFS:f_div_inst|count[19] ;
; VGA_G[*]  ; ddfs:inst|freq_divider_DDFS:f_div_inst|count[19] ; 7.918 ; 7.918 ; Rise       ; ddfs:inst|freq_divider_DDFS:f_div_inst|count[19] ;
;  VGA_G[0] ; ddfs:inst|freq_divider_DDFS:f_div_inst|count[19] ; 7.374 ; 7.374 ; Rise       ; ddfs:inst|freq_divider_DDFS:f_div_inst|count[19] ;
;  VGA_G[1] ; ddfs:inst|freq_divider_DDFS:f_div_inst|count[19] ; 7.402 ; 7.402 ; Rise       ; ddfs:inst|freq_divider_DDFS:f_div_inst|count[19] ;
;  VGA_G[2] ; ddfs:inst|freq_divider_DDFS:f_div_inst|count[19] ; 7.348 ; 7.348 ; Rise       ; ddfs:inst|freq_divider_DDFS:f_div_inst|count[19] ;
;  VGA_G[3] ; ddfs:inst|freq_divider_DDFS:f_div_inst|count[19] ; 7.541 ; 7.541 ; Rise       ; ddfs:inst|freq_divider_DDFS:f_div_inst|count[19] ;
;  VGA_G[4] ; ddfs:inst|freq_divider_DDFS:f_div_inst|count[19] ; 7.442 ; 7.442 ; Rise       ; ddfs:inst|freq_divider_DDFS:f_div_inst|count[19] ;
;  VGA_G[5] ; ddfs:inst|freq_divider_DDFS:f_div_inst|count[19] ; 7.524 ; 7.524 ; Rise       ; ddfs:inst|freq_divider_DDFS:f_div_inst|count[19] ;
;  VGA_G[6] ; ddfs:inst|freq_divider_DDFS:f_div_inst|count[19] ; 7.547 ; 7.547 ; Rise       ; ddfs:inst|freq_divider_DDFS:f_div_inst|count[19] ;
;  VGA_G[7] ; ddfs:inst|freq_divider_DDFS:f_div_inst|count[19] ; 7.584 ; 7.584 ; Rise       ; ddfs:inst|freq_divider_DDFS:f_div_inst|count[19] ;
;  VGA_G[8] ; ddfs:inst|freq_divider_DDFS:f_div_inst|count[19] ; 7.467 ; 7.467 ; Rise       ; ddfs:inst|freq_divider_DDFS:f_div_inst|count[19] ;
;  VGA_G[9] ; ddfs:inst|freq_divider_DDFS:f_div_inst|count[19] ; 7.918 ; 7.918 ; Rise       ; ddfs:inst|freq_divider_DDFS:f_div_inst|count[19] ;
; VGA_CLK   ; ddfs:inst|freq_divider_DDFS:f_div_inst|count[19] ;       ; 2.920 ; Fall       ; ddfs:inst|freq_divider_DDFS:f_div_inst|count[19] ;
+-----------+--------------------------------------------------+-------+-------+------------+--------------------------------------------------+


+----------------------------------------------------------------------------------------------------------------------------------------------+
; Minimum Clock to Output Times                                                                                                                ;
+-----------+--------------------------------------------------+-------+-------+------------+--------------------------------------------------+
; Data Port ; Clock Port                                       ; Rise  ; Fall  ; Clock Edge ; Clock Reference                                  ;
+-----------+--------------------------------------------------+-------+-------+------------+--------------------------------------------------+
; VGA_CLK   ; ddfs:inst|freq_divider_DDFS:f_div_inst|count[19] ; 2.920 ;       ; Rise       ; ddfs:inst|freq_divider_DDFS:f_div_inst|count[19] ;
; VGA_G[*]  ; ddfs:inst|freq_divider_DDFS:f_div_inst|count[19] ; 4.438 ; 4.438 ; Rise       ; ddfs:inst|freq_divider_DDFS:f_div_inst|count[19] ;
;  VGA_G[0] ; ddfs:inst|freq_divider_DDFS:f_div_inst|count[19] ; 4.880 ; 4.880 ; Rise       ; ddfs:inst|freq_divider_DDFS:f_div_inst|count[19] ;
;  VGA_G[1] ; ddfs:inst|freq_divider_DDFS:f_div_inst|count[19] ; 4.873 ; 4.873 ; Rise       ; ddfs:inst|freq_divider_DDFS:f_div_inst|count[19] ;
;  VGA_G[2] ; ddfs:inst|freq_divider_DDFS:f_div_inst|count[19] ; 4.869 ; 4.869 ; Rise       ; ddfs:inst|freq_divider_DDFS:f_div_inst|count[19] ;
;  VGA_G[3] ; ddfs:inst|freq_divider_DDFS:f_div_inst|count[19] ; 4.876 ; 4.876 ; Rise       ; ddfs:inst|freq_divider_DDFS:f_div_inst|count[19] ;
;  VGA_G[4] ; ddfs:inst|freq_divider_DDFS:f_div_inst|count[19] ; 4.807 ; 4.807 ; Rise       ; ddfs:inst|freq_divider_DDFS:f_div_inst|count[19] ;
;  VGA_G[5] ; ddfs:inst|freq_divider_DDFS:f_div_inst|count[19] ; 4.884 ; 4.884 ; Rise       ; ddfs:inst|freq_divider_DDFS:f_div_inst|count[19] ;
;  VGA_G[6] ; ddfs:inst|freq_divider_DDFS:f_div_inst|count[19] ; 4.738 ; 4.738 ; Rise       ; ddfs:inst|freq_divider_DDFS:f_div_inst|count[19] ;
;  VGA_G[7] ; ddfs:inst|freq_divider_DDFS:f_div_inst|count[19] ; 4.830 ; 4.830 ; Rise       ; ddfs:inst|freq_divider_DDFS:f_div_inst|count[19] ;
;  VGA_G[8] ; ddfs:inst|freq_divider_DDFS:f_div_inst|count[19] ; 4.692 ; 4.692 ; Rise       ; ddfs:inst|freq_divider_DDFS:f_div_inst|count[19] ;
;  VGA_G[9] ; ddfs:inst|freq_divider_DDFS:f_div_inst|count[19] ; 4.438 ; 4.438 ; Rise       ; ddfs:inst|freq_divider_DDFS:f_div_inst|count[19] ;
; VGA_CLK   ; ddfs:inst|freq_divider_DDFS:f_div_inst|count[19] ;       ; 2.920 ; Fall       ; ddfs:inst|freq_divider_DDFS:f_div_inst|count[19] ;
+-----------+--------------------------------------------------+-------+-------+------------+--------------------------------------------------+


+----------------------------------------------------------+
; Propagation Delay                                        ;
+------------+-------------+-------+-------+-------+-------+
; Input Port ; Output Port ; RR    ; RF    ; FR    ; FF    ;
+------------+-------------+-------+-------+-------+-------+
; SW[0]      ; VGA_G[0]    ; 4.881 ; 4.881 ; 4.881 ; 4.881 ;
; SW[0]      ; VGA_G[1]    ; 4.909 ; 4.909 ; 4.909 ; 4.909 ;
; SW[0]      ; VGA_G[2]    ; 4.855 ; 4.855 ; 4.855 ; 4.855 ;
; SW[0]      ; VGA_G[3]    ; 5.048 ; 5.048 ; 5.048 ; 5.048 ;
; SW[0]      ; VGA_G[4]    ; 4.949 ; 4.949 ; 4.949 ; 4.949 ;
; SW[0]      ; VGA_G[5]    ; 5.031 ; 5.031 ; 5.031 ; 5.031 ;
; SW[0]      ; VGA_G[6]    ; 5.054 ; 5.054 ; 5.054 ; 5.054 ;
; SW[0]      ; VGA_G[7]    ; 5.091 ; 5.091 ; 5.091 ; 5.091 ;
; SW[0]      ; VGA_G[8]    ; 4.974 ; 4.974 ; 4.974 ; 4.974 ;
; SW[0]      ; VGA_G[9]    ; 5.425 ; 5.425 ; 5.425 ; 5.425 ;
; SW[1]      ; VGA_G[0]    ; 4.773 ; 4.773 ; 4.773 ; 4.773 ;
; SW[1]      ; VGA_G[1]    ; 4.801 ; 4.801 ; 4.801 ; 4.801 ;
; SW[1]      ; VGA_G[2]    ; 4.747 ; 4.747 ; 4.747 ; 4.747 ;
; SW[1]      ; VGA_G[3]    ; 4.940 ; 4.940 ; 4.940 ; 4.940 ;
; SW[1]      ; VGA_G[4]    ; 4.841 ; 4.841 ; 4.841 ; 4.841 ;
; SW[1]      ; VGA_G[5]    ; 4.923 ; 4.923 ; 4.923 ; 4.923 ;
; SW[1]      ; VGA_G[6]    ; 4.946 ; 4.946 ; 4.946 ; 4.946 ;
; SW[1]      ; VGA_G[7]    ; 4.983 ; 4.983 ; 4.983 ; 4.983 ;
; SW[1]      ; VGA_G[8]    ; 4.866 ; 4.866 ; 4.866 ; 4.866 ;
; SW[1]      ; VGA_G[9]    ;       ; 5.317 ; 5.317 ;       ;
; SW[2]      ; VGA_G[0]    ; 4.698 ; 4.698 ; 4.698 ; 4.698 ;
; SW[2]      ; VGA_G[1]    ; 4.691 ; 4.691 ; 4.691 ; 4.691 ;
; SW[2]      ; VGA_G[2]    ; 4.687 ; 4.687 ; 4.687 ; 4.687 ;
; SW[2]      ; VGA_G[3]    ; 4.694 ; 4.694 ; 4.694 ; 4.694 ;
; SW[2]      ; VGA_G[4]    ; 4.625 ; 4.625 ; 4.625 ; 4.625 ;
; SW[2]      ; VGA_G[5]    ; 4.702 ; 4.702 ; 4.702 ; 4.702 ;
; SW[2]      ; VGA_G[6]    ; 4.556 ; 4.556 ; 4.556 ; 4.556 ;
; SW[2]      ; VGA_G[7]    ; 4.648 ; 4.648 ; 4.648 ; 4.648 ;
; SW[2]      ; VGA_G[8]    ; 4.510 ; 4.510 ; 4.510 ; 4.510 ;
; SW[2]      ; VGA_G[9]    ;       ; 4.256 ; 4.256 ;       ;
; SW[3]      ; VGA_G[0]    ; 5.362 ; 5.362 ; 5.362 ; 5.362 ;
; SW[3]      ; VGA_G[1]    ; 5.451 ; 5.451 ; 5.451 ; 5.451 ;
; SW[3]      ; VGA_G[2]    ; 5.500 ; 5.500 ; 5.500 ; 5.500 ;
; SW[3]      ; VGA_G[3]    ; 5.693 ; 5.693 ; 5.693 ; 5.693 ;
; SW[3]      ; VGA_G[4]    ; 5.594 ; 5.594 ; 5.594 ; 5.594 ;
; SW[3]      ; VGA_G[5]    ; 5.676 ; 5.676 ; 5.676 ; 5.676 ;
; SW[3]      ; VGA_G[6]    ; 5.699 ; 5.699 ; 5.699 ; 5.699 ;
; SW[3]      ; VGA_G[7]    ; 5.736 ; 5.736 ; 5.736 ; 5.736 ;
; SW[3]      ; VGA_G[8]    ; 5.619 ; 5.619 ; 5.619 ; 5.619 ;
; SW[3]      ; VGA_G[9]    ; 6.070 ; 6.070 ; 6.070 ; 6.070 ;
+------------+-------------+-------+-------+-------+-------+


+----------------------------------------------------------+
; Minimum Propagation Delay                                ;
+------------+-------------+-------+-------+-------+-------+
; Input Port ; Output Port ; RR    ; RF    ; FR    ; FF    ;
+------------+-------------+-------+-------+-------+-------+
; SW[0]      ; VGA_G[0]    ; 3.993 ; 3.993 ; 3.993 ; 3.993 ;
; SW[0]      ; VGA_G[1]    ; 4.326 ; 4.326 ; 4.326 ; 4.326 ;
; SW[0]      ; VGA_G[2]    ; 4.445 ; 4.445 ; 4.445 ; 4.445 ;
; SW[0]      ; VGA_G[3]    ; 4.201 ; 4.201 ; 4.201 ; 4.201 ;
; SW[0]      ; VGA_G[4]    ; 4.444 ; 4.444 ; 4.444 ; 4.444 ;
; SW[0]      ; VGA_G[5]    ; 4.451 ; 4.451 ; 4.451 ; 4.451 ;
; SW[0]      ; VGA_G[6]    ; 4.111 ; 4.111 ; 4.111 ; 4.111 ;
; SW[0]      ; VGA_G[7]    ; 3.996 ; 3.996 ; 3.996 ; 3.996 ;
; SW[0]      ; VGA_G[8]    ; 4.219 ; 4.219 ; 4.219 ; 4.219 ;
; SW[0]      ; VGA_G[9]    ; 3.981 ; 3.981 ; 3.981 ; 3.981 ;
; SW[1]      ; VGA_G[0]    ; 3.945 ; 4.456 ; 4.456 ; 3.945 ;
; SW[1]      ; VGA_G[1]    ; 4.218 ; 4.589 ; 4.589 ; 4.218 ;
; SW[1]      ; VGA_G[2]    ; 4.337 ; 4.535 ; 4.535 ; 4.337 ;
; SW[1]      ; VGA_G[3]    ; 4.351 ; 4.728 ; 4.728 ; 4.351 ;
; SW[1]      ; VGA_G[4]    ; 4.332 ; 4.493 ; 4.493 ; 4.332 ;
; SW[1]      ; VGA_G[5]    ; 4.343 ; 4.558 ; 4.558 ; 4.343 ;
; SW[1]      ; VGA_G[6]    ; 4.260 ; 4.666 ; 4.666 ; 4.260 ;
; SW[1]      ; VGA_G[7]    ; 3.948 ; 4.364 ; 4.364 ; 3.948 ;
; SW[1]      ; VGA_G[8]    ; 4.352 ; 4.352 ; 4.352 ; 4.352 ;
; SW[1]      ; VGA_G[9]    ;       ; 4.803 ; 4.803 ;       ;
; SW[2]      ; VGA_G[0]    ; 4.307 ; 4.307 ; 4.307 ; 4.307 ;
; SW[2]      ; VGA_G[1]    ; 4.300 ; 4.300 ; 4.300 ; 4.300 ;
; SW[2]      ; VGA_G[2]    ; 4.296 ; 4.296 ; 4.296 ; 4.296 ;
; SW[2]      ; VGA_G[3]    ; 4.303 ; 4.303 ; 4.303 ; 4.303 ;
; SW[2]      ; VGA_G[4]    ; 4.234 ; 4.234 ; 4.234 ; 4.234 ;
; SW[2]      ; VGA_G[5]    ; 4.311 ; 4.311 ; 4.311 ; 4.311 ;
; SW[2]      ; VGA_G[6]    ; 4.165 ; 4.165 ; 4.165 ; 4.165 ;
; SW[2]      ; VGA_G[7]    ; 4.257 ; 4.257 ; 4.257 ; 4.257 ;
; SW[2]      ; VGA_G[8]    ; 4.119 ; 4.119 ; 4.119 ; 4.119 ;
; SW[2]      ; VGA_G[9]    ;       ; 3.966 ; 3.966 ;       ;
; SW[3]      ; VGA_G[0]    ; 4.465 ; 4.465 ; 4.465 ; 4.465 ;
; SW[3]      ; VGA_G[1]    ; 4.458 ; 4.458 ; 4.458 ; 4.458 ;
; SW[3]      ; VGA_G[2]    ; 4.454 ; 4.454 ; 4.454 ; 4.454 ;
; SW[3]      ; VGA_G[3]    ; 4.461 ; 4.461 ; 4.461 ; 4.461 ;
; SW[3]      ; VGA_G[4]    ; 4.392 ; 4.392 ; 4.392 ; 4.392 ;
; SW[3]      ; VGA_G[5]    ; 4.469 ; 4.469 ; 4.469 ; 4.469 ;
; SW[3]      ; VGA_G[6]    ; 4.323 ; 4.323 ; 4.323 ; 4.323 ;
; SW[3]      ; VGA_G[7]    ; 4.415 ; 4.415 ; 4.415 ; 4.415 ;
; SW[3]      ; VGA_G[8]    ; 4.277 ; 4.277 ; 4.277 ; 4.277 ;
; SW[3]      ; VGA_G[9]    ; 3.881 ; 4.359 ; 4.359 ; 3.881 ;
+------------+-------------+-------+-------+-------+-------+


+----------------------------------------------------------------------------------------------------------------+
; Multicorner Timing Analysis Summary                                                                            ;
+---------------------------------------------------+---------+-------+----------+---------+---------------------+
; Clock                                             ; Setup   ; Hold  ; Recovery ; Removal ; Minimum Pulse Width ;
+---------------------------------------------------+---------+-------+----------+---------+---------------------+
; Worst-case Slack                                  ; -3.639  ; 0.331 ; N/A      ; N/A     ; -1.423              ;
;  CLOCK_50                                         ; N/A     ; N/A   ; N/A      ; N/A     ; 10.000              ;
;  ddfs:inst|freq_divider_DDFS:f_div_inst|count[19] ; -3.639  ; 0.365 ; N/A      ; N/A     ; -1.423              ;
;  inst1|altpll_component|pll|clk[0]                ; -1.050  ; 0.331 ; N/A      ; N/A     ; 1.500               ;
; Design-wide TNS                                   ; -99.494 ; 0.0   ; 0.0      ; 0.0     ; -99.38              ;
;  CLOCK_50                                         ; N/A     ; N/A   ; N/A      ; N/A     ; 0.000               ;
;  ddfs:inst|freq_divider_DDFS:f_div_inst|count[19] ; -84.439 ; 0.000 ; N/A      ; N/A     ; -99.380             ;
;  inst1|altpll_component|pll|clk[0]                ; -15.055 ; 0.000 ; N/A      ; N/A     ; 0.000               ;
+---------------------------------------------------+---------+-------+----------+---------+---------------------+


+------------------------------------------------------------------------------------------------------------------------------------------------+
; Setup Times                                                                                                                                    ;
+-----------+--------------------------------------------------+--------+--------+------------+--------------------------------------------------+
; Data Port ; Clock Port                                       ; Rise   ; Fall   ; Clock Edge ; Clock Reference                                  ;
+-----------+--------------------------------------------------+--------+--------+------------+--------------------------------------------------+
; SW[*]     ; ddfs:inst|freq_divider_DDFS:f_div_inst|count[19] ; 5.967  ; 5.967  ; Rise       ; ddfs:inst|freq_divider_DDFS:f_div_inst|count[19] ;
;  SW[3]    ; ddfs:inst|freq_divider_DDFS:f_div_inst|count[19] ; 2.191  ; 2.191  ; Rise       ; ddfs:inst|freq_divider_DDFS:f_div_inst|count[19] ;
;  SW[4]    ; ddfs:inst|freq_divider_DDFS:f_div_inst|count[19] ; 5.967  ; 5.967  ; Rise       ; ddfs:inst|freq_divider_DDFS:f_div_inst|count[19] ;
;  SW[5]    ; ddfs:inst|freq_divider_DDFS:f_div_inst|count[19] ; 5.772  ; 5.772  ; Rise       ; ddfs:inst|freq_divider_DDFS:f_div_inst|count[19] ;
;  SW[6]    ; ddfs:inst|freq_divider_DDFS:f_div_inst|count[19] ; 5.353  ; 5.353  ; Rise       ; ddfs:inst|freq_divider_DDFS:f_div_inst|count[19] ;
;  SW[7]    ; ddfs:inst|freq_divider_DDFS:f_div_inst|count[19] ; 4.381  ; 4.381  ; Rise       ; ddfs:inst|freq_divider_DDFS:f_div_inst|count[19] ;
;  SW[8]    ; ddfs:inst|freq_divider_DDFS:f_div_inst|count[19] ; 4.369  ; 4.369  ; Rise       ; ddfs:inst|freq_divider_DDFS:f_div_inst|count[19] ;
;  SW[9]    ; ddfs:inst|freq_divider_DDFS:f_div_inst|count[19] ; 4.507  ; 4.507  ; Rise       ; ddfs:inst|freq_divider_DDFS:f_div_inst|count[19] ;
;  SW[10]   ; ddfs:inst|freq_divider_DDFS:f_div_inst|count[19] ; 4.933  ; 4.933  ; Rise       ; ddfs:inst|freq_divider_DDFS:f_div_inst|count[19] ;
; SW[*]     ; CLOCK_50                                         ; 12.184 ; 12.184 ; Rise       ; inst1|altpll_component|pll|clk[0]                ;
;  SW[11]   ; CLOCK_50                                         ; 3.276  ; 3.276  ; Rise       ; inst1|altpll_component|pll|clk[0]                ;
;  SW[12]   ; CLOCK_50                                         ; 8.389  ; 8.389  ; Rise       ; inst1|altpll_component|pll|clk[0]                ;
;  SW[13]   ; CLOCK_50                                         ; 12.184 ; 12.184 ; Rise       ; inst1|altpll_component|pll|clk[0]                ;
;  SW[14]   ; CLOCK_50                                         ; 11.950 ; 11.950 ; Rise       ; inst1|altpll_component|pll|clk[0]                ;
+-----------+--------------------------------------------------+--------+--------+------------+--------------------------------------------------+


+------------------------------------------------------------------------------------------------------------------------------------------------+
; Hold Times                                                                                                                                     ;
+-----------+--------------------------------------------------+--------+--------+------------+--------------------------------------------------+
; Data Port ; Clock Port                                       ; Rise   ; Fall   ; Clock Edge ; Clock Reference                                  ;
+-----------+--------------------------------------------------+--------+--------+------------+--------------------------------------------------+
; SW[*]     ; ddfs:inst|freq_divider_DDFS:f_div_inst|count[19] ; -0.275 ; -0.275 ; Rise       ; ddfs:inst|freq_divider_DDFS:f_div_inst|count[19] ;
;  SW[3]    ; ddfs:inst|freq_divider_DDFS:f_div_inst|count[19] ; -0.275 ; -0.275 ; Rise       ; ddfs:inst|freq_divider_DDFS:f_div_inst|count[19] ;
;  SW[4]    ; ddfs:inst|freq_divider_DDFS:f_div_inst|count[19] ; -0.949 ; -0.949 ; Rise       ; ddfs:inst|freq_divider_DDFS:f_div_inst|count[19] ;
;  SW[5]    ; ddfs:inst|freq_divider_DDFS:f_div_inst|count[19] ; -0.943 ; -0.943 ; Rise       ; ddfs:inst|freq_divider_DDFS:f_div_inst|count[19] ;
;  SW[6]    ; ddfs:inst|freq_divider_DDFS:f_div_inst|count[19] ; -0.888 ; -0.888 ; Rise       ; ddfs:inst|freq_divider_DDFS:f_div_inst|count[19] ;
;  SW[7]    ; ddfs:inst|freq_divider_DDFS:f_div_inst|count[19] ; -0.398 ; -0.398 ; Rise       ; ddfs:inst|freq_divider_DDFS:f_div_inst|count[19] ;
;  SW[8]    ; ddfs:inst|freq_divider_DDFS:f_div_inst|count[19] ; -0.510 ; -0.510 ; Rise       ; ddfs:inst|freq_divider_DDFS:f_div_inst|count[19] ;
;  SW[9]    ; ddfs:inst|freq_divider_DDFS:f_div_inst|count[19] ; -0.616 ; -0.616 ; Rise       ; ddfs:inst|freq_divider_DDFS:f_div_inst|count[19] ;
;  SW[10]   ; ddfs:inst|freq_divider_DDFS:f_div_inst|count[19] ; -0.792 ; -0.792 ; Rise       ; ddfs:inst|freq_divider_DDFS:f_div_inst|count[19] ;
; SW[*]     ; CLOCK_50                                         ; -1.158 ; -1.158 ; Rise       ; inst1|altpll_component|pll|clk[0]                ;
;  SW[11]   ; CLOCK_50                                         ; -1.158 ; -1.158 ; Rise       ; inst1|altpll_component|pll|clk[0]                ;
;  SW[12]   ; CLOCK_50                                         ; -1.264 ; -1.264 ; Rise       ; inst1|altpll_component|pll|clk[0]                ;
;  SW[13]   ; CLOCK_50                                         ; -3.447 ; -3.447 ; Rise       ; inst1|altpll_component|pll|clk[0]                ;
;  SW[14]   ; CLOCK_50                                         ; -3.426 ; -3.426 ; Rise       ; inst1|altpll_component|pll|clk[0]                ;
+-----------+--------------------------------------------------+--------+--------+------------+--------------------------------------------------+


+------------------------------------------------------------------------------------------------------------------------------------------------+
; Clock to Output Times                                                                                                                          ;
+-----------+--------------------------------------------------+--------+--------+------------+--------------------------------------------------+
; Data Port ; Clock Port                                       ; Rise   ; Fall   ; Clock Edge ; Clock Reference                                  ;
+-----------+--------------------------------------------------+--------+--------+------------+--------------------------------------------------+
; VGA_CLK   ; ddfs:inst|freq_divider_DDFS:f_div_inst|count[19] ; 5.532  ;        ; Rise       ; ddfs:inst|freq_divider_DDFS:f_div_inst|count[19] ;
; VGA_G[*]  ; ddfs:inst|freq_divider_DDFS:f_div_inst|count[19] ; 14.750 ; 14.750 ; Rise       ; ddfs:inst|freq_divider_DDFS:f_div_inst|count[19] ;
;  VGA_G[0] ; ddfs:inst|freq_divider_DDFS:f_div_inst|count[19] ; 13.634 ; 13.634 ; Rise       ; ddfs:inst|freq_divider_DDFS:f_div_inst|count[19] ;
;  VGA_G[1] ; ddfs:inst|freq_divider_DDFS:f_div_inst|count[19] ; 13.693 ; 13.693 ; Rise       ; ddfs:inst|freq_divider_DDFS:f_div_inst|count[19] ;
;  VGA_G[2] ; ddfs:inst|freq_divider_DDFS:f_div_inst|count[19] ; 13.579 ; 13.579 ; Rise       ; ddfs:inst|freq_divider_DDFS:f_div_inst|count[19] ;
;  VGA_G[3] ; ddfs:inst|freq_divider_DDFS:f_div_inst|count[19] ; 13.941 ; 13.941 ; Rise       ; ddfs:inst|freq_divider_DDFS:f_div_inst|count[19] ;
;  VGA_G[4] ; ddfs:inst|freq_divider_DDFS:f_div_inst|count[19] ; 13.691 ; 13.691 ; Rise       ; ddfs:inst|freq_divider_DDFS:f_div_inst|count[19] ;
;  VGA_G[5] ; ddfs:inst|freq_divider_DDFS:f_div_inst|count[19] ; 13.890 ; 13.890 ; Rise       ; ddfs:inst|freq_divider_DDFS:f_div_inst|count[19] ;
;  VGA_G[6] ; ddfs:inst|freq_divider_DDFS:f_div_inst|count[19] ; 13.982 ; 13.982 ; Rise       ; ddfs:inst|freq_divider_DDFS:f_div_inst|count[19] ;
;  VGA_G[7] ; ddfs:inst|freq_divider_DDFS:f_div_inst|count[19] ; 14.014 ; 14.014 ; Rise       ; ddfs:inst|freq_divider_DDFS:f_div_inst|count[19] ;
;  VGA_G[8] ; ddfs:inst|freq_divider_DDFS:f_div_inst|count[19] ; 13.740 ; 13.740 ; Rise       ; ddfs:inst|freq_divider_DDFS:f_div_inst|count[19] ;
;  VGA_G[9] ; ddfs:inst|freq_divider_DDFS:f_div_inst|count[19] ; 14.750 ; 14.750 ; Rise       ; ddfs:inst|freq_divider_DDFS:f_div_inst|count[19] ;
; VGA_CLK   ; ddfs:inst|freq_divider_DDFS:f_div_inst|count[19] ;        ; 5.532  ; Fall       ; ddfs:inst|freq_divider_DDFS:f_div_inst|count[19] ;
+-----------+--------------------------------------------------+--------+--------+------------+--------------------------------------------------+


+----------------------------------------------------------------------------------------------------------------------------------------------+
; Minimum Clock to Output Times                                                                                                                ;
+-----------+--------------------------------------------------+-------+-------+------------+--------------------------------------------------+
; Data Port ; Clock Port                                       ; Rise  ; Fall  ; Clock Edge ; Clock Reference                                  ;
+-----------+--------------------------------------------------+-------+-------+------------+--------------------------------------------------+
; VGA_CLK   ; ddfs:inst|freq_divider_DDFS:f_div_inst|count[19] ; 2.920 ;       ; Rise       ; ddfs:inst|freq_divider_DDFS:f_div_inst|count[19] ;
; VGA_G[*]  ; ddfs:inst|freq_divider_DDFS:f_div_inst|count[19] ; 4.438 ; 4.438 ; Rise       ; ddfs:inst|freq_divider_DDFS:f_div_inst|count[19] ;
;  VGA_G[0] ; ddfs:inst|freq_divider_DDFS:f_div_inst|count[19] ; 4.880 ; 4.880 ; Rise       ; ddfs:inst|freq_divider_DDFS:f_div_inst|count[19] ;
;  VGA_G[1] ; ddfs:inst|freq_divider_DDFS:f_div_inst|count[19] ; 4.873 ; 4.873 ; Rise       ; ddfs:inst|freq_divider_DDFS:f_div_inst|count[19] ;
;  VGA_G[2] ; ddfs:inst|freq_divider_DDFS:f_div_inst|count[19] ; 4.869 ; 4.869 ; Rise       ; ddfs:inst|freq_divider_DDFS:f_div_inst|count[19] ;
;  VGA_G[3] ; ddfs:inst|freq_divider_DDFS:f_div_inst|count[19] ; 4.876 ; 4.876 ; Rise       ; ddfs:inst|freq_divider_DDFS:f_div_inst|count[19] ;
;  VGA_G[4] ; ddfs:inst|freq_divider_DDFS:f_div_inst|count[19] ; 4.807 ; 4.807 ; Rise       ; ddfs:inst|freq_divider_DDFS:f_div_inst|count[19] ;
;  VGA_G[5] ; ddfs:inst|freq_divider_DDFS:f_div_inst|count[19] ; 4.884 ; 4.884 ; Rise       ; ddfs:inst|freq_divider_DDFS:f_div_inst|count[19] ;
;  VGA_G[6] ; ddfs:inst|freq_divider_DDFS:f_div_inst|count[19] ; 4.738 ; 4.738 ; Rise       ; ddfs:inst|freq_divider_DDFS:f_div_inst|count[19] ;
;  VGA_G[7] ; ddfs:inst|freq_divider_DDFS:f_div_inst|count[19] ; 4.830 ; 4.830 ; Rise       ; ddfs:inst|freq_divider_DDFS:f_div_inst|count[19] ;
;  VGA_G[8] ; ddfs:inst|freq_divider_DDFS:f_div_inst|count[19] ; 4.692 ; 4.692 ; Rise       ; ddfs:inst|freq_divider_DDFS:f_div_inst|count[19] ;
;  VGA_G[9] ; ddfs:inst|freq_divider_DDFS:f_div_inst|count[19] ; 4.438 ; 4.438 ; Rise       ; ddfs:inst|freq_divider_DDFS:f_div_inst|count[19] ;
; VGA_CLK   ; ddfs:inst|freq_divider_DDFS:f_div_inst|count[19] ;       ; 2.920 ; Fall       ; ddfs:inst|freq_divider_DDFS:f_div_inst|count[19] ;
+-----------+--------------------------------------------------+-------+-------+------------+--------------------------------------------------+


+--------------------------------------------------------------+
; Progagation Delay                                            ;
+------------+-------------+--------+--------+--------+--------+
; Input Port ; Output Port ; RR     ; RF     ; FR     ; FF     ;
+------------+-------------+--------+--------+--------+--------+
; SW[0]      ; VGA_G[0]    ; 9.787  ; 9.787  ; 9.787  ; 9.787  ;
; SW[0]      ; VGA_G[1]    ; 9.846  ; 9.846  ; 9.846  ; 9.846  ;
; SW[0]      ; VGA_G[2]    ; 9.732  ; 9.732  ; 9.732  ; 9.732  ;
; SW[0]      ; VGA_G[3]    ; 10.094 ; 10.094 ; 10.094 ; 10.094 ;
; SW[0]      ; VGA_G[4]    ; 9.844  ; 9.844  ; 9.844  ; 9.844  ;
; SW[0]      ; VGA_G[5]    ; 10.043 ; 10.043 ; 10.043 ; 10.043 ;
; SW[0]      ; VGA_G[6]    ; 10.135 ; 10.135 ; 10.135 ; 10.135 ;
; SW[0]      ; VGA_G[7]    ; 10.167 ; 10.167 ; 10.167 ; 10.167 ;
; SW[0]      ; VGA_G[8]    ; 9.893  ; 9.893  ; 9.893  ; 9.893  ;
; SW[0]      ; VGA_G[9]    ; 10.903 ; 10.903 ; 10.903 ; 10.903 ;
; SW[1]      ; VGA_G[0]    ; 9.517  ; 9.517  ; 9.517  ; 9.517  ;
; SW[1]      ; VGA_G[1]    ; 9.576  ; 9.576  ; 9.576  ; 9.576  ;
; SW[1]      ; VGA_G[2]    ; 9.462  ; 9.462  ; 9.462  ; 9.462  ;
; SW[1]      ; VGA_G[3]    ; 9.824  ; 9.824  ; 9.824  ; 9.824  ;
; SW[1]      ; VGA_G[4]    ; 9.574  ; 9.574  ; 9.574  ; 9.574  ;
; SW[1]      ; VGA_G[5]    ; 9.773  ; 9.773  ; 9.773  ; 9.773  ;
; SW[1]      ; VGA_G[6]    ; 9.865  ; 9.865  ; 9.865  ; 9.865  ;
; SW[1]      ; VGA_G[7]    ; 9.897  ; 9.897  ; 9.897  ; 9.897  ;
; SW[1]      ; VGA_G[8]    ; 9.623  ; 9.623  ; 9.623  ; 9.623  ;
; SW[1]      ; VGA_G[9]    ;        ; 10.633 ; 10.633 ;        ;
; SW[2]      ; VGA_G[0]    ; 9.374  ; 9.374  ; 9.374  ; 9.374  ;
; SW[2]      ; VGA_G[1]    ; 9.363  ; 9.363  ; 9.363  ; 9.363  ;
; SW[2]      ; VGA_G[2]    ; 9.372  ; 9.372  ; 9.372  ; 9.372  ;
; SW[2]      ; VGA_G[3]    ; 9.370  ; 9.370  ; 9.370  ; 9.370  ;
; SW[2]      ; VGA_G[4]    ; 9.217  ; 9.217  ; 9.217  ; 9.217  ;
; SW[2]      ; VGA_G[5]    ; 9.384  ; 9.384  ; 9.384  ; 9.384  ;
; SW[2]      ; VGA_G[6]    ; 9.116  ; 9.116  ; 9.116  ; 9.116  ;
; SW[2]      ; VGA_G[7]    ; 9.287  ; 9.287  ; 9.287  ; 9.287  ;
; SW[2]      ; VGA_G[8]    ; 8.982  ; 8.982  ; 8.982  ; 8.982  ;
; SW[2]      ; VGA_G[9]    ;        ; 8.323  ; 8.323  ;        ;
; SW[3]      ; VGA_G[0]    ; 10.884 ; 10.884 ; 10.884 ; 10.884 ;
; SW[3]      ; VGA_G[1]    ; 10.969 ; 10.969 ; 10.969 ; 10.969 ;
; SW[3]      ; VGA_G[2]    ; 11.194 ; 11.194 ; 11.194 ; 11.194 ;
; SW[3]      ; VGA_G[3]    ; 11.556 ; 11.556 ; 11.556 ; 11.556 ;
; SW[3]      ; VGA_G[4]    ; 11.306 ; 11.306 ; 11.306 ; 11.306 ;
; SW[3]      ; VGA_G[5]    ; 11.505 ; 11.505 ; 11.505 ; 11.505 ;
; SW[3]      ; VGA_G[6]    ; 11.597 ; 11.597 ; 11.597 ; 11.597 ;
; SW[3]      ; VGA_G[7]    ; 11.629 ; 11.629 ; 11.629 ; 11.629 ;
; SW[3]      ; VGA_G[8]    ; 11.355 ; 11.355 ; 11.355 ; 11.355 ;
; SW[3]      ; VGA_G[9]    ; 12.365 ; 12.365 ; 12.365 ; 12.365 ;
+------------+-------------+--------+--------+--------+--------+


+----------------------------------------------------------+
; Minimum Progagation Delay                                ;
+------------+-------------+-------+-------+-------+-------+
; Input Port ; Output Port ; RR    ; RF    ; FR    ; FF    ;
+------------+-------------+-------+-------+-------+-------+
; SW[0]      ; VGA_G[0]    ; 3.993 ; 3.993 ; 3.993 ; 3.993 ;
; SW[0]      ; VGA_G[1]    ; 4.326 ; 4.326 ; 4.326 ; 4.326 ;
; SW[0]      ; VGA_G[2]    ; 4.445 ; 4.445 ; 4.445 ; 4.445 ;
; SW[0]      ; VGA_G[3]    ; 4.201 ; 4.201 ; 4.201 ; 4.201 ;
; SW[0]      ; VGA_G[4]    ; 4.444 ; 4.444 ; 4.444 ; 4.444 ;
; SW[0]      ; VGA_G[5]    ; 4.451 ; 4.451 ; 4.451 ; 4.451 ;
; SW[0]      ; VGA_G[6]    ; 4.111 ; 4.111 ; 4.111 ; 4.111 ;
; SW[0]      ; VGA_G[7]    ; 3.996 ; 3.996 ; 3.996 ; 3.996 ;
; SW[0]      ; VGA_G[8]    ; 4.219 ; 4.219 ; 4.219 ; 4.219 ;
; SW[0]      ; VGA_G[9]    ; 3.981 ; 3.981 ; 3.981 ; 3.981 ;
; SW[1]      ; VGA_G[0]    ; 3.945 ; 4.456 ; 4.456 ; 3.945 ;
; SW[1]      ; VGA_G[1]    ; 4.218 ; 4.589 ; 4.589 ; 4.218 ;
; SW[1]      ; VGA_G[2]    ; 4.337 ; 4.535 ; 4.535 ; 4.337 ;
; SW[1]      ; VGA_G[3]    ; 4.351 ; 4.728 ; 4.728 ; 4.351 ;
; SW[1]      ; VGA_G[4]    ; 4.332 ; 4.493 ; 4.493 ; 4.332 ;
; SW[1]      ; VGA_G[5]    ; 4.343 ; 4.558 ; 4.558 ; 4.343 ;
; SW[1]      ; VGA_G[6]    ; 4.260 ; 4.666 ; 4.666 ; 4.260 ;
; SW[1]      ; VGA_G[7]    ; 3.948 ; 4.364 ; 4.364 ; 3.948 ;
; SW[1]      ; VGA_G[8]    ; 4.352 ; 4.352 ; 4.352 ; 4.352 ;
; SW[1]      ; VGA_G[9]    ;       ; 4.803 ; 4.803 ;       ;
; SW[2]      ; VGA_G[0]    ; 4.307 ; 4.307 ; 4.307 ; 4.307 ;
; SW[2]      ; VGA_G[1]    ; 4.300 ; 4.300 ; 4.300 ; 4.300 ;
; SW[2]      ; VGA_G[2]    ; 4.296 ; 4.296 ; 4.296 ; 4.296 ;
; SW[2]      ; VGA_G[3]    ; 4.303 ; 4.303 ; 4.303 ; 4.303 ;
; SW[2]      ; VGA_G[4]    ; 4.234 ; 4.234 ; 4.234 ; 4.234 ;
; SW[2]      ; VGA_G[5]    ; 4.311 ; 4.311 ; 4.311 ; 4.311 ;
; SW[2]      ; VGA_G[6]    ; 4.165 ; 4.165 ; 4.165 ; 4.165 ;
; SW[2]      ; VGA_G[7]    ; 4.257 ; 4.257 ; 4.257 ; 4.257 ;
; SW[2]      ; VGA_G[8]    ; 4.119 ; 4.119 ; 4.119 ; 4.119 ;
; SW[2]      ; VGA_G[9]    ;       ; 3.966 ; 3.966 ;       ;
; SW[3]      ; VGA_G[0]    ; 4.465 ; 4.465 ; 4.465 ; 4.465 ;
; SW[3]      ; VGA_G[1]    ; 4.458 ; 4.458 ; 4.458 ; 4.458 ;
; SW[3]      ; VGA_G[2]    ; 4.454 ; 4.454 ; 4.454 ; 4.454 ;
; SW[3]      ; VGA_G[3]    ; 4.461 ; 4.461 ; 4.461 ; 4.461 ;
; SW[3]      ; VGA_G[4]    ; 4.392 ; 4.392 ; 4.392 ; 4.392 ;
; SW[3]      ; VGA_G[5]    ; 4.469 ; 4.469 ; 4.469 ; 4.469 ;
; SW[3]      ; VGA_G[6]    ; 4.323 ; 4.323 ; 4.323 ; 4.323 ;
; SW[3]      ; VGA_G[7]    ; 4.415 ; 4.415 ; 4.415 ; 4.415 ;
; SW[3]      ; VGA_G[8]    ; 4.277 ; 4.277 ; 4.277 ; 4.277 ;
; SW[3]      ; VGA_G[9]    ; 3.881 ; 4.359 ; 4.359 ; 3.881 ;
+------------+-------------+-------+-------+-------+-------+


+-------------------------------------------------------------------------------------------------------------------------------------------------+
; Setup Transfers                                                                                                                                 ;
+--------------------------------------------------+--------------------------------------------------+----------+----------+----------+----------+
; From Clock                                       ; To Clock                                         ; RR Paths ; FR Paths ; RF Paths ; FF Paths ;
+--------------------------------------------------+--------------------------------------------------+----------+----------+----------+----------+
; ddfs:inst|freq_divider_DDFS:f_div_inst|count[19] ; ddfs:inst|freq_divider_DDFS:f_div_inst|count[19] ; 2888     ; 0        ; 0        ; 0        ;
; ddfs:inst|freq_divider_DDFS:f_div_inst|count[19] ; inst1|altpll_component|pll|clk[0]                ; 21       ; 21       ; 0        ; 0        ;
; inst1|altpll_component|pll|clk[0]                ; inst1|altpll_component|pll|clk[0]                ; 589      ; 0        ; 0        ; 0        ;
+--------------------------------------------------+--------------------------------------------------+----------+----------+----------+----------+
Entries labeled "false path" only account for clock-to-clock false paths and not path-based false paths. As a result, actual path counts may be lower than reported.


+-------------------------------------------------------------------------------------------------------------------------------------------------+
; Hold Transfers                                                                                                                                  ;
+--------------------------------------------------+--------------------------------------------------+----------+----------+----------+----------+
; From Clock                                       ; To Clock                                         ; RR Paths ; FR Paths ; RF Paths ; FF Paths ;
+--------------------------------------------------+--------------------------------------------------+----------+----------+----------+----------+
; ddfs:inst|freq_divider_DDFS:f_div_inst|count[19] ; ddfs:inst|freq_divider_DDFS:f_div_inst|count[19] ; 2888     ; 0        ; 0        ; 0        ;
; ddfs:inst|freq_divider_DDFS:f_div_inst|count[19] ; inst1|altpll_component|pll|clk[0]                ; 21       ; 21       ; 0        ; 0        ;
; inst1|altpll_component|pll|clk[0]                ; inst1|altpll_component|pll|clk[0]                ; 589      ; 0        ; 0        ; 0        ;
+--------------------------------------------------+--------------------------------------------------+----------+----------+----------+----------+
Entries labeled "false path" only account for clock-to-clock false paths and not path-based false paths. As a result, actual path counts may be lower than reported.


---------------
; Report TCCS ;
---------------
No dedicated SERDES Transmitter circuitry present in device or used in design


---------------
; Report RSKM ;
---------------
No dedicated SERDES Receiver circuitry present in device or used in design


+------------------------------------------------+
; Unconstrained Paths                            ;
+---------------------------------+-------+------+
; Property                        ; Setup ; Hold ;
+---------------------------------+-------+------+
; Illegal Clocks                  ; 0     ; 0    ;
; Unconstrained Clocks            ; 0     ; 0    ;
; Unconstrained Input Ports       ; 15    ; 15   ;
; Unconstrained Input Port Paths  ; 246   ; 246  ;
; Unconstrained Output Ports      ; 11    ; 11   ;
; Unconstrained Output Port Paths ; 385   ; 385  ;
+---------------------------------+-------+------+


+------------------------------------+
; TimeQuest Timing Analyzer Messages ;
+------------------------------------+
Info: *******************************************************************
Info: Running Quartus II 64-Bit TimeQuest Timing Analyzer
    Info: Version 13.0.1 Build 232 06/12/2013 Service Pack 1 SJ Web Edition
    Info: Processing started: Wed Dec 17 17:53:09 2025
Info: Command: quartus_sta funct_gen -c funct_gen
Info: qsta_default_script.tcl version: #1
Warning (20028): Parallel compilation is not licensed and has been disabled
Info (21077): Low junction temperature is 0 degrees C
Info (21077): High junction temperature is 85 degrees C
Critical Warning (332012): Synopsys Design Constraints File file not found: 'funct_gen.sdc'. A Synopsys Design Constraints File is required by the TimeQuest Timing Analyzer to get proper timing constraints. Without it, the Compiler will not properly optimize the design.
Info (332142): No user constrained generated clocks found in the design. Calling "derive_pll_clocks -create_base_clocks"
Info (332110): Deriving PLL clocks
    Info (332110): create_clock -period 20.000 -waveform {0.000 10.000} -name CLOCK_50 CLOCK_50
    Info (332110): create_generated_clock -source {inst1|altpll_component|pll|inclk[0]} -multiply_by 4 -duty_cycle 50.00 -name {inst1|altpll_component|pll|clk[0]} {inst1|altpll_component|pll|clk[0]}
Info (332142): No user constrained base clocks found in the design. Calling "derive_clocks -period 1.0"
Info (332105): Deriving Clocks
    Info (332105): create_clock -period 1.000 -name ddfs:inst|freq_divider_DDFS:f_div_inst|count[19] ddfs:inst|freq_divider_DDFS:f_div_inst|count[19]
Info: Found TIMEQUEST_REPORT_SCRIPT_INCLUDE_DEFAULT_ANALYSIS = ON
Info: Analyzing Slow Model
Critical Warning (332148): Timing requirements not met
Info (332146): Worst-case setup slack is -3.639
    Info (332119):     Slack End Point TNS Clock 
    Info (332119): ========= ============= =====================
    Info (332119):    -3.639       -84.439 ddfs:inst|freq_divider_DDFS:f_div_inst|count[19] 
    Info (332119):    -1.050       -15.055 inst1|altpll_component|pll|clk[0] 
Info (332146): Worst-case hold slack is 0.616
    Info (332119):     Slack End Point TNS Clock 
    Info (332119): ========= ============= =====================
    Info (332119):     0.616         0.000 inst1|altpll_component|pll|clk[0] 
    Info (332119):     0.730         0.000 ddfs:inst|freq_divider_DDFS:f_div_inst|count[19] 
Info (332140): No Recovery paths to report
Info (332140): No Removal paths to report
Info (332146): Worst-case minimum pulse width slack is -1.423
    Info (332119):     Slack End Point TNS Clock 
    Info (332119): ========= ============= =====================
    Info (332119):    -1.423       -99.380 ddfs:inst|freq_divider_DDFS:f_div_inst|count[19] 
    Info (332119):     1.500         0.000 inst1|altpll_component|pll|clk[0] 
    Info (332119):    10.000         0.000 CLOCK_50 
Info (332001): The selected device family is not supported by the report_metastability command.
Info: Analyzing Fast Model
Critical Warning (332148): Timing requirements not met
Info (332146): Worst-case setup slack is -1.066
    Info (332119):     Slack End Point TNS Clock 
    Info (332119): ========= ============= =====================
    Info (332119):    -1.066       -14.976 ddfs:inst|freq_divider_DDFS:f_div_inst|count[19] 
    Info (332119):    -0.253        -2.636 inst1|altpll_component|pll|clk[0] 
Info (332146): Worst-case hold slack is 0.331
    Info (332119):     Slack End Point TNS Clock 
    Info (332119): ========= ============= =====================
    Info (332119):     0.331         0.000 inst1|altpll_component|pll|clk[0] 
    Info (332119):     0.365         0.000 ddfs:inst|freq_divider_DDFS:f_div_inst|count[19] 
Info (332140): No Recovery paths to report
Info (332140): No Removal paths to report
Info (332146): Worst-case minimum pulse width slack is -1.423
    Info (332119):     Slack End Point TNS Clock 
    Info (332119): ========= ============= =====================
    Info (332119):    -1.423       -99.380 ddfs:inst|freq_divider_DDFS:f_div_inst|count[19] 
    Info (332119):     1.500         0.000 inst1|altpll_component|pll|clk[0] 
    Info (332119):    10.000         0.000 CLOCK_50 
Info (332001): The selected device family is not supported by the report_metastability command.
Info (332102): Design is not fully constrained for setup requirements
Info (332102): Design is not fully constrained for hold requirements
Info: Quartus II 64-Bit TimeQuest Timing Analyzer was successful. 0 errors, 4 warnings
    Info: Peak virtual memory: 4546 megabytes
    Info: Processing ended: Wed Dec 17 17:53:11 2025
    Info: Elapsed time: 00:00:02
    Info: Total CPU time (on all processors): 00:00:02


