TimeQuest Timing Analyzer report for LCD_module
Fri Dec 26 17:14:42 2025
Quartus II 64-Bit Version 13.0.1 Build 232 06/12/2013 Service Pack 1 SJ Web Edition


---------------------
; Table of Contents ;
---------------------
  1. Legal Notice
  2. TimeQuest Timing Analyzer Summary
  3. Parallel Compilation
  4. Clocks
  5. Slow Model Fmax Summary
  6. Slow Model Setup Summary
  7. Slow Model Hold Summary
  8. Slow Model Recovery Summary
  9. Slow Model Removal Summary
 10. Slow Model Minimum Pulse Width Summary
 11. Slow Model Setup: 'CLOCK_50'
 12. Slow Model Hold: 'CLOCK_50'
 13. Slow Model Minimum Pulse Width: 'CLOCK_50'
 14. Setup Times
 15. Hold Times
 16. Clock to Output Times
 17. Minimum Clock to Output Times
 18. Fast Model Setup Summary
 19. Fast Model Hold Summary
 20. Fast Model Recovery Summary
 21. Fast Model Removal Summary
 22. Fast Model Minimum Pulse Width Summary
 23. Fast Model Setup: 'CLOCK_50'
 24. Fast Model Hold: 'CLOCK_50'
 25. Fast Model Minimum Pulse Width: 'CLOCK_50'
 26. Setup Times
 27. Hold Times
 28. Clock to Output Times
 29. Minimum Clock to Output Times
 30. Multicorner Timing Analysis Summary
 31. Setup Times
 32. Hold Times
 33. Clock to Output Times
 34. Minimum Clock to Output Times
 35. Setup Transfers
 36. Hold Transfers
 37. Report TCCS
 38. Report RSKM
 39. Unconstrained Paths
 40. TimeQuest Timing Analyzer Messages



----------------
; Legal Notice ;
----------------
Copyright (C) 1991-2013 Altera Corporation
Your use of Altera Corporation's design tools, logic functions 
and other software and tools, and its AMPP partner logic 
functions, and any output files from any of the foregoing 
(including device programming or simulation files), and any 
associated documentation or information are expressly subject 
to the terms and conditions of the Altera Program License 
Subscription Agreement, Altera MegaCore Function License 
Agreement, or other applicable license agreement, including, 
without limitation, that your use is for the sole purpose of 
programming logic devices manufactured by Altera and sold by 
Altera or its authorized distributors.  Please refer to the 
applicable agreement for further details.



+----------------------------------------------------------------------------------------+
; TimeQuest Timing Analyzer Summary                                                      ;
+--------------------+-------------------------------------------------------------------+
; Quartus II Version ; Version 13.0.1 Build 232 06/12/2013 Service Pack 1 SJ Web Edition ;
; Revision Name      ; LCD_module                                                        ;
; Device Family      ; Cyclone II                                                        ;
; Device Name        ; EP2C35F672C6                                                      ;
; Timing Models      ; Final                                                             ;
; Delay Model        ; Combined                                                          ;
; Rise/Fall Delays   ; Unavailable                                                       ;
+--------------------+-------------------------------------------------------------------+


Parallel compilation was disabled, but you have multiple processors available. Enable parallel compilation to reduce compilation time.
+-------------------------------------+
; Parallel Compilation                ;
+----------------------------+--------+
; Processors                 ; Number ;
+----------------------------+--------+
; Number detected on machine ; 12     ;
; Maximum allowed            ; 1      ;
+----------------------------+--------+


+--------------------------------------------------------------------------------------------------------------------------------------------------------------------------------------+
; Clocks                                                                                                                                                                               ;
+------------+------+--------+------------+-------+-------+------------+-----------+-------------+-------+--------+-----------+------------+----------+--------+--------+--------------+
; Clock Name ; Type ; Period ; Frequency  ; Rise  ; Fall  ; Duty Cycle ; Divide by ; Multiply by ; Phase ; Offset ; Edge List ; Edge Shift ; Inverted ; Master ; Source ; Targets      ;
+------------+------+--------+------------+-------+-------+------------+-----------+-------------+-------+--------+-----------+------------+----------+--------+--------+--------------+
; CLOCK_50   ; Base ; 1.000  ; 1000.0 MHz ; 0.000 ; 0.500 ;            ;           ;             ;       ;        ;           ;            ;          ;        ;        ; { CLOCK_50 } ;
+------------+------+--------+------------+-------+-------+------------+-----------+-------------+-------+--------+-----------+------------+----------+--------+--------+--------------+


+--------------------------------------------------+
; Slow Model Fmax Summary                          ;
+------------+-----------------+------------+------+
; Fmax       ; Restricted Fmax ; Clock Name ; Note ;
+------------+-----------------+------------+------+
; 127.68 MHz ; 127.68 MHz      ; CLOCK_50   ;      ;
+------------+-----------------+------------+------+
This panel reports FMAX for every clock in the design, regardless of the user-specified clock periods.  FMAX is only computed for paths where the source and destination registers or ports are driven by the same clock.  Paths of different clocks, including generated clocks, are ignored.  For paths between a clock and its inversion, FMAX is computed as if the rising and falling edges are scaled along with FMAX, such that the duty cycle (in terms of a percentage) is maintained. Altera recommends that you always use clock constraints and other slack reports for sign-off analysis.


+-----------------------------------+
; Slow Model Setup Summary          ;
+----------+--------+---------------+
; Clock    ; Slack  ; End Point TNS ;
+----------+--------+---------------+
; CLOCK_50 ; -6.832 ; -642.896      ;
+----------+--------+---------------+


+----------------------------------+
; Slow Model Hold Summary          ;
+----------+-------+---------------+
; Clock    ; Slack ; End Point TNS ;
+----------+-------+---------------+
; CLOCK_50 ; 0.391 ; 0.000         ;
+----------+-------+---------------+


-------------------------------
; Slow Model Recovery Summary ;
-------------------------------
No paths to report.


------------------------------
; Slow Model Removal Summary ;
------------------------------
No paths to report.


+----------------------------------------+
; Slow Model Minimum Pulse Width Summary ;
+----------+--------+--------------------+
; Clock    ; Slack  ; End Point TNS      ;
+----------+--------+--------------------+
; CLOCK_50 ; -1.423 ; -300.910           ;
+----------+--------+--------------------+


+--------------------------------------------------------------------------------------------------------------------------------------------------------------------------------------------------------------------------------------------+
; Slow Model Setup: 'CLOCK_50'                                                                                                                                                                                                               ;
+--------+-----------------------------------------------------------------------------------------------------------------------------+-------------------------------+--------------+-------------+--------------+------------+------------+
; Slack  ; From Node                                                                                                                   ; To Node                       ; Launch Clock ; Latch Clock ; Relationship ; Clock Skew ; Data Delay ;
+--------+-----------------------------------------------------------------------------------------------------------------------------+-------------------------------+--------------+-------------+--------------+------------+------------+
; -6.832 ; lcd_driver:inst|text_lut:text_lut_inst|altsyncram:rom_rtl_0|altsyncram_id71:auto_generated|ram_block1a3~porta_address_reg0  ; lcd_driver:inst|page_index[2] ; CLOCK_50     ; CLOCK_50    ; 1.000        ; -0.058     ; 7.810      ;
; -6.832 ; lcd_driver:inst|text_lut:text_lut_inst|altsyncram:rom_rtl_0|altsyncram_id71:auto_generated|ram_block1a3~porta_address_reg0  ; lcd_driver:inst|page_index[3] ; CLOCK_50     ; CLOCK_50    ; 1.000        ; -0.058     ; 7.810      ;
; -6.832 ; lcd_driver:inst|text_lut:text_lut_inst|altsyncram:rom_rtl_0|altsyncram_id71:auto_generated|ram_block1a3~porta_address_reg0  ; lcd_driver:inst|page_index[4] ; CLOCK_50     ; CLOCK_50    ; 1.000        ; -0.058     ; 7.810      ;
; -6.832 ; lcd_driver:inst|text_lut:text_lut_inst|altsyncram:rom_rtl_0|altsyncram_id71:auto_generated|ram_block1a3~porta_address_reg1  ; lcd_driver:inst|page_index[2] ; CLOCK_50     ; CLOCK_50    ; 1.000        ; -0.058     ; 7.810      ;
; -6.832 ; lcd_driver:inst|text_lut:text_lut_inst|altsyncram:rom_rtl_0|altsyncram_id71:auto_generated|ram_block1a3~porta_address_reg2  ; lcd_driver:inst|page_index[2] ; CLOCK_50     ; CLOCK_50    ; 1.000        ; -0.058     ; 7.810      ;
; -6.832 ; lcd_driver:inst|text_lut:text_lut_inst|altsyncram:rom_rtl_0|altsyncram_id71:auto_generated|ram_block1a3~porta_address_reg3  ; lcd_driver:inst|page_index[2] ; CLOCK_50     ; CLOCK_50    ; 1.000        ; -0.058     ; 7.810      ;
; -6.832 ; lcd_driver:inst|text_lut:text_lut_inst|altsyncram:rom_rtl_0|altsyncram_id71:auto_generated|ram_block1a3~porta_address_reg4  ; lcd_driver:inst|page_index[2] ; CLOCK_50     ; CLOCK_50    ; 1.000        ; -0.058     ; 7.810      ;
; -6.832 ; lcd_driver:inst|text_lut:text_lut_inst|altsyncram:rom_rtl_0|altsyncram_id71:auto_generated|ram_block1a3~porta_address_reg5  ; lcd_driver:inst|page_index[2] ; CLOCK_50     ; CLOCK_50    ; 1.000        ; -0.058     ; 7.810      ;
; -6.832 ; lcd_driver:inst|text_lut:text_lut_inst|altsyncram:rom_rtl_0|altsyncram_id71:auto_generated|ram_block1a3~porta_address_reg6  ; lcd_driver:inst|page_index[2] ; CLOCK_50     ; CLOCK_50    ; 1.000        ; -0.058     ; 7.810      ;
; -6.832 ; lcd_driver:inst|text_lut:text_lut_inst|altsyncram:rom_rtl_0|altsyncram_id71:auto_generated|ram_block1a3~porta_address_reg7  ; lcd_driver:inst|page_index[2] ; CLOCK_50     ; CLOCK_50    ; 1.000        ; -0.058     ; 7.810      ;
; -6.832 ; lcd_driver:inst|text_lut:text_lut_inst|altsyncram:rom_rtl_0|altsyncram_id71:auto_generated|ram_block1a3~porta_address_reg8  ; lcd_driver:inst|page_index[2] ; CLOCK_50     ; CLOCK_50    ; 1.000        ; -0.058     ; 7.810      ;
; -6.832 ; lcd_driver:inst|text_lut:text_lut_inst|altsyncram:rom_rtl_0|altsyncram_id71:auto_generated|ram_block1a3~porta_address_reg9  ; lcd_driver:inst|page_index[2] ; CLOCK_50     ; CLOCK_50    ; 1.000        ; -0.058     ; 7.810      ;
; -6.832 ; lcd_driver:inst|text_lut:text_lut_inst|altsyncram:rom_rtl_0|altsyncram_id71:auto_generated|ram_block1a3~porta_address_reg10 ; lcd_driver:inst|page_index[2] ; CLOCK_50     ; CLOCK_50    ; 1.000        ; -0.058     ; 7.810      ;
; -6.832 ; lcd_driver:inst|text_lut:text_lut_inst|altsyncram:rom_rtl_0|altsyncram_id71:auto_generated|ram_block1a3~porta_address_reg1  ; lcd_driver:inst|page_index[3] ; CLOCK_50     ; CLOCK_50    ; 1.000        ; -0.058     ; 7.810      ;
; -6.832 ; lcd_driver:inst|text_lut:text_lut_inst|altsyncram:rom_rtl_0|altsyncram_id71:auto_generated|ram_block1a3~porta_address_reg2  ; lcd_driver:inst|page_index[3] ; CLOCK_50     ; CLOCK_50    ; 1.000        ; -0.058     ; 7.810      ;
; -6.832 ; lcd_driver:inst|text_lut:text_lut_inst|altsyncram:rom_rtl_0|altsyncram_id71:auto_generated|ram_block1a3~porta_address_reg3  ; lcd_driver:inst|page_index[3] ; CLOCK_50     ; CLOCK_50    ; 1.000        ; -0.058     ; 7.810      ;
; -6.832 ; lcd_driver:inst|text_lut:text_lut_inst|altsyncram:rom_rtl_0|altsyncram_id71:auto_generated|ram_block1a3~porta_address_reg4  ; lcd_driver:inst|page_index[3] ; CLOCK_50     ; CLOCK_50    ; 1.000        ; -0.058     ; 7.810      ;
; -6.832 ; lcd_driver:inst|text_lut:text_lut_inst|altsyncram:rom_rtl_0|altsyncram_id71:auto_generated|ram_block1a3~porta_address_reg5  ; lcd_driver:inst|page_index[3] ; CLOCK_50     ; CLOCK_50    ; 1.000        ; -0.058     ; 7.810      ;
; -6.832 ; lcd_driver:inst|text_lut:text_lut_inst|altsyncram:rom_rtl_0|altsyncram_id71:auto_generated|ram_block1a3~porta_address_reg6  ; lcd_driver:inst|page_index[3] ; CLOCK_50     ; CLOCK_50    ; 1.000        ; -0.058     ; 7.810      ;
; -6.832 ; lcd_driver:inst|text_lut:text_lut_inst|altsyncram:rom_rtl_0|altsyncram_id71:auto_generated|ram_block1a3~porta_address_reg7  ; lcd_driver:inst|page_index[3] ; CLOCK_50     ; CLOCK_50    ; 1.000        ; -0.058     ; 7.810      ;
; -6.832 ; lcd_driver:inst|text_lut:text_lut_inst|altsyncram:rom_rtl_0|altsyncram_id71:auto_generated|ram_block1a3~porta_address_reg8  ; lcd_driver:inst|page_index[3] ; CLOCK_50     ; CLOCK_50    ; 1.000        ; -0.058     ; 7.810      ;
; -6.832 ; lcd_driver:inst|text_lut:text_lut_inst|altsyncram:rom_rtl_0|altsyncram_id71:auto_generated|ram_block1a3~porta_address_reg9  ; lcd_driver:inst|page_index[3] ; CLOCK_50     ; CLOCK_50    ; 1.000        ; -0.058     ; 7.810      ;
; -6.832 ; lcd_driver:inst|text_lut:text_lut_inst|altsyncram:rom_rtl_0|altsyncram_id71:auto_generated|ram_block1a3~porta_address_reg10 ; lcd_driver:inst|page_index[3] ; CLOCK_50     ; CLOCK_50    ; 1.000        ; -0.058     ; 7.810      ;
; -6.832 ; lcd_driver:inst|text_lut:text_lut_inst|altsyncram:rom_rtl_0|altsyncram_id71:auto_generated|ram_block1a3~porta_address_reg1  ; lcd_driver:inst|page_index[4] ; CLOCK_50     ; CLOCK_50    ; 1.000        ; -0.058     ; 7.810      ;
; -6.832 ; lcd_driver:inst|text_lut:text_lut_inst|altsyncram:rom_rtl_0|altsyncram_id71:auto_generated|ram_block1a3~porta_address_reg2  ; lcd_driver:inst|page_index[4] ; CLOCK_50     ; CLOCK_50    ; 1.000        ; -0.058     ; 7.810      ;
; -6.832 ; lcd_driver:inst|text_lut:text_lut_inst|altsyncram:rom_rtl_0|altsyncram_id71:auto_generated|ram_block1a3~porta_address_reg3  ; lcd_driver:inst|page_index[4] ; CLOCK_50     ; CLOCK_50    ; 1.000        ; -0.058     ; 7.810      ;
; -6.832 ; lcd_driver:inst|text_lut:text_lut_inst|altsyncram:rom_rtl_0|altsyncram_id71:auto_generated|ram_block1a3~porta_address_reg4  ; lcd_driver:inst|page_index[4] ; CLOCK_50     ; CLOCK_50    ; 1.000        ; -0.058     ; 7.810      ;
; -6.832 ; lcd_driver:inst|text_lut:text_lut_inst|altsyncram:rom_rtl_0|altsyncram_id71:auto_generated|ram_block1a3~porta_address_reg5  ; lcd_driver:inst|page_index[4] ; CLOCK_50     ; CLOCK_50    ; 1.000        ; -0.058     ; 7.810      ;
; -6.832 ; lcd_driver:inst|text_lut:text_lut_inst|altsyncram:rom_rtl_0|altsyncram_id71:auto_generated|ram_block1a3~porta_address_reg6  ; lcd_driver:inst|page_index[4] ; CLOCK_50     ; CLOCK_50    ; 1.000        ; -0.058     ; 7.810      ;
; -6.832 ; lcd_driver:inst|text_lut:text_lut_inst|altsyncram:rom_rtl_0|altsyncram_id71:auto_generated|ram_block1a3~porta_address_reg7  ; lcd_driver:inst|page_index[4] ; CLOCK_50     ; CLOCK_50    ; 1.000        ; -0.058     ; 7.810      ;
; -6.832 ; lcd_driver:inst|text_lut:text_lut_inst|altsyncram:rom_rtl_0|altsyncram_id71:auto_generated|ram_block1a3~porta_address_reg8  ; lcd_driver:inst|page_index[4] ; CLOCK_50     ; CLOCK_50    ; 1.000        ; -0.058     ; 7.810      ;
; -6.832 ; lcd_driver:inst|text_lut:text_lut_inst|altsyncram:rom_rtl_0|altsyncram_id71:auto_generated|ram_block1a3~porta_address_reg9  ; lcd_driver:inst|page_index[4] ; CLOCK_50     ; CLOCK_50    ; 1.000        ; -0.058     ; 7.810      ;
; -6.832 ; lcd_driver:inst|text_lut:text_lut_inst|altsyncram:rom_rtl_0|altsyncram_id71:auto_generated|ram_block1a3~porta_address_reg10 ; lcd_driver:inst|page_index[4] ; CLOCK_50     ; CLOCK_50    ; 1.000        ; -0.058     ; 7.810      ;
; -6.729 ; lcd_driver:inst|text_lut:text_lut_inst|altsyncram:rom_rtl_0|altsyncram_id71:auto_generated|ram_block1a0~porta_address_reg0  ; lcd_driver:inst|page_index[2] ; CLOCK_50     ; CLOCK_50    ; 1.000        ; -0.054     ; 7.711      ;
; -6.729 ; lcd_driver:inst|text_lut:text_lut_inst|altsyncram:rom_rtl_0|altsyncram_id71:auto_generated|ram_block1a0~porta_address_reg0  ; lcd_driver:inst|page_index[3] ; CLOCK_50     ; CLOCK_50    ; 1.000        ; -0.054     ; 7.711      ;
; -6.729 ; lcd_driver:inst|text_lut:text_lut_inst|altsyncram:rom_rtl_0|altsyncram_id71:auto_generated|ram_block1a0~porta_address_reg0  ; lcd_driver:inst|page_index[4] ; CLOCK_50     ; CLOCK_50    ; 1.000        ; -0.054     ; 7.711      ;
; -6.729 ; lcd_driver:inst|text_lut:text_lut_inst|altsyncram:rom_rtl_0|altsyncram_id71:auto_generated|ram_block1a0~porta_address_reg1  ; lcd_driver:inst|page_index[2] ; CLOCK_50     ; CLOCK_50    ; 1.000        ; -0.054     ; 7.711      ;
; -6.729 ; lcd_driver:inst|text_lut:text_lut_inst|altsyncram:rom_rtl_0|altsyncram_id71:auto_generated|ram_block1a0~porta_address_reg2  ; lcd_driver:inst|page_index[2] ; CLOCK_50     ; CLOCK_50    ; 1.000        ; -0.054     ; 7.711      ;
; -6.729 ; lcd_driver:inst|text_lut:text_lut_inst|altsyncram:rom_rtl_0|altsyncram_id71:auto_generated|ram_block1a0~porta_address_reg3  ; lcd_driver:inst|page_index[2] ; CLOCK_50     ; CLOCK_50    ; 1.000        ; -0.054     ; 7.711      ;
; -6.729 ; lcd_driver:inst|text_lut:text_lut_inst|altsyncram:rom_rtl_0|altsyncram_id71:auto_generated|ram_block1a0~porta_address_reg4  ; lcd_driver:inst|page_index[2] ; CLOCK_50     ; CLOCK_50    ; 1.000        ; -0.054     ; 7.711      ;
; -6.729 ; lcd_driver:inst|text_lut:text_lut_inst|altsyncram:rom_rtl_0|altsyncram_id71:auto_generated|ram_block1a0~porta_address_reg5  ; lcd_driver:inst|page_index[2] ; CLOCK_50     ; CLOCK_50    ; 1.000        ; -0.054     ; 7.711      ;
; -6.729 ; lcd_driver:inst|text_lut:text_lut_inst|altsyncram:rom_rtl_0|altsyncram_id71:auto_generated|ram_block1a0~porta_address_reg6  ; lcd_driver:inst|page_index[2] ; CLOCK_50     ; CLOCK_50    ; 1.000        ; -0.054     ; 7.711      ;
; -6.729 ; lcd_driver:inst|text_lut:text_lut_inst|altsyncram:rom_rtl_0|altsyncram_id71:auto_generated|ram_block1a0~porta_address_reg7  ; lcd_driver:inst|page_index[2] ; CLOCK_50     ; CLOCK_50    ; 1.000        ; -0.054     ; 7.711      ;
; -6.729 ; lcd_driver:inst|text_lut:text_lut_inst|altsyncram:rom_rtl_0|altsyncram_id71:auto_generated|ram_block1a0~porta_address_reg8  ; lcd_driver:inst|page_index[2] ; CLOCK_50     ; CLOCK_50    ; 1.000        ; -0.054     ; 7.711      ;
; -6.729 ; lcd_driver:inst|text_lut:text_lut_inst|altsyncram:rom_rtl_0|altsyncram_id71:auto_generated|ram_block1a0~porta_address_reg9  ; lcd_driver:inst|page_index[2] ; CLOCK_50     ; CLOCK_50    ; 1.000        ; -0.054     ; 7.711      ;
; -6.729 ; lcd_driver:inst|text_lut:text_lut_inst|altsyncram:rom_rtl_0|altsyncram_id71:auto_generated|ram_block1a0~porta_address_reg10 ; lcd_driver:inst|page_index[2] ; CLOCK_50     ; CLOCK_50    ; 1.000        ; -0.054     ; 7.711      ;
; -6.729 ; lcd_driver:inst|text_lut:text_lut_inst|altsyncram:rom_rtl_0|altsyncram_id71:auto_generated|ram_block1a0~porta_address_reg1  ; lcd_driver:inst|page_index[3] ; CLOCK_50     ; CLOCK_50    ; 1.000        ; -0.054     ; 7.711      ;
; -6.729 ; lcd_driver:inst|text_lut:text_lut_inst|altsyncram:rom_rtl_0|altsyncram_id71:auto_generated|ram_block1a0~porta_address_reg2  ; lcd_driver:inst|page_index[3] ; CLOCK_50     ; CLOCK_50    ; 1.000        ; -0.054     ; 7.711      ;
; -6.729 ; lcd_driver:inst|text_lut:text_lut_inst|altsyncram:rom_rtl_0|altsyncram_id71:auto_generated|ram_block1a0~porta_address_reg3  ; lcd_driver:inst|page_index[3] ; CLOCK_50     ; CLOCK_50    ; 1.000        ; -0.054     ; 7.711      ;
; -6.729 ; lcd_driver:inst|text_lut:text_lut_inst|altsyncram:rom_rtl_0|altsyncram_id71:auto_generated|ram_block1a0~porta_address_reg4  ; lcd_driver:inst|page_index[3] ; CLOCK_50     ; CLOCK_50    ; 1.000        ; -0.054     ; 7.711      ;
; -6.729 ; lcd_driver:inst|text_lut:text_lut_inst|altsyncram:rom_rtl_0|altsyncram_id71:auto_generated|ram_block1a0~porta_address_reg5  ; lcd_driver:inst|page_index[3] ; CLOCK_50     ; CLOCK_50    ; 1.000        ; -0.054     ; 7.711      ;
; -6.729 ; lcd_driver:inst|text_lut:text_lut_inst|altsyncram:rom_rtl_0|altsyncram_id71:auto_generated|ram_block1a0~porta_address_reg6  ; lcd_driver:inst|page_index[3] ; CLOCK_50     ; CLOCK_50    ; 1.000        ; -0.054     ; 7.711      ;
; -6.729 ; lcd_driver:inst|text_lut:text_lut_inst|altsyncram:rom_rtl_0|altsyncram_id71:auto_generated|ram_block1a0~porta_address_reg7  ; lcd_driver:inst|page_index[3] ; CLOCK_50     ; CLOCK_50    ; 1.000        ; -0.054     ; 7.711      ;
; -6.729 ; lcd_driver:inst|text_lut:text_lut_inst|altsyncram:rom_rtl_0|altsyncram_id71:auto_generated|ram_block1a0~porta_address_reg8  ; lcd_driver:inst|page_index[3] ; CLOCK_50     ; CLOCK_50    ; 1.000        ; -0.054     ; 7.711      ;
; -6.729 ; lcd_driver:inst|text_lut:text_lut_inst|altsyncram:rom_rtl_0|altsyncram_id71:auto_generated|ram_block1a0~porta_address_reg9  ; lcd_driver:inst|page_index[3] ; CLOCK_50     ; CLOCK_50    ; 1.000        ; -0.054     ; 7.711      ;
; -6.729 ; lcd_driver:inst|text_lut:text_lut_inst|altsyncram:rom_rtl_0|altsyncram_id71:auto_generated|ram_block1a0~porta_address_reg10 ; lcd_driver:inst|page_index[3] ; CLOCK_50     ; CLOCK_50    ; 1.000        ; -0.054     ; 7.711      ;
; -6.729 ; lcd_driver:inst|text_lut:text_lut_inst|altsyncram:rom_rtl_0|altsyncram_id71:auto_generated|ram_block1a0~porta_address_reg1  ; lcd_driver:inst|page_index[4] ; CLOCK_50     ; CLOCK_50    ; 1.000        ; -0.054     ; 7.711      ;
; -6.729 ; lcd_driver:inst|text_lut:text_lut_inst|altsyncram:rom_rtl_0|altsyncram_id71:auto_generated|ram_block1a0~porta_address_reg2  ; lcd_driver:inst|page_index[4] ; CLOCK_50     ; CLOCK_50    ; 1.000        ; -0.054     ; 7.711      ;
; -6.729 ; lcd_driver:inst|text_lut:text_lut_inst|altsyncram:rom_rtl_0|altsyncram_id71:auto_generated|ram_block1a0~porta_address_reg3  ; lcd_driver:inst|page_index[4] ; CLOCK_50     ; CLOCK_50    ; 1.000        ; -0.054     ; 7.711      ;
; -6.729 ; lcd_driver:inst|text_lut:text_lut_inst|altsyncram:rom_rtl_0|altsyncram_id71:auto_generated|ram_block1a0~porta_address_reg4  ; lcd_driver:inst|page_index[4] ; CLOCK_50     ; CLOCK_50    ; 1.000        ; -0.054     ; 7.711      ;
; -6.729 ; lcd_driver:inst|text_lut:text_lut_inst|altsyncram:rom_rtl_0|altsyncram_id71:auto_generated|ram_block1a0~porta_address_reg5  ; lcd_driver:inst|page_index[4] ; CLOCK_50     ; CLOCK_50    ; 1.000        ; -0.054     ; 7.711      ;
; -6.729 ; lcd_driver:inst|text_lut:text_lut_inst|altsyncram:rom_rtl_0|altsyncram_id71:auto_generated|ram_block1a0~porta_address_reg6  ; lcd_driver:inst|page_index[4] ; CLOCK_50     ; CLOCK_50    ; 1.000        ; -0.054     ; 7.711      ;
; -6.729 ; lcd_driver:inst|text_lut:text_lut_inst|altsyncram:rom_rtl_0|altsyncram_id71:auto_generated|ram_block1a0~porta_address_reg7  ; lcd_driver:inst|page_index[4] ; CLOCK_50     ; CLOCK_50    ; 1.000        ; -0.054     ; 7.711      ;
; -6.729 ; lcd_driver:inst|text_lut:text_lut_inst|altsyncram:rom_rtl_0|altsyncram_id71:auto_generated|ram_block1a0~porta_address_reg8  ; lcd_driver:inst|page_index[4] ; CLOCK_50     ; CLOCK_50    ; 1.000        ; -0.054     ; 7.711      ;
; -6.729 ; lcd_driver:inst|text_lut:text_lut_inst|altsyncram:rom_rtl_0|altsyncram_id71:auto_generated|ram_block1a0~porta_address_reg9  ; lcd_driver:inst|page_index[4] ; CLOCK_50     ; CLOCK_50    ; 1.000        ; -0.054     ; 7.711      ;
; -6.729 ; lcd_driver:inst|text_lut:text_lut_inst|altsyncram:rom_rtl_0|altsyncram_id71:auto_generated|ram_block1a0~porta_address_reg10 ; lcd_driver:inst|page_index[4] ; CLOCK_50     ; CLOCK_50    ; 1.000        ; -0.054     ; 7.711      ;
; -6.646 ; lcd_driver:inst|text_lut:text_lut_inst|altsyncram:rom_rtl_0|altsyncram_id71:auto_generated|ram_block1a1~porta_address_reg0  ; lcd_driver:inst|page_index[2] ; CLOCK_50     ; CLOCK_50    ; 1.000        ; -0.056     ; 7.626      ;
; -6.646 ; lcd_driver:inst|text_lut:text_lut_inst|altsyncram:rom_rtl_0|altsyncram_id71:auto_generated|ram_block1a1~porta_address_reg0  ; lcd_driver:inst|page_index[3] ; CLOCK_50     ; CLOCK_50    ; 1.000        ; -0.056     ; 7.626      ;
; -6.646 ; lcd_driver:inst|text_lut:text_lut_inst|altsyncram:rom_rtl_0|altsyncram_id71:auto_generated|ram_block1a1~porta_address_reg0  ; lcd_driver:inst|page_index[4] ; CLOCK_50     ; CLOCK_50    ; 1.000        ; -0.056     ; 7.626      ;
; -6.646 ; lcd_driver:inst|text_lut:text_lut_inst|altsyncram:rom_rtl_0|altsyncram_id71:auto_generated|ram_block1a1~porta_address_reg1  ; lcd_driver:inst|page_index[2] ; CLOCK_50     ; CLOCK_50    ; 1.000        ; -0.056     ; 7.626      ;
; -6.646 ; lcd_driver:inst|text_lut:text_lut_inst|altsyncram:rom_rtl_0|altsyncram_id71:auto_generated|ram_block1a1~porta_address_reg2  ; lcd_driver:inst|page_index[2] ; CLOCK_50     ; CLOCK_50    ; 1.000        ; -0.056     ; 7.626      ;
; -6.646 ; lcd_driver:inst|text_lut:text_lut_inst|altsyncram:rom_rtl_0|altsyncram_id71:auto_generated|ram_block1a1~porta_address_reg3  ; lcd_driver:inst|page_index[2] ; CLOCK_50     ; CLOCK_50    ; 1.000        ; -0.056     ; 7.626      ;
; -6.646 ; lcd_driver:inst|text_lut:text_lut_inst|altsyncram:rom_rtl_0|altsyncram_id71:auto_generated|ram_block1a1~porta_address_reg4  ; lcd_driver:inst|page_index[2] ; CLOCK_50     ; CLOCK_50    ; 1.000        ; -0.056     ; 7.626      ;
; -6.646 ; lcd_driver:inst|text_lut:text_lut_inst|altsyncram:rom_rtl_0|altsyncram_id71:auto_generated|ram_block1a1~porta_address_reg5  ; lcd_driver:inst|page_index[2] ; CLOCK_50     ; CLOCK_50    ; 1.000        ; -0.056     ; 7.626      ;
; -6.646 ; lcd_driver:inst|text_lut:text_lut_inst|altsyncram:rom_rtl_0|altsyncram_id71:auto_generated|ram_block1a1~porta_address_reg6  ; lcd_driver:inst|page_index[2] ; CLOCK_50     ; CLOCK_50    ; 1.000        ; -0.056     ; 7.626      ;
; -6.646 ; lcd_driver:inst|text_lut:text_lut_inst|altsyncram:rom_rtl_0|altsyncram_id71:auto_generated|ram_block1a1~porta_address_reg7  ; lcd_driver:inst|page_index[2] ; CLOCK_50     ; CLOCK_50    ; 1.000        ; -0.056     ; 7.626      ;
; -6.646 ; lcd_driver:inst|text_lut:text_lut_inst|altsyncram:rom_rtl_0|altsyncram_id71:auto_generated|ram_block1a1~porta_address_reg8  ; lcd_driver:inst|page_index[2] ; CLOCK_50     ; CLOCK_50    ; 1.000        ; -0.056     ; 7.626      ;
; -6.646 ; lcd_driver:inst|text_lut:text_lut_inst|altsyncram:rom_rtl_0|altsyncram_id71:auto_generated|ram_block1a1~porta_address_reg9  ; lcd_driver:inst|page_index[2] ; CLOCK_50     ; CLOCK_50    ; 1.000        ; -0.056     ; 7.626      ;
; -6.646 ; lcd_driver:inst|text_lut:text_lut_inst|altsyncram:rom_rtl_0|altsyncram_id71:auto_generated|ram_block1a1~porta_address_reg10 ; lcd_driver:inst|page_index[2] ; CLOCK_50     ; CLOCK_50    ; 1.000        ; -0.056     ; 7.626      ;
; -6.646 ; lcd_driver:inst|text_lut:text_lut_inst|altsyncram:rom_rtl_0|altsyncram_id71:auto_generated|ram_block1a1~porta_address_reg1  ; lcd_driver:inst|page_index[3] ; CLOCK_50     ; CLOCK_50    ; 1.000        ; -0.056     ; 7.626      ;
; -6.646 ; lcd_driver:inst|text_lut:text_lut_inst|altsyncram:rom_rtl_0|altsyncram_id71:auto_generated|ram_block1a1~porta_address_reg2  ; lcd_driver:inst|page_index[3] ; CLOCK_50     ; CLOCK_50    ; 1.000        ; -0.056     ; 7.626      ;
; -6.646 ; lcd_driver:inst|text_lut:text_lut_inst|altsyncram:rom_rtl_0|altsyncram_id71:auto_generated|ram_block1a1~porta_address_reg3  ; lcd_driver:inst|page_index[3] ; CLOCK_50     ; CLOCK_50    ; 1.000        ; -0.056     ; 7.626      ;
; -6.646 ; lcd_driver:inst|text_lut:text_lut_inst|altsyncram:rom_rtl_0|altsyncram_id71:auto_generated|ram_block1a1~porta_address_reg4  ; lcd_driver:inst|page_index[3] ; CLOCK_50     ; CLOCK_50    ; 1.000        ; -0.056     ; 7.626      ;
; -6.646 ; lcd_driver:inst|text_lut:text_lut_inst|altsyncram:rom_rtl_0|altsyncram_id71:auto_generated|ram_block1a1~porta_address_reg5  ; lcd_driver:inst|page_index[3] ; CLOCK_50     ; CLOCK_50    ; 1.000        ; -0.056     ; 7.626      ;
; -6.646 ; lcd_driver:inst|text_lut:text_lut_inst|altsyncram:rom_rtl_0|altsyncram_id71:auto_generated|ram_block1a1~porta_address_reg6  ; lcd_driver:inst|page_index[3] ; CLOCK_50     ; CLOCK_50    ; 1.000        ; -0.056     ; 7.626      ;
; -6.646 ; lcd_driver:inst|text_lut:text_lut_inst|altsyncram:rom_rtl_0|altsyncram_id71:auto_generated|ram_block1a1~porta_address_reg7  ; lcd_driver:inst|page_index[3] ; CLOCK_50     ; CLOCK_50    ; 1.000        ; -0.056     ; 7.626      ;
; -6.646 ; lcd_driver:inst|text_lut:text_lut_inst|altsyncram:rom_rtl_0|altsyncram_id71:auto_generated|ram_block1a1~porta_address_reg8  ; lcd_driver:inst|page_index[3] ; CLOCK_50     ; CLOCK_50    ; 1.000        ; -0.056     ; 7.626      ;
; -6.646 ; lcd_driver:inst|text_lut:text_lut_inst|altsyncram:rom_rtl_0|altsyncram_id71:auto_generated|ram_block1a1~porta_address_reg9  ; lcd_driver:inst|page_index[3] ; CLOCK_50     ; CLOCK_50    ; 1.000        ; -0.056     ; 7.626      ;
; -6.646 ; lcd_driver:inst|text_lut:text_lut_inst|altsyncram:rom_rtl_0|altsyncram_id71:auto_generated|ram_block1a1~porta_address_reg10 ; lcd_driver:inst|page_index[3] ; CLOCK_50     ; CLOCK_50    ; 1.000        ; -0.056     ; 7.626      ;
; -6.646 ; lcd_driver:inst|text_lut:text_lut_inst|altsyncram:rom_rtl_0|altsyncram_id71:auto_generated|ram_block1a1~porta_address_reg1  ; lcd_driver:inst|page_index[4] ; CLOCK_50     ; CLOCK_50    ; 1.000        ; -0.056     ; 7.626      ;
; -6.646 ; lcd_driver:inst|text_lut:text_lut_inst|altsyncram:rom_rtl_0|altsyncram_id71:auto_generated|ram_block1a1~porta_address_reg2  ; lcd_driver:inst|page_index[4] ; CLOCK_50     ; CLOCK_50    ; 1.000        ; -0.056     ; 7.626      ;
; -6.646 ; lcd_driver:inst|text_lut:text_lut_inst|altsyncram:rom_rtl_0|altsyncram_id71:auto_generated|ram_block1a1~porta_address_reg3  ; lcd_driver:inst|page_index[4] ; CLOCK_50     ; CLOCK_50    ; 1.000        ; -0.056     ; 7.626      ;
; -6.646 ; lcd_driver:inst|text_lut:text_lut_inst|altsyncram:rom_rtl_0|altsyncram_id71:auto_generated|ram_block1a1~porta_address_reg4  ; lcd_driver:inst|page_index[4] ; CLOCK_50     ; CLOCK_50    ; 1.000        ; -0.056     ; 7.626      ;
; -6.646 ; lcd_driver:inst|text_lut:text_lut_inst|altsyncram:rom_rtl_0|altsyncram_id71:auto_generated|ram_block1a1~porta_address_reg5  ; lcd_driver:inst|page_index[4] ; CLOCK_50     ; CLOCK_50    ; 1.000        ; -0.056     ; 7.626      ;
; -6.646 ; lcd_driver:inst|text_lut:text_lut_inst|altsyncram:rom_rtl_0|altsyncram_id71:auto_generated|ram_block1a1~porta_address_reg6  ; lcd_driver:inst|page_index[4] ; CLOCK_50     ; CLOCK_50    ; 1.000        ; -0.056     ; 7.626      ;
; -6.646 ; lcd_driver:inst|text_lut:text_lut_inst|altsyncram:rom_rtl_0|altsyncram_id71:auto_generated|ram_block1a1~porta_address_reg7  ; lcd_driver:inst|page_index[4] ; CLOCK_50     ; CLOCK_50    ; 1.000        ; -0.056     ; 7.626      ;
; -6.646 ; lcd_driver:inst|text_lut:text_lut_inst|altsyncram:rom_rtl_0|altsyncram_id71:auto_generated|ram_block1a1~porta_address_reg8  ; lcd_driver:inst|page_index[4] ; CLOCK_50     ; CLOCK_50    ; 1.000        ; -0.056     ; 7.626      ;
; -6.646 ; lcd_driver:inst|text_lut:text_lut_inst|altsyncram:rom_rtl_0|altsyncram_id71:auto_generated|ram_block1a1~porta_address_reg9  ; lcd_driver:inst|page_index[4] ; CLOCK_50     ; CLOCK_50    ; 1.000        ; -0.056     ; 7.626      ;
; -6.646 ; lcd_driver:inst|text_lut:text_lut_inst|altsyncram:rom_rtl_0|altsyncram_id71:auto_generated|ram_block1a1~porta_address_reg10 ; lcd_driver:inst|page_index[4] ; CLOCK_50     ; CLOCK_50    ; 1.000        ; -0.056     ; 7.626      ;
; -6.434 ; lcd_driver:inst|text_lut:text_lut_inst|altsyncram:rom_rtl_0|altsyncram_id71:auto_generated|ram_block1a5~porta_address_reg0  ; lcd_driver:inst|page_index[2] ; CLOCK_50     ; CLOCK_50    ; 1.000        ; -0.057     ; 7.413      ;
+--------+-----------------------------------------------------------------------------------------------------------------------------+-------------------------------+--------------+-------------+--------------+------------+------------+


+-------------------------------------------------------------------------------------------------------------------------------------------------------------------------------------------------------------------------------------------------------+
; Slow Model Hold: 'CLOCK_50'                                                                                                                                                                                                                           ;
+-------+-------------------------------------------+-----------------------------------------------------------------------------------------------------------------------------+--------------+-------------+--------------+------------+------------+
; Slack ; From Node                                 ; To Node                                                                                                                     ; Launch Clock ; Latch Clock ; Relationship ; Clock Skew ; Data Delay ;
+-------+-------------------------------------------+-----------------------------------------------------------------------------------------------------------------------------+--------------+-------------+--------------+------------+------------+
; 0.391 ; lcd_driver:inst|btn_counter[0]            ; lcd_driver:inst|btn_counter[0]                                                                                              ; CLOCK_50     ; CLOCK_50    ; 0.000        ; 0.000      ; 0.657      ;
; 0.391 ; lcd_driver:inst|btn_pressed               ; lcd_driver:inst|btn_pressed                                                                                                 ; CLOCK_50     ; CLOCK_50    ; 0.000        ; 0.000      ; 0.657      ;
; 0.391 ; lcd_driver:inst|state.WAIT_BUTTON_RELEASE ; lcd_driver:inst|state.WAIT_BUTTON_RELEASE                                                                                   ; CLOCK_50     ; CLOCK_50    ; 0.000        ; 0.000      ; 0.657      ;
; 0.391 ; lcd_driver:inst|state.POWER_ON            ; lcd_driver:inst|state.POWER_ON                                                                                              ; CLOCK_50     ; CLOCK_50    ; 0.000        ; 0.000      ; 0.657      ;
; 0.391 ; lcd_driver:inst|sub_state.PAGE_ERROR      ; lcd_driver:inst|sub_state.PAGE_ERROR                                                                                        ; CLOCK_50     ; CLOCK_50    ; 0.000        ; 0.000      ; 0.657      ;
; 0.391 ; lcd_driver:inst|sub_state.PAGE0           ; lcd_driver:inst|sub_state.PAGE0                                                                                             ; CLOCK_50     ; CLOCK_50    ; 0.000        ; 0.000      ; 0.657      ;
; 0.391 ; lcd_driver:inst|sub_state.PAGE1           ; lcd_driver:inst|sub_state.PAGE1                                                                                             ; CLOCK_50     ; CLOCK_50    ; 0.000        ; 0.000      ; 0.657      ;
; 0.391 ; lcd_driver:inst|state.WAIT                ; lcd_driver:inst|state.WAIT                                                                                                  ; CLOCK_50     ; CLOCK_50    ; 0.000        ; 0.000      ; 0.657      ;
; 0.391 ; lcd_driver:inst|state.WRITE_DATA          ; lcd_driver:inst|state.WRITE_DATA                                                                                            ; CLOCK_50     ; CLOCK_50    ; 0.000        ; 0.000      ; 0.657      ;
; 0.391 ; lcd_driver:inst|state.DONE                ; lcd_driver:inst|state.DONE                                                                                                  ; CLOCK_50     ; CLOCK_50    ; 0.000        ; 0.000      ; 0.657      ;
; 0.391 ; lcd_driver:inst|state.PAGE_SELECT         ; lcd_driver:inst|state.PAGE_SELECT                                                                                           ; CLOCK_50     ; CLOCK_50    ; 0.000        ; 0.000      ; 0.657      ;
; 0.391 ; lcd_driver:inst|state.WAIT_EXEC           ; lcd_driver:inst|state.WAIT_EXEC                                                                                             ; CLOCK_50     ; CLOCK_50    ; 0.000        ; 0.000      ; 0.657      ;
; 0.391 ; lcd_driver:inst|sub_state.PAGE2           ; lcd_driver:inst|sub_state.PAGE2                                                                                             ; CLOCK_50     ; CLOCK_50    ; 0.000        ; 0.000      ; 0.657      ;
; 0.391 ; lcd_driver:inst|page_index[0]             ; lcd_driver:inst|page_index[0]                                                                                               ; CLOCK_50     ; CLOCK_50    ; 0.000        ; 0.000      ; 0.657      ;
; 0.391 ; lcd_driver:inst|page_index[1]             ; lcd_driver:inst|page_index[1]                                                                                               ; CLOCK_50     ; CLOCK_50    ; 0.000        ; 0.000      ; 0.657      ;
; 0.391 ; lcd_driver:inst|state_f.WRITE_DATA        ; lcd_driver:inst|state_f.WRITE_DATA                                                                                          ; CLOCK_50     ; CLOCK_50    ; 0.000        ; 0.000      ; 0.657      ;
; 0.391 ; lcd_driver:inst|state_f.WAIT_EXEC         ; lcd_driver:inst|state_f.WAIT_EXEC                                                                                           ; CLOCK_50     ; CLOCK_50    ; 0.000        ; 0.000      ; 0.657      ;
; 0.391 ; lcd_driver:inst|n_index[0]                ; lcd_driver:inst|n_index[0]                                                                                                  ; CLOCK_50     ; CLOCK_50    ; 0.000        ; 0.000      ; 0.657      ;
; 0.391 ; lcd_driver:inst|n_index[1]                ; lcd_driver:inst|n_index[1]                                                                                                  ; CLOCK_50     ; CLOCK_50    ; 0.000        ; 0.000      ; 0.657      ;
; 0.391 ; lcd_driver:inst|sub_state_f[0]            ; lcd_driver:inst|sub_state_f[0]                                                                                              ; CLOCK_50     ; CLOCK_50    ; 0.000        ; 0.000      ; 0.657      ;
; 0.391 ; lcd_driver:inst|sub_state_f[1]            ; lcd_driver:inst|sub_state_f[1]                                                                                              ; CLOCK_50     ; CLOCK_50    ; 0.000        ; 0.000      ; 0.657      ;
; 0.391 ; lcd_driver:inst|lcd_data_freq[7]          ; lcd_driver:inst|lcd_data_freq[7]                                                                                            ; CLOCK_50     ; CLOCK_50    ; 0.000        ; 0.000      ; 0.657      ;
; 0.391 ; lcd_driver:inst|lcd_en_freq               ; lcd_driver:inst|lcd_en_freq                                                                                                 ; CLOCK_50     ; CLOCK_50    ; 0.000        ; 0.000      ; 0.657      ;
; 0.391 ; lcd_driver:inst|lcd_en_cntr               ; lcd_driver:inst|lcd_en_cntr                                                                                                 ; CLOCK_50     ; CLOCK_50    ; 0.000        ; 0.000      ; 0.657      ;
; 0.391 ; lcd_driver:inst|lcd_rs_freq               ; lcd_driver:inst|lcd_rs_freq                                                                                                 ; CLOCK_50     ; CLOCK_50    ; 0.000        ; 0.000      ; 0.657      ;
; 0.531 ; lcd_driver:inst|counter[31]               ; lcd_driver:inst|counter[31]                                                                                                 ; CLOCK_50     ; CLOCK_50    ; 0.000        ; 0.000      ; 0.797      ;
; 0.531 ; lcd_driver:inst|counter_f[31]             ; lcd_driver:inst|counter_f[31]                                                                                               ; CLOCK_50     ; CLOCK_50    ; 0.000        ; 0.000      ; 0.797      ;
; 0.537 ; lcd_driver:inst|state_f.DIGIT_SELECT      ; lcd_driver:inst|state_f.HZ_DISPLAY                                                                                          ; CLOCK_50     ; CLOCK_50    ; 0.000        ; 0.000      ; 0.803      ;
; 0.539 ; lcd_driver:inst|state_f.DIGIT_SELECT      ; lcd_driver:inst|state_f.SETUP                                                                                               ; CLOCK_50     ; CLOCK_50    ; 0.000        ; 0.000      ; 0.805      ;
; 0.540 ; lcd_driver:inst|char_index[5]             ; lcd_driver:inst|char_index[5]                                                                                               ; CLOCK_50     ; CLOCK_50    ; 0.000        ; 0.000      ; 0.806      ;
; 0.540 ; lcd_driver:inst|state.WRITE_DATA          ; lcd_driver:inst|lcd_en_cntr                                                                                                 ; CLOCK_50     ; CLOCK_50    ; 0.000        ; 0.000      ; 0.806      ;
; 0.547 ; lcd_driver:inst|n_index[0]                ; lcd_driver:inst|n_index[1]                                                                                                  ; CLOCK_50     ; CLOCK_50    ; 0.000        ; 0.000      ; 0.813      ;
; 0.695 ; lcd_driver:inst|page_index[3]             ; lcd_driver:inst|text_lut:text_lut_inst|altsyncram:rom_rtl_0|altsyncram_id71:auto_generated|ram_block1a5~porta_address_reg9  ; CLOCK_50     ; CLOCK_50    ; 0.000        ; 0.057      ; 0.986      ;
; 0.696 ; lcd_driver:inst|page_index[4]             ; lcd_driver:inst|text_lut:text_lut_inst|altsyncram:rom_rtl_0|altsyncram_id71:auto_generated|ram_block1a5~porta_address_reg10 ; CLOCK_50     ; CLOCK_50    ; 0.000        ; 0.057      ; 0.987      ;
; 0.700 ; lcd_driver:inst|page_index[2]             ; lcd_driver:inst|text_lut:text_lut_inst|altsyncram:rom_rtl_0|altsyncram_id71:auto_generated|ram_block1a5~porta_address_reg8  ; CLOCK_50     ; CLOCK_50    ; 0.000        ; 0.057      ; 0.991      ;
; 0.788 ; lcd_driver:inst|counter[0]                ; lcd_driver:inst|counter[0]                                                                                                  ; CLOCK_50     ; CLOCK_50    ; 0.000        ; 0.000      ; 1.054      ;
; 0.788 ; lcd_driver:inst|counter_f[0]              ; lcd_driver:inst|counter_f[0]                                                                                                ; CLOCK_50     ; CLOCK_50    ; 0.000        ; 0.000      ; 1.054      ;
; 0.788 ; lcd_driver:inst|state_f.CHECK_AND_WAIT    ; lcd_driver:inst|sub_state_f[1]                                                                                              ; CLOCK_50     ; CLOCK_50    ; 0.000        ; -0.001     ; 1.053      ;
; 0.789 ; lcd_driver:inst|state_f.CHECK_AND_WAIT    ; lcd_driver:inst|sub_state_f[0]                                                                                              ; CLOCK_50     ; CLOCK_50    ; 0.000        ; -0.001     ; 1.054      ;
; 0.790 ; lcd_driver:inst|state_f.CHECK_AND_WAIT    ; lcd_driver:inst|lcd_en_freq                                                                                                 ; CLOCK_50     ; CLOCK_50    ; 0.000        ; -0.001     ; 1.055      ;
; 0.795 ; lcd_driver:inst|counter[16]               ; lcd_driver:inst|counter[16]                                                                                                 ; CLOCK_50     ; CLOCK_50    ; 0.000        ; 0.000      ; 1.061      ;
; 0.795 ; lcd_driver:inst|counter_f[16]             ; lcd_driver:inst|counter_f[16]                                                                                               ; CLOCK_50     ; CLOCK_50    ; 0.000        ; 0.000      ; 1.061      ;
; 0.798 ; lcd_driver:inst|counter[1]                ; lcd_driver:inst|counter[1]                                                                                                  ; CLOCK_50     ; CLOCK_50    ; 0.000        ; 0.000      ; 1.064      ;
; 0.798 ; lcd_driver:inst|counter_f[1]              ; lcd_driver:inst|counter_f[1]                                                                                                ; CLOCK_50     ; CLOCK_50    ; 0.000        ; 0.000      ; 1.064      ;
; 0.799 ; lcd_driver:inst|counter[2]                ; lcd_driver:inst|counter[2]                                                                                                  ; CLOCK_50     ; CLOCK_50    ; 0.000        ; 0.000      ; 1.065      ;
; 0.799 ; lcd_driver:inst|counter_f[2]              ; lcd_driver:inst|counter_f[2]                                                                                                ; CLOCK_50     ; CLOCK_50    ; 0.000        ; 0.000      ; 1.065      ;
; 0.805 ; lcd_driver:inst|counter[17]               ; lcd_driver:inst|counter[17]                                                                                                 ; CLOCK_50     ; CLOCK_50    ; 0.000        ; 0.000      ; 1.071      ;
; 0.805 ; lcd_driver:inst|counter_f[17]             ; lcd_driver:inst|counter_f[17]                                                                                               ; CLOCK_50     ; CLOCK_50    ; 0.000        ; 0.000      ; 1.071      ;
; 0.806 ; lcd_driver:inst|counter[4]                ; lcd_driver:inst|counter[4]                                                                                                  ; CLOCK_50     ; CLOCK_50    ; 0.000        ; 0.000      ; 1.072      ;
; 0.806 ; lcd_driver:inst|counter[7]                ; lcd_driver:inst|counter[7]                                                                                                  ; CLOCK_50     ; CLOCK_50    ; 0.000        ; 0.000      ; 1.072      ;
; 0.806 ; lcd_driver:inst|counter[9]                ; lcd_driver:inst|counter[9]                                                                                                  ; CLOCK_50     ; CLOCK_50    ; 0.000        ; 0.000      ; 1.072      ;
; 0.806 ; lcd_driver:inst|counter[11]               ; lcd_driver:inst|counter[11]                                                                                                 ; CLOCK_50     ; CLOCK_50    ; 0.000        ; 0.000      ; 1.072      ;
; 0.806 ; lcd_driver:inst|counter[13]               ; lcd_driver:inst|counter[13]                                                                                                 ; CLOCK_50     ; CLOCK_50    ; 0.000        ; 0.000      ; 1.072      ;
; 0.806 ; lcd_driver:inst|counter[14]               ; lcd_driver:inst|counter[14]                                                                                                 ; CLOCK_50     ; CLOCK_50    ; 0.000        ; 0.000      ; 1.072      ;
; 0.806 ; lcd_driver:inst|counter[15]               ; lcd_driver:inst|counter[15]                                                                                                 ; CLOCK_50     ; CLOCK_50    ; 0.000        ; 0.000      ; 1.072      ;
; 0.806 ; lcd_driver:inst|counter[18]               ; lcd_driver:inst|counter[18]                                                                                                 ; CLOCK_50     ; CLOCK_50    ; 0.000        ; 0.000      ; 1.072      ;
; 0.806 ; lcd_driver:inst|counter[20]               ; lcd_driver:inst|counter[20]                                                                                                 ; CLOCK_50     ; CLOCK_50    ; 0.000        ; 0.000      ; 1.072      ;
; 0.806 ; lcd_driver:inst|counter[23]               ; lcd_driver:inst|counter[23]                                                                                                 ; CLOCK_50     ; CLOCK_50    ; 0.000        ; 0.000      ; 1.072      ;
; 0.806 ; lcd_driver:inst|counter[25]               ; lcd_driver:inst|counter[25]                                                                                                 ; CLOCK_50     ; CLOCK_50    ; 0.000        ; 0.000      ; 1.072      ;
; 0.806 ; lcd_driver:inst|counter[27]               ; lcd_driver:inst|counter[27]                                                                                                 ; CLOCK_50     ; CLOCK_50    ; 0.000        ; 0.000      ; 1.072      ;
; 0.806 ; lcd_driver:inst|counter[29]               ; lcd_driver:inst|counter[29]                                                                                                 ; CLOCK_50     ; CLOCK_50    ; 0.000        ; 0.000      ; 1.072      ;
; 0.806 ; lcd_driver:inst|counter[30]               ; lcd_driver:inst|counter[30]                                                                                                 ; CLOCK_50     ; CLOCK_50    ; 0.000        ; 0.000      ; 1.072      ;
; 0.806 ; lcd_driver:inst|counter_f[4]              ; lcd_driver:inst|counter_f[4]                                                                                                ; CLOCK_50     ; CLOCK_50    ; 0.000        ; 0.000      ; 1.072      ;
; 0.806 ; lcd_driver:inst|counter_f[7]              ; lcd_driver:inst|counter_f[7]                                                                                                ; CLOCK_50     ; CLOCK_50    ; 0.000        ; 0.000      ; 1.072      ;
; 0.806 ; lcd_driver:inst|counter_f[9]              ; lcd_driver:inst|counter_f[9]                                                                                                ; CLOCK_50     ; CLOCK_50    ; 0.000        ; 0.000      ; 1.072      ;
; 0.806 ; lcd_driver:inst|counter_f[11]             ; lcd_driver:inst|counter_f[11]                                                                                               ; CLOCK_50     ; CLOCK_50    ; 0.000        ; 0.000      ; 1.072      ;
; 0.806 ; lcd_driver:inst|counter_f[13]             ; lcd_driver:inst|counter_f[13]                                                                                               ; CLOCK_50     ; CLOCK_50    ; 0.000        ; 0.000      ; 1.072      ;
; 0.806 ; lcd_driver:inst|counter_f[14]             ; lcd_driver:inst|counter_f[14]                                                                                               ; CLOCK_50     ; CLOCK_50    ; 0.000        ; 0.000      ; 1.072      ;
; 0.806 ; lcd_driver:inst|counter_f[15]             ; lcd_driver:inst|counter_f[15]                                                                                               ; CLOCK_50     ; CLOCK_50    ; 0.000        ; 0.000      ; 1.072      ;
; 0.806 ; lcd_driver:inst|counter_f[18]             ; lcd_driver:inst|counter_f[18]                                                                                               ; CLOCK_50     ; CLOCK_50    ; 0.000        ; 0.000      ; 1.072      ;
; 0.806 ; lcd_driver:inst|counter_f[20]             ; lcd_driver:inst|counter_f[20]                                                                                               ; CLOCK_50     ; CLOCK_50    ; 0.000        ; 0.000      ; 1.072      ;
; 0.806 ; lcd_driver:inst|counter_f[23]             ; lcd_driver:inst|counter_f[23]                                                                                               ; CLOCK_50     ; CLOCK_50    ; 0.000        ; 0.000      ; 1.072      ;
; 0.806 ; lcd_driver:inst|counter_f[25]             ; lcd_driver:inst|counter_f[25]                                                                                               ; CLOCK_50     ; CLOCK_50    ; 0.000        ; 0.000      ; 1.072      ;
; 0.806 ; lcd_driver:inst|counter_f[27]             ; lcd_driver:inst|counter_f[27]                                                                                               ; CLOCK_50     ; CLOCK_50    ; 0.000        ; 0.000      ; 1.072      ;
; 0.806 ; lcd_driver:inst|counter_f[29]             ; lcd_driver:inst|counter_f[29]                                                                                               ; CLOCK_50     ; CLOCK_50    ; 0.000        ; 0.000      ; 1.072      ;
; 0.806 ; lcd_driver:inst|counter_f[30]             ; lcd_driver:inst|counter_f[30]                                                                                               ; CLOCK_50     ; CLOCK_50    ; 0.000        ; 0.000      ; 1.072      ;
; 0.821 ; lcd_driver:inst|sub_state.PAGE0           ; lcd_driver:inst|sub_state.PAGE1                                                                                             ; CLOCK_50     ; CLOCK_50    ; 0.000        ; 0.000      ; 1.087      ;
; 0.826 ; lcd_driver:inst|char_index[1]             ; lcd_driver:inst|char_index[1]                                                                                               ; CLOCK_50     ; CLOCK_50    ; 0.000        ; 0.000      ; 1.092      ;
; 0.827 ; lcd_driver:inst|char_index[3]             ; lcd_driver:inst|char_index[3]                                                                                               ; CLOCK_50     ; CLOCK_50    ; 0.000        ; 0.000      ; 1.093      ;
; 0.831 ; lcd_driver:inst|counter[3]                ; lcd_driver:inst|counter[3]                                                                                                  ; CLOCK_50     ; CLOCK_50    ; 0.000        ; 0.000      ; 1.097      ;
; 0.831 ; lcd_driver:inst|counter_f[3]              ; lcd_driver:inst|counter_f[3]                                                                                                ; CLOCK_50     ; CLOCK_50    ; 0.000        ; 0.000      ; 1.097      ;
; 0.838 ; lcd_driver:inst|counter[8]                ; lcd_driver:inst|counter[8]                                                                                                  ; CLOCK_50     ; CLOCK_50    ; 0.000        ; 0.000      ; 1.104      ;
; 0.838 ; lcd_driver:inst|counter[10]               ; lcd_driver:inst|counter[10]                                                                                                 ; CLOCK_50     ; CLOCK_50    ; 0.000        ; 0.000      ; 1.104      ;
; 0.838 ; lcd_driver:inst|counter[19]               ; lcd_driver:inst|counter[19]                                                                                                 ; CLOCK_50     ; CLOCK_50    ; 0.000        ; 0.000      ; 1.104      ;
; 0.838 ; lcd_driver:inst|counter[24]               ; lcd_driver:inst|counter[24]                                                                                                 ; CLOCK_50     ; CLOCK_50    ; 0.000        ; 0.000      ; 1.104      ;
; 0.838 ; lcd_driver:inst|counter[26]               ; lcd_driver:inst|counter[26]                                                                                                 ; CLOCK_50     ; CLOCK_50    ; 0.000        ; 0.000      ; 1.104      ;
; 0.838 ; lcd_driver:inst|counter[28]               ; lcd_driver:inst|counter[28]                                                                                                 ; CLOCK_50     ; CLOCK_50    ; 0.000        ; 0.000      ; 1.104      ;
; 0.838 ; lcd_driver:inst|counter[12]               ; lcd_driver:inst|counter[12]                                                                                                 ; CLOCK_50     ; CLOCK_50    ; 0.000        ; 0.000      ; 1.104      ;
; 0.838 ; lcd_driver:inst|counter_f[8]              ; lcd_driver:inst|counter_f[8]                                                                                                ; CLOCK_50     ; CLOCK_50    ; 0.000        ; 0.000      ; 1.104      ;
; 0.838 ; lcd_driver:inst|counter_f[10]             ; lcd_driver:inst|counter_f[10]                                                                                               ; CLOCK_50     ; CLOCK_50    ; 0.000        ; 0.000      ; 1.104      ;
; 0.838 ; lcd_driver:inst|counter_f[12]             ; lcd_driver:inst|counter_f[12]                                                                                               ; CLOCK_50     ; CLOCK_50    ; 0.000        ; 0.000      ; 1.104      ;
; 0.838 ; lcd_driver:inst|counter_f[19]             ; lcd_driver:inst|counter_f[19]                                                                                               ; CLOCK_50     ; CLOCK_50    ; 0.000        ; 0.000      ; 1.104      ;
; 0.838 ; lcd_driver:inst|counter_f[24]             ; lcd_driver:inst|counter_f[24]                                                                                               ; CLOCK_50     ; CLOCK_50    ; 0.000        ; 0.000      ; 1.104      ;
; 0.838 ; lcd_driver:inst|counter_f[26]             ; lcd_driver:inst|counter_f[26]                                                                                               ; CLOCK_50     ; CLOCK_50    ; 0.000        ; 0.000      ; 1.104      ;
; 0.838 ; lcd_driver:inst|counter_f[28]             ; lcd_driver:inst|counter_f[28]                                                                                               ; CLOCK_50     ; CLOCK_50    ; 0.000        ; 0.000      ; 1.104      ;
; 0.839 ; lcd_driver:inst|counter[5]                ; lcd_driver:inst|counter[5]                                                                                                  ; CLOCK_50     ; CLOCK_50    ; 0.000        ; 0.000      ; 1.105      ;
; 0.839 ; lcd_driver:inst|counter[21]               ; lcd_driver:inst|counter[21]                                                                                                 ; CLOCK_50     ; CLOCK_50    ; 0.000        ; 0.000      ; 1.105      ;
; 0.839 ; lcd_driver:inst|counter[22]               ; lcd_driver:inst|counter[22]                                                                                                 ; CLOCK_50     ; CLOCK_50    ; 0.000        ; 0.000      ; 1.105      ;
; 0.839 ; lcd_driver:inst|counter[6]                ; lcd_driver:inst|counter[6]                                                                                                  ; CLOCK_50     ; CLOCK_50    ; 0.000        ; 0.000      ; 1.105      ;
; 0.839 ; lcd_driver:inst|counter_f[5]              ; lcd_driver:inst|counter_f[5]                                                                                                ; CLOCK_50     ; CLOCK_50    ; 0.000        ; 0.000      ; 1.105      ;
+-------+-------------------------------------------+-----------------------------------------------------------------------------------------------------------------------------+--------------+-------------+--------------+------------+------------+


+-----------------------------------------------------------------------------------------------------------------------------------------------------------------------------------------------------------------+
; Slow Model Minimum Pulse Width: 'CLOCK_50'                                                                                                                                                                      ;
+--------+--------------+----------------+------------------+----------+------------+-----------------------------------------------------------------------------------------------------------------------------+
; Slack  ; Actual Width ; Required Width ; Type             ; Clock    ; Clock Edge ; Target                                                                                                                      ;
+--------+--------------+----------------+------------------+----------+------------+-----------------------------------------------------------------------------------------------------------------------------+
; -1.423 ; 0.500        ; 1.923          ; High Pulse Width ; CLOCK_50 ; Rise       ; lcd_driver:inst|text_lut:text_lut_inst|altsyncram:rom_rtl_0|altsyncram_id71:auto_generated|ram_block1a0~porta_address_reg0  ;
; -1.423 ; 0.500        ; 1.923          ; Low Pulse Width  ; CLOCK_50 ; Rise       ; lcd_driver:inst|text_lut:text_lut_inst|altsyncram:rom_rtl_0|altsyncram_id71:auto_generated|ram_block1a0~porta_address_reg0  ;
; -1.423 ; 0.500        ; 1.923          ; High Pulse Width ; CLOCK_50 ; Rise       ; lcd_driver:inst|text_lut:text_lut_inst|altsyncram:rom_rtl_0|altsyncram_id71:auto_generated|ram_block1a0~porta_address_reg1  ;
; -1.423 ; 0.500        ; 1.923          ; Low Pulse Width  ; CLOCK_50 ; Rise       ; lcd_driver:inst|text_lut:text_lut_inst|altsyncram:rom_rtl_0|altsyncram_id71:auto_generated|ram_block1a0~porta_address_reg1  ;
; -1.423 ; 0.500        ; 1.923          ; High Pulse Width ; CLOCK_50 ; Rise       ; lcd_driver:inst|text_lut:text_lut_inst|altsyncram:rom_rtl_0|altsyncram_id71:auto_generated|ram_block1a0~porta_address_reg10 ;
; -1.423 ; 0.500        ; 1.923          ; Low Pulse Width  ; CLOCK_50 ; Rise       ; lcd_driver:inst|text_lut:text_lut_inst|altsyncram:rom_rtl_0|altsyncram_id71:auto_generated|ram_block1a0~porta_address_reg10 ;
; -1.423 ; 0.500        ; 1.923          ; High Pulse Width ; CLOCK_50 ; Rise       ; lcd_driver:inst|text_lut:text_lut_inst|altsyncram:rom_rtl_0|altsyncram_id71:auto_generated|ram_block1a0~porta_address_reg2  ;
; -1.423 ; 0.500        ; 1.923          ; Low Pulse Width  ; CLOCK_50 ; Rise       ; lcd_driver:inst|text_lut:text_lut_inst|altsyncram:rom_rtl_0|altsyncram_id71:auto_generated|ram_block1a0~porta_address_reg2  ;
; -1.423 ; 0.500        ; 1.923          ; High Pulse Width ; CLOCK_50 ; Rise       ; lcd_driver:inst|text_lut:text_lut_inst|altsyncram:rom_rtl_0|altsyncram_id71:auto_generated|ram_block1a0~porta_address_reg3  ;
; -1.423 ; 0.500        ; 1.923          ; Low Pulse Width  ; CLOCK_50 ; Rise       ; lcd_driver:inst|text_lut:text_lut_inst|altsyncram:rom_rtl_0|altsyncram_id71:auto_generated|ram_block1a0~porta_address_reg3  ;
; -1.423 ; 0.500        ; 1.923          ; High Pulse Width ; CLOCK_50 ; Rise       ; lcd_driver:inst|text_lut:text_lut_inst|altsyncram:rom_rtl_0|altsyncram_id71:auto_generated|ram_block1a0~porta_address_reg4  ;
; -1.423 ; 0.500        ; 1.923          ; Low Pulse Width  ; CLOCK_50 ; Rise       ; lcd_driver:inst|text_lut:text_lut_inst|altsyncram:rom_rtl_0|altsyncram_id71:auto_generated|ram_block1a0~porta_address_reg4  ;
; -1.423 ; 0.500        ; 1.923          ; High Pulse Width ; CLOCK_50 ; Rise       ; lcd_driver:inst|text_lut:text_lut_inst|altsyncram:rom_rtl_0|altsyncram_id71:auto_generated|ram_block1a0~porta_address_reg5  ;
; -1.423 ; 0.500        ; 1.923          ; Low Pulse Width  ; CLOCK_50 ; Rise       ; lcd_driver:inst|text_lut:text_lut_inst|altsyncram:rom_rtl_0|altsyncram_id71:auto_generated|ram_block1a0~porta_address_reg5  ;
; -1.423 ; 0.500        ; 1.923          ; High Pulse Width ; CLOCK_50 ; Rise       ; lcd_driver:inst|text_lut:text_lut_inst|altsyncram:rom_rtl_0|altsyncram_id71:auto_generated|ram_block1a0~porta_address_reg6  ;
; -1.423 ; 0.500        ; 1.923          ; Low Pulse Width  ; CLOCK_50 ; Rise       ; lcd_driver:inst|text_lut:text_lut_inst|altsyncram:rom_rtl_0|altsyncram_id71:auto_generated|ram_block1a0~porta_address_reg6  ;
; -1.423 ; 0.500        ; 1.923          ; High Pulse Width ; CLOCK_50 ; Rise       ; lcd_driver:inst|text_lut:text_lut_inst|altsyncram:rom_rtl_0|altsyncram_id71:auto_generated|ram_block1a0~porta_address_reg7  ;
; -1.423 ; 0.500        ; 1.923          ; Low Pulse Width  ; CLOCK_50 ; Rise       ; lcd_driver:inst|text_lut:text_lut_inst|altsyncram:rom_rtl_0|altsyncram_id71:auto_generated|ram_block1a0~porta_address_reg7  ;
; -1.423 ; 0.500        ; 1.923          ; High Pulse Width ; CLOCK_50 ; Rise       ; lcd_driver:inst|text_lut:text_lut_inst|altsyncram:rom_rtl_0|altsyncram_id71:auto_generated|ram_block1a0~porta_address_reg8  ;
; -1.423 ; 0.500        ; 1.923          ; Low Pulse Width  ; CLOCK_50 ; Rise       ; lcd_driver:inst|text_lut:text_lut_inst|altsyncram:rom_rtl_0|altsyncram_id71:auto_generated|ram_block1a0~porta_address_reg8  ;
; -1.423 ; 0.500        ; 1.923          ; High Pulse Width ; CLOCK_50 ; Rise       ; lcd_driver:inst|text_lut:text_lut_inst|altsyncram:rom_rtl_0|altsyncram_id71:auto_generated|ram_block1a0~porta_address_reg9  ;
; -1.423 ; 0.500        ; 1.923          ; Low Pulse Width  ; CLOCK_50 ; Rise       ; lcd_driver:inst|text_lut:text_lut_inst|altsyncram:rom_rtl_0|altsyncram_id71:auto_generated|ram_block1a0~porta_address_reg9  ;
; -1.423 ; 0.500        ; 1.923          ; High Pulse Width ; CLOCK_50 ; Rise       ; lcd_driver:inst|text_lut:text_lut_inst|altsyncram:rom_rtl_0|altsyncram_id71:auto_generated|ram_block1a1~porta_address_reg0  ;
; -1.423 ; 0.500        ; 1.923          ; Low Pulse Width  ; CLOCK_50 ; Rise       ; lcd_driver:inst|text_lut:text_lut_inst|altsyncram:rom_rtl_0|altsyncram_id71:auto_generated|ram_block1a1~porta_address_reg0  ;
; -1.423 ; 0.500        ; 1.923          ; High Pulse Width ; CLOCK_50 ; Rise       ; lcd_driver:inst|text_lut:text_lut_inst|altsyncram:rom_rtl_0|altsyncram_id71:auto_generated|ram_block1a1~porta_address_reg1  ;
; -1.423 ; 0.500        ; 1.923          ; Low Pulse Width  ; CLOCK_50 ; Rise       ; lcd_driver:inst|text_lut:text_lut_inst|altsyncram:rom_rtl_0|altsyncram_id71:auto_generated|ram_block1a1~porta_address_reg1  ;
; -1.423 ; 0.500        ; 1.923          ; High Pulse Width ; CLOCK_50 ; Rise       ; lcd_driver:inst|text_lut:text_lut_inst|altsyncram:rom_rtl_0|altsyncram_id71:auto_generated|ram_block1a1~porta_address_reg10 ;
; -1.423 ; 0.500        ; 1.923          ; Low Pulse Width  ; CLOCK_50 ; Rise       ; lcd_driver:inst|text_lut:text_lut_inst|altsyncram:rom_rtl_0|altsyncram_id71:auto_generated|ram_block1a1~porta_address_reg10 ;
; -1.423 ; 0.500        ; 1.923          ; High Pulse Width ; CLOCK_50 ; Rise       ; lcd_driver:inst|text_lut:text_lut_inst|altsyncram:rom_rtl_0|altsyncram_id71:auto_generated|ram_block1a1~porta_address_reg2  ;
; -1.423 ; 0.500        ; 1.923          ; Low Pulse Width  ; CLOCK_50 ; Rise       ; lcd_driver:inst|text_lut:text_lut_inst|altsyncram:rom_rtl_0|altsyncram_id71:auto_generated|ram_block1a1~porta_address_reg2  ;
; -1.423 ; 0.500        ; 1.923          ; High Pulse Width ; CLOCK_50 ; Rise       ; lcd_driver:inst|text_lut:text_lut_inst|altsyncram:rom_rtl_0|altsyncram_id71:auto_generated|ram_block1a1~porta_address_reg3  ;
; -1.423 ; 0.500        ; 1.923          ; Low Pulse Width  ; CLOCK_50 ; Rise       ; lcd_driver:inst|text_lut:text_lut_inst|altsyncram:rom_rtl_0|altsyncram_id71:auto_generated|ram_block1a1~porta_address_reg3  ;
; -1.423 ; 0.500        ; 1.923          ; High Pulse Width ; CLOCK_50 ; Rise       ; lcd_driver:inst|text_lut:text_lut_inst|altsyncram:rom_rtl_0|altsyncram_id71:auto_generated|ram_block1a1~porta_address_reg4  ;
; -1.423 ; 0.500        ; 1.923          ; Low Pulse Width  ; CLOCK_50 ; Rise       ; lcd_driver:inst|text_lut:text_lut_inst|altsyncram:rom_rtl_0|altsyncram_id71:auto_generated|ram_block1a1~porta_address_reg4  ;
; -1.423 ; 0.500        ; 1.923          ; High Pulse Width ; CLOCK_50 ; Rise       ; lcd_driver:inst|text_lut:text_lut_inst|altsyncram:rom_rtl_0|altsyncram_id71:auto_generated|ram_block1a1~porta_address_reg5  ;
; -1.423 ; 0.500        ; 1.923          ; Low Pulse Width  ; CLOCK_50 ; Rise       ; lcd_driver:inst|text_lut:text_lut_inst|altsyncram:rom_rtl_0|altsyncram_id71:auto_generated|ram_block1a1~porta_address_reg5  ;
; -1.423 ; 0.500        ; 1.923          ; High Pulse Width ; CLOCK_50 ; Rise       ; lcd_driver:inst|text_lut:text_lut_inst|altsyncram:rom_rtl_0|altsyncram_id71:auto_generated|ram_block1a1~porta_address_reg6  ;
; -1.423 ; 0.500        ; 1.923          ; Low Pulse Width  ; CLOCK_50 ; Rise       ; lcd_driver:inst|text_lut:text_lut_inst|altsyncram:rom_rtl_0|altsyncram_id71:auto_generated|ram_block1a1~porta_address_reg6  ;
; -1.423 ; 0.500        ; 1.923          ; High Pulse Width ; CLOCK_50 ; Rise       ; lcd_driver:inst|text_lut:text_lut_inst|altsyncram:rom_rtl_0|altsyncram_id71:auto_generated|ram_block1a1~porta_address_reg7  ;
; -1.423 ; 0.500        ; 1.923          ; Low Pulse Width  ; CLOCK_50 ; Rise       ; lcd_driver:inst|text_lut:text_lut_inst|altsyncram:rom_rtl_0|altsyncram_id71:auto_generated|ram_block1a1~porta_address_reg7  ;
; -1.423 ; 0.500        ; 1.923          ; High Pulse Width ; CLOCK_50 ; Rise       ; lcd_driver:inst|text_lut:text_lut_inst|altsyncram:rom_rtl_0|altsyncram_id71:auto_generated|ram_block1a1~porta_address_reg8  ;
; -1.423 ; 0.500        ; 1.923          ; Low Pulse Width  ; CLOCK_50 ; Rise       ; lcd_driver:inst|text_lut:text_lut_inst|altsyncram:rom_rtl_0|altsyncram_id71:auto_generated|ram_block1a1~porta_address_reg8  ;
; -1.423 ; 0.500        ; 1.923          ; High Pulse Width ; CLOCK_50 ; Rise       ; lcd_driver:inst|text_lut:text_lut_inst|altsyncram:rom_rtl_0|altsyncram_id71:auto_generated|ram_block1a1~porta_address_reg9  ;
; -1.423 ; 0.500        ; 1.923          ; Low Pulse Width  ; CLOCK_50 ; Rise       ; lcd_driver:inst|text_lut:text_lut_inst|altsyncram:rom_rtl_0|altsyncram_id71:auto_generated|ram_block1a1~porta_address_reg9  ;
; -1.423 ; 0.500        ; 1.923          ; High Pulse Width ; CLOCK_50 ; Rise       ; lcd_driver:inst|text_lut:text_lut_inst|altsyncram:rom_rtl_0|altsyncram_id71:auto_generated|ram_block1a3~porta_address_reg0  ;
; -1.423 ; 0.500        ; 1.923          ; Low Pulse Width  ; CLOCK_50 ; Rise       ; lcd_driver:inst|text_lut:text_lut_inst|altsyncram:rom_rtl_0|altsyncram_id71:auto_generated|ram_block1a3~porta_address_reg0  ;
; -1.423 ; 0.500        ; 1.923          ; High Pulse Width ; CLOCK_50 ; Rise       ; lcd_driver:inst|text_lut:text_lut_inst|altsyncram:rom_rtl_0|altsyncram_id71:auto_generated|ram_block1a3~porta_address_reg1  ;
; -1.423 ; 0.500        ; 1.923          ; Low Pulse Width  ; CLOCK_50 ; Rise       ; lcd_driver:inst|text_lut:text_lut_inst|altsyncram:rom_rtl_0|altsyncram_id71:auto_generated|ram_block1a3~porta_address_reg1  ;
; -1.423 ; 0.500        ; 1.923          ; High Pulse Width ; CLOCK_50 ; Rise       ; lcd_driver:inst|text_lut:text_lut_inst|altsyncram:rom_rtl_0|altsyncram_id71:auto_generated|ram_block1a3~porta_address_reg10 ;
; -1.423 ; 0.500        ; 1.923          ; Low Pulse Width  ; CLOCK_50 ; Rise       ; lcd_driver:inst|text_lut:text_lut_inst|altsyncram:rom_rtl_0|altsyncram_id71:auto_generated|ram_block1a3~porta_address_reg10 ;
; -1.423 ; 0.500        ; 1.923          ; High Pulse Width ; CLOCK_50 ; Rise       ; lcd_driver:inst|text_lut:text_lut_inst|altsyncram:rom_rtl_0|altsyncram_id71:auto_generated|ram_block1a3~porta_address_reg2  ;
; -1.423 ; 0.500        ; 1.923          ; Low Pulse Width  ; CLOCK_50 ; Rise       ; lcd_driver:inst|text_lut:text_lut_inst|altsyncram:rom_rtl_0|altsyncram_id71:auto_generated|ram_block1a3~porta_address_reg2  ;
; -1.423 ; 0.500        ; 1.923          ; High Pulse Width ; CLOCK_50 ; Rise       ; lcd_driver:inst|text_lut:text_lut_inst|altsyncram:rom_rtl_0|altsyncram_id71:auto_generated|ram_block1a3~porta_address_reg3  ;
; -1.423 ; 0.500        ; 1.923          ; Low Pulse Width  ; CLOCK_50 ; Rise       ; lcd_driver:inst|text_lut:text_lut_inst|altsyncram:rom_rtl_0|altsyncram_id71:auto_generated|ram_block1a3~porta_address_reg3  ;
; -1.423 ; 0.500        ; 1.923          ; High Pulse Width ; CLOCK_50 ; Rise       ; lcd_driver:inst|text_lut:text_lut_inst|altsyncram:rom_rtl_0|altsyncram_id71:auto_generated|ram_block1a3~porta_address_reg4  ;
; -1.423 ; 0.500        ; 1.923          ; Low Pulse Width  ; CLOCK_50 ; Rise       ; lcd_driver:inst|text_lut:text_lut_inst|altsyncram:rom_rtl_0|altsyncram_id71:auto_generated|ram_block1a3~porta_address_reg4  ;
; -1.423 ; 0.500        ; 1.923          ; High Pulse Width ; CLOCK_50 ; Rise       ; lcd_driver:inst|text_lut:text_lut_inst|altsyncram:rom_rtl_0|altsyncram_id71:auto_generated|ram_block1a3~porta_address_reg5  ;
; -1.423 ; 0.500        ; 1.923          ; Low Pulse Width  ; CLOCK_50 ; Rise       ; lcd_driver:inst|text_lut:text_lut_inst|altsyncram:rom_rtl_0|altsyncram_id71:auto_generated|ram_block1a3~porta_address_reg5  ;
; -1.423 ; 0.500        ; 1.923          ; High Pulse Width ; CLOCK_50 ; Rise       ; lcd_driver:inst|text_lut:text_lut_inst|altsyncram:rom_rtl_0|altsyncram_id71:auto_generated|ram_block1a3~porta_address_reg6  ;
; -1.423 ; 0.500        ; 1.923          ; Low Pulse Width  ; CLOCK_50 ; Rise       ; lcd_driver:inst|text_lut:text_lut_inst|altsyncram:rom_rtl_0|altsyncram_id71:auto_generated|ram_block1a3~porta_address_reg6  ;
; -1.423 ; 0.500        ; 1.923          ; High Pulse Width ; CLOCK_50 ; Rise       ; lcd_driver:inst|text_lut:text_lut_inst|altsyncram:rom_rtl_0|altsyncram_id71:auto_generated|ram_block1a3~porta_address_reg7  ;
; -1.423 ; 0.500        ; 1.923          ; Low Pulse Width  ; CLOCK_50 ; Rise       ; lcd_driver:inst|text_lut:text_lut_inst|altsyncram:rom_rtl_0|altsyncram_id71:auto_generated|ram_block1a3~porta_address_reg7  ;
; -1.423 ; 0.500        ; 1.923          ; High Pulse Width ; CLOCK_50 ; Rise       ; lcd_driver:inst|text_lut:text_lut_inst|altsyncram:rom_rtl_0|altsyncram_id71:auto_generated|ram_block1a3~porta_address_reg8  ;
; -1.423 ; 0.500        ; 1.923          ; Low Pulse Width  ; CLOCK_50 ; Rise       ; lcd_driver:inst|text_lut:text_lut_inst|altsyncram:rom_rtl_0|altsyncram_id71:auto_generated|ram_block1a3~porta_address_reg8  ;
; -1.423 ; 0.500        ; 1.923          ; High Pulse Width ; CLOCK_50 ; Rise       ; lcd_driver:inst|text_lut:text_lut_inst|altsyncram:rom_rtl_0|altsyncram_id71:auto_generated|ram_block1a3~porta_address_reg9  ;
; -1.423 ; 0.500        ; 1.923          ; Low Pulse Width  ; CLOCK_50 ; Rise       ; lcd_driver:inst|text_lut:text_lut_inst|altsyncram:rom_rtl_0|altsyncram_id71:auto_generated|ram_block1a3~porta_address_reg9  ;
; -1.423 ; 0.500        ; 1.923          ; High Pulse Width ; CLOCK_50 ; Rise       ; lcd_driver:inst|text_lut:text_lut_inst|altsyncram:rom_rtl_0|altsyncram_id71:auto_generated|ram_block1a5~porta_address_reg0  ;
; -1.423 ; 0.500        ; 1.923          ; Low Pulse Width  ; CLOCK_50 ; Rise       ; lcd_driver:inst|text_lut:text_lut_inst|altsyncram:rom_rtl_0|altsyncram_id71:auto_generated|ram_block1a5~porta_address_reg0  ;
; -1.423 ; 0.500        ; 1.923          ; High Pulse Width ; CLOCK_50 ; Rise       ; lcd_driver:inst|text_lut:text_lut_inst|altsyncram:rom_rtl_0|altsyncram_id71:auto_generated|ram_block1a5~porta_address_reg1  ;
; -1.423 ; 0.500        ; 1.923          ; Low Pulse Width  ; CLOCK_50 ; Rise       ; lcd_driver:inst|text_lut:text_lut_inst|altsyncram:rom_rtl_0|altsyncram_id71:auto_generated|ram_block1a5~porta_address_reg1  ;
; -1.423 ; 0.500        ; 1.923          ; High Pulse Width ; CLOCK_50 ; Rise       ; lcd_driver:inst|text_lut:text_lut_inst|altsyncram:rom_rtl_0|altsyncram_id71:auto_generated|ram_block1a5~porta_address_reg10 ;
; -1.423 ; 0.500        ; 1.923          ; Low Pulse Width  ; CLOCK_50 ; Rise       ; lcd_driver:inst|text_lut:text_lut_inst|altsyncram:rom_rtl_0|altsyncram_id71:auto_generated|ram_block1a5~porta_address_reg10 ;
; -1.423 ; 0.500        ; 1.923          ; High Pulse Width ; CLOCK_50 ; Rise       ; lcd_driver:inst|text_lut:text_lut_inst|altsyncram:rom_rtl_0|altsyncram_id71:auto_generated|ram_block1a5~porta_address_reg2  ;
; -1.423 ; 0.500        ; 1.923          ; Low Pulse Width  ; CLOCK_50 ; Rise       ; lcd_driver:inst|text_lut:text_lut_inst|altsyncram:rom_rtl_0|altsyncram_id71:auto_generated|ram_block1a5~porta_address_reg2  ;
; -1.423 ; 0.500        ; 1.923          ; High Pulse Width ; CLOCK_50 ; Rise       ; lcd_driver:inst|text_lut:text_lut_inst|altsyncram:rom_rtl_0|altsyncram_id71:auto_generated|ram_block1a5~porta_address_reg3  ;
; -1.423 ; 0.500        ; 1.923          ; Low Pulse Width  ; CLOCK_50 ; Rise       ; lcd_driver:inst|text_lut:text_lut_inst|altsyncram:rom_rtl_0|altsyncram_id71:auto_generated|ram_block1a5~porta_address_reg3  ;
; -1.423 ; 0.500        ; 1.923          ; High Pulse Width ; CLOCK_50 ; Rise       ; lcd_driver:inst|text_lut:text_lut_inst|altsyncram:rom_rtl_0|altsyncram_id71:auto_generated|ram_block1a5~porta_address_reg4  ;
; -1.423 ; 0.500        ; 1.923          ; Low Pulse Width  ; CLOCK_50 ; Rise       ; lcd_driver:inst|text_lut:text_lut_inst|altsyncram:rom_rtl_0|altsyncram_id71:auto_generated|ram_block1a5~porta_address_reg4  ;
; -1.423 ; 0.500        ; 1.923          ; High Pulse Width ; CLOCK_50 ; Rise       ; lcd_driver:inst|text_lut:text_lut_inst|altsyncram:rom_rtl_0|altsyncram_id71:auto_generated|ram_block1a5~porta_address_reg5  ;
; -1.423 ; 0.500        ; 1.923          ; Low Pulse Width  ; CLOCK_50 ; Rise       ; lcd_driver:inst|text_lut:text_lut_inst|altsyncram:rom_rtl_0|altsyncram_id71:auto_generated|ram_block1a5~porta_address_reg5  ;
; -1.423 ; 0.500        ; 1.923          ; High Pulse Width ; CLOCK_50 ; Rise       ; lcd_driver:inst|text_lut:text_lut_inst|altsyncram:rom_rtl_0|altsyncram_id71:auto_generated|ram_block1a5~porta_address_reg6  ;
; -1.423 ; 0.500        ; 1.923          ; Low Pulse Width  ; CLOCK_50 ; Rise       ; lcd_driver:inst|text_lut:text_lut_inst|altsyncram:rom_rtl_0|altsyncram_id71:auto_generated|ram_block1a5~porta_address_reg6  ;
; -1.423 ; 0.500        ; 1.923          ; High Pulse Width ; CLOCK_50 ; Rise       ; lcd_driver:inst|text_lut:text_lut_inst|altsyncram:rom_rtl_0|altsyncram_id71:auto_generated|ram_block1a5~porta_address_reg7  ;
; -1.423 ; 0.500        ; 1.923          ; Low Pulse Width  ; CLOCK_50 ; Rise       ; lcd_driver:inst|text_lut:text_lut_inst|altsyncram:rom_rtl_0|altsyncram_id71:auto_generated|ram_block1a5~porta_address_reg7  ;
; -1.423 ; 0.500        ; 1.923          ; High Pulse Width ; CLOCK_50 ; Rise       ; lcd_driver:inst|text_lut:text_lut_inst|altsyncram:rom_rtl_0|altsyncram_id71:auto_generated|ram_block1a5~porta_address_reg8  ;
; -1.423 ; 0.500        ; 1.923          ; Low Pulse Width  ; CLOCK_50 ; Rise       ; lcd_driver:inst|text_lut:text_lut_inst|altsyncram:rom_rtl_0|altsyncram_id71:auto_generated|ram_block1a5~porta_address_reg8  ;
; -1.423 ; 0.500        ; 1.923          ; High Pulse Width ; CLOCK_50 ; Rise       ; lcd_driver:inst|text_lut:text_lut_inst|altsyncram:rom_rtl_0|altsyncram_id71:auto_generated|ram_block1a5~porta_address_reg9  ;
; -1.423 ; 0.500        ; 1.923          ; Low Pulse Width  ; CLOCK_50 ; Rise       ; lcd_driver:inst|text_lut:text_lut_inst|altsyncram:rom_rtl_0|altsyncram_id71:auto_generated|ram_block1a5~porta_address_reg9  ;
; -1.423 ; 0.500        ; 1.923          ; High Pulse Width ; CLOCK_50 ; Rise       ; lcd_driver:inst|text_lut:text_lut_inst|altsyncram:rom_rtl_0|altsyncram_id71:auto_generated|ram_block1a7~porta_address_reg0  ;
; -1.423 ; 0.500        ; 1.923          ; Low Pulse Width  ; CLOCK_50 ; Rise       ; lcd_driver:inst|text_lut:text_lut_inst|altsyncram:rom_rtl_0|altsyncram_id71:auto_generated|ram_block1a7~porta_address_reg0  ;
; -1.423 ; 0.500        ; 1.923          ; High Pulse Width ; CLOCK_50 ; Rise       ; lcd_driver:inst|text_lut:text_lut_inst|altsyncram:rom_rtl_0|altsyncram_id71:auto_generated|ram_block1a7~porta_address_reg1  ;
; -1.423 ; 0.500        ; 1.923          ; Low Pulse Width  ; CLOCK_50 ; Rise       ; lcd_driver:inst|text_lut:text_lut_inst|altsyncram:rom_rtl_0|altsyncram_id71:auto_generated|ram_block1a7~porta_address_reg1  ;
; -1.423 ; 0.500        ; 1.923          ; High Pulse Width ; CLOCK_50 ; Rise       ; lcd_driver:inst|text_lut:text_lut_inst|altsyncram:rom_rtl_0|altsyncram_id71:auto_generated|ram_block1a7~porta_address_reg10 ;
; -1.423 ; 0.500        ; 1.923          ; Low Pulse Width  ; CLOCK_50 ; Rise       ; lcd_driver:inst|text_lut:text_lut_inst|altsyncram:rom_rtl_0|altsyncram_id71:auto_generated|ram_block1a7~porta_address_reg10 ;
; -1.423 ; 0.500        ; 1.923          ; High Pulse Width ; CLOCK_50 ; Rise       ; lcd_driver:inst|text_lut:text_lut_inst|altsyncram:rom_rtl_0|altsyncram_id71:auto_generated|ram_block1a7~porta_address_reg2  ;
; -1.423 ; 0.500        ; 1.923          ; Low Pulse Width  ; CLOCK_50 ; Rise       ; lcd_driver:inst|text_lut:text_lut_inst|altsyncram:rom_rtl_0|altsyncram_id71:auto_generated|ram_block1a7~porta_address_reg2  ;
; -1.423 ; 0.500        ; 1.923          ; High Pulse Width ; CLOCK_50 ; Rise       ; lcd_driver:inst|text_lut:text_lut_inst|altsyncram:rom_rtl_0|altsyncram_id71:auto_generated|ram_block1a7~porta_address_reg3  ;
; -1.423 ; 0.500        ; 1.923          ; Low Pulse Width  ; CLOCK_50 ; Rise       ; lcd_driver:inst|text_lut:text_lut_inst|altsyncram:rom_rtl_0|altsyncram_id71:auto_generated|ram_block1a7~porta_address_reg3  ;
; -1.423 ; 0.500        ; 1.923          ; High Pulse Width ; CLOCK_50 ; Rise       ; lcd_driver:inst|text_lut:text_lut_inst|altsyncram:rom_rtl_0|altsyncram_id71:auto_generated|ram_block1a7~porta_address_reg4  ;
; -1.423 ; 0.500        ; 1.923          ; Low Pulse Width  ; CLOCK_50 ; Rise       ; lcd_driver:inst|text_lut:text_lut_inst|altsyncram:rom_rtl_0|altsyncram_id71:auto_generated|ram_block1a7~porta_address_reg4  ;
+--------+--------------+----------------+------------------+----------+------------+-----------------------------------------------------------------------------------------------------------------------------+


+-----------------------------------------------------------------------+
; Setup Times                                                           ;
+-----------+------------+-------+-------+------------+-----------------+
; Data Port ; Clock Port ; Rise  ; Fall  ; Clock Edge ; Clock Reference ;
+-----------+------------+-------+-------+------------+-----------------+
; KEY[*]    ; CLOCK_50   ; 8.765 ; 8.765 ; Rise       ; CLOCK_50        ;
;  KEY[2]   ; CLOCK_50   ; 8.765 ; 8.765 ; Rise       ; CLOCK_50        ;
;  KEY[3]   ; CLOCK_50   ; 7.493 ; 7.493 ; Rise       ; CLOCK_50        ;
; SW[*]     ; CLOCK_50   ; 7.573 ; 7.573 ; Rise       ; CLOCK_50        ;
;  SW[0]    ; CLOCK_50   ; 2.202 ; 2.202 ; Rise       ; CLOCK_50        ;
;  SW[1]    ; CLOCK_50   ; 1.728 ; 1.728 ; Rise       ; CLOCK_50        ;
;  SW[2]    ; CLOCK_50   ; 2.552 ; 2.552 ; Rise       ; CLOCK_50        ;
;  SW[3]    ; CLOCK_50   ; 2.249 ; 2.249 ; Rise       ; CLOCK_50        ;
;  SW[4]    ; CLOCK_50   ; 1.847 ; 1.847 ; Rise       ; CLOCK_50        ;
;  SW[5]    ; CLOCK_50   ; 2.579 ; 2.579 ; Rise       ; CLOCK_50        ;
;  SW[6]    ; CLOCK_50   ; 2.273 ; 2.273 ; Rise       ; CLOCK_50        ;
;  SW[7]    ; CLOCK_50   ; 2.470 ; 2.470 ; Rise       ; CLOCK_50        ;
;  SW[8]    ; CLOCK_50   ; 1.615 ; 1.615 ; Rise       ; CLOCK_50        ;
;  SW[9]    ; CLOCK_50   ; 1.638 ; 1.638 ; Rise       ; CLOCK_50        ;
;  SW[10]   ; CLOCK_50   ; 3.085 ; 3.085 ; Rise       ; CLOCK_50        ;
;  SW[11]   ; CLOCK_50   ; 3.035 ; 3.035 ; Rise       ; CLOCK_50        ;
;  SW[12]   ; CLOCK_50   ; 2.410 ; 2.410 ; Rise       ; CLOCK_50        ;
;  SW[13]   ; CLOCK_50   ; 6.908 ; 6.908 ; Rise       ; CLOCK_50        ;
;  SW[14]   ; CLOCK_50   ; 7.573 ; 7.573 ; Rise       ; CLOCK_50        ;
;  SW[15]   ; CLOCK_50   ; 6.937 ; 6.937 ; Rise       ; CLOCK_50        ;
;  SW[16]   ; CLOCK_50   ; 6.256 ; 6.256 ; Rise       ; CLOCK_50        ;
+-----------+------------+-------+-------+------------+-----------------+


+-------------------------------------------------------------------------+
; Hold Times                                                              ;
+-----------+------------+--------+--------+------------+-----------------+
; Data Port ; Clock Port ; Rise   ; Fall   ; Clock Edge ; Clock Reference ;
+-----------+------------+--------+--------+------------+-----------------+
; KEY[*]    ; CLOCK_50   ; -3.758 ; -3.758 ; Rise       ; CLOCK_50        ;
;  KEY[2]   ; CLOCK_50   ; -3.758 ; -3.758 ; Rise       ; CLOCK_50        ;
;  KEY[3]   ; CLOCK_50   ; -4.814 ; -4.814 ; Rise       ; CLOCK_50        ;
; SW[*]     ; CLOCK_50   ; 0.127  ; 0.127  ; Rise       ; CLOCK_50        ;
;  SW[0]    ; CLOCK_50   ; 0.127  ; 0.127  ; Rise       ; CLOCK_50        ;
;  SW[1]    ; CLOCK_50   ; -1.008 ; -1.008 ; Rise       ; CLOCK_50        ;
;  SW[2]    ; CLOCK_50   ; -1.929 ; -1.929 ; Rise       ; CLOCK_50        ;
;  SW[3]    ; CLOCK_50   ; -1.218 ; -1.218 ; Rise       ; CLOCK_50        ;
;  SW[4]    ; CLOCK_50   ; -1.341 ; -1.341 ; Rise       ; CLOCK_50        ;
;  SW[5]    ; CLOCK_50   ; -1.859 ; -1.859 ; Rise       ; CLOCK_50        ;
;  SW[6]    ; CLOCK_50   ; -1.650 ; -1.650 ; Rise       ; CLOCK_50        ;
;  SW[7]    ; CLOCK_50   ; -1.439 ; -1.439 ; Rise       ; CLOCK_50        ;
;  SW[8]    ; CLOCK_50   ; -1.109 ; -1.109 ; Rise       ; CLOCK_50        ;
;  SW[9]    ; CLOCK_50   ; -0.918 ; -0.918 ; Rise       ; CLOCK_50        ;
;  SW[10]   ; CLOCK_50   ; -2.462 ; -2.462 ; Rise       ; CLOCK_50        ;
;  SW[11]   ; CLOCK_50   ; -2.004 ; -2.004 ; Rise       ; CLOCK_50        ;
;  SW[12]   ; CLOCK_50   ; -1.904 ; -1.904 ; Rise       ; CLOCK_50        ;
;  SW[13]   ; CLOCK_50   ; -6.188 ; -6.188 ; Rise       ; CLOCK_50        ;
;  SW[14]   ; CLOCK_50   ; -6.950 ; -6.950 ; Rise       ; CLOCK_50        ;
;  SW[15]   ; CLOCK_50   ; -5.906 ; -5.906 ; Rise       ; CLOCK_50        ;
;  SW[16]   ; CLOCK_50   ; -5.750 ; -5.750 ; Rise       ; CLOCK_50        ;
+-----------+------------+--------+--------+------------+-----------------+


+----------------------------------------------------------------------------+
; Clock to Output Times                                                      ;
+--------------+------------+--------+--------+------------+-----------------+
; Data Port    ; Clock Port ; Rise   ; Fall   ; Clock Edge ; Clock Reference ;
+--------------+------------+--------+--------+------------+-----------------+
; LCD_DATA[*]  ; CLOCK_50   ; 13.078 ; 13.078 ; Rise       ; CLOCK_50        ;
;  LCD_DATA[0] ; CLOCK_50   ; 12.059 ; 12.059 ; Rise       ; CLOCK_50        ;
;  LCD_DATA[1] ; CLOCK_50   ; 12.785 ; 12.785 ; Rise       ; CLOCK_50        ;
;  LCD_DATA[2] ; CLOCK_50   ; 12.688 ; 12.688 ; Rise       ; CLOCK_50        ;
;  LCD_DATA[3] ; CLOCK_50   ; 12.211 ; 12.211 ; Rise       ; CLOCK_50        ;
;  LCD_DATA[4] ; CLOCK_50   ; 12.968 ; 12.968 ; Rise       ; CLOCK_50        ;
;  LCD_DATA[5] ; CLOCK_50   ; 11.671 ; 11.671 ; Rise       ; CLOCK_50        ;
;  LCD_DATA[6] ; CLOCK_50   ; 12.172 ; 12.172 ; Rise       ; CLOCK_50        ;
;  LCD_DATA[7] ; CLOCK_50   ; 13.078 ; 13.078 ; Rise       ; CLOCK_50        ;
; LCD_EN       ; CLOCK_50   ; 10.574 ; 10.574 ; Rise       ; CLOCK_50        ;
; LCD_RS       ; CLOCK_50   ; 12.002 ; 12.002 ; Rise       ; CLOCK_50        ;
; LEDG[*]      ; CLOCK_50   ; 11.441 ; 11.441 ; Rise       ; CLOCK_50        ;
;  LEDG[1]     ; CLOCK_50   ; 11.112 ; 11.112 ; Rise       ; CLOCK_50        ;
;  LEDG[2]     ; CLOCK_50   ; 11.441 ; 11.441 ; Rise       ; CLOCK_50        ;
;  LEDG[3]     ; CLOCK_50   ; 11.089 ; 11.089 ; Rise       ; CLOCK_50        ;
;  LEDG[4]     ; CLOCK_50   ; 11.426 ; 11.426 ; Rise       ; CLOCK_50        ;
+--------------+------------+--------+--------+------------+-----------------+


+----------------------------------------------------------------------------+
; Minimum Clock to Output Times                                              ;
+--------------+------------+--------+--------+------------+-----------------+
; Data Port    ; Clock Port ; Rise   ; Fall   ; Clock Edge ; Clock Reference ;
+--------------+------------+--------+--------+------------+-----------------+
; LCD_DATA[*]  ; CLOCK_50   ; 8.705  ; 8.705  ; Rise       ; CLOCK_50        ;
;  LCD_DATA[0] ; CLOCK_50   ; 8.865  ; 8.865  ; Rise       ; CLOCK_50        ;
;  LCD_DATA[1] ; CLOCK_50   ; 10.053 ; 10.053 ; Rise       ; CLOCK_50        ;
;  LCD_DATA[2] ; CLOCK_50   ; 9.640  ; 9.640  ; Rise       ; CLOCK_50        ;
;  LCD_DATA[3] ; CLOCK_50   ; 8.853  ; 8.853  ; Rise       ; CLOCK_50        ;
;  LCD_DATA[4] ; CLOCK_50   ; 9.879  ; 9.879  ; Rise       ; CLOCK_50        ;
;  LCD_DATA[5] ; CLOCK_50   ; 8.705  ; 8.705  ; Rise       ; CLOCK_50        ;
;  LCD_DATA[6] ; CLOCK_50   ; 9.125  ; 9.125  ; Rise       ; CLOCK_50        ;
;  LCD_DATA[7] ; CLOCK_50   ; 9.961  ; 9.961  ; Rise       ; CLOCK_50        ;
; LCD_EN       ; CLOCK_50   ; 9.825  ; 9.825  ; Rise       ; CLOCK_50        ;
; LCD_RS       ; CLOCK_50   ; 8.042  ; 8.042  ; Rise       ; CLOCK_50        ;
; LEDG[*]      ; CLOCK_50   ; 10.487 ; 10.487 ; Rise       ; CLOCK_50        ;
;  LEDG[1]     ; CLOCK_50   ; 10.653 ; 10.653 ; Rise       ; CLOCK_50        ;
;  LEDG[2]     ; CLOCK_50   ; 10.487 ; 10.487 ; Rise       ; CLOCK_50        ;
;  LEDG[3]     ; CLOCK_50   ; 10.680 ; 10.680 ; Rise       ; CLOCK_50        ;
;  LEDG[4]     ; CLOCK_50   ; 10.972 ; 10.972 ; Rise       ; CLOCK_50        ;
+--------------+------------+--------+--------+------------+-----------------+


+-----------------------------------+
; Fast Model Setup Summary          ;
+----------+--------+---------------+
; Clock    ; Slack  ; End Point TNS ;
+----------+--------+---------------+
; CLOCK_50 ; -3.169 ; -211.189      ;
+----------+--------+---------------+


+----------------------------------+
; Fast Model Hold Summary          ;
+----------+-------+---------------+
; Clock    ; Slack ; End Point TNS ;
+----------+-------+---------------+
; CLOCK_50 ; 0.215 ; 0.000         ;
+----------+-------+---------------+


-------------------------------
; Fast Model Recovery Summary ;
-------------------------------
No paths to report.


------------------------------
; Fast Model Removal Summary ;
------------------------------
No paths to report.


+----------------------------------------+
; Fast Model Minimum Pulse Width Summary ;
+----------+--------+--------------------+
; Clock    ; Slack  ; End Point TNS      ;
+----------+--------+--------------------+
; CLOCK_50 ; -1.423 ; -300.910           ;
+----------+--------+--------------------+


+--------------------------------------------------------------------------------------------------------------------------------------------------------------------------------------------------------------------------------------------+
; Fast Model Setup: 'CLOCK_50'                                                                                                                                                                                                               ;
+--------+-----------------------------------------------------------------------------------------------------------------------------+-------------------------------+--------------+-------------+--------------+------------+------------+
; Slack  ; From Node                                                                                                                   ; To Node                       ; Launch Clock ; Latch Clock ; Relationship ; Clock Skew ; Data Delay ;
+--------+-----------------------------------------------------------------------------------------------------------------------------+-------------------------------+--------------+-------------+--------------+------------+------------+
; -3.169 ; lcd_driver:inst|text_lut:text_lut_inst|altsyncram:rom_rtl_0|altsyncram_id71:auto_generated|ram_block1a3~porta_address_reg0  ; lcd_driver:inst|page_index[2] ; CLOCK_50     ; CLOCK_50    ; 1.000        ; -0.063     ; 4.138      ;
; -3.169 ; lcd_driver:inst|text_lut:text_lut_inst|altsyncram:rom_rtl_0|altsyncram_id71:auto_generated|ram_block1a3~porta_address_reg0  ; lcd_driver:inst|page_index[3] ; CLOCK_50     ; CLOCK_50    ; 1.000        ; -0.063     ; 4.138      ;
; -3.169 ; lcd_driver:inst|text_lut:text_lut_inst|altsyncram:rom_rtl_0|altsyncram_id71:auto_generated|ram_block1a3~porta_address_reg0  ; lcd_driver:inst|page_index[4] ; CLOCK_50     ; CLOCK_50    ; 1.000        ; -0.063     ; 4.138      ;
; -3.169 ; lcd_driver:inst|text_lut:text_lut_inst|altsyncram:rom_rtl_0|altsyncram_id71:auto_generated|ram_block1a3~porta_address_reg1  ; lcd_driver:inst|page_index[2] ; CLOCK_50     ; CLOCK_50    ; 1.000        ; -0.063     ; 4.138      ;
; -3.169 ; lcd_driver:inst|text_lut:text_lut_inst|altsyncram:rom_rtl_0|altsyncram_id71:auto_generated|ram_block1a3~porta_address_reg2  ; lcd_driver:inst|page_index[2] ; CLOCK_50     ; CLOCK_50    ; 1.000        ; -0.063     ; 4.138      ;
; -3.169 ; lcd_driver:inst|text_lut:text_lut_inst|altsyncram:rom_rtl_0|altsyncram_id71:auto_generated|ram_block1a3~porta_address_reg3  ; lcd_driver:inst|page_index[2] ; CLOCK_50     ; CLOCK_50    ; 1.000        ; -0.063     ; 4.138      ;
; -3.169 ; lcd_driver:inst|text_lut:text_lut_inst|altsyncram:rom_rtl_0|altsyncram_id71:auto_generated|ram_block1a3~porta_address_reg4  ; lcd_driver:inst|page_index[2] ; CLOCK_50     ; CLOCK_50    ; 1.000        ; -0.063     ; 4.138      ;
; -3.169 ; lcd_driver:inst|text_lut:text_lut_inst|altsyncram:rom_rtl_0|altsyncram_id71:auto_generated|ram_block1a3~porta_address_reg5  ; lcd_driver:inst|page_index[2] ; CLOCK_50     ; CLOCK_50    ; 1.000        ; -0.063     ; 4.138      ;
; -3.169 ; lcd_driver:inst|text_lut:text_lut_inst|altsyncram:rom_rtl_0|altsyncram_id71:auto_generated|ram_block1a3~porta_address_reg6  ; lcd_driver:inst|page_index[2] ; CLOCK_50     ; CLOCK_50    ; 1.000        ; -0.063     ; 4.138      ;
; -3.169 ; lcd_driver:inst|text_lut:text_lut_inst|altsyncram:rom_rtl_0|altsyncram_id71:auto_generated|ram_block1a3~porta_address_reg7  ; lcd_driver:inst|page_index[2] ; CLOCK_50     ; CLOCK_50    ; 1.000        ; -0.063     ; 4.138      ;
; -3.169 ; lcd_driver:inst|text_lut:text_lut_inst|altsyncram:rom_rtl_0|altsyncram_id71:auto_generated|ram_block1a3~porta_address_reg8  ; lcd_driver:inst|page_index[2] ; CLOCK_50     ; CLOCK_50    ; 1.000        ; -0.063     ; 4.138      ;
; -3.169 ; lcd_driver:inst|text_lut:text_lut_inst|altsyncram:rom_rtl_0|altsyncram_id71:auto_generated|ram_block1a3~porta_address_reg9  ; lcd_driver:inst|page_index[2] ; CLOCK_50     ; CLOCK_50    ; 1.000        ; -0.063     ; 4.138      ;
; -3.169 ; lcd_driver:inst|text_lut:text_lut_inst|altsyncram:rom_rtl_0|altsyncram_id71:auto_generated|ram_block1a3~porta_address_reg10 ; lcd_driver:inst|page_index[2] ; CLOCK_50     ; CLOCK_50    ; 1.000        ; -0.063     ; 4.138      ;
; -3.169 ; lcd_driver:inst|text_lut:text_lut_inst|altsyncram:rom_rtl_0|altsyncram_id71:auto_generated|ram_block1a3~porta_address_reg1  ; lcd_driver:inst|page_index[3] ; CLOCK_50     ; CLOCK_50    ; 1.000        ; -0.063     ; 4.138      ;
; -3.169 ; lcd_driver:inst|text_lut:text_lut_inst|altsyncram:rom_rtl_0|altsyncram_id71:auto_generated|ram_block1a3~porta_address_reg2  ; lcd_driver:inst|page_index[3] ; CLOCK_50     ; CLOCK_50    ; 1.000        ; -0.063     ; 4.138      ;
; -3.169 ; lcd_driver:inst|text_lut:text_lut_inst|altsyncram:rom_rtl_0|altsyncram_id71:auto_generated|ram_block1a3~porta_address_reg3  ; lcd_driver:inst|page_index[3] ; CLOCK_50     ; CLOCK_50    ; 1.000        ; -0.063     ; 4.138      ;
; -3.169 ; lcd_driver:inst|text_lut:text_lut_inst|altsyncram:rom_rtl_0|altsyncram_id71:auto_generated|ram_block1a3~porta_address_reg4  ; lcd_driver:inst|page_index[3] ; CLOCK_50     ; CLOCK_50    ; 1.000        ; -0.063     ; 4.138      ;
; -3.169 ; lcd_driver:inst|text_lut:text_lut_inst|altsyncram:rom_rtl_0|altsyncram_id71:auto_generated|ram_block1a3~porta_address_reg5  ; lcd_driver:inst|page_index[3] ; CLOCK_50     ; CLOCK_50    ; 1.000        ; -0.063     ; 4.138      ;
; -3.169 ; lcd_driver:inst|text_lut:text_lut_inst|altsyncram:rom_rtl_0|altsyncram_id71:auto_generated|ram_block1a3~porta_address_reg6  ; lcd_driver:inst|page_index[3] ; CLOCK_50     ; CLOCK_50    ; 1.000        ; -0.063     ; 4.138      ;
; -3.169 ; lcd_driver:inst|text_lut:text_lut_inst|altsyncram:rom_rtl_0|altsyncram_id71:auto_generated|ram_block1a3~porta_address_reg7  ; lcd_driver:inst|page_index[3] ; CLOCK_50     ; CLOCK_50    ; 1.000        ; -0.063     ; 4.138      ;
; -3.169 ; lcd_driver:inst|text_lut:text_lut_inst|altsyncram:rom_rtl_0|altsyncram_id71:auto_generated|ram_block1a3~porta_address_reg8  ; lcd_driver:inst|page_index[3] ; CLOCK_50     ; CLOCK_50    ; 1.000        ; -0.063     ; 4.138      ;
; -3.169 ; lcd_driver:inst|text_lut:text_lut_inst|altsyncram:rom_rtl_0|altsyncram_id71:auto_generated|ram_block1a3~porta_address_reg9  ; lcd_driver:inst|page_index[3] ; CLOCK_50     ; CLOCK_50    ; 1.000        ; -0.063     ; 4.138      ;
; -3.169 ; lcd_driver:inst|text_lut:text_lut_inst|altsyncram:rom_rtl_0|altsyncram_id71:auto_generated|ram_block1a3~porta_address_reg10 ; lcd_driver:inst|page_index[3] ; CLOCK_50     ; CLOCK_50    ; 1.000        ; -0.063     ; 4.138      ;
; -3.169 ; lcd_driver:inst|text_lut:text_lut_inst|altsyncram:rom_rtl_0|altsyncram_id71:auto_generated|ram_block1a3~porta_address_reg1  ; lcd_driver:inst|page_index[4] ; CLOCK_50     ; CLOCK_50    ; 1.000        ; -0.063     ; 4.138      ;
; -3.169 ; lcd_driver:inst|text_lut:text_lut_inst|altsyncram:rom_rtl_0|altsyncram_id71:auto_generated|ram_block1a3~porta_address_reg2  ; lcd_driver:inst|page_index[4] ; CLOCK_50     ; CLOCK_50    ; 1.000        ; -0.063     ; 4.138      ;
; -3.169 ; lcd_driver:inst|text_lut:text_lut_inst|altsyncram:rom_rtl_0|altsyncram_id71:auto_generated|ram_block1a3~porta_address_reg3  ; lcd_driver:inst|page_index[4] ; CLOCK_50     ; CLOCK_50    ; 1.000        ; -0.063     ; 4.138      ;
; -3.169 ; lcd_driver:inst|text_lut:text_lut_inst|altsyncram:rom_rtl_0|altsyncram_id71:auto_generated|ram_block1a3~porta_address_reg4  ; lcd_driver:inst|page_index[4] ; CLOCK_50     ; CLOCK_50    ; 1.000        ; -0.063     ; 4.138      ;
; -3.169 ; lcd_driver:inst|text_lut:text_lut_inst|altsyncram:rom_rtl_0|altsyncram_id71:auto_generated|ram_block1a3~porta_address_reg5  ; lcd_driver:inst|page_index[4] ; CLOCK_50     ; CLOCK_50    ; 1.000        ; -0.063     ; 4.138      ;
; -3.169 ; lcd_driver:inst|text_lut:text_lut_inst|altsyncram:rom_rtl_0|altsyncram_id71:auto_generated|ram_block1a3~porta_address_reg6  ; lcd_driver:inst|page_index[4] ; CLOCK_50     ; CLOCK_50    ; 1.000        ; -0.063     ; 4.138      ;
; -3.169 ; lcd_driver:inst|text_lut:text_lut_inst|altsyncram:rom_rtl_0|altsyncram_id71:auto_generated|ram_block1a3~porta_address_reg7  ; lcd_driver:inst|page_index[4] ; CLOCK_50     ; CLOCK_50    ; 1.000        ; -0.063     ; 4.138      ;
; -3.169 ; lcd_driver:inst|text_lut:text_lut_inst|altsyncram:rom_rtl_0|altsyncram_id71:auto_generated|ram_block1a3~porta_address_reg8  ; lcd_driver:inst|page_index[4] ; CLOCK_50     ; CLOCK_50    ; 1.000        ; -0.063     ; 4.138      ;
; -3.169 ; lcd_driver:inst|text_lut:text_lut_inst|altsyncram:rom_rtl_0|altsyncram_id71:auto_generated|ram_block1a3~porta_address_reg9  ; lcd_driver:inst|page_index[4] ; CLOCK_50     ; CLOCK_50    ; 1.000        ; -0.063     ; 4.138      ;
; -3.169 ; lcd_driver:inst|text_lut:text_lut_inst|altsyncram:rom_rtl_0|altsyncram_id71:auto_generated|ram_block1a3~porta_address_reg10 ; lcd_driver:inst|page_index[4] ; CLOCK_50     ; CLOCK_50    ; 1.000        ; -0.063     ; 4.138      ;
; -3.124 ; lcd_driver:inst|text_lut:text_lut_inst|altsyncram:rom_rtl_0|altsyncram_id71:auto_generated|ram_block1a0~porta_address_reg0  ; lcd_driver:inst|page_index[2] ; CLOCK_50     ; CLOCK_50    ; 1.000        ; -0.058     ; 4.098      ;
; -3.124 ; lcd_driver:inst|text_lut:text_lut_inst|altsyncram:rom_rtl_0|altsyncram_id71:auto_generated|ram_block1a0~porta_address_reg0  ; lcd_driver:inst|page_index[3] ; CLOCK_50     ; CLOCK_50    ; 1.000        ; -0.058     ; 4.098      ;
; -3.124 ; lcd_driver:inst|text_lut:text_lut_inst|altsyncram:rom_rtl_0|altsyncram_id71:auto_generated|ram_block1a0~porta_address_reg0  ; lcd_driver:inst|page_index[4] ; CLOCK_50     ; CLOCK_50    ; 1.000        ; -0.058     ; 4.098      ;
; -3.124 ; lcd_driver:inst|text_lut:text_lut_inst|altsyncram:rom_rtl_0|altsyncram_id71:auto_generated|ram_block1a0~porta_address_reg1  ; lcd_driver:inst|page_index[2] ; CLOCK_50     ; CLOCK_50    ; 1.000        ; -0.058     ; 4.098      ;
; -3.124 ; lcd_driver:inst|text_lut:text_lut_inst|altsyncram:rom_rtl_0|altsyncram_id71:auto_generated|ram_block1a0~porta_address_reg2  ; lcd_driver:inst|page_index[2] ; CLOCK_50     ; CLOCK_50    ; 1.000        ; -0.058     ; 4.098      ;
; -3.124 ; lcd_driver:inst|text_lut:text_lut_inst|altsyncram:rom_rtl_0|altsyncram_id71:auto_generated|ram_block1a0~porta_address_reg3  ; lcd_driver:inst|page_index[2] ; CLOCK_50     ; CLOCK_50    ; 1.000        ; -0.058     ; 4.098      ;
; -3.124 ; lcd_driver:inst|text_lut:text_lut_inst|altsyncram:rom_rtl_0|altsyncram_id71:auto_generated|ram_block1a0~porta_address_reg4  ; lcd_driver:inst|page_index[2] ; CLOCK_50     ; CLOCK_50    ; 1.000        ; -0.058     ; 4.098      ;
; -3.124 ; lcd_driver:inst|text_lut:text_lut_inst|altsyncram:rom_rtl_0|altsyncram_id71:auto_generated|ram_block1a0~porta_address_reg5  ; lcd_driver:inst|page_index[2] ; CLOCK_50     ; CLOCK_50    ; 1.000        ; -0.058     ; 4.098      ;
; -3.124 ; lcd_driver:inst|text_lut:text_lut_inst|altsyncram:rom_rtl_0|altsyncram_id71:auto_generated|ram_block1a0~porta_address_reg6  ; lcd_driver:inst|page_index[2] ; CLOCK_50     ; CLOCK_50    ; 1.000        ; -0.058     ; 4.098      ;
; -3.124 ; lcd_driver:inst|text_lut:text_lut_inst|altsyncram:rom_rtl_0|altsyncram_id71:auto_generated|ram_block1a0~porta_address_reg7  ; lcd_driver:inst|page_index[2] ; CLOCK_50     ; CLOCK_50    ; 1.000        ; -0.058     ; 4.098      ;
; -3.124 ; lcd_driver:inst|text_lut:text_lut_inst|altsyncram:rom_rtl_0|altsyncram_id71:auto_generated|ram_block1a0~porta_address_reg8  ; lcd_driver:inst|page_index[2] ; CLOCK_50     ; CLOCK_50    ; 1.000        ; -0.058     ; 4.098      ;
; -3.124 ; lcd_driver:inst|text_lut:text_lut_inst|altsyncram:rom_rtl_0|altsyncram_id71:auto_generated|ram_block1a0~porta_address_reg9  ; lcd_driver:inst|page_index[2] ; CLOCK_50     ; CLOCK_50    ; 1.000        ; -0.058     ; 4.098      ;
; -3.124 ; lcd_driver:inst|text_lut:text_lut_inst|altsyncram:rom_rtl_0|altsyncram_id71:auto_generated|ram_block1a0~porta_address_reg10 ; lcd_driver:inst|page_index[2] ; CLOCK_50     ; CLOCK_50    ; 1.000        ; -0.058     ; 4.098      ;
; -3.124 ; lcd_driver:inst|text_lut:text_lut_inst|altsyncram:rom_rtl_0|altsyncram_id71:auto_generated|ram_block1a0~porta_address_reg1  ; lcd_driver:inst|page_index[3] ; CLOCK_50     ; CLOCK_50    ; 1.000        ; -0.058     ; 4.098      ;
; -3.124 ; lcd_driver:inst|text_lut:text_lut_inst|altsyncram:rom_rtl_0|altsyncram_id71:auto_generated|ram_block1a0~porta_address_reg2  ; lcd_driver:inst|page_index[3] ; CLOCK_50     ; CLOCK_50    ; 1.000        ; -0.058     ; 4.098      ;
; -3.124 ; lcd_driver:inst|text_lut:text_lut_inst|altsyncram:rom_rtl_0|altsyncram_id71:auto_generated|ram_block1a0~porta_address_reg3  ; lcd_driver:inst|page_index[3] ; CLOCK_50     ; CLOCK_50    ; 1.000        ; -0.058     ; 4.098      ;
; -3.124 ; lcd_driver:inst|text_lut:text_lut_inst|altsyncram:rom_rtl_0|altsyncram_id71:auto_generated|ram_block1a0~porta_address_reg4  ; lcd_driver:inst|page_index[3] ; CLOCK_50     ; CLOCK_50    ; 1.000        ; -0.058     ; 4.098      ;
; -3.124 ; lcd_driver:inst|text_lut:text_lut_inst|altsyncram:rom_rtl_0|altsyncram_id71:auto_generated|ram_block1a0~porta_address_reg5  ; lcd_driver:inst|page_index[3] ; CLOCK_50     ; CLOCK_50    ; 1.000        ; -0.058     ; 4.098      ;
; -3.124 ; lcd_driver:inst|text_lut:text_lut_inst|altsyncram:rom_rtl_0|altsyncram_id71:auto_generated|ram_block1a0~porta_address_reg6  ; lcd_driver:inst|page_index[3] ; CLOCK_50     ; CLOCK_50    ; 1.000        ; -0.058     ; 4.098      ;
; -3.124 ; lcd_driver:inst|text_lut:text_lut_inst|altsyncram:rom_rtl_0|altsyncram_id71:auto_generated|ram_block1a0~porta_address_reg7  ; lcd_driver:inst|page_index[3] ; CLOCK_50     ; CLOCK_50    ; 1.000        ; -0.058     ; 4.098      ;
; -3.124 ; lcd_driver:inst|text_lut:text_lut_inst|altsyncram:rom_rtl_0|altsyncram_id71:auto_generated|ram_block1a0~porta_address_reg8  ; lcd_driver:inst|page_index[3] ; CLOCK_50     ; CLOCK_50    ; 1.000        ; -0.058     ; 4.098      ;
; -3.124 ; lcd_driver:inst|text_lut:text_lut_inst|altsyncram:rom_rtl_0|altsyncram_id71:auto_generated|ram_block1a0~porta_address_reg9  ; lcd_driver:inst|page_index[3] ; CLOCK_50     ; CLOCK_50    ; 1.000        ; -0.058     ; 4.098      ;
; -3.124 ; lcd_driver:inst|text_lut:text_lut_inst|altsyncram:rom_rtl_0|altsyncram_id71:auto_generated|ram_block1a0~porta_address_reg10 ; lcd_driver:inst|page_index[3] ; CLOCK_50     ; CLOCK_50    ; 1.000        ; -0.058     ; 4.098      ;
; -3.124 ; lcd_driver:inst|text_lut:text_lut_inst|altsyncram:rom_rtl_0|altsyncram_id71:auto_generated|ram_block1a0~porta_address_reg1  ; lcd_driver:inst|page_index[4] ; CLOCK_50     ; CLOCK_50    ; 1.000        ; -0.058     ; 4.098      ;
; -3.124 ; lcd_driver:inst|text_lut:text_lut_inst|altsyncram:rom_rtl_0|altsyncram_id71:auto_generated|ram_block1a0~porta_address_reg2  ; lcd_driver:inst|page_index[4] ; CLOCK_50     ; CLOCK_50    ; 1.000        ; -0.058     ; 4.098      ;
; -3.124 ; lcd_driver:inst|text_lut:text_lut_inst|altsyncram:rom_rtl_0|altsyncram_id71:auto_generated|ram_block1a0~porta_address_reg3  ; lcd_driver:inst|page_index[4] ; CLOCK_50     ; CLOCK_50    ; 1.000        ; -0.058     ; 4.098      ;
; -3.124 ; lcd_driver:inst|text_lut:text_lut_inst|altsyncram:rom_rtl_0|altsyncram_id71:auto_generated|ram_block1a0~porta_address_reg4  ; lcd_driver:inst|page_index[4] ; CLOCK_50     ; CLOCK_50    ; 1.000        ; -0.058     ; 4.098      ;
; -3.124 ; lcd_driver:inst|text_lut:text_lut_inst|altsyncram:rom_rtl_0|altsyncram_id71:auto_generated|ram_block1a0~porta_address_reg5  ; lcd_driver:inst|page_index[4] ; CLOCK_50     ; CLOCK_50    ; 1.000        ; -0.058     ; 4.098      ;
; -3.124 ; lcd_driver:inst|text_lut:text_lut_inst|altsyncram:rom_rtl_0|altsyncram_id71:auto_generated|ram_block1a0~porta_address_reg6  ; lcd_driver:inst|page_index[4] ; CLOCK_50     ; CLOCK_50    ; 1.000        ; -0.058     ; 4.098      ;
; -3.124 ; lcd_driver:inst|text_lut:text_lut_inst|altsyncram:rom_rtl_0|altsyncram_id71:auto_generated|ram_block1a0~porta_address_reg7  ; lcd_driver:inst|page_index[4] ; CLOCK_50     ; CLOCK_50    ; 1.000        ; -0.058     ; 4.098      ;
; -3.124 ; lcd_driver:inst|text_lut:text_lut_inst|altsyncram:rom_rtl_0|altsyncram_id71:auto_generated|ram_block1a0~porta_address_reg8  ; lcd_driver:inst|page_index[4] ; CLOCK_50     ; CLOCK_50    ; 1.000        ; -0.058     ; 4.098      ;
; -3.124 ; lcd_driver:inst|text_lut:text_lut_inst|altsyncram:rom_rtl_0|altsyncram_id71:auto_generated|ram_block1a0~porta_address_reg9  ; lcd_driver:inst|page_index[4] ; CLOCK_50     ; CLOCK_50    ; 1.000        ; -0.058     ; 4.098      ;
; -3.124 ; lcd_driver:inst|text_lut:text_lut_inst|altsyncram:rom_rtl_0|altsyncram_id71:auto_generated|ram_block1a0~porta_address_reg10 ; lcd_driver:inst|page_index[4] ; CLOCK_50     ; CLOCK_50    ; 1.000        ; -0.058     ; 4.098      ;
; -3.104 ; lcd_driver:inst|text_lut:text_lut_inst|altsyncram:rom_rtl_0|altsyncram_id71:auto_generated|ram_block1a1~porta_address_reg0  ; lcd_driver:inst|page_index[2] ; CLOCK_50     ; CLOCK_50    ; 1.000        ; -0.060     ; 4.076      ;
; -3.104 ; lcd_driver:inst|text_lut:text_lut_inst|altsyncram:rom_rtl_0|altsyncram_id71:auto_generated|ram_block1a1~porta_address_reg0  ; lcd_driver:inst|page_index[3] ; CLOCK_50     ; CLOCK_50    ; 1.000        ; -0.060     ; 4.076      ;
; -3.104 ; lcd_driver:inst|text_lut:text_lut_inst|altsyncram:rom_rtl_0|altsyncram_id71:auto_generated|ram_block1a1~porta_address_reg0  ; lcd_driver:inst|page_index[4] ; CLOCK_50     ; CLOCK_50    ; 1.000        ; -0.060     ; 4.076      ;
; -3.104 ; lcd_driver:inst|text_lut:text_lut_inst|altsyncram:rom_rtl_0|altsyncram_id71:auto_generated|ram_block1a1~porta_address_reg1  ; lcd_driver:inst|page_index[2] ; CLOCK_50     ; CLOCK_50    ; 1.000        ; -0.060     ; 4.076      ;
; -3.104 ; lcd_driver:inst|text_lut:text_lut_inst|altsyncram:rom_rtl_0|altsyncram_id71:auto_generated|ram_block1a1~porta_address_reg2  ; lcd_driver:inst|page_index[2] ; CLOCK_50     ; CLOCK_50    ; 1.000        ; -0.060     ; 4.076      ;
; -3.104 ; lcd_driver:inst|text_lut:text_lut_inst|altsyncram:rom_rtl_0|altsyncram_id71:auto_generated|ram_block1a1~porta_address_reg3  ; lcd_driver:inst|page_index[2] ; CLOCK_50     ; CLOCK_50    ; 1.000        ; -0.060     ; 4.076      ;
; -3.104 ; lcd_driver:inst|text_lut:text_lut_inst|altsyncram:rom_rtl_0|altsyncram_id71:auto_generated|ram_block1a1~porta_address_reg4  ; lcd_driver:inst|page_index[2] ; CLOCK_50     ; CLOCK_50    ; 1.000        ; -0.060     ; 4.076      ;
; -3.104 ; lcd_driver:inst|text_lut:text_lut_inst|altsyncram:rom_rtl_0|altsyncram_id71:auto_generated|ram_block1a1~porta_address_reg5  ; lcd_driver:inst|page_index[2] ; CLOCK_50     ; CLOCK_50    ; 1.000        ; -0.060     ; 4.076      ;
; -3.104 ; lcd_driver:inst|text_lut:text_lut_inst|altsyncram:rom_rtl_0|altsyncram_id71:auto_generated|ram_block1a1~porta_address_reg6  ; lcd_driver:inst|page_index[2] ; CLOCK_50     ; CLOCK_50    ; 1.000        ; -0.060     ; 4.076      ;
; -3.104 ; lcd_driver:inst|text_lut:text_lut_inst|altsyncram:rom_rtl_0|altsyncram_id71:auto_generated|ram_block1a1~porta_address_reg7  ; lcd_driver:inst|page_index[2] ; CLOCK_50     ; CLOCK_50    ; 1.000        ; -0.060     ; 4.076      ;
; -3.104 ; lcd_driver:inst|text_lut:text_lut_inst|altsyncram:rom_rtl_0|altsyncram_id71:auto_generated|ram_block1a1~porta_address_reg8  ; lcd_driver:inst|page_index[2] ; CLOCK_50     ; CLOCK_50    ; 1.000        ; -0.060     ; 4.076      ;
; -3.104 ; lcd_driver:inst|text_lut:text_lut_inst|altsyncram:rom_rtl_0|altsyncram_id71:auto_generated|ram_block1a1~porta_address_reg9  ; lcd_driver:inst|page_index[2] ; CLOCK_50     ; CLOCK_50    ; 1.000        ; -0.060     ; 4.076      ;
; -3.104 ; lcd_driver:inst|text_lut:text_lut_inst|altsyncram:rom_rtl_0|altsyncram_id71:auto_generated|ram_block1a1~porta_address_reg10 ; lcd_driver:inst|page_index[2] ; CLOCK_50     ; CLOCK_50    ; 1.000        ; -0.060     ; 4.076      ;
; -3.104 ; lcd_driver:inst|text_lut:text_lut_inst|altsyncram:rom_rtl_0|altsyncram_id71:auto_generated|ram_block1a1~porta_address_reg1  ; lcd_driver:inst|page_index[3] ; CLOCK_50     ; CLOCK_50    ; 1.000        ; -0.060     ; 4.076      ;
; -3.104 ; lcd_driver:inst|text_lut:text_lut_inst|altsyncram:rom_rtl_0|altsyncram_id71:auto_generated|ram_block1a1~porta_address_reg2  ; lcd_driver:inst|page_index[3] ; CLOCK_50     ; CLOCK_50    ; 1.000        ; -0.060     ; 4.076      ;
; -3.104 ; lcd_driver:inst|text_lut:text_lut_inst|altsyncram:rom_rtl_0|altsyncram_id71:auto_generated|ram_block1a1~porta_address_reg3  ; lcd_driver:inst|page_index[3] ; CLOCK_50     ; CLOCK_50    ; 1.000        ; -0.060     ; 4.076      ;
; -3.104 ; lcd_driver:inst|text_lut:text_lut_inst|altsyncram:rom_rtl_0|altsyncram_id71:auto_generated|ram_block1a1~porta_address_reg4  ; lcd_driver:inst|page_index[3] ; CLOCK_50     ; CLOCK_50    ; 1.000        ; -0.060     ; 4.076      ;
; -3.104 ; lcd_driver:inst|text_lut:text_lut_inst|altsyncram:rom_rtl_0|altsyncram_id71:auto_generated|ram_block1a1~porta_address_reg5  ; lcd_driver:inst|page_index[3] ; CLOCK_50     ; CLOCK_50    ; 1.000        ; -0.060     ; 4.076      ;
; -3.104 ; lcd_driver:inst|text_lut:text_lut_inst|altsyncram:rom_rtl_0|altsyncram_id71:auto_generated|ram_block1a1~porta_address_reg6  ; lcd_driver:inst|page_index[3] ; CLOCK_50     ; CLOCK_50    ; 1.000        ; -0.060     ; 4.076      ;
; -3.104 ; lcd_driver:inst|text_lut:text_lut_inst|altsyncram:rom_rtl_0|altsyncram_id71:auto_generated|ram_block1a1~porta_address_reg7  ; lcd_driver:inst|page_index[3] ; CLOCK_50     ; CLOCK_50    ; 1.000        ; -0.060     ; 4.076      ;
; -3.104 ; lcd_driver:inst|text_lut:text_lut_inst|altsyncram:rom_rtl_0|altsyncram_id71:auto_generated|ram_block1a1~porta_address_reg8  ; lcd_driver:inst|page_index[3] ; CLOCK_50     ; CLOCK_50    ; 1.000        ; -0.060     ; 4.076      ;
; -3.104 ; lcd_driver:inst|text_lut:text_lut_inst|altsyncram:rom_rtl_0|altsyncram_id71:auto_generated|ram_block1a1~porta_address_reg9  ; lcd_driver:inst|page_index[3] ; CLOCK_50     ; CLOCK_50    ; 1.000        ; -0.060     ; 4.076      ;
; -3.104 ; lcd_driver:inst|text_lut:text_lut_inst|altsyncram:rom_rtl_0|altsyncram_id71:auto_generated|ram_block1a1~porta_address_reg10 ; lcd_driver:inst|page_index[3] ; CLOCK_50     ; CLOCK_50    ; 1.000        ; -0.060     ; 4.076      ;
; -3.104 ; lcd_driver:inst|text_lut:text_lut_inst|altsyncram:rom_rtl_0|altsyncram_id71:auto_generated|ram_block1a1~porta_address_reg1  ; lcd_driver:inst|page_index[4] ; CLOCK_50     ; CLOCK_50    ; 1.000        ; -0.060     ; 4.076      ;
; -3.104 ; lcd_driver:inst|text_lut:text_lut_inst|altsyncram:rom_rtl_0|altsyncram_id71:auto_generated|ram_block1a1~porta_address_reg2  ; lcd_driver:inst|page_index[4] ; CLOCK_50     ; CLOCK_50    ; 1.000        ; -0.060     ; 4.076      ;
; -3.104 ; lcd_driver:inst|text_lut:text_lut_inst|altsyncram:rom_rtl_0|altsyncram_id71:auto_generated|ram_block1a1~porta_address_reg3  ; lcd_driver:inst|page_index[4] ; CLOCK_50     ; CLOCK_50    ; 1.000        ; -0.060     ; 4.076      ;
; -3.104 ; lcd_driver:inst|text_lut:text_lut_inst|altsyncram:rom_rtl_0|altsyncram_id71:auto_generated|ram_block1a1~porta_address_reg4  ; lcd_driver:inst|page_index[4] ; CLOCK_50     ; CLOCK_50    ; 1.000        ; -0.060     ; 4.076      ;
; -3.104 ; lcd_driver:inst|text_lut:text_lut_inst|altsyncram:rom_rtl_0|altsyncram_id71:auto_generated|ram_block1a1~porta_address_reg5  ; lcd_driver:inst|page_index[4] ; CLOCK_50     ; CLOCK_50    ; 1.000        ; -0.060     ; 4.076      ;
; -3.104 ; lcd_driver:inst|text_lut:text_lut_inst|altsyncram:rom_rtl_0|altsyncram_id71:auto_generated|ram_block1a1~porta_address_reg6  ; lcd_driver:inst|page_index[4] ; CLOCK_50     ; CLOCK_50    ; 1.000        ; -0.060     ; 4.076      ;
; -3.104 ; lcd_driver:inst|text_lut:text_lut_inst|altsyncram:rom_rtl_0|altsyncram_id71:auto_generated|ram_block1a1~porta_address_reg7  ; lcd_driver:inst|page_index[4] ; CLOCK_50     ; CLOCK_50    ; 1.000        ; -0.060     ; 4.076      ;
; -3.104 ; lcd_driver:inst|text_lut:text_lut_inst|altsyncram:rom_rtl_0|altsyncram_id71:auto_generated|ram_block1a1~porta_address_reg8  ; lcd_driver:inst|page_index[4] ; CLOCK_50     ; CLOCK_50    ; 1.000        ; -0.060     ; 4.076      ;
; -3.104 ; lcd_driver:inst|text_lut:text_lut_inst|altsyncram:rom_rtl_0|altsyncram_id71:auto_generated|ram_block1a1~porta_address_reg9  ; lcd_driver:inst|page_index[4] ; CLOCK_50     ; CLOCK_50    ; 1.000        ; -0.060     ; 4.076      ;
; -3.104 ; lcd_driver:inst|text_lut:text_lut_inst|altsyncram:rom_rtl_0|altsyncram_id71:auto_generated|ram_block1a1~porta_address_reg10 ; lcd_driver:inst|page_index[4] ; CLOCK_50     ; CLOCK_50    ; 1.000        ; -0.060     ; 4.076      ;
; -2.992 ; lcd_driver:inst|text_lut:text_lut_inst|altsyncram:rom_rtl_0|altsyncram_id71:auto_generated|ram_block1a5~porta_address_reg0  ; lcd_driver:inst|page_index[2] ; CLOCK_50     ; CLOCK_50    ; 1.000        ; -0.062     ; 3.962      ;
+--------+-----------------------------------------------------------------------------------------------------------------------------+-------------------------------+--------------+-------------+--------------+------------+------------+


+-------------------------------------------------------------------------------------------------------------------------------------------------------------------------------------------------------------------------------------------------------+
; Fast Model Hold: 'CLOCK_50'                                                                                                                                                                                                                           ;
+-------+-------------------------------------------+-----------------------------------------------------------------------------------------------------------------------------+--------------+-------------+--------------+------------+------------+
; Slack ; From Node                                 ; To Node                                                                                                                     ; Launch Clock ; Latch Clock ; Relationship ; Clock Skew ; Data Delay ;
+-------+-------------------------------------------+-----------------------------------------------------------------------------------------------------------------------------+--------------+-------------+--------------+------------+------------+
; 0.215 ; lcd_driver:inst|btn_counter[0]            ; lcd_driver:inst|btn_counter[0]                                                                                              ; CLOCK_50     ; CLOCK_50    ; 0.000        ; 0.000      ; 0.367      ;
; 0.215 ; lcd_driver:inst|btn_pressed               ; lcd_driver:inst|btn_pressed                                                                                                 ; CLOCK_50     ; CLOCK_50    ; 0.000        ; 0.000      ; 0.367      ;
; 0.215 ; lcd_driver:inst|state.WAIT_BUTTON_RELEASE ; lcd_driver:inst|state.WAIT_BUTTON_RELEASE                                                                                   ; CLOCK_50     ; CLOCK_50    ; 0.000        ; 0.000      ; 0.367      ;
; 0.215 ; lcd_driver:inst|state.POWER_ON            ; lcd_driver:inst|state.POWER_ON                                                                                              ; CLOCK_50     ; CLOCK_50    ; 0.000        ; 0.000      ; 0.367      ;
; 0.215 ; lcd_driver:inst|sub_state.PAGE_ERROR      ; lcd_driver:inst|sub_state.PAGE_ERROR                                                                                        ; CLOCK_50     ; CLOCK_50    ; 0.000        ; 0.000      ; 0.367      ;
; 0.215 ; lcd_driver:inst|sub_state.PAGE0           ; lcd_driver:inst|sub_state.PAGE0                                                                                             ; CLOCK_50     ; CLOCK_50    ; 0.000        ; 0.000      ; 0.367      ;
; 0.215 ; lcd_driver:inst|sub_state.PAGE1           ; lcd_driver:inst|sub_state.PAGE1                                                                                             ; CLOCK_50     ; CLOCK_50    ; 0.000        ; 0.000      ; 0.367      ;
; 0.215 ; lcd_driver:inst|state.WAIT                ; lcd_driver:inst|state.WAIT                                                                                                  ; CLOCK_50     ; CLOCK_50    ; 0.000        ; 0.000      ; 0.367      ;
; 0.215 ; lcd_driver:inst|state.WRITE_DATA          ; lcd_driver:inst|state.WRITE_DATA                                                                                            ; CLOCK_50     ; CLOCK_50    ; 0.000        ; 0.000      ; 0.367      ;
; 0.215 ; lcd_driver:inst|state.DONE                ; lcd_driver:inst|state.DONE                                                                                                  ; CLOCK_50     ; CLOCK_50    ; 0.000        ; 0.000      ; 0.367      ;
; 0.215 ; lcd_driver:inst|state.PAGE_SELECT         ; lcd_driver:inst|state.PAGE_SELECT                                                                                           ; CLOCK_50     ; CLOCK_50    ; 0.000        ; 0.000      ; 0.367      ;
; 0.215 ; lcd_driver:inst|state.WAIT_EXEC           ; lcd_driver:inst|state.WAIT_EXEC                                                                                             ; CLOCK_50     ; CLOCK_50    ; 0.000        ; 0.000      ; 0.367      ;
; 0.215 ; lcd_driver:inst|sub_state.PAGE2           ; lcd_driver:inst|sub_state.PAGE2                                                                                             ; CLOCK_50     ; CLOCK_50    ; 0.000        ; 0.000      ; 0.367      ;
; 0.215 ; lcd_driver:inst|page_index[0]             ; lcd_driver:inst|page_index[0]                                                                                               ; CLOCK_50     ; CLOCK_50    ; 0.000        ; 0.000      ; 0.367      ;
; 0.215 ; lcd_driver:inst|page_index[1]             ; lcd_driver:inst|page_index[1]                                                                                               ; CLOCK_50     ; CLOCK_50    ; 0.000        ; 0.000      ; 0.367      ;
; 0.215 ; lcd_driver:inst|state_f.WRITE_DATA        ; lcd_driver:inst|state_f.WRITE_DATA                                                                                          ; CLOCK_50     ; CLOCK_50    ; 0.000        ; 0.000      ; 0.367      ;
; 0.215 ; lcd_driver:inst|state_f.WAIT_EXEC         ; lcd_driver:inst|state_f.WAIT_EXEC                                                                                           ; CLOCK_50     ; CLOCK_50    ; 0.000        ; 0.000      ; 0.367      ;
; 0.215 ; lcd_driver:inst|n_index[0]                ; lcd_driver:inst|n_index[0]                                                                                                  ; CLOCK_50     ; CLOCK_50    ; 0.000        ; 0.000      ; 0.367      ;
; 0.215 ; lcd_driver:inst|n_index[1]                ; lcd_driver:inst|n_index[1]                                                                                                  ; CLOCK_50     ; CLOCK_50    ; 0.000        ; 0.000      ; 0.367      ;
; 0.215 ; lcd_driver:inst|sub_state_f[0]            ; lcd_driver:inst|sub_state_f[0]                                                                                              ; CLOCK_50     ; CLOCK_50    ; 0.000        ; 0.000      ; 0.367      ;
; 0.215 ; lcd_driver:inst|sub_state_f[1]            ; lcd_driver:inst|sub_state_f[1]                                                                                              ; CLOCK_50     ; CLOCK_50    ; 0.000        ; 0.000      ; 0.367      ;
; 0.215 ; lcd_driver:inst|lcd_data_freq[7]          ; lcd_driver:inst|lcd_data_freq[7]                                                                                            ; CLOCK_50     ; CLOCK_50    ; 0.000        ; 0.000      ; 0.367      ;
; 0.215 ; lcd_driver:inst|lcd_en_freq               ; lcd_driver:inst|lcd_en_freq                                                                                                 ; CLOCK_50     ; CLOCK_50    ; 0.000        ; 0.000      ; 0.367      ;
; 0.215 ; lcd_driver:inst|lcd_en_cntr               ; lcd_driver:inst|lcd_en_cntr                                                                                                 ; CLOCK_50     ; CLOCK_50    ; 0.000        ; 0.000      ; 0.367      ;
; 0.215 ; lcd_driver:inst|lcd_rs_freq               ; lcd_driver:inst|lcd_rs_freq                                                                                                 ; CLOCK_50     ; CLOCK_50    ; 0.000        ; 0.000      ; 0.367      ;
; 0.243 ; lcd_driver:inst|counter[31]               ; lcd_driver:inst|counter[31]                                                                                                 ; CLOCK_50     ; CLOCK_50    ; 0.000        ; 0.000      ; 0.395      ;
; 0.243 ; lcd_driver:inst|counter_f[31]             ; lcd_driver:inst|counter_f[31]                                                                                               ; CLOCK_50     ; CLOCK_50    ; 0.000        ; 0.000      ; 0.395      ;
; 0.246 ; lcd_driver:inst|state_f.DIGIT_SELECT      ; lcd_driver:inst|state_f.HZ_DISPLAY                                                                                          ; CLOCK_50     ; CLOCK_50    ; 0.000        ; 0.000      ; 0.398      ;
; 0.249 ; lcd_driver:inst|char_index[5]             ; lcd_driver:inst|char_index[5]                                                                                               ; CLOCK_50     ; CLOCK_50    ; 0.000        ; 0.000      ; 0.401      ;
; 0.249 ; lcd_driver:inst|state_f.DIGIT_SELECT      ; lcd_driver:inst|state_f.SETUP                                                                                               ; CLOCK_50     ; CLOCK_50    ; 0.000        ; 0.000      ; 0.401      ;
; 0.250 ; lcd_driver:inst|state.WRITE_DATA          ; lcd_driver:inst|lcd_en_cntr                                                                                                 ; CLOCK_50     ; CLOCK_50    ; 0.000        ; 0.000      ; 0.402      ;
; 0.253 ; lcd_driver:inst|n_index[0]                ; lcd_driver:inst|n_index[1]                                                                                                  ; CLOCK_50     ; CLOCK_50    ; 0.000        ; 0.000      ; 0.405      ;
; 0.293 ; lcd_driver:inst|page_index[4]             ; lcd_driver:inst|text_lut:text_lut_inst|altsyncram:rom_rtl_0|altsyncram_id71:auto_generated|ram_block1a5~porta_address_reg10 ; CLOCK_50     ; CLOCK_50    ; 0.000        ; 0.062      ; 0.493      ;
; 0.293 ; lcd_driver:inst|page_index[3]             ; lcd_driver:inst|text_lut:text_lut_inst|altsyncram:rom_rtl_0|altsyncram_id71:auto_generated|ram_block1a5~porta_address_reg9  ; CLOCK_50     ; CLOCK_50    ; 0.000        ; 0.062      ; 0.493      ;
; 0.295 ; lcd_driver:inst|page_index[2]             ; lcd_driver:inst|text_lut:text_lut_inst|altsyncram:rom_rtl_0|altsyncram_id71:auto_generated|ram_block1a5~porta_address_reg8  ; CLOCK_50     ; CLOCK_50    ; 0.000        ; 0.062      ; 0.495      ;
; 0.353 ; lcd_driver:inst|counter[0]                ; lcd_driver:inst|counter[0]                                                                                                  ; CLOCK_50     ; CLOCK_50    ; 0.000        ; 0.000      ; 0.505      ;
; 0.353 ; lcd_driver:inst|counter_f[0]              ; lcd_driver:inst|counter_f[0]                                                                                                ; CLOCK_50     ; CLOCK_50    ; 0.000        ; 0.000      ; 0.505      ;
; 0.355 ; lcd_driver:inst|counter[16]               ; lcd_driver:inst|counter[16]                                                                                                 ; CLOCK_50     ; CLOCK_50    ; 0.000        ; 0.000      ; 0.507      ;
; 0.355 ; lcd_driver:inst|counter_f[16]             ; lcd_driver:inst|counter_f[16]                                                                                               ; CLOCK_50     ; CLOCK_50    ; 0.000        ; 0.000      ; 0.507      ;
; 0.357 ; lcd_driver:inst|counter[1]                ; lcd_driver:inst|counter[1]                                                                                                  ; CLOCK_50     ; CLOCK_50    ; 0.000        ; 0.000      ; 0.509      ;
; 0.357 ; lcd_driver:inst|counter_f[1]              ; lcd_driver:inst|counter_f[1]                                                                                                ; CLOCK_50     ; CLOCK_50    ; 0.000        ; 0.000      ; 0.509      ;
; 0.358 ; lcd_driver:inst|counter[2]                ; lcd_driver:inst|counter[2]                                                                                                  ; CLOCK_50     ; CLOCK_50    ; 0.000        ; 0.000      ; 0.510      ;
; 0.358 ; lcd_driver:inst|counter_f[2]              ; lcd_driver:inst|counter_f[2]                                                                                                ; CLOCK_50     ; CLOCK_50    ; 0.000        ; 0.000      ; 0.510      ;
; 0.359 ; lcd_driver:inst|counter[17]               ; lcd_driver:inst|counter[17]                                                                                                 ; CLOCK_50     ; CLOCK_50    ; 0.000        ; 0.000      ; 0.511      ;
; 0.359 ; lcd_driver:inst|counter_f[17]             ; lcd_driver:inst|counter_f[17]                                                                                               ; CLOCK_50     ; CLOCK_50    ; 0.000        ; 0.000      ; 0.511      ;
; 0.360 ; lcd_driver:inst|counter[9]                ; lcd_driver:inst|counter[9]                                                                                                  ; CLOCK_50     ; CLOCK_50    ; 0.000        ; 0.000      ; 0.512      ;
; 0.360 ; lcd_driver:inst|counter[11]               ; lcd_driver:inst|counter[11]                                                                                                 ; CLOCK_50     ; CLOCK_50    ; 0.000        ; 0.000      ; 0.512      ;
; 0.360 ; lcd_driver:inst|counter[18]               ; lcd_driver:inst|counter[18]                                                                                                 ; CLOCK_50     ; CLOCK_50    ; 0.000        ; 0.000      ; 0.512      ;
; 0.360 ; lcd_driver:inst|counter[25]               ; lcd_driver:inst|counter[25]                                                                                                 ; CLOCK_50     ; CLOCK_50    ; 0.000        ; 0.000      ; 0.512      ;
; 0.360 ; lcd_driver:inst|counter[27]               ; lcd_driver:inst|counter[27]                                                                                                 ; CLOCK_50     ; CLOCK_50    ; 0.000        ; 0.000      ; 0.512      ;
; 0.360 ; lcd_driver:inst|counter_f[9]              ; lcd_driver:inst|counter_f[9]                                                                                                ; CLOCK_50     ; CLOCK_50    ; 0.000        ; 0.000      ; 0.512      ;
; 0.360 ; lcd_driver:inst|counter_f[11]             ; lcd_driver:inst|counter_f[11]                                                                                               ; CLOCK_50     ; CLOCK_50    ; 0.000        ; 0.000      ; 0.512      ;
; 0.360 ; lcd_driver:inst|counter_f[18]             ; lcd_driver:inst|counter_f[18]                                                                                               ; CLOCK_50     ; CLOCK_50    ; 0.000        ; 0.000      ; 0.512      ;
; 0.360 ; lcd_driver:inst|counter_f[25]             ; lcd_driver:inst|counter_f[25]                                                                                               ; CLOCK_50     ; CLOCK_50    ; 0.000        ; 0.000      ; 0.512      ;
; 0.360 ; lcd_driver:inst|counter_f[27]             ; lcd_driver:inst|counter_f[27]                                                                                               ; CLOCK_50     ; CLOCK_50    ; 0.000        ; 0.000      ; 0.512      ;
; 0.361 ; lcd_driver:inst|counter[4]                ; lcd_driver:inst|counter[4]                                                                                                  ; CLOCK_50     ; CLOCK_50    ; 0.000        ; 0.000      ; 0.513      ;
; 0.361 ; lcd_driver:inst|counter[7]                ; lcd_driver:inst|counter[7]                                                                                                  ; CLOCK_50     ; CLOCK_50    ; 0.000        ; 0.000      ; 0.513      ;
; 0.361 ; lcd_driver:inst|counter[13]               ; lcd_driver:inst|counter[13]                                                                                                 ; CLOCK_50     ; CLOCK_50    ; 0.000        ; 0.000      ; 0.513      ;
; 0.361 ; lcd_driver:inst|counter[14]               ; lcd_driver:inst|counter[14]                                                                                                 ; CLOCK_50     ; CLOCK_50    ; 0.000        ; 0.000      ; 0.513      ;
; 0.361 ; lcd_driver:inst|counter[15]               ; lcd_driver:inst|counter[15]                                                                                                 ; CLOCK_50     ; CLOCK_50    ; 0.000        ; 0.000      ; 0.513      ;
; 0.361 ; lcd_driver:inst|counter[20]               ; lcd_driver:inst|counter[20]                                                                                                 ; CLOCK_50     ; CLOCK_50    ; 0.000        ; 0.000      ; 0.513      ;
; 0.361 ; lcd_driver:inst|counter[23]               ; lcd_driver:inst|counter[23]                                                                                                 ; CLOCK_50     ; CLOCK_50    ; 0.000        ; 0.000      ; 0.513      ;
; 0.361 ; lcd_driver:inst|counter[29]               ; lcd_driver:inst|counter[29]                                                                                                 ; CLOCK_50     ; CLOCK_50    ; 0.000        ; 0.000      ; 0.513      ;
; 0.361 ; lcd_driver:inst|counter[30]               ; lcd_driver:inst|counter[30]                                                                                                 ; CLOCK_50     ; CLOCK_50    ; 0.000        ; 0.000      ; 0.513      ;
; 0.361 ; lcd_driver:inst|counter_f[4]              ; lcd_driver:inst|counter_f[4]                                                                                                ; CLOCK_50     ; CLOCK_50    ; 0.000        ; 0.000      ; 0.513      ;
; 0.361 ; lcd_driver:inst|counter_f[7]              ; lcd_driver:inst|counter_f[7]                                                                                                ; CLOCK_50     ; CLOCK_50    ; 0.000        ; 0.000      ; 0.513      ;
; 0.361 ; lcd_driver:inst|counter_f[13]             ; lcd_driver:inst|counter_f[13]                                                                                               ; CLOCK_50     ; CLOCK_50    ; 0.000        ; 0.000      ; 0.513      ;
; 0.361 ; lcd_driver:inst|counter_f[14]             ; lcd_driver:inst|counter_f[14]                                                                                               ; CLOCK_50     ; CLOCK_50    ; 0.000        ; 0.000      ; 0.513      ;
; 0.361 ; lcd_driver:inst|counter_f[15]             ; lcd_driver:inst|counter_f[15]                                                                                               ; CLOCK_50     ; CLOCK_50    ; 0.000        ; 0.000      ; 0.513      ;
; 0.361 ; lcd_driver:inst|counter_f[20]             ; lcd_driver:inst|counter_f[20]                                                                                               ; CLOCK_50     ; CLOCK_50    ; 0.000        ; 0.000      ; 0.513      ;
; 0.361 ; lcd_driver:inst|counter_f[23]             ; lcd_driver:inst|counter_f[23]                                                                                               ; CLOCK_50     ; CLOCK_50    ; 0.000        ; 0.000      ; 0.513      ;
; 0.361 ; lcd_driver:inst|counter_f[29]             ; lcd_driver:inst|counter_f[29]                                                                                               ; CLOCK_50     ; CLOCK_50    ; 0.000        ; 0.000      ; 0.513      ;
; 0.361 ; lcd_driver:inst|counter_f[30]             ; lcd_driver:inst|counter_f[30]                                                                                               ; CLOCK_50     ; CLOCK_50    ; 0.000        ; 0.000      ; 0.513      ;
; 0.369 ; lcd_driver:inst|counter[3]                ; lcd_driver:inst|counter[3]                                                                                                  ; CLOCK_50     ; CLOCK_50    ; 0.000        ; 0.000      ; 0.521      ;
; 0.369 ; lcd_driver:inst|counter_f[3]              ; lcd_driver:inst|counter_f[3]                                                                                                ; CLOCK_50     ; CLOCK_50    ; 0.000        ; 0.000      ; 0.521      ;
; 0.369 ; lcd_driver:inst|sub_state.PAGE0           ; lcd_driver:inst|sub_state.PAGE1                                                                                             ; CLOCK_50     ; CLOCK_50    ; 0.000        ; 0.000      ; 0.521      ;
; 0.370 ; lcd_driver:inst|state_f.CHECK_AND_WAIT    ; lcd_driver:inst|sub_state_f[0]                                                                                              ; CLOCK_50     ; CLOCK_50    ; 0.000        ; -0.001     ; 0.521      ;
; 0.370 ; lcd_driver:inst|state_f.CHECK_AND_WAIT    ; lcd_driver:inst|sub_state_f[1]                                                                                              ; CLOCK_50     ; CLOCK_50    ; 0.000        ; -0.001     ; 0.521      ;
; 0.371 ; lcd_driver:inst|counter[8]                ; lcd_driver:inst|counter[8]                                                                                                  ; CLOCK_50     ; CLOCK_50    ; 0.000        ; 0.000      ; 0.523      ;
; 0.371 ; lcd_driver:inst|counter[10]               ; lcd_driver:inst|counter[10]                                                                                                 ; CLOCK_50     ; CLOCK_50    ; 0.000        ; 0.000      ; 0.523      ;
; 0.371 ; lcd_driver:inst|counter[19]               ; lcd_driver:inst|counter[19]                                                                                                 ; CLOCK_50     ; CLOCK_50    ; 0.000        ; 0.000      ; 0.523      ;
; 0.371 ; lcd_driver:inst|counter[24]               ; lcd_driver:inst|counter[24]                                                                                                 ; CLOCK_50     ; CLOCK_50    ; 0.000        ; 0.000      ; 0.523      ;
; 0.371 ; lcd_driver:inst|counter[26]               ; lcd_driver:inst|counter[26]                                                                                                 ; CLOCK_50     ; CLOCK_50    ; 0.000        ; 0.000      ; 0.523      ;
; 0.371 ; lcd_driver:inst|counter_f[8]              ; lcd_driver:inst|counter_f[8]                                                                                                ; CLOCK_50     ; CLOCK_50    ; 0.000        ; 0.000      ; 0.523      ;
; 0.371 ; lcd_driver:inst|counter_f[10]             ; lcd_driver:inst|counter_f[10]                                                                                               ; CLOCK_50     ; CLOCK_50    ; 0.000        ; 0.000      ; 0.523      ;
; 0.371 ; lcd_driver:inst|counter_f[19]             ; lcd_driver:inst|counter_f[19]                                                                                               ; CLOCK_50     ; CLOCK_50    ; 0.000        ; 0.000      ; 0.523      ;
; 0.371 ; lcd_driver:inst|counter_f[24]             ; lcd_driver:inst|counter_f[24]                                                                                               ; CLOCK_50     ; CLOCK_50    ; 0.000        ; 0.000      ; 0.523      ;
; 0.371 ; lcd_driver:inst|counter_f[26]             ; lcd_driver:inst|counter_f[26]                                                                                               ; CLOCK_50     ; CLOCK_50    ; 0.000        ; 0.000      ; 0.523      ;
; 0.371 ; lcd_driver:inst|state_f.CHECK_AND_WAIT    ; lcd_driver:inst|lcd_en_freq                                                                                                 ; CLOCK_50     ; CLOCK_50    ; 0.000        ; -0.001     ; 0.522      ;
; 0.372 ; lcd_driver:inst|counter[5]                ; lcd_driver:inst|counter[5]                                                                                                  ; CLOCK_50     ; CLOCK_50    ; 0.000        ; 0.000      ; 0.524      ;
; 0.372 ; lcd_driver:inst|counter[21]               ; lcd_driver:inst|counter[21]                                                                                                 ; CLOCK_50     ; CLOCK_50    ; 0.000        ; 0.000      ; 0.524      ;
; 0.372 ; lcd_driver:inst|counter[22]               ; lcd_driver:inst|counter[22]                                                                                                 ; CLOCK_50     ; CLOCK_50    ; 0.000        ; 0.000      ; 0.524      ;
; 0.372 ; lcd_driver:inst|counter[28]               ; lcd_driver:inst|counter[28]                                                                                                 ; CLOCK_50     ; CLOCK_50    ; 0.000        ; 0.000      ; 0.524      ;
; 0.372 ; lcd_driver:inst|counter[6]                ; lcd_driver:inst|counter[6]                                                                                                  ; CLOCK_50     ; CLOCK_50    ; 0.000        ; 0.000      ; 0.524      ;
; 0.372 ; lcd_driver:inst|counter[12]               ; lcd_driver:inst|counter[12]                                                                                                 ; CLOCK_50     ; CLOCK_50    ; 0.000        ; 0.000      ; 0.524      ;
; 0.372 ; lcd_driver:inst|char_index[1]             ; lcd_driver:inst|char_index[1]                                                                                               ; CLOCK_50     ; CLOCK_50    ; 0.000        ; 0.000      ; 0.524      ;
; 0.372 ; lcd_driver:inst|counter_f[5]              ; lcd_driver:inst|counter_f[5]                                                                                                ; CLOCK_50     ; CLOCK_50    ; 0.000        ; 0.000      ; 0.524      ;
; 0.372 ; lcd_driver:inst|counter_f[6]              ; lcd_driver:inst|counter_f[6]                                                                                                ; CLOCK_50     ; CLOCK_50    ; 0.000        ; 0.000      ; 0.524      ;
; 0.372 ; lcd_driver:inst|counter_f[12]             ; lcd_driver:inst|counter_f[12]                                                                                               ; CLOCK_50     ; CLOCK_50    ; 0.000        ; 0.000      ; 0.524      ;
; 0.372 ; lcd_driver:inst|counter_f[21]             ; lcd_driver:inst|counter_f[21]                                                                                               ; CLOCK_50     ; CLOCK_50    ; 0.000        ; 0.000      ; 0.524      ;
+-------+-------------------------------------------+-----------------------------------------------------------------------------------------------------------------------------+--------------+-------------+--------------+------------+------------+


+-----------------------------------------------------------------------------------------------------------------------------------------------------------------------------------------------------------------+
; Fast Model Minimum Pulse Width: 'CLOCK_50'                                                                                                                                                                      ;
+--------+--------------+----------------+------------------+----------+------------+-----------------------------------------------------------------------------------------------------------------------------+
; Slack  ; Actual Width ; Required Width ; Type             ; Clock    ; Clock Edge ; Target                                                                                                                      ;
+--------+--------------+----------------+------------------+----------+------------+-----------------------------------------------------------------------------------------------------------------------------+
; -1.423 ; 0.500        ; 1.923          ; High Pulse Width ; CLOCK_50 ; Rise       ; lcd_driver:inst|text_lut:text_lut_inst|altsyncram:rom_rtl_0|altsyncram_id71:auto_generated|ram_block1a0~porta_address_reg0  ;
; -1.423 ; 0.500        ; 1.923          ; Low Pulse Width  ; CLOCK_50 ; Rise       ; lcd_driver:inst|text_lut:text_lut_inst|altsyncram:rom_rtl_0|altsyncram_id71:auto_generated|ram_block1a0~porta_address_reg0  ;
; -1.423 ; 0.500        ; 1.923          ; High Pulse Width ; CLOCK_50 ; Rise       ; lcd_driver:inst|text_lut:text_lut_inst|altsyncram:rom_rtl_0|altsyncram_id71:auto_generated|ram_block1a0~porta_address_reg1  ;
; -1.423 ; 0.500        ; 1.923          ; Low Pulse Width  ; CLOCK_50 ; Rise       ; lcd_driver:inst|text_lut:text_lut_inst|altsyncram:rom_rtl_0|altsyncram_id71:auto_generated|ram_block1a0~porta_address_reg1  ;
; -1.423 ; 0.500        ; 1.923          ; High Pulse Width ; CLOCK_50 ; Rise       ; lcd_driver:inst|text_lut:text_lut_inst|altsyncram:rom_rtl_0|altsyncram_id71:auto_generated|ram_block1a0~porta_address_reg10 ;
; -1.423 ; 0.500        ; 1.923          ; Low Pulse Width  ; CLOCK_50 ; Rise       ; lcd_driver:inst|text_lut:text_lut_inst|altsyncram:rom_rtl_0|altsyncram_id71:auto_generated|ram_block1a0~porta_address_reg10 ;
; -1.423 ; 0.500        ; 1.923          ; High Pulse Width ; CLOCK_50 ; Rise       ; lcd_driver:inst|text_lut:text_lut_inst|altsyncram:rom_rtl_0|altsyncram_id71:auto_generated|ram_block1a0~porta_address_reg2  ;
; -1.423 ; 0.500        ; 1.923          ; Low Pulse Width  ; CLOCK_50 ; Rise       ; lcd_driver:inst|text_lut:text_lut_inst|altsyncram:rom_rtl_0|altsyncram_id71:auto_generated|ram_block1a0~porta_address_reg2  ;
; -1.423 ; 0.500        ; 1.923          ; High Pulse Width ; CLOCK_50 ; Rise       ; lcd_driver:inst|text_lut:text_lut_inst|altsyncram:rom_rtl_0|altsyncram_id71:auto_generated|ram_block1a0~porta_address_reg3  ;
; -1.423 ; 0.500        ; 1.923          ; Low Pulse Width  ; CLOCK_50 ; Rise       ; lcd_driver:inst|text_lut:text_lut_inst|altsyncram:rom_rtl_0|altsyncram_id71:auto_generated|ram_block1a0~porta_address_reg3  ;
; -1.423 ; 0.500        ; 1.923          ; High Pulse Width ; CLOCK_50 ; Rise       ; lcd_driver:inst|text_lut:text_lut_inst|altsyncram:rom_rtl_0|altsyncram_id71:auto_generated|ram_block1a0~porta_address_reg4  ;
; -1.423 ; 0.500        ; 1.923          ; Low Pulse Width  ; CLOCK_50 ; Rise       ; lcd_driver:inst|text_lut:text_lut_inst|altsyncram:rom_rtl_0|altsyncram_id71:auto_generated|ram_block1a0~porta_address_reg4  ;
; -1.423 ; 0.500        ; 1.923          ; High Pulse Width ; CLOCK_50 ; Rise       ; lcd_driver:inst|text_lut:text_lut_inst|altsyncram:rom_rtl_0|altsyncram_id71:auto_generated|ram_block1a0~porta_address_reg5  ;
; -1.423 ; 0.500        ; 1.923          ; Low Pulse Width  ; CLOCK_50 ; Rise       ; lcd_driver:inst|text_lut:text_lut_inst|altsyncram:rom_rtl_0|altsyncram_id71:auto_generated|ram_block1a0~porta_address_reg5  ;
; -1.423 ; 0.500        ; 1.923          ; High Pulse Width ; CLOCK_50 ; Rise       ; lcd_driver:inst|text_lut:text_lut_inst|altsyncram:rom_rtl_0|altsyncram_id71:auto_generated|ram_block1a0~porta_address_reg6  ;
; -1.423 ; 0.500        ; 1.923          ; Low Pulse Width  ; CLOCK_50 ; Rise       ; lcd_driver:inst|text_lut:text_lut_inst|altsyncram:rom_rtl_0|altsyncram_id71:auto_generated|ram_block1a0~porta_address_reg6  ;
; -1.423 ; 0.500        ; 1.923          ; High Pulse Width ; CLOCK_50 ; Rise       ; lcd_driver:inst|text_lut:text_lut_inst|altsyncram:rom_rtl_0|altsyncram_id71:auto_generated|ram_block1a0~porta_address_reg7  ;
; -1.423 ; 0.500        ; 1.923          ; Low Pulse Width  ; CLOCK_50 ; Rise       ; lcd_driver:inst|text_lut:text_lut_inst|altsyncram:rom_rtl_0|altsyncram_id71:auto_generated|ram_block1a0~porta_address_reg7  ;
; -1.423 ; 0.500        ; 1.923          ; High Pulse Width ; CLOCK_50 ; Rise       ; lcd_driver:inst|text_lut:text_lut_inst|altsyncram:rom_rtl_0|altsyncram_id71:auto_generated|ram_block1a0~porta_address_reg8  ;
; -1.423 ; 0.500        ; 1.923          ; Low Pulse Width  ; CLOCK_50 ; Rise       ; lcd_driver:inst|text_lut:text_lut_inst|altsyncram:rom_rtl_0|altsyncram_id71:auto_generated|ram_block1a0~porta_address_reg8  ;
; -1.423 ; 0.500        ; 1.923          ; High Pulse Width ; CLOCK_50 ; Rise       ; lcd_driver:inst|text_lut:text_lut_inst|altsyncram:rom_rtl_0|altsyncram_id71:auto_generated|ram_block1a0~porta_address_reg9  ;
; -1.423 ; 0.500        ; 1.923          ; Low Pulse Width  ; CLOCK_50 ; Rise       ; lcd_driver:inst|text_lut:text_lut_inst|altsyncram:rom_rtl_0|altsyncram_id71:auto_generated|ram_block1a0~porta_address_reg9  ;
; -1.423 ; 0.500        ; 1.923          ; High Pulse Width ; CLOCK_50 ; Rise       ; lcd_driver:inst|text_lut:text_lut_inst|altsyncram:rom_rtl_0|altsyncram_id71:auto_generated|ram_block1a1~porta_address_reg0  ;
; -1.423 ; 0.500        ; 1.923          ; Low Pulse Width  ; CLOCK_50 ; Rise       ; lcd_driver:inst|text_lut:text_lut_inst|altsyncram:rom_rtl_0|altsyncram_id71:auto_generated|ram_block1a1~porta_address_reg0  ;
; -1.423 ; 0.500        ; 1.923          ; High Pulse Width ; CLOCK_50 ; Rise       ; lcd_driver:inst|text_lut:text_lut_inst|altsyncram:rom_rtl_0|altsyncram_id71:auto_generated|ram_block1a1~porta_address_reg1  ;
; -1.423 ; 0.500        ; 1.923          ; Low Pulse Width  ; CLOCK_50 ; Rise       ; lcd_driver:inst|text_lut:text_lut_inst|altsyncram:rom_rtl_0|altsyncram_id71:auto_generated|ram_block1a1~porta_address_reg1  ;
; -1.423 ; 0.500        ; 1.923          ; High Pulse Width ; CLOCK_50 ; Rise       ; lcd_driver:inst|text_lut:text_lut_inst|altsyncram:rom_rtl_0|altsyncram_id71:auto_generated|ram_block1a1~porta_address_reg10 ;
; -1.423 ; 0.500        ; 1.923          ; Low Pulse Width  ; CLOCK_50 ; Rise       ; lcd_driver:inst|text_lut:text_lut_inst|altsyncram:rom_rtl_0|altsyncram_id71:auto_generated|ram_block1a1~porta_address_reg10 ;
; -1.423 ; 0.500        ; 1.923          ; High Pulse Width ; CLOCK_50 ; Rise       ; lcd_driver:inst|text_lut:text_lut_inst|altsyncram:rom_rtl_0|altsyncram_id71:auto_generated|ram_block1a1~porta_address_reg2  ;
; -1.423 ; 0.500        ; 1.923          ; Low Pulse Width  ; CLOCK_50 ; Rise       ; lcd_driver:inst|text_lut:text_lut_inst|altsyncram:rom_rtl_0|altsyncram_id71:auto_generated|ram_block1a1~porta_address_reg2  ;
; -1.423 ; 0.500        ; 1.923          ; High Pulse Width ; CLOCK_50 ; Rise       ; lcd_driver:inst|text_lut:text_lut_inst|altsyncram:rom_rtl_0|altsyncram_id71:auto_generated|ram_block1a1~porta_address_reg3  ;
; -1.423 ; 0.500        ; 1.923          ; Low Pulse Width  ; CLOCK_50 ; Rise       ; lcd_driver:inst|text_lut:text_lut_inst|altsyncram:rom_rtl_0|altsyncram_id71:auto_generated|ram_block1a1~porta_address_reg3  ;
; -1.423 ; 0.500        ; 1.923          ; High Pulse Width ; CLOCK_50 ; Rise       ; lcd_driver:inst|text_lut:text_lut_inst|altsyncram:rom_rtl_0|altsyncram_id71:auto_generated|ram_block1a1~porta_address_reg4  ;
; -1.423 ; 0.500        ; 1.923          ; Low Pulse Width  ; CLOCK_50 ; Rise       ; lcd_driver:inst|text_lut:text_lut_inst|altsyncram:rom_rtl_0|altsyncram_id71:auto_generated|ram_block1a1~porta_address_reg4  ;
; -1.423 ; 0.500        ; 1.923          ; High Pulse Width ; CLOCK_50 ; Rise       ; lcd_driver:inst|text_lut:text_lut_inst|altsyncram:rom_rtl_0|altsyncram_id71:auto_generated|ram_block1a1~porta_address_reg5  ;
; -1.423 ; 0.500        ; 1.923          ; Low Pulse Width  ; CLOCK_50 ; Rise       ; lcd_driver:inst|text_lut:text_lut_inst|altsyncram:rom_rtl_0|altsyncram_id71:auto_generated|ram_block1a1~porta_address_reg5  ;
; -1.423 ; 0.500        ; 1.923          ; High Pulse Width ; CLOCK_50 ; Rise       ; lcd_driver:inst|text_lut:text_lut_inst|altsyncram:rom_rtl_0|altsyncram_id71:auto_generated|ram_block1a1~porta_address_reg6  ;
; -1.423 ; 0.500        ; 1.923          ; Low Pulse Width  ; CLOCK_50 ; Rise       ; lcd_driver:inst|text_lut:text_lut_inst|altsyncram:rom_rtl_0|altsyncram_id71:auto_generated|ram_block1a1~porta_address_reg6  ;
; -1.423 ; 0.500        ; 1.923          ; High Pulse Width ; CLOCK_50 ; Rise       ; lcd_driver:inst|text_lut:text_lut_inst|altsyncram:rom_rtl_0|altsyncram_id71:auto_generated|ram_block1a1~porta_address_reg7  ;
; -1.423 ; 0.500        ; 1.923          ; Low Pulse Width  ; CLOCK_50 ; Rise       ; lcd_driver:inst|text_lut:text_lut_inst|altsyncram:rom_rtl_0|altsyncram_id71:auto_generated|ram_block1a1~porta_address_reg7  ;
; -1.423 ; 0.500        ; 1.923          ; High Pulse Width ; CLOCK_50 ; Rise       ; lcd_driver:inst|text_lut:text_lut_inst|altsyncram:rom_rtl_0|altsyncram_id71:auto_generated|ram_block1a1~porta_address_reg8  ;
; -1.423 ; 0.500        ; 1.923          ; Low Pulse Width  ; CLOCK_50 ; Rise       ; lcd_driver:inst|text_lut:text_lut_inst|altsyncram:rom_rtl_0|altsyncram_id71:auto_generated|ram_block1a1~porta_address_reg8  ;
; -1.423 ; 0.500        ; 1.923          ; High Pulse Width ; CLOCK_50 ; Rise       ; lcd_driver:inst|text_lut:text_lut_inst|altsyncram:rom_rtl_0|altsyncram_id71:auto_generated|ram_block1a1~porta_address_reg9  ;
; -1.423 ; 0.500        ; 1.923          ; Low Pulse Width  ; CLOCK_50 ; Rise       ; lcd_driver:inst|text_lut:text_lut_inst|altsyncram:rom_rtl_0|altsyncram_id71:auto_generated|ram_block1a1~porta_address_reg9  ;
; -1.423 ; 0.500        ; 1.923          ; High Pulse Width ; CLOCK_50 ; Rise       ; lcd_driver:inst|text_lut:text_lut_inst|altsyncram:rom_rtl_0|altsyncram_id71:auto_generated|ram_block1a3~porta_address_reg0  ;
; -1.423 ; 0.500        ; 1.923          ; Low Pulse Width  ; CLOCK_50 ; Rise       ; lcd_driver:inst|text_lut:text_lut_inst|altsyncram:rom_rtl_0|altsyncram_id71:auto_generated|ram_block1a3~porta_address_reg0  ;
; -1.423 ; 0.500        ; 1.923          ; High Pulse Width ; CLOCK_50 ; Rise       ; lcd_driver:inst|text_lut:text_lut_inst|altsyncram:rom_rtl_0|altsyncram_id71:auto_generated|ram_block1a3~porta_address_reg1  ;
; -1.423 ; 0.500        ; 1.923          ; Low Pulse Width  ; CLOCK_50 ; Rise       ; lcd_driver:inst|text_lut:text_lut_inst|altsyncram:rom_rtl_0|altsyncram_id71:auto_generated|ram_block1a3~porta_address_reg1  ;
; -1.423 ; 0.500        ; 1.923          ; High Pulse Width ; CLOCK_50 ; Rise       ; lcd_driver:inst|text_lut:text_lut_inst|altsyncram:rom_rtl_0|altsyncram_id71:auto_generated|ram_block1a3~porta_address_reg10 ;
; -1.423 ; 0.500        ; 1.923          ; Low Pulse Width  ; CLOCK_50 ; Rise       ; lcd_driver:inst|text_lut:text_lut_inst|altsyncram:rom_rtl_0|altsyncram_id71:auto_generated|ram_block1a3~porta_address_reg10 ;
; -1.423 ; 0.500        ; 1.923          ; High Pulse Width ; CLOCK_50 ; Rise       ; lcd_driver:inst|text_lut:text_lut_inst|altsyncram:rom_rtl_0|altsyncram_id71:auto_generated|ram_block1a3~porta_address_reg2  ;
; -1.423 ; 0.500        ; 1.923          ; Low Pulse Width  ; CLOCK_50 ; Rise       ; lcd_driver:inst|text_lut:text_lut_inst|altsyncram:rom_rtl_0|altsyncram_id71:auto_generated|ram_block1a3~porta_address_reg2  ;
; -1.423 ; 0.500        ; 1.923          ; High Pulse Width ; CLOCK_50 ; Rise       ; lcd_driver:inst|text_lut:text_lut_inst|altsyncram:rom_rtl_0|altsyncram_id71:auto_generated|ram_block1a3~porta_address_reg3  ;
; -1.423 ; 0.500        ; 1.923          ; Low Pulse Width  ; CLOCK_50 ; Rise       ; lcd_driver:inst|text_lut:text_lut_inst|altsyncram:rom_rtl_0|altsyncram_id71:auto_generated|ram_block1a3~porta_address_reg3  ;
; -1.423 ; 0.500        ; 1.923          ; High Pulse Width ; CLOCK_50 ; Rise       ; lcd_driver:inst|text_lut:text_lut_inst|altsyncram:rom_rtl_0|altsyncram_id71:auto_generated|ram_block1a3~porta_address_reg4  ;
; -1.423 ; 0.500        ; 1.923          ; Low Pulse Width  ; CLOCK_50 ; Rise       ; lcd_driver:inst|text_lut:text_lut_inst|altsyncram:rom_rtl_0|altsyncram_id71:auto_generated|ram_block1a3~porta_address_reg4  ;
; -1.423 ; 0.500        ; 1.923          ; High Pulse Width ; CLOCK_50 ; Rise       ; lcd_driver:inst|text_lut:text_lut_inst|altsyncram:rom_rtl_0|altsyncram_id71:auto_generated|ram_block1a3~porta_address_reg5  ;
; -1.423 ; 0.500        ; 1.923          ; Low Pulse Width  ; CLOCK_50 ; Rise       ; lcd_driver:inst|text_lut:text_lut_inst|altsyncram:rom_rtl_0|altsyncram_id71:auto_generated|ram_block1a3~porta_address_reg5  ;
; -1.423 ; 0.500        ; 1.923          ; High Pulse Width ; CLOCK_50 ; Rise       ; lcd_driver:inst|text_lut:text_lut_inst|altsyncram:rom_rtl_0|altsyncram_id71:auto_generated|ram_block1a3~porta_address_reg6  ;
; -1.423 ; 0.500        ; 1.923          ; Low Pulse Width  ; CLOCK_50 ; Rise       ; lcd_driver:inst|text_lut:text_lut_inst|altsyncram:rom_rtl_0|altsyncram_id71:auto_generated|ram_block1a3~porta_address_reg6  ;
; -1.423 ; 0.500        ; 1.923          ; High Pulse Width ; CLOCK_50 ; Rise       ; lcd_driver:inst|text_lut:text_lut_inst|altsyncram:rom_rtl_0|altsyncram_id71:auto_generated|ram_block1a3~porta_address_reg7  ;
; -1.423 ; 0.500        ; 1.923          ; Low Pulse Width  ; CLOCK_50 ; Rise       ; lcd_driver:inst|text_lut:text_lut_inst|altsyncram:rom_rtl_0|altsyncram_id71:auto_generated|ram_block1a3~porta_address_reg7  ;
; -1.423 ; 0.500        ; 1.923          ; High Pulse Width ; CLOCK_50 ; Rise       ; lcd_driver:inst|text_lut:text_lut_inst|altsyncram:rom_rtl_0|altsyncram_id71:auto_generated|ram_block1a3~porta_address_reg8  ;
; -1.423 ; 0.500        ; 1.923          ; Low Pulse Width  ; CLOCK_50 ; Rise       ; lcd_driver:inst|text_lut:text_lut_inst|altsyncram:rom_rtl_0|altsyncram_id71:auto_generated|ram_block1a3~porta_address_reg8  ;
; -1.423 ; 0.500        ; 1.923          ; High Pulse Width ; CLOCK_50 ; Rise       ; lcd_driver:inst|text_lut:text_lut_inst|altsyncram:rom_rtl_0|altsyncram_id71:auto_generated|ram_block1a3~porta_address_reg9  ;
; -1.423 ; 0.500        ; 1.923          ; Low Pulse Width  ; CLOCK_50 ; Rise       ; lcd_driver:inst|text_lut:text_lut_inst|altsyncram:rom_rtl_0|altsyncram_id71:auto_generated|ram_block1a3~porta_address_reg9  ;
; -1.423 ; 0.500        ; 1.923          ; High Pulse Width ; CLOCK_50 ; Rise       ; lcd_driver:inst|text_lut:text_lut_inst|altsyncram:rom_rtl_0|altsyncram_id71:auto_generated|ram_block1a5~porta_address_reg0  ;
; -1.423 ; 0.500        ; 1.923          ; Low Pulse Width  ; CLOCK_50 ; Rise       ; lcd_driver:inst|text_lut:text_lut_inst|altsyncram:rom_rtl_0|altsyncram_id71:auto_generated|ram_block1a5~porta_address_reg0  ;
; -1.423 ; 0.500        ; 1.923          ; High Pulse Width ; CLOCK_50 ; Rise       ; lcd_driver:inst|text_lut:text_lut_inst|altsyncram:rom_rtl_0|altsyncram_id71:auto_generated|ram_block1a5~porta_address_reg1  ;
; -1.423 ; 0.500        ; 1.923          ; Low Pulse Width  ; CLOCK_50 ; Rise       ; lcd_driver:inst|text_lut:text_lut_inst|altsyncram:rom_rtl_0|altsyncram_id71:auto_generated|ram_block1a5~porta_address_reg1  ;
; -1.423 ; 0.500        ; 1.923          ; High Pulse Width ; CLOCK_50 ; Rise       ; lcd_driver:inst|text_lut:text_lut_inst|altsyncram:rom_rtl_0|altsyncram_id71:auto_generated|ram_block1a5~porta_address_reg10 ;
; -1.423 ; 0.500        ; 1.923          ; Low Pulse Width  ; CLOCK_50 ; Rise       ; lcd_driver:inst|text_lut:text_lut_inst|altsyncram:rom_rtl_0|altsyncram_id71:auto_generated|ram_block1a5~porta_address_reg10 ;
; -1.423 ; 0.500        ; 1.923          ; High Pulse Width ; CLOCK_50 ; Rise       ; lcd_driver:inst|text_lut:text_lut_inst|altsyncram:rom_rtl_0|altsyncram_id71:auto_generated|ram_block1a5~porta_address_reg2  ;
; -1.423 ; 0.500        ; 1.923          ; Low Pulse Width  ; CLOCK_50 ; Rise       ; lcd_driver:inst|text_lut:text_lut_inst|altsyncram:rom_rtl_0|altsyncram_id71:auto_generated|ram_block1a5~porta_address_reg2  ;
; -1.423 ; 0.500        ; 1.923          ; High Pulse Width ; CLOCK_50 ; Rise       ; lcd_driver:inst|text_lut:text_lut_inst|altsyncram:rom_rtl_0|altsyncram_id71:auto_generated|ram_block1a5~porta_address_reg3  ;
; -1.423 ; 0.500        ; 1.923          ; Low Pulse Width  ; CLOCK_50 ; Rise       ; lcd_driver:inst|text_lut:text_lut_inst|altsyncram:rom_rtl_0|altsyncram_id71:auto_generated|ram_block1a5~porta_address_reg3  ;
; -1.423 ; 0.500        ; 1.923          ; High Pulse Width ; CLOCK_50 ; Rise       ; lcd_driver:inst|text_lut:text_lut_inst|altsyncram:rom_rtl_0|altsyncram_id71:auto_generated|ram_block1a5~porta_address_reg4  ;
; -1.423 ; 0.500        ; 1.923          ; Low Pulse Width  ; CLOCK_50 ; Rise       ; lcd_driver:inst|text_lut:text_lut_inst|altsyncram:rom_rtl_0|altsyncram_id71:auto_generated|ram_block1a5~porta_address_reg4  ;
; -1.423 ; 0.500        ; 1.923          ; High Pulse Width ; CLOCK_50 ; Rise       ; lcd_driver:inst|text_lut:text_lut_inst|altsyncram:rom_rtl_0|altsyncram_id71:auto_generated|ram_block1a5~porta_address_reg5  ;
; -1.423 ; 0.500        ; 1.923          ; Low Pulse Width  ; CLOCK_50 ; Rise       ; lcd_driver:inst|text_lut:text_lut_inst|altsyncram:rom_rtl_0|altsyncram_id71:auto_generated|ram_block1a5~porta_address_reg5  ;
; -1.423 ; 0.500        ; 1.923          ; High Pulse Width ; CLOCK_50 ; Rise       ; lcd_driver:inst|text_lut:text_lut_inst|altsyncram:rom_rtl_0|altsyncram_id71:auto_generated|ram_block1a5~porta_address_reg6  ;
; -1.423 ; 0.500        ; 1.923          ; Low Pulse Width  ; CLOCK_50 ; Rise       ; lcd_driver:inst|text_lut:text_lut_inst|altsyncram:rom_rtl_0|altsyncram_id71:auto_generated|ram_block1a5~porta_address_reg6  ;
; -1.423 ; 0.500        ; 1.923          ; High Pulse Width ; CLOCK_50 ; Rise       ; lcd_driver:inst|text_lut:text_lut_inst|altsyncram:rom_rtl_0|altsyncram_id71:auto_generated|ram_block1a5~porta_address_reg7  ;
; -1.423 ; 0.500        ; 1.923          ; Low Pulse Width  ; CLOCK_50 ; Rise       ; lcd_driver:inst|text_lut:text_lut_inst|altsyncram:rom_rtl_0|altsyncram_id71:auto_generated|ram_block1a5~porta_address_reg7  ;
; -1.423 ; 0.500        ; 1.923          ; High Pulse Width ; CLOCK_50 ; Rise       ; lcd_driver:inst|text_lut:text_lut_inst|altsyncram:rom_rtl_0|altsyncram_id71:auto_generated|ram_block1a5~porta_address_reg8  ;
; -1.423 ; 0.500        ; 1.923          ; Low Pulse Width  ; CLOCK_50 ; Rise       ; lcd_driver:inst|text_lut:text_lut_inst|altsyncram:rom_rtl_0|altsyncram_id71:auto_generated|ram_block1a5~porta_address_reg8  ;
; -1.423 ; 0.500        ; 1.923          ; High Pulse Width ; CLOCK_50 ; Rise       ; lcd_driver:inst|text_lut:text_lut_inst|altsyncram:rom_rtl_0|altsyncram_id71:auto_generated|ram_block1a5~porta_address_reg9  ;
; -1.423 ; 0.500        ; 1.923          ; Low Pulse Width  ; CLOCK_50 ; Rise       ; lcd_driver:inst|text_lut:text_lut_inst|altsyncram:rom_rtl_0|altsyncram_id71:auto_generated|ram_block1a5~porta_address_reg9  ;
; -1.423 ; 0.500        ; 1.923          ; High Pulse Width ; CLOCK_50 ; Rise       ; lcd_driver:inst|text_lut:text_lut_inst|altsyncram:rom_rtl_0|altsyncram_id71:auto_generated|ram_block1a7~porta_address_reg0  ;
; -1.423 ; 0.500        ; 1.923          ; Low Pulse Width  ; CLOCK_50 ; Rise       ; lcd_driver:inst|text_lut:text_lut_inst|altsyncram:rom_rtl_0|altsyncram_id71:auto_generated|ram_block1a7~porta_address_reg0  ;
; -1.423 ; 0.500        ; 1.923          ; High Pulse Width ; CLOCK_50 ; Rise       ; lcd_driver:inst|text_lut:text_lut_inst|altsyncram:rom_rtl_0|altsyncram_id71:auto_generated|ram_block1a7~porta_address_reg1  ;
; -1.423 ; 0.500        ; 1.923          ; Low Pulse Width  ; CLOCK_50 ; Rise       ; lcd_driver:inst|text_lut:text_lut_inst|altsyncram:rom_rtl_0|altsyncram_id71:auto_generated|ram_block1a7~porta_address_reg1  ;
; -1.423 ; 0.500        ; 1.923          ; High Pulse Width ; CLOCK_50 ; Rise       ; lcd_driver:inst|text_lut:text_lut_inst|altsyncram:rom_rtl_0|altsyncram_id71:auto_generated|ram_block1a7~porta_address_reg10 ;
; -1.423 ; 0.500        ; 1.923          ; Low Pulse Width  ; CLOCK_50 ; Rise       ; lcd_driver:inst|text_lut:text_lut_inst|altsyncram:rom_rtl_0|altsyncram_id71:auto_generated|ram_block1a7~porta_address_reg10 ;
; -1.423 ; 0.500        ; 1.923          ; High Pulse Width ; CLOCK_50 ; Rise       ; lcd_driver:inst|text_lut:text_lut_inst|altsyncram:rom_rtl_0|altsyncram_id71:auto_generated|ram_block1a7~porta_address_reg2  ;
; -1.423 ; 0.500        ; 1.923          ; Low Pulse Width  ; CLOCK_50 ; Rise       ; lcd_driver:inst|text_lut:text_lut_inst|altsyncram:rom_rtl_0|altsyncram_id71:auto_generated|ram_block1a7~porta_address_reg2  ;
; -1.423 ; 0.500        ; 1.923          ; High Pulse Width ; CLOCK_50 ; Rise       ; lcd_driver:inst|text_lut:text_lut_inst|altsyncram:rom_rtl_0|altsyncram_id71:auto_generated|ram_block1a7~porta_address_reg3  ;
; -1.423 ; 0.500        ; 1.923          ; Low Pulse Width  ; CLOCK_50 ; Rise       ; lcd_driver:inst|text_lut:text_lut_inst|altsyncram:rom_rtl_0|altsyncram_id71:auto_generated|ram_block1a7~porta_address_reg3  ;
; -1.423 ; 0.500        ; 1.923          ; High Pulse Width ; CLOCK_50 ; Rise       ; lcd_driver:inst|text_lut:text_lut_inst|altsyncram:rom_rtl_0|altsyncram_id71:auto_generated|ram_block1a7~porta_address_reg4  ;
; -1.423 ; 0.500        ; 1.923          ; Low Pulse Width  ; CLOCK_50 ; Rise       ; lcd_driver:inst|text_lut:text_lut_inst|altsyncram:rom_rtl_0|altsyncram_id71:auto_generated|ram_block1a7~porta_address_reg4  ;
+--------+--------------+----------------+------------------+----------+------------+-----------------------------------------------------------------------------------------------------------------------------+


+-----------------------------------------------------------------------+
; Setup Times                                                           ;
+-----------+------------+-------+-------+------------+-----------------+
; Data Port ; Clock Port ; Rise  ; Fall  ; Clock Edge ; Clock Reference ;
+-----------+------------+-------+-------+------------+-----------------+
; KEY[*]    ; CLOCK_50   ; 4.289 ; 4.289 ; Rise       ; CLOCK_50        ;
;  KEY[2]   ; CLOCK_50   ; 4.289 ; 4.289 ; Rise       ; CLOCK_50        ;
;  KEY[3]   ; CLOCK_50   ; 3.843 ; 3.843 ; Rise       ; CLOCK_50        ;
; SW[*]     ; CLOCK_50   ; 3.752 ; 3.752 ; Rise       ; CLOCK_50        ;
;  SW[0]    ; CLOCK_50   ; 0.784 ; 0.784 ; Rise       ; CLOCK_50        ;
;  SW[1]    ; CLOCK_50   ; 0.453 ; 0.453 ; Rise       ; CLOCK_50        ;
;  SW[2]    ; CLOCK_50   ; 0.869 ; 0.869 ; Rise       ; CLOCK_50        ;
;  SW[3]    ; CLOCK_50   ; 0.731 ; 0.731 ; Rise       ; CLOCK_50        ;
;  SW[4]    ; CLOCK_50   ; 0.502 ; 0.502 ; Rise       ; CLOCK_50        ;
;  SW[5]    ; CLOCK_50   ; 0.828 ; 0.828 ; Rise       ; CLOCK_50        ;
;  SW[6]    ; CLOCK_50   ; 0.717 ; 0.717 ; Rise       ; CLOCK_50        ;
;  SW[7]    ; CLOCK_50   ; 0.875 ; 0.875 ; Rise       ; CLOCK_50        ;
;  SW[8]    ; CLOCK_50   ; 0.442 ; 0.442 ; Rise       ; CLOCK_50        ;
;  SW[9]    ; CLOCK_50   ; 0.452 ; 0.452 ; Rise       ; CLOCK_50        ;
;  SW[10]   ; CLOCK_50   ; 1.058 ; 1.058 ; Rise       ; CLOCK_50        ;
;  SW[11]   ; CLOCK_50   ; 1.037 ; 1.037 ; Rise       ; CLOCK_50        ;
;  SW[12]   ; CLOCK_50   ; 0.740 ; 0.740 ; Rise       ; CLOCK_50        ;
;  SW[13]   ; CLOCK_50   ; 3.439 ; 3.439 ; Rise       ; CLOCK_50        ;
;  SW[14]   ; CLOCK_50   ; 3.752 ; 3.752 ; Rise       ; CLOCK_50        ;
;  SW[15]   ; CLOCK_50   ; 3.466 ; 3.466 ; Rise       ; CLOCK_50        ;
;  SW[16]   ; CLOCK_50   ; 3.148 ; 3.148 ; Rise       ; CLOCK_50        ;
+-----------+------------+-------+-------+------------+-----------------+


+-------------------------------------------------------------------------+
; Hold Times                                                              ;
+-----------+------------+--------+--------+------------+-----------------+
; Data Port ; Clock Port ; Rise   ; Fall   ; Clock Edge ; Clock Reference ;
+-----------+------------+--------+--------+------------+-----------------+
; KEY[*]    ; CLOCK_50   ; -2.054 ; -2.054 ; Rise       ; CLOCK_50        ;
;  KEY[2]   ; CLOCK_50   ; -2.054 ; -2.054 ; Rise       ; CLOCK_50        ;
;  KEY[3]   ; CLOCK_50   ; -2.540 ; -2.540 ; Rise       ; CLOCK_50        ;
; SW[*]     ; CLOCK_50   ; 0.328  ; 0.328  ; Rise       ; CLOCK_50        ;
;  SW[0]    ; CLOCK_50   ; 0.328  ; 0.328  ; Rise       ; CLOCK_50        ;
;  SW[1]    ; CLOCK_50   ; -0.134 ; -0.134 ; Rise       ; CLOCK_50        ;
;  SW[2]    ; CLOCK_50   ; -0.575 ; -0.575 ; Rise       ; CLOCK_50        ;
;  SW[3]    ; CLOCK_50   ; -0.299 ; -0.299 ; Rise       ; CLOCK_50        ;
;  SW[4]    ; CLOCK_50   ; -0.286 ; -0.286 ; Rise       ; CLOCK_50        ;
;  SW[5]    ; CLOCK_50   ; -0.509 ; -0.509 ; Rise       ; CLOCK_50        ;
;  SW[6]    ; CLOCK_50   ; -0.423 ; -0.423 ; Rise       ; CLOCK_50        ;
;  SW[7]    ; CLOCK_50   ; -0.443 ; -0.443 ; Rise       ; CLOCK_50        ;
;  SW[8]    ; CLOCK_50   ; -0.226 ; -0.226 ; Rise       ; CLOCK_50        ;
;  SW[9]    ; CLOCK_50   ; -0.133 ; -0.133 ; Rise       ; CLOCK_50        ;
;  SW[10]   ; CLOCK_50   ; -0.764 ; -0.764 ; Rise       ; CLOCK_50        ;
;  SW[11]   ; CLOCK_50   ; -0.605 ; -0.605 ; Rise       ; CLOCK_50        ;
;  SW[12]   ; CLOCK_50   ; -0.524 ; -0.524 ; Rise       ; CLOCK_50        ;
;  SW[13]   ; CLOCK_50   ; -3.120 ; -3.120 ; Rise       ; CLOCK_50        ;
;  SW[14]   ; CLOCK_50   ; -3.458 ; -3.458 ; Rise       ; CLOCK_50        ;
;  SW[15]   ; CLOCK_50   ; -3.034 ; -3.034 ; Rise       ; CLOCK_50        ;
;  SW[16]   ; CLOCK_50   ; -2.932 ; -2.932 ; Rise       ; CLOCK_50        ;
+-----------+------------+--------+--------+------------+-----------------+


+--------------------------------------------------------------------------+
; Clock to Output Times                                                    ;
+--------------+------------+-------+-------+------------+-----------------+
; Data Port    ; Clock Port ; Rise  ; Fall  ; Clock Edge ; Clock Reference ;
+--------------+------------+-------+-------+------------+-----------------+
; LCD_DATA[*]  ; CLOCK_50   ; 7.454 ; 7.454 ; Rise       ; CLOCK_50        ;
;  LCD_DATA[0] ; CLOCK_50   ; 6.942 ; 6.942 ; Rise       ; CLOCK_50        ;
;  LCD_DATA[1] ; CLOCK_50   ; 7.323 ; 7.323 ; Rise       ; CLOCK_50        ;
;  LCD_DATA[2] ; CLOCK_50   ; 7.265 ; 7.265 ; Rise       ; CLOCK_50        ;
;  LCD_DATA[3] ; CLOCK_50   ; 7.012 ; 7.012 ; Rise       ; CLOCK_50        ;
;  LCD_DATA[4] ; CLOCK_50   ; 7.399 ; 7.399 ; Rise       ; CLOCK_50        ;
;  LCD_DATA[5] ; CLOCK_50   ; 6.760 ; 6.760 ; Rise       ; CLOCK_50        ;
;  LCD_DATA[6] ; CLOCK_50   ; 7.012 ; 7.012 ; Rise       ; CLOCK_50        ;
;  LCD_DATA[7] ; CLOCK_50   ; 7.454 ; 7.454 ; Rise       ; CLOCK_50        ;
; LCD_EN       ; CLOCK_50   ; 5.756 ; 5.756 ; Rise       ; CLOCK_50        ;
; LCD_RS       ; CLOCK_50   ; 6.921 ; 6.921 ; Rise       ; CLOCK_50        ;
; LEDG[*]      ; CLOCK_50   ; 6.137 ; 6.137 ; Rise       ; CLOCK_50        ;
;  LEDG[1]     ; CLOCK_50   ; 5.987 ; 5.987 ; Rise       ; CLOCK_50        ;
;  LEDG[2]     ; CLOCK_50   ; 6.107 ; 6.107 ; Rise       ; CLOCK_50        ;
;  LEDG[3]     ; CLOCK_50   ; 5.971 ; 5.971 ; Rise       ; CLOCK_50        ;
;  LEDG[4]     ; CLOCK_50   ; 6.137 ; 6.137 ; Rise       ; CLOCK_50        ;
+--------------+------------+-------+-------+------------+-----------------+


+--------------------------------------------------------------------------+
; Minimum Clock to Output Times                                            ;
+--------------+------------+-------+-------+------------+-----------------+
; Data Port    ; Clock Port ; Rise  ; Fall  ; Clock Edge ; Clock Reference ;
+--------------+------------+-------+-------+------------+-----------------+
; LCD_DATA[*]  ; CLOCK_50   ; 4.829 ; 4.829 ; Rise       ; CLOCK_50        ;
;  LCD_DATA[0] ; CLOCK_50   ; 4.897 ; 4.897 ; Rise       ; CLOCK_50        ;
;  LCD_DATA[1] ; CLOCK_50   ; 5.487 ; 5.487 ; Rise       ; CLOCK_50        ;
;  LCD_DATA[2] ; CLOCK_50   ; 5.289 ; 5.289 ; Rise       ; CLOCK_50        ;
;  LCD_DATA[3] ; CLOCK_50   ; 4.885 ; 4.885 ; Rise       ; CLOCK_50        ;
;  LCD_DATA[4] ; CLOCK_50   ; 5.390 ; 5.390 ; Rise       ; CLOCK_50        ;
;  LCD_DATA[5] ; CLOCK_50   ; 4.829 ; 4.829 ; Rise       ; CLOCK_50        ;
;  LCD_DATA[6] ; CLOCK_50   ; 5.035 ; 5.035 ; Rise       ; CLOCK_50        ;
;  LCD_DATA[7] ; CLOCK_50   ; 5.443 ; 5.443 ; Rise       ; CLOCK_50        ;
; LCD_EN       ; CLOCK_50   ; 5.411 ; 5.411 ; Rise       ; CLOCK_50        ;
; LCD_RS       ; CLOCK_50   ; 4.528 ; 4.528 ; Rise       ; CLOCK_50        ;
; LEDG[*]      ; CLOCK_50   ; 5.705 ; 5.705 ; Rise       ; CLOCK_50        ;
;  LEDG[1]     ; CLOCK_50   ; 5.792 ; 5.792 ; Rise       ; CLOCK_50        ;
;  LEDG[2]     ; CLOCK_50   ; 5.705 ; 5.705 ; Rise       ; CLOCK_50        ;
;  LEDG[3]     ; CLOCK_50   ; 5.777 ; 5.777 ; Rise       ; CLOCK_50        ;
;  LEDG[4]     ; CLOCK_50   ; 5.945 ; 5.945 ; Rise       ; CLOCK_50        ;
+--------------+------------+-------+-------+------------+-----------------+


+--------------------------------------------------------------------------------+
; Multicorner Timing Analysis Summary                                            ;
+------------------+----------+-------+----------+---------+---------------------+
; Clock            ; Setup    ; Hold  ; Recovery ; Removal ; Minimum Pulse Width ;
+------------------+----------+-------+----------+---------+---------------------+
; Worst-case Slack ; -6.832   ; 0.215 ; N/A      ; N/A     ; -1.423              ;
;  CLOCK_50        ; -6.832   ; 0.215 ; N/A      ; N/A     ; -1.423              ;
; Design-wide TNS  ; -642.896 ; 0.0   ; 0.0      ; 0.0     ; -300.91             ;
;  CLOCK_50        ; -642.896 ; 0.000 ; N/A      ; N/A     ; -300.910            ;
+------------------+----------+-------+----------+---------+---------------------+


+-----------------------------------------------------------------------+
; Setup Times                                                           ;
+-----------+------------+-------+-------+------------+-----------------+
; Data Port ; Clock Port ; Rise  ; Fall  ; Clock Edge ; Clock Reference ;
+-----------+------------+-------+-------+------------+-----------------+
; KEY[*]    ; CLOCK_50   ; 8.765 ; 8.765 ; Rise       ; CLOCK_50        ;
;  KEY[2]   ; CLOCK_50   ; 8.765 ; 8.765 ; Rise       ; CLOCK_50        ;
;  KEY[3]   ; CLOCK_50   ; 7.493 ; 7.493 ; Rise       ; CLOCK_50        ;
; SW[*]     ; CLOCK_50   ; 7.573 ; 7.573 ; Rise       ; CLOCK_50        ;
;  SW[0]    ; CLOCK_50   ; 2.202 ; 2.202 ; Rise       ; CLOCK_50        ;
;  SW[1]    ; CLOCK_50   ; 1.728 ; 1.728 ; Rise       ; CLOCK_50        ;
;  SW[2]    ; CLOCK_50   ; 2.552 ; 2.552 ; Rise       ; CLOCK_50        ;
;  SW[3]    ; CLOCK_50   ; 2.249 ; 2.249 ; Rise       ; CLOCK_50        ;
;  SW[4]    ; CLOCK_50   ; 1.847 ; 1.847 ; Rise       ; CLOCK_50        ;
;  SW[5]    ; CLOCK_50   ; 2.579 ; 2.579 ; Rise       ; CLOCK_50        ;
;  SW[6]    ; CLOCK_50   ; 2.273 ; 2.273 ; Rise       ; CLOCK_50        ;
;  SW[7]    ; CLOCK_50   ; 2.470 ; 2.470 ; Rise       ; CLOCK_50        ;
;  SW[8]    ; CLOCK_50   ; 1.615 ; 1.615 ; Rise       ; CLOCK_50        ;
;  SW[9]    ; CLOCK_50   ; 1.638 ; 1.638 ; Rise       ; CLOCK_50        ;
;  SW[10]   ; CLOCK_50   ; 3.085 ; 3.085 ; Rise       ; CLOCK_50        ;
;  SW[11]   ; CLOCK_50   ; 3.035 ; 3.035 ; Rise       ; CLOCK_50        ;
;  SW[12]   ; CLOCK_50   ; 2.410 ; 2.410 ; Rise       ; CLOCK_50        ;
;  SW[13]   ; CLOCK_50   ; 6.908 ; 6.908 ; Rise       ; CLOCK_50        ;
;  SW[14]   ; CLOCK_50   ; 7.573 ; 7.573 ; Rise       ; CLOCK_50        ;
;  SW[15]   ; CLOCK_50   ; 6.937 ; 6.937 ; Rise       ; CLOCK_50        ;
;  SW[16]   ; CLOCK_50   ; 6.256 ; 6.256 ; Rise       ; CLOCK_50        ;
+-----------+------------+-------+-------+------------+-----------------+


+-------------------------------------------------------------------------+
; Hold Times                                                              ;
+-----------+------------+--------+--------+------------+-----------------+
; Data Port ; Clock Port ; Rise   ; Fall   ; Clock Edge ; Clock Reference ;
+-----------+------------+--------+--------+------------+-----------------+
; KEY[*]    ; CLOCK_50   ; -2.054 ; -2.054 ; Rise       ; CLOCK_50        ;
;  KEY[2]   ; CLOCK_50   ; -2.054 ; -2.054 ; Rise       ; CLOCK_50        ;
;  KEY[3]   ; CLOCK_50   ; -2.540 ; -2.540 ; Rise       ; CLOCK_50        ;
; SW[*]     ; CLOCK_50   ; 0.328  ; 0.328  ; Rise       ; CLOCK_50        ;
;  SW[0]    ; CLOCK_50   ; 0.328  ; 0.328  ; Rise       ; CLOCK_50        ;
;  SW[1]    ; CLOCK_50   ; -0.134 ; -0.134 ; Rise       ; CLOCK_50        ;
;  SW[2]    ; CLOCK_50   ; -0.575 ; -0.575 ; Rise       ; CLOCK_50        ;
;  SW[3]    ; CLOCK_50   ; -0.299 ; -0.299 ; Rise       ; CLOCK_50        ;
;  SW[4]    ; CLOCK_50   ; -0.286 ; -0.286 ; Rise       ; CLOCK_50        ;
;  SW[5]    ; CLOCK_50   ; -0.509 ; -0.509 ; Rise       ; CLOCK_50        ;
;  SW[6]    ; CLOCK_50   ; -0.423 ; -0.423 ; Rise       ; CLOCK_50        ;
;  SW[7]    ; CLOCK_50   ; -0.443 ; -0.443 ; Rise       ; CLOCK_50        ;
;  SW[8]    ; CLOCK_50   ; -0.226 ; -0.226 ; Rise       ; CLOCK_50        ;
;  SW[9]    ; CLOCK_50   ; -0.133 ; -0.133 ; Rise       ; CLOCK_50        ;
;  SW[10]   ; CLOCK_50   ; -0.764 ; -0.764 ; Rise       ; CLOCK_50        ;
;  SW[11]   ; CLOCK_50   ; -0.605 ; -0.605 ; Rise       ; CLOCK_50        ;
;  SW[12]   ; CLOCK_50   ; -0.524 ; -0.524 ; Rise       ; CLOCK_50        ;
;  SW[13]   ; CLOCK_50   ; -3.120 ; -3.120 ; Rise       ; CLOCK_50        ;
;  SW[14]   ; CLOCK_50   ; -3.458 ; -3.458 ; Rise       ; CLOCK_50        ;
;  SW[15]   ; CLOCK_50   ; -3.034 ; -3.034 ; Rise       ; CLOCK_50        ;
;  SW[16]   ; CLOCK_50   ; -2.932 ; -2.932 ; Rise       ; CLOCK_50        ;
+-----------+------------+--------+--------+------------+-----------------+


+----------------------------------------------------------------------------+
; Clock to Output Times                                                      ;
+--------------+------------+--------+--------+------------+-----------------+
; Data Port    ; Clock Port ; Rise   ; Fall   ; Clock Edge ; Clock Reference ;
+--------------+------------+--------+--------+------------+-----------------+
; LCD_DATA[*]  ; CLOCK_50   ; 13.078 ; 13.078 ; Rise       ; CLOCK_50        ;
;  LCD_DATA[0] ; CLOCK_50   ; 12.059 ; 12.059 ; Rise       ; CLOCK_50        ;
;  LCD_DATA[1] ; CLOCK_50   ; 12.785 ; 12.785 ; Rise       ; CLOCK_50        ;
;  LCD_DATA[2] ; CLOCK_50   ; 12.688 ; 12.688 ; Rise       ; CLOCK_50        ;
;  LCD_DATA[3] ; CLOCK_50   ; 12.211 ; 12.211 ; Rise       ; CLOCK_50        ;
;  LCD_DATA[4] ; CLOCK_50   ; 12.968 ; 12.968 ; Rise       ; CLOCK_50        ;
;  LCD_DATA[5] ; CLOCK_50   ; 11.671 ; 11.671 ; Rise       ; CLOCK_50        ;
;  LCD_DATA[6] ; CLOCK_50   ; 12.172 ; 12.172 ; Rise       ; CLOCK_50        ;
;  LCD_DATA[7] ; CLOCK_50   ; 13.078 ; 13.078 ; Rise       ; CLOCK_50        ;
; LCD_EN       ; CLOCK_50   ; 10.574 ; 10.574 ; Rise       ; CLOCK_50        ;
; LCD_RS       ; CLOCK_50   ; 12.002 ; 12.002 ; Rise       ; CLOCK_50        ;
; LEDG[*]      ; CLOCK_50   ; 11.441 ; 11.441 ; Rise       ; CLOCK_50        ;
;  LEDG[1]     ; CLOCK_50   ; 11.112 ; 11.112 ; Rise       ; CLOCK_50        ;
;  LEDG[2]     ; CLOCK_50   ; 11.441 ; 11.441 ; Rise       ; CLOCK_50        ;
;  LEDG[3]     ; CLOCK_50   ; 11.089 ; 11.089 ; Rise       ; CLOCK_50        ;
;  LEDG[4]     ; CLOCK_50   ; 11.426 ; 11.426 ; Rise       ; CLOCK_50        ;
+--------------+------------+--------+--------+------------+-----------------+


+--------------------------------------------------------------------------+
; Minimum Clock to Output Times                                            ;
+--------------+------------+-------+-------+------------+-----------------+
; Data Port    ; Clock Port ; Rise  ; Fall  ; Clock Edge ; Clock Reference ;
+--------------+------------+-------+-------+------------+-----------------+
; LCD_DATA[*]  ; CLOCK_50   ; 4.829 ; 4.829 ; Rise       ; CLOCK_50        ;
;  LCD_DATA[0] ; CLOCK_50   ; 4.897 ; 4.897 ; Rise       ; CLOCK_50        ;
;  LCD_DATA[1] ; CLOCK_50   ; 5.487 ; 5.487 ; Rise       ; CLOCK_50        ;
;  LCD_DATA[2] ; CLOCK_50   ; 5.289 ; 5.289 ; Rise       ; CLOCK_50        ;
;  LCD_DATA[3] ; CLOCK_50   ; 4.885 ; 4.885 ; Rise       ; CLOCK_50        ;
;  LCD_DATA[4] ; CLOCK_50   ; 5.390 ; 5.390 ; Rise       ; CLOCK_50        ;
;  LCD_DATA[5] ; CLOCK_50   ; 4.829 ; 4.829 ; Rise       ; CLOCK_50        ;
;  LCD_DATA[6] ; CLOCK_50   ; 5.035 ; 5.035 ; Rise       ; CLOCK_50        ;
;  LCD_DATA[7] ; CLOCK_50   ; 5.443 ; 5.443 ; Rise       ; CLOCK_50        ;
; LCD_EN       ; CLOCK_50   ; 5.411 ; 5.411 ; Rise       ; CLOCK_50        ;
; LCD_RS       ; CLOCK_50   ; 4.528 ; 4.528 ; Rise       ; CLOCK_50        ;
; LEDG[*]      ; CLOCK_50   ; 5.705 ; 5.705 ; Rise       ; CLOCK_50        ;
;  LEDG[1]     ; CLOCK_50   ; 5.792 ; 5.792 ; Rise       ; CLOCK_50        ;
;  LEDG[2]     ; CLOCK_50   ; 5.705 ; 5.705 ; Rise       ; CLOCK_50        ;
;  LEDG[3]     ; CLOCK_50   ; 5.777 ; 5.777 ; Rise       ; CLOCK_50        ;
;  LEDG[4]     ; CLOCK_50   ; 5.945 ; 5.945 ; Rise       ; CLOCK_50        ;
+--------------+------------+-------+-------+------------+-----------------+


+-------------------------------------------------------------------+
; Setup Transfers                                                   ;
+------------+----------+----------+----------+----------+----------+
; From Clock ; To Clock ; RR Paths ; FR Paths ; RF Paths ; FF Paths ;
+------------+----------+----------+----------+----------+----------+
; CLOCK_50   ; CLOCK_50 ; 15215    ; 0        ; 0        ; 0        ;
+------------+----------+----------+----------+----------+----------+
Entries labeled "false path" only account for clock-to-clock false paths and not path-based false paths. As a result, actual path counts may be lower than reported.


+-------------------------------------------------------------------+
; Hold Transfers                                                    ;
+------------+----------+----------+----------+----------+----------+
; From Clock ; To Clock ; RR Paths ; FR Paths ; RF Paths ; FF Paths ;
+------------+----------+----------+----------+----------+----------+
; CLOCK_50   ; CLOCK_50 ; 15215    ; 0        ; 0        ; 0        ;
+------------+----------+----------+----------+----------+----------+
Entries labeled "false path" only account for clock-to-clock false paths and not path-based false paths. As a result, actual path counts may be lower than reported.


---------------
; Report TCCS ;
---------------
No dedicated SERDES Transmitter circuitry present in device or used in design


---------------
; Report RSKM ;
---------------
No dedicated SERDES Receiver circuitry present in device or used in design


+------------------------------------------------+
; Unconstrained Paths                            ;
+---------------------------------+-------+------+
; Property                        ; Setup ; Hold ;
+---------------------------------+-------+------+
; Illegal Clocks                  ; 0     ; 0    ;
; Unconstrained Clocks            ; 0     ; 0    ;
; Unconstrained Input Ports       ; 19    ; 19   ;
; Unconstrained Input Port Paths  ; 285   ; 285  ;
; Unconstrained Output Ports      ; 14    ; 14   ;
; Unconstrained Output Port Paths ; 150   ; 150  ;
+---------------------------------+-------+------+


+------------------------------------+
; TimeQuest Timing Analyzer Messages ;
+------------------------------------+
Info: *******************************************************************
Info: Running Quartus II 64-Bit TimeQuest Timing Analyzer
    Info: Version 13.0.1 Build 232 06/12/2013 Service Pack 1 SJ Web Edition
    Info: Processing started: Fri Dec 26 17:14:41 2025
Info: Command: quartus_sta LCD_module -c LCD_module
Info: qsta_default_script.tcl version: #1
Warning (20028): Parallel compilation is not licensed and has been disabled
Info (21077): Low junction temperature is 0 degrees C
Info (21077): High junction temperature is 85 degrees C
Critical Warning (332012): Synopsys Design Constraints File file not found: 'LCD_module.sdc'. A Synopsys Design Constraints File is required by the TimeQuest Timing Analyzer to get proper timing constraints. Without it, the Compiler will not properly optimize the design.
Info (332142): No user constrained base clocks found in the design. Calling "derive_clocks -period 1.0"
Info (332105): Deriving Clocks
    Info (332105): create_clock -period 1.000 -name CLOCK_50 CLOCK_50
Info: Found TIMEQUEST_REPORT_SCRIPT_INCLUDE_DEFAULT_ANALYSIS = ON
Info: Analyzing Slow Model
Critical Warning (332148): Timing requirements not met
Info (332146): Worst-case setup slack is -6.832
    Info (332119):     Slack End Point TNS Clock 
    Info (332119): ========= ============= =====================
    Info (332119):    -6.832      -642.896 CLOCK_50 
Info (332146): Worst-case hold slack is 0.391
    Info (332119):     Slack End Point TNS Clock 
    Info (332119): ========= ============= =====================
    Info (332119):     0.391         0.000 CLOCK_50 
Info (332140): No Recovery paths to report
Info (332140): No Removal paths to report
Info (332146): Worst-case minimum pulse width slack is -1.423
    Info (332119):     Slack End Point TNS Clock 
    Info (332119): ========= ============= =====================
    Info (332119):    -1.423      -300.910 CLOCK_50 
Info (332001): The selected device family is not supported by the report_metastability command.
Info: Analyzing Fast Model
Critical Warning (332148): Timing requirements not met
Info (332146): Worst-case setup slack is -3.169
    Info (332119):     Slack End Point TNS Clock 
    Info (332119): ========= ============= =====================
    Info (332119):    -3.169      -211.189 CLOCK_50 
Info (332146): Worst-case hold slack is 0.215
    Info (332119):     Slack End Point TNS Clock 
    Info (332119): ========= ============= =====================
    Info (332119):     0.215         0.000 CLOCK_50 
Info (332140): No Recovery paths to report
Info (332140): No Removal paths to report
Info (332146): Worst-case minimum pulse width slack is -1.423
    Info (332119):     Slack End Point TNS Clock 
    Info (332119): ========= ============= =====================
    Info (332119):    -1.423      -300.910 CLOCK_50 
Info (332001): The selected device family is not supported by the report_metastability command.
Info (332102): Design is not fully constrained for setup requirements
Info (332102): Design is not fully constrained for hold requirements
Info: Quartus II 64-Bit TimeQuest Timing Analyzer was successful. 0 errors, 4 warnings
    Info: Peak virtual memory: 4562 megabytes
    Info: Processing ended: Fri Dec 26 17:14:42 2025
    Info: Elapsed time: 00:00:01
    Info: Total CPU time (on all processors): 00:00:01


