TimeQuest Timing Analyzer report for main_function_generator
Tue Dec 23 18:32:08 2025
Quartus II 64-Bit Version 13.0.1 Build 232 06/12/2013 Service Pack 1 SJ Web Edition


---------------------
; Table of Contents ;
---------------------
  1. Legal Notice
  2. TimeQuest Timing Analyzer Summary
  3. Parallel Compilation
  4. SDC File List
  5. Clocks
  6. Slow Model Fmax Summary
  7. Slow Model Setup Summary
  8. Slow Model Hold Summary
  9. Slow Model Recovery Summary
 10. Slow Model Removal Summary
 11. Slow Model Minimum Pulse Width Summary
 12. Slow Model Setup: 'ddfs:inst15|freq_divider_DDFS:f_div_inst|count[19]'
 13. Slow Model Setup: 'inst|altpll_component|pll|clk[0]'
 14. Slow Model Setup: 'CLOCK_50'
 15. Slow Model Setup: 'keypad_freq_sel_module:inst1|freq_divider_keypad_module:freq_div|q'
 16. Slow Model Hold: 'CLOCK_50'
 17. Slow Model Hold: 'keypad_freq_sel_module:inst1|freq_divider_keypad_module:freq_div|q'
 18. Slow Model Hold: 'inst|altpll_component|pll|clk[0]'
 19. Slow Model Hold: 'ddfs:inst15|freq_divider_DDFS:f_div_inst|count[19]'
 20. Slow Model Recovery: 'ddfs:inst15|freq_divider_DDFS:f_div_inst|count[19]'
 21. Slow Model Removal: 'ddfs:inst15|freq_divider_DDFS:f_div_inst|count[19]'
 22. Slow Model Minimum Pulse Width: 'inst|altpll_component|pll|clk[0]'
 23. Slow Model Minimum Pulse Width: 'CLOCK_50'
 24. Slow Model Minimum Pulse Width: 'ddfs:inst15|freq_divider_DDFS:f_div_inst|count[19]'
 25. Slow Model Minimum Pulse Width: 'keypad_freq_sel_module:inst1|freq_divider_keypad_module:freq_div|q'
 26. Clock to Output Times
 27. Minimum Clock to Output Times
 28. Fast Model Setup Summary
 29. Fast Model Hold Summary
 30. Fast Model Recovery Summary
 31. Fast Model Removal Summary
 32. Fast Model Minimum Pulse Width Summary
 33. Fast Model Setup: 'ddfs:inst15|freq_divider_DDFS:f_div_inst|count[19]'
 34. Fast Model Setup: 'inst|altpll_component|pll|clk[0]'
 35. Fast Model Setup: 'CLOCK_50'
 36. Fast Model Setup: 'keypad_freq_sel_module:inst1|freq_divider_keypad_module:freq_div|q'
 37. Fast Model Hold: 'CLOCK_50'
 38. Fast Model Hold: 'keypad_freq_sel_module:inst1|freq_divider_keypad_module:freq_div|q'
 39. Fast Model Hold: 'inst|altpll_component|pll|clk[0]'
 40. Fast Model Hold: 'ddfs:inst15|freq_divider_DDFS:f_div_inst|count[19]'
 41. Fast Model Recovery: 'ddfs:inst15|freq_divider_DDFS:f_div_inst|count[19]'
 42. Fast Model Removal: 'ddfs:inst15|freq_divider_DDFS:f_div_inst|count[19]'
 43. Fast Model Minimum Pulse Width: 'inst|altpll_component|pll|clk[0]'
 44. Fast Model Minimum Pulse Width: 'CLOCK_50'
 45. Fast Model Minimum Pulse Width: 'ddfs:inst15|freq_divider_DDFS:f_div_inst|count[19]'
 46. Fast Model Minimum Pulse Width: 'keypad_freq_sel_module:inst1|freq_divider_keypad_module:freq_div|q'
 47. Clock to Output Times
 48. Minimum Clock to Output Times
 49. Multicorner Timing Analysis Summary
 50. Clock to Output Times
 51. Minimum Clock to Output Times
 52. Setup Transfers
 53. Hold Transfers
 54. Recovery Transfers
 55. Removal Transfers
 56. Report TCCS
 57. Report RSKM
 58. Unconstrained Paths
 59. TimeQuest Timing Analyzer Messages



----------------
; Legal Notice ;
----------------
Copyright (C) 1991-2013 Altera Corporation
Your use of Altera Corporation's design tools, logic functions 
and other software and tools, and its AMPP partner logic 
functions, and any output files from any of the foregoing 
(including device programming or simulation files), and any 
associated documentation or information are expressly subject 
to the terms and conditions of the Altera Program License 
Subscription Agreement, Altera MegaCore Function License 
Agreement, or other applicable license agreement, including, 
without limitation, that your use is for the sole purpose of 
programming logic devices manufactured by Altera and sold by 
Altera or its authorized distributors.  Please refer to the 
applicable agreement for further details.



+----------------------------------------------------------------------------------------+
; TimeQuest Timing Analyzer Summary                                                      ;
+--------------------+-------------------------------------------------------------------+
; Quartus II Version ; Version 13.0.1 Build 232 06/12/2013 Service Pack 1 SJ Web Edition ;
; Revision Name      ; main_function_generator                                           ;
; Device Family      ; Cyclone II                                                        ;
; Device Name        ; EP2C35F672C6                                                      ;
; Timing Models      ; Final                                                             ;
; Delay Model        ; Combined                                                          ;
; Rise/Fall Delays   ; Unavailable                                                       ;
+--------------------+-------------------------------------------------------------------+


Parallel compilation was disabled, but you have multiple processors available. Enable parallel compilation to reduce compilation time.
+-------------------------------------+
; Parallel Compilation                ;
+----------------------------+--------+
; Processors                 ; Number ;
+----------------------------+--------+
; Number detected on machine ; 12     ;
; Maximum allowed            ; 1      ;
+----------------------------+--------+


+---------------------------------------------------------------------+
; SDC File List                                                       ;
+---------------------------------+--------+--------------------------+
; SDC File Path                   ; Status ; Read at                  ;
+---------------------------------+--------+--------------------------+
; main_function_generator.out.sdc ; OK     ; Tue Dec 23 18:32:07 2025 ;
+---------------------------------+--------+--------------------------+


+-------------------------------------------------------------------------------------------------------------------------------------------------------------------------------------------------------------------------------------------------------------------------------------------------------------------------------------------+
; Clocks                                                                                                                                                                                                                                                                                                                                    ;
+--------------------------------------------------------------------+-----------+--------+-----------+-------+--------+------------+-----------+-------------+-------+--------+-----------+------------+----------+----------+------------------------------------+------------------------------------------------------------------------+
; Clock Name                                                         ; Type      ; Period ; Frequency ; Rise  ; Fall   ; Duty Cycle ; Divide by ; Multiply by ; Phase ; Offset ; Edge List ; Edge Shift ; Inverted ; Master   ; Source                             ; Targets                                                                ;
+--------------------------------------------------------------------+-----------+--------+-----------+-------+--------+------------+-----------+-------------+-------+--------+-----------+------------+----------+----------+------------------------------------+------------------------------------------------------------------------+
; CLOCK_50                                                           ; Base      ; 20.000 ; 50.0 MHz  ; 0.000 ; 10.000 ;            ;           ;             ;       ;        ;           ;            ;          ;          ;                                    ; { CLOCK_50 }                                                           ;
; ddfs:inst15|freq_divider_DDFS:f_div_inst|count[19]                 ; Base      ; 20.000 ; 50.0 MHz  ; 0.000 ; 10.000 ;            ;           ;             ;       ;        ;           ;            ;          ;          ;                                    ; { ddfs:inst15|freq_divider_DDFS:f_div_inst|count[19] }                 ;
; inst|altpll_component|pll|clk[0]                                   ; Generated ; 10.000 ; 100.0 MHz ; 0.000 ; 5.000  ; 50.00      ; 1         ; 2           ;       ;        ;           ;            ; false    ; CLOCK_50 ; inst|altpll_component|pll|inclk[0] ; { inst|altpll_component|pll|clk[0] }                                   ;
; keypad_freq_sel_module:inst1|freq_divider_keypad_module:freq_div|q ; Base      ; 20.000 ; 50.0 MHz  ; 0.000 ; 10.000 ;            ;           ;             ;       ;        ;           ;            ;          ;          ;                                    ; { keypad_freq_sel_module:inst1|freq_divider_keypad_module:freq_div|q } ;
+--------------------------------------------------------------------+-----------+--------+-----------+-------+--------+------------+-----------+-------------+-------+--------+-----------+------------+----------+----------+------------------------------------+------------------------------------------------------------------------+


+---------------------------------------------------------------------------------------------------------+
; Slow Model Fmax Summary                                                                                 ;
+-----------+-----------------+--------------------------------------------------------------------+------+
; Fmax      ; Restricted Fmax ; Clock Name                                                         ; Note ;
+-----------+-----------------+--------------------------------------------------------------------+------+
; 59.86 MHz ; 59.86 MHz       ; ddfs:inst15|freq_divider_DDFS:f_div_inst|count[19]                 ;      ;
; 63.01 MHz ; 63.01 MHz       ; CLOCK_50                                                           ;      ;
; 63.33 MHz ; 63.33 MHz       ; keypad_freq_sel_module:inst1|freq_divider_keypad_module:freq_div|q ;      ;
; 144.4 MHz ; 144.4 MHz       ; inst|altpll_component|pll|clk[0]                                   ;      ;
+-----------+-----------------+--------------------------------------------------------------------+------+
This panel reports FMAX for every clock in the design, regardless of the user-specified clock periods.  FMAX is only computed for paths where the source and destination registers or ports are driven by the same clock.  Paths of different clocks, including generated clocks, are ignored.  For paths between a clock and its inversion, FMAX is computed as if the rising and falling edges are scaled along with FMAX, such that the duty cycle (in terms of a percentage) is maintained. Altera recommends that you always use clock constraints and other slack reports for sign-off analysis.


+--------------------------------------------------------------------------------------------+
; Slow Model Setup Summary                                                                   ;
+--------------------------------------------------------------------+-------+---------------+
; Clock                                                              ; Slack ; End Point TNS ;
+--------------------------------------------------------------------+-------+---------------+
; ddfs:inst15|freq_divider_DDFS:f_div_inst|count[19]                 ; 2.576 ; 0.000         ;
; inst|altpll_component|pll|clk[0]                                   ; 3.075 ; 0.000         ;
; CLOCK_50                                                           ; 4.129 ; 0.000         ;
; keypad_freq_sel_module:inst1|freq_divider_keypad_module:freq_div|q ; 4.209 ; 0.000         ;
+--------------------------------------------------------------------+-------+---------------+


+--------------------------------------------------------------------------------------------+
; Slow Model Hold Summary                                                                    ;
+--------------------------------------------------------------------+-------+---------------+
; Clock                                                              ; Slack ; End Point TNS ;
+--------------------------------------------------------------------+-------+---------------+
; CLOCK_50                                                           ; 0.391 ; 0.000         ;
; keypad_freq_sel_module:inst1|freq_divider_keypad_module:freq_div|q ; 0.391 ; 0.000         ;
; inst|altpll_component|pll|clk[0]                                   ; 0.645 ; 0.000         ;
; ddfs:inst15|freq_divider_DDFS:f_div_inst|count[19]                 ; 0.705 ; 0.000         ;
+--------------------------------------------------------------------+-------+---------------+


+-----------------------------------------------------------------------------+
; Slow Model Recovery Summary                                                 ;
+----------------------------------------------------+--------+---------------+
; Clock                                              ; Slack  ; End Point TNS ;
+----------------------------------------------------+--------+---------------+
; ddfs:inst15|freq_divider_DDFS:f_div_inst|count[19] ; 17.495 ; 0.000         ;
+----------------------------------------------------+--------+---------------+


+----------------------------------------------------------------------------+
; Slow Model Removal Summary                                                 ;
+----------------------------------------------------+-------+---------------+
; Clock                                              ; Slack ; End Point TNS ;
+----------------------------------------------------+-------+---------------+
; ddfs:inst15|freq_divider_DDFS:f_div_inst|count[19] ; 1.778 ; 0.000         ;
+----------------------------------------------------+-------+---------------+


+--------------------------------------------------------------------------------------------+
; Slow Model Minimum Pulse Width Summary                                                     ;
+--------------------------------------------------------------------+-------+---------------+
; Clock                                                              ; Slack ; End Point TNS ;
+--------------------------------------------------------------------+-------+---------------+
; inst|altpll_component|pll|clk[0]                                   ; 4.000 ; 0.000         ;
; CLOCK_50                                                           ; 8.077 ; 0.000         ;
; ddfs:inst15|freq_divider_DDFS:f_div_inst|count[19]                 ; 8.077 ; 0.000         ;
; keypad_freq_sel_module:inst1|freq_divider_keypad_module:freq_div|q ; 9.000 ; 0.000         ;
+--------------------------------------------------------------------+-------+---------------+


+----------------------------------------------------------------------------------------------------------------------------------------------------------------------------------------------------------------------------------------------------------------------------------------+
; Slow Model Setup: 'ddfs:inst15|freq_divider_DDFS:f_div_inst|count[19]'                                                                                                                                                                                                                 ;
+-------+------------------------------------------------------------------------------------------------------------------+----------+----------------------------------------------------+----------------------------------------------------+--------------+------------+------------+
; Slack ; From Node                                                                                                        ; To Node  ; Launch Clock                                       ; Latch Clock                                        ; Relationship ; Clock Skew ; Data Delay ;
+-------+------------------------------------------------------------------------------------------------------------------+----------+----------------------------------------------------+----------------------------------------------------+--------------+------------+------------+
; 2.576 ; ddfs:inst15|freq_divider_DDFS:f_div_inst|count[19]                                                               ; VGA_CLK  ; ddfs:inst15|freq_divider_DDFS:f_div_inst|count[19] ; ddfs:inst15|freq_divider_DDFS:f_div_inst|count[19] ; 10.000       ; 0.000      ; 5.674      ;
; 3.293 ; ddfs:inst15|sin_lut:lut_inst|altsyncram:rom_rtl_0|altsyncram_qm81:auto_generated|ram_block1a1~porta_address_reg0 ; VGA_R[9] ; ddfs:inst15|freq_divider_DDFS:f_div_inst|count[19] ; ddfs:inst15|freq_divider_DDFS:f_div_inst|count[19] ; 20.000       ; -3.589     ; 11.118     ;
; 3.293 ; ddfs:inst15|sin_lut:lut_inst|altsyncram:rom_rtl_0|altsyncram_qm81:auto_generated|ram_block1a1~porta_address_reg1 ; VGA_R[9] ; ddfs:inst15|freq_divider_DDFS:f_div_inst|count[19] ; ddfs:inst15|freq_divider_DDFS:f_div_inst|count[19] ; 20.000       ; -3.589     ; 11.118     ;
; 3.293 ; ddfs:inst15|sin_lut:lut_inst|altsyncram:rom_rtl_0|altsyncram_qm81:auto_generated|ram_block1a1~porta_address_reg2 ; VGA_R[9] ; ddfs:inst15|freq_divider_DDFS:f_div_inst|count[19] ; ddfs:inst15|freq_divider_DDFS:f_div_inst|count[19] ; 20.000       ; -3.589     ; 11.118     ;
; 3.293 ; ddfs:inst15|sin_lut:lut_inst|altsyncram:rom_rtl_0|altsyncram_qm81:auto_generated|ram_block1a1~porta_address_reg3 ; VGA_R[9] ; ddfs:inst15|freq_divider_DDFS:f_div_inst|count[19] ; ddfs:inst15|freq_divider_DDFS:f_div_inst|count[19] ; 20.000       ; -3.589     ; 11.118     ;
; 3.293 ; ddfs:inst15|sin_lut:lut_inst|altsyncram:rom_rtl_0|altsyncram_qm81:auto_generated|ram_block1a1~porta_address_reg4 ; VGA_R[9] ; ddfs:inst15|freq_divider_DDFS:f_div_inst|count[19] ; ddfs:inst15|freq_divider_DDFS:f_div_inst|count[19] ; 20.000       ; -3.589     ; 11.118     ;
; 3.293 ; ddfs:inst15|sin_lut:lut_inst|altsyncram:rom_rtl_0|altsyncram_qm81:auto_generated|ram_block1a1~porta_address_reg5 ; VGA_R[9] ; ddfs:inst15|freq_divider_DDFS:f_div_inst|count[19] ; ddfs:inst15|freq_divider_DDFS:f_div_inst|count[19] ; 20.000       ; -3.589     ; 11.118     ;
; 3.293 ; ddfs:inst15|sin_lut:lut_inst|altsyncram:rom_rtl_0|altsyncram_qm81:auto_generated|ram_block1a1~porta_address_reg6 ; VGA_R[9] ; ddfs:inst15|freq_divider_DDFS:f_div_inst|count[19] ; ddfs:inst15|freq_divider_DDFS:f_div_inst|count[19] ; 20.000       ; -3.589     ; 11.118     ;
; 3.293 ; ddfs:inst15|sin_lut:lut_inst|altsyncram:rom_rtl_0|altsyncram_qm81:auto_generated|ram_block1a1~porta_address_reg7 ; VGA_R[9] ; ddfs:inst15|freq_divider_DDFS:f_div_inst|count[19] ; ddfs:inst15|freq_divider_DDFS:f_div_inst|count[19] ; 20.000       ; -3.589     ; 11.118     ;
; 3.293 ; ddfs:inst15|sin_lut:lut_inst|altsyncram:rom_rtl_0|altsyncram_qm81:auto_generated|ram_block1a1~porta_address_reg8 ; VGA_R[9] ; ddfs:inst15|freq_divider_DDFS:f_div_inst|count[19] ; ddfs:inst15|freq_divider_DDFS:f_div_inst|count[19] ; 20.000       ; -3.589     ; 11.118     ;
; 3.293 ; ddfs:inst15|sin_lut:lut_inst|altsyncram:rom_rtl_0|altsyncram_qm81:auto_generated|ram_block1a1~porta_address_reg9 ; VGA_R[9] ; ddfs:inst15|freq_divider_DDFS:f_div_inst|count[19] ; ddfs:inst15|freq_divider_DDFS:f_div_inst|count[19] ; 20.000       ; -3.589     ; 11.118     ;
; 3.508 ; ddfs:inst15|sin_lut:lut_inst|altsyncram:rom_rtl_0|altsyncram_qm81:auto_generated|ram_block1a1~porta_address_reg0 ; VGA_R[7] ; ddfs:inst15|freq_divider_DDFS:f_div_inst|count[19] ; ddfs:inst15|freq_divider_DDFS:f_div_inst|count[19] ; 20.000       ; -3.589     ; 10.903     ;
; 3.508 ; ddfs:inst15|sin_lut:lut_inst|altsyncram:rom_rtl_0|altsyncram_qm81:auto_generated|ram_block1a1~porta_address_reg1 ; VGA_R[7] ; ddfs:inst15|freq_divider_DDFS:f_div_inst|count[19] ; ddfs:inst15|freq_divider_DDFS:f_div_inst|count[19] ; 20.000       ; -3.589     ; 10.903     ;
; 3.508 ; ddfs:inst15|sin_lut:lut_inst|altsyncram:rom_rtl_0|altsyncram_qm81:auto_generated|ram_block1a1~porta_address_reg2 ; VGA_R[7] ; ddfs:inst15|freq_divider_DDFS:f_div_inst|count[19] ; ddfs:inst15|freq_divider_DDFS:f_div_inst|count[19] ; 20.000       ; -3.589     ; 10.903     ;
; 3.508 ; ddfs:inst15|sin_lut:lut_inst|altsyncram:rom_rtl_0|altsyncram_qm81:auto_generated|ram_block1a1~porta_address_reg3 ; VGA_R[7] ; ddfs:inst15|freq_divider_DDFS:f_div_inst|count[19] ; ddfs:inst15|freq_divider_DDFS:f_div_inst|count[19] ; 20.000       ; -3.589     ; 10.903     ;
; 3.508 ; ddfs:inst15|sin_lut:lut_inst|altsyncram:rom_rtl_0|altsyncram_qm81:auto_generated|ram_block1a1~porta_address_reg4 ; VGA_R[7] ; ddfs:inst15|freq_divider_DDFS:f_div_inst|count[19] ; ddfs:inst15|freq_divider_DDFS:f_div_inst|count[19] ; 20.000       ; -3.589     ; 10.903     ;
; 3.508 ; ddfs:inst15|sin_lut:lut_inst|altsyncram:rom_rtl_0|altsyncram_qm81:auto_generated|ram_block1a1~porta_address_reg5 ; VGA_R[7] ; ddfs:inst15|freq_divider_DDFS:f_div_inst|count[19] ; ddfs:inst15|freq_divider_DDFS:f_div_inst|count[19] ; 20.000       ; -3.589     ; 10.903     ;
; 3.508 ; ddfs:inst15|sin_lut:lut_inst|altsyncram:rom_rtl_0|altsyncram_qm81:auto_generated|ram_block1a1~porta_address_reg6 ; VGA_R[7] ; ddfs:inst15|freq_divider_DDFS:f_div_inst|count[19] ; ddfs:inst15|freq_divider_DDFS:f_div_inst|count[19] ; 20.000       ; -3.589     ; 10.903     ;
; 3.508 ; ddfs:inst15|sin_lut:lut_inst|altsyncram:rom_rtl_0|altsyncram_qm81:auto_generated|ram_block1a1~porta_address_reg7 ; VGA_R[7] ; ddfs:inst15|freq_divider_DDFS:f_div_inst|count[19] ; ddfs:inst15|freq_divider_DDFS:f_div_inst|count[19] ; 20.000       ; -3.589     ; 10.903     ;
; 3.508 ; ddfs:inst15|sin_lut:lut_inst|altsyncram:rom_rtl_0|altsyncram_qm81:auto_generated|ram_block1a1~porta_address_reg8 ; VGA_R[7] ; ddfs:inst15|freq_divider_DDFS:f_div_inst|count[19] ; ddfs:inst15|freq_divider_DDFS:f_div_inst|count[19] ; 20.000       ; -3.589     ; 10.903     ;
; 3.508 ; ddfs:inst15|sin_lut:lut_inst|altsyncram:rom_rtl_0|altsyncram_qm81:auto_generated|ram_block1a1~porta_address_reg9 ; VGA_R[7] ; ddfs:inst15|freq_divider_DDFS:f_div_inst|count[19] ; ddfs:inst15|freq_divider_DDFS:f_div_inst|count[19] ; 20.000       ; -3.589     ; 10.903     ;
; 3.591 ; ddfs:inst15|sin_lut:lut_inst|altsyncram:rom_rtl_0|altsyncram_qm81:auto_generated|ram_block1a1~porta_address_reg0 ; VGA_R[6] ; ddfs:inst15|freq_divider_DDFS:f_div_inst|count[19] ; ddfs:inst15|freq_divider_DDFS:f_div_inst|count[19] ; 20.000       ; -3.589     ; 10.820     ;
; 3.591 ; ddfs:inst15|sin_lut:lut_inst|altsyncram:rom_rtl_0|altsyncram_qm81:auto_generated|ram_block1a1~porta_address_reg1 ; VGA_R[6] ; ddfs:inst15|freq_divider_DDFS:f_div_inst|count[19] ; ddfs:inst15|freq_divider_DDFS:f_div_inst|count[19] ; 20.000       ; -3.589     ; 10.820     ;
; 3.591 ; ddfs:inst15|sin_lut:lut_inst|altsyncram:rom_rtl_0|altsyncram_qm81:auto_generated|ram_block1a1~porta_address_reg2 ; VGA_R[6] ; ddfs:inst15|freq_divider_DDFS:f_div_inst|count[19] ; ddfs:inst15|freq_divider_DDFS:f_div_inst|count[19] ; 20.000       ; -3.589     ; 10.820     ;
; 3.591 ; ddfs:inst15|sin_lut:lut_inst|altsyncram:rom_rtl_0|altsyncram_qm81:auto_generated|ram_block1a1~porta_address_reg3 ; VGA_R[6] ; ddfs:inst15|freq_divider_DDFS:f_div_inst|count[19] ; ddfs:inst15|freq_divider_DDFS:f_div_inst|count[19] ; 20.000       ; -3.589     ; 10.820     ;
; 3.591 ; ddfs:inst15|sin_lut:lut_inst|altsyncram:rom_rtl_0|altsyncram_qm81:auto_generated|ram_block1a1~porta_address_reg4 ; VGA_R[6] ; ddfs:inst15|freq_divider_DDFS:f_div_inst|count[19] ; ddfs:inst15|freq_divider_DDFS:f_div_inst|count[19] ; 20.000       ; -3.589     ; 10.820     ;
; 3.591 ; ddfs:inst15|sin_lut:lut_inst|altsyncram:rom_rtl_0|altsyncram_qm81:auto_generated|ram_block1a1~porta_address_reg5 ; VGA_R[6] ; ddfs:inst15|freq_divider_DDFS:f_div_inst|count[19] ; ddfs:inst15|freq_divider_DDFS:f_div_inst|count[19] ; 20.000       ; -3.589     ; 10.820     ;
; 3.591 ; ddfs:inst15|sin_lut:lut_inst|altsyncram:rom_rtl_0|altsyncram_qm81:auto_generated|ram_block1a1~porta_address_reg6 ; VGA_R[6] ; ddfs:inst15|freq_divider_DDFS:f_div_inst|count[19] ; ddfs:inst15|freq_divider_DDFS:f_div_inst|count[19] ; 20.000       ; -3.589     ; 10.820     ;
; 3.591 ; ddfs:inst15|sin_lut:lut_inst|altsyncram:rom_rtl_0|altsyncram_qm81:auto_generated|ram_block1a1~porta_address_reg7 ; VGA_R[6] ; ddfs:inst15|freq_divider_DDFS:f_div_inst|count[19] ; ddfs:inst15|freq_divider_DDFS:f_div_inst|count[19] ; 20.000       ; -3.589     ; 10.820     ;
; 3.591 ; ddfs:inst15|sin_lut:lut_inst|altsyncram:rom_rtl_0|altsyncram_qm81:auto_generated|ram_block1a1~porta_address_reg8 ; VGA_R[6] ; ddfs:inst15|freq_divider_DDFS:f_div_inst|count[19] ; ddfs:inst15|freq_divider_DDFS:f_div_inst|count[19] ; 20.000       ; -3.589     ; 10.820     ;
; 3.591 ; ddfs:inst15|sin_lut:lut_inst|altsyncram:rom_rtl_0|altsyncram_qm81:auto_generated|ram_block1a1~porta_address_reg9 ; VGA_R[6] ; ddfs:inst15|freq_divider_DDFS:f_div_inst|count[19] ; ddfs:inst15|freq_divider_DDFS:f_div_inst|count[19] ; 20.000       ; -3.589     ; 10.820     ;
; 3.694 ; ddfs:inst15|sin_lut:lut_inst|altsyncram:rom_rtl_0|altsyncram_qm81:auto_generated|ram_block1a1~porta_address_reg0 ; VGA_R[8] ; ddfs:inst15|freq_divider_DDFS:f_div_inst|count[19] ; ddfs:inst15|freq_divider_DDFS:f_div_inst|count[19] ; 20.000       ; -3.589     ; 10.717     ;
; 3.694 ; ddfs:inst15|sin_lut:lut_inst|altsyncram:rom_rtl_0|altsyncram_qm81:auto_generated|ram_block1a1~porta_address_reg1 ; VGA_R[8] ; ddfs:inst15|freq_divider_DDFS:f_div_inst|count[19] ; ddfs:inst15|freq_divider_DDFS:f_div_inst|count[19] ; 20.000       ; -3.589     ; 10.717     ;
; 3.694 ; ddfs:inst15|sin_lut:lut_inst|altsyncram:rom_rtl_0|altsyncram_qm81:auto_generated|ram_block1a1~porta_address_reg2 ; VGA_R[8] ; ddfs:inst15|freq_divider_DDFS:f_div_inst|count[19] ; ddfs:inst15|freq_divider_DDFS:f_div_inst|count[19] ; 20.000       ; -3.589     ; 10.717     ;
; 3.694 ; ddfs:inst15|sin_lut:lut_inst|altsyncram:rom_rtl_0|altsyncram_qm81:auto_generated|ram_block1a1~porta_address_reg3 ; VGA_R[8] ; ddfs:inst15|freq_divider_DDFS:f_div_inst|count[19] ; ddfs:inst15|freq_divider_DDFS:f_div_inst|count[19] ; 20.000       ; -3.589     ; 10.717     ;
; 3.694 ; ddfs:inst15|sin_lut:lut_inst|altsyncram:rom_rtl_0|altsyncram_qm81:auto_generated|ram_block1a1~porta_address_reg4 ; VGA_R[8] ; ddfs:inst15|freq_divider_DDFS:f_div_inst|count[19] ; ddfs:inst15|freq_divider_DDFS:f_div_inst|count[19] ; 20.000       ; -3.589     ; 10.717     ;
; 3.694 ; ddfs:inst15|sin_lut:lut_inst|altsyncram:rom_rtl_0|altsyncram_qm81:auto_generated|ram_block1a1~porta_address_reg5 ; VGA_R[8] ; ddfs:inst15|freq_divider_DDFS:f_div_inst|count[19] ; ddfs:inst15|freq_divider_DDFS:f_div_inst|count[19] ; 20.000       ; -3.589     ; 10.717     ;
; 3.694 ; ddfs:inst15|sin_lut:lut_inst|altsyncram:rom_rtl_0|altsyncram_qm81:auto_generated|ram_block1a1~porta_address_reg6 ; VGA_R[8] ; ddfs:inst15|freq_divider_DDFS:f_div_inst|count[19] ; ddfs:inst15|freq_divider_DDFS:f_div_inst|count[19] ; 20.000       ; -3.589     ; 10.717     ;
; 3.694 ; ddfs:inst15|sin_lut:lut_inst|altsyncram:rom_rtl_0|altsyncram_qm81:auto_generated|ram_block1a1~porta_address_reg7 ; VGA_R[8] ; ddfs:inst15|freq_divider_DDFS:f_div_inst|count[19] ; ddfs:inst15|freq_divider_DDFS:f_div_inst|count[19] ; 20.000       ; -3.589     ; 10.717     ;
; 3.694 ; ddfs:inst15|sin_lut:lut_inst|altsyncram:rom_rtl_0|altsyncram_qm81:auto_generated|ram_block1a1~porta_address_reg8 ; VGA_R[8] ; ddfs:inst15|freq_divider_DDFS:f_div_inst|count[19] ; ddfs:inst15|freq_divider_DDFS:f_div_inst|count[19] ; 20.000       ; -3.589     ; 10.717     ;
; 3.694 ; ddfs:inst15|sin_lut:lut_inst|altsyncram:rom_rtl_0|altsyncram_qm81:auto_generated|ram_block1a1~porta_address_reg9 ; VGA_R[8] ; ddfs:inst15|freq_divider_DDFS:f_div_inst|count[19] ; ddfs:inst15|freq_divider_DDFS:f_div_inst|count[19] ; 20.000       ; -3.589     ; 10.717     ;
; 3.731 ; ddfs:inst15|sin_lut:lut_inst|altsyncram:rom_rtl_0|altsyncram_qm81:auto_generated|ram_block1a1~porta_address_reg0 ; VGA_R[5] ; ddfs:inst15|freq_divider_DDFS:f_div_inst|count[19] ; ddfs:inst15|freq_divider_DDFS:f_div_inst|count[19] ; 20.000       ; -3.589     ; 10.680     ;
; 3.731 ; ddfs:inst15|sin_lut:lut_inst|altsyncram:rom_rtl_0|altsyncram_qm81:auto_generated|ram_block1a1~porta_address_reg1 ; VGA_R[5] ; ddfs:inst15|freq_divider_DDFS:f_div_inst|count[19] ; ddfs:inst15|freq_divider_DDFS:f_div_inst|count[19] ; 20.000       ; -3.589     ; 10.680     ;
; 3.731 ; ddfs:inst15|sin_lut:lut_inst|altsyncram:rom_rtl_0|altsyncram_qm81:auto_generated|ram_block1a1~porta_address_reg2 ; VGA_R[5] ; ddfs:inst15|freq_divider_DDFS:f_div_inst|count[19] ; ddfs:inst15|freq_divider_DDFS:f_div_inst|count[19] ; 20.000       ; -3.589     ; 10.680     ;
; 3.731 ; ddfs:inst15|sin_lut:lut_inst|altsyncram:rom_rtl_0|altsyncram_qm81:auto_generated|ram_block1a1~porta_address_reg3 ; VGA_R[5] ; ddfs:inst15|freq_divider_DDFS:f_div_inst|count[19] ; ddfs:inst15|freq_divider_DDFS:f_div_inst|count[19] ; 20.000       ; -3.589     ; 10.680     ;
; 3.731 ; ddfs:inst15|sin_lut:lut_inst|altsyncram:rom_rtl_0|altsyncram_qm81:auto_generated|ram_block1a1~porta_address_reg4 ; VGA_R[5] ; ddfs:inst15|freq_divider_DDFS:f_div_inst|count[19] ; ddfs:inst15|freq_divider_DDFS:f_div_inst|count[19] ; 20.000       ; -3.589     ; 10.680     ;
; 3.731 ; ddfs:inst15|sin_lut:lut_inst|altsyncram:rom_rtl_0|altsyncram_qm81:auto_generated|ram_block1a1~porta_address_reg5 ; VGA_R[5] ; ddfs:inst15|freq_divider_DDFS:f_div_inst|count[19] ; ddfs:inst15|freq_divider_DDFS:f_div_inst|count[19] ; 20.000       ; -3.589     ; 10.680     ;
; 3.731 ; ddfs:inst15|sin_lut:lut_inst|altsyncram:rom_rtl_0|altsyncram_qm81:auto_generated|ram_block1a1~porta_address_reg6 ; VGA_R[5] ; ddfs:inst15|freq_divider_DDFS:f_div_inst|count[19] ; ddfs:inst15|freq_divider_DDFS:f_div_inst|count[19] ; 20.000       ; -3.589     ; 10.680     ;
; 3.731 ; ddfs:inst15|sin_lut:lut_inst|altsyncram:rom_rtl_0|altsyncram_qm81:auto_generated|ram_block1a1~porta_address_reg7 ; VGA_R[5] ; ddfs:inst15|freq_divider_DDFS:f_div_inst|count[19] ; ddfs:inst15|freq_divider_DDFS:f_div_inst|count[19] ; 20.000       ; -3.589     ; 10.680     ;
; 3.731 ; ddfs:inst15|sin_lut:lut_inst|altsyncram:rom_rtl_0|altsyncram_qm81:auto_generated|ram_block1a1~porta_address_reg8 ; VGA_R[5] ; ddfs:inst15|freq_divider_DDFS:f_div_inst|count[19] ; ddfs:inst15|freq_divider_DDFS:f_div_inst|count[19] ; 20.000       ; -3.589     ; 10.680     ;
; 3.731 ; ddfs:inst15|sin_lut:lut_inst|altsyncram:rom_rtl_0|altsyncram_qm81:auto_generated|ram_block1a1~porta_address_reg9 ; VGA_R[5] ; ddfs:inst15|freq_divider_DDFS:f_div_inst|count[19] ; ddfs:inst15|freq_divider_DDFS:f_div_inst|count[19] ; 20.000       ; -3.589     ; 10.680     ;
; 3.735 ; ddfs:inst15|sin_lut:lut_inst|altsyncram:rom_rtl_0|altsyncram_qm81:auto_generated|ram_block1a4~porta_address_reg0 ; VGA_R[9] ; ddfs:inst15|freq_divider_DDFS:f_div_inst|count[19] ; ddfs:inst15|freq_divider_DDFS:f_div_inst|count[19] ; 20.000       ; -3.597     ; 10.668     ;
; 3.735 ; ddfs:inst15|sin_lut:lut_inst|altsyncram:rom_rtl_0|altsyncram_qm81:auto_generated|ram_block1a4~porta_address_reg1 ; VGA_R[9] ; ddfs:inst15|freq_divider_DDFS:f_div_inst|count[19] ; ddfs:inst15|freq_divider_DDFS:f_div_inst|count[19] ; 20.000       ; -3.597     ; 10.668     ;
; 3.735 ; ddfs:inst15|sin_lut:lut_inst|altsyncram:rom_rtl_0|altsyncram_qm81:auto_generated|ram_block1a4~porta_address_reg2 ; VGA_R[9] ; ddfs:inst15|freq_divider_DDFS:f_div_inst|count[19] ; ddfs:inst15|freq_divider_DDFS:f_div_inst|count[19] ; 20.000       ; -3.597     ; 10.668     ;
; 3.735 ; ddfs:inst15|sin_lut:lut_inst|altsyncram:rom_rtl_0|altsyncram_qm81:auto_generated|ram_block1a4~porta_address_reg3 ; VGA_R[9] ; ddfs:inst15|freq_divider_DDFS:f_div_inst|count[19] ; ddfs:inst15|freq_divider_DDFS:f_div_inst|count[19] ; 20.000       ; -3.597     ; 10.668     ;
; 3.735 ; ddfs:inst15|sin_lut:lut_inst|altsyncram:rom_rtl_0|altsyncram_qm81:auto_generated|ram_block1a4~porta_address_reg4 ; VGA_R[9] ; ddfs:inst15|freq_divider_DDFS:f_div_inst|count[19] ; ddfs:inst15|freq_divider_DDFS:f_div_inst|count[19] ; 20.000       ; -3.597     ; 10.668     ;
; 3.735 ; ddfs:inst15|sin_lut:lut_inst|altsyncram:rom_rtl_0|altsyncram_qm81:auto_generated|ram_block1a4~porta_address_reg5 ; VGA_R[9] ; ddfs:inst15|freq_divider_DDFS:f_div_inst|count[19] ; ddfs:inst15|freq_divider_DDFS:f_div_inst|count[19] ; 20.000       ; -3.597     ; 10.668     ;
; 3.735 ; ddfs:inst15|sin_lut:lut_inst|altsyncram:rom_rtl_0|altsyncram_qm81:auto_generated|ram_block1a4~porta_address_reg6 ; VGA_R[9] ; ddfs:inst15|freq_divider_DDFS:f_div_inst|count[19] ; ddfs:inst15|freq_divider_DDFS:f_div_inst|count[19] ; 20.000       ; -3.597     ; 10.668     ;
; 3.735 ; ddfs:inst15|sin_lut:lut_inst|altsyncram:rom_rtl_0|altsyncram_qm81:auto_generated|ram_block1a4~porta_address_reg7 ; VGA_R[9] ; ddfs:inst15|freq_divider_DDFS:f_div_inst|count[19] ; ddfs:inst15|freq_divider_DDFS:f_div_inst|count[19] ; 20.000       ; -3.597     ; 10.668     ;
; 3.735 ; ddfs:inst15|sin_lut:lut_inst|altsyncram:rom_rtl_0|altsyncram_qm81:auto_generated|ram_block1a4~porta_address_reg8 ; VGA_R[9] ; ddfs:inst15|freq_divider_DDFS:f_div_inst|count[19] ; ddfs:inst15|freq_divider_DDFS:f_div_inst|count[19] ; 20.000       ; -3.597     ; 10.668     ;
; 3.735 ; ddfs:inst15|sin_lut:lut_inst|altsyncram:rom_rtl_0|altsyncram_qm81:auto_generated|ram_block1a4~porta_address_reg9 ; VGA_R[9] ; ddfs:inst15|freq_divider_DDFS:f_div_inst|count[19] ; ddfs:inst15|freq_divider_DDFS:f_div_inst|count[19] ; 20.000       ; -3.597     ; 10.668     ;
; 3.875 ; ddfs:inst15|sin_lut:lut_inst|altsyncram:rom_rtl_0|altsyncram_qm81:auto_generated|ram_block1a8~porta_address_reg0 ; VGA_R[9] ; ddfs:inst15|freq_divider_DDFS:f_div_inst|count[19] ; ddfs:inst15|freq_divider_DDFS:f_div_inst|count[19] ; 20.000       ; -3.603     ; 10.522     ;
; 3.875 ; ddfs:inst15|sin_lut:lut_inst|altsyncram:rom_rtl_0|altsyncram_qm81:auto_generated|ram_block1a8~porta_address_reg1 ; VGA_R[9] ; ddfs:inst15|freq_divider_DDFS:f_div_inst|count[19] ; ddfs:inst15|freq_divider_DDFS:f_div_inst|count[19] ; 20.000       ; -3.603     ; 10.522     ;
; 3.875 ; ddfs:inst15|sin_lut:lut_inst|altsyncram:rom_rtl_0|altsyncram_qm81:auto_generated|ram_block1a8~porta_address_reg2 ; VGA_R[9] ; ddfs:inst15|freq_divider_DDFS:f_div_inst|count[19] ; ddfs:inst15|freq_divider_DDFS:f_div_inst|count[19] ; 20.000       ; -3.603     ; 10.522     ;
; 3.875 ; ddfs:inst15|sin_lut:lut_inst|altsyncram:rom_rtl_0|altsyncram_qm81:auto_generated|ram_block1a8~porta_address_reg3 ; VGA_R[9] ; ddfs:inst15|freq_divider_DDFS:f_div_inst|count[19] ; ddfs:inst15|freq_divider_DDFS:f_div_inst|count[19] ; 20.000       ; -3.603     ; 10.522     ;
; 3.875 ; ddfs:inst15|sin_lut:lut_inst|altsyncram:rom_rtl_0|altsyncram_qm81:auto_generated|ram_block1a8~porta_address_reg4 ; VGA_R[9] ; ddfs:inst15|freq_divider_DDFS:f_div_inst|count[19] ; ddfs:inst15|freq_divider_DDFS:f_div_inst|count[19] ; 20.000       ; -3.603     ; 10.522     ;
; 3.875 ; ddfs:inst15|sin_lut:lut_inst|altsyncram:rom_rtl_0|altsyncram_qm81:auto_generated|ram_block1a8~porta_address_reg5 ; VGA_R[9] ; ddfs:inst15|freq_divider_DDFS:f_div_inst|count[19] ; ddfs:inst15|freq_divider_DDFS:f_div_inst|count[19] ; 20.000       ; -3.603     ; 10.522     ;
; 3.875 ; ddfs:inst15|sin_lut:lut_inst|altsyncram:rom_rtl_0|altsyncram_qm81:auto_generated|ram_block1a8~porta_address_reg6 ; VGA_R[9] ; ddfs:inst15|freq_divider_DDFS:f_div_inst|count[19] ; ddfs:inst15|freq_divider_DDFS:f_div_inst|count[19] ; 20.000       ; -3.603     ; 10.522     ;
; 3.875 ; ddfs:inst15|sin_lut:lut_inst|altsyncram:rom_rtl_0|altsyncram_qm81:auto_generated|ram_block1a8~porta_address_reg7 ; VGA_R[9] ; ddfs:inst15|freq_divider_DDFS:f_div_inst|count[19] ; ddfs:inst15|freq_divider_DDFS:f_div_inst|count[19] ; 20.000       ; -3.603     ; 10.522     ;
; 3.875 ; ddfs:inst15|sin_lut:lut_inst|altsyncram:rom_rtl_0|altsyncram_qm81:auto_generated|ram_block1a8~porta_address_reg8 ; VGA_R[9] ; ddfs:inst15|freq_divider_DDFS:f_div_inst|count[19] ; ddfs:inst15|freq_divider_DDFS:f_div_inst|count[19] ; 20.000       ; -3.603     ; 10.522     ;
; 3.875 ; ddfs:inst15|sin_lut:lut_inst|altsyncram:rom_rtl_0|altsyncram_qm81:auto_generated|ram_block1a8~porta_address_reg9 ; VGA_R[9] ; ddfs:inst15|freq_divider_DDFS:f_div_inst|count[19] ; ddfs:inst15|freq_divider_DDFS:f_div_inst|count[19] ; 20.000       ; -3.603     ; 10.522     ;
; 3.950 ; ddfs:inst15|sin_lut:lut_inst|altsyncram:rom_rtl_0|altsyncram_qm81:auto_generated|ram_block1a4~porta_address_reg0 ; VGA_R[7] ; ddfs:inst15|freq_divider_DDFS:f_div_inst|count[19] ; ddfs:inst15|freq_divider_DDFS:f_div_inst|count[19] ; 20.000       ; -3.597     ; 10.453     ;
; 3.950 ; ddfs:inst15|sin_lut:lut_inst|altsyncram:rom_rtl_0|altsyncram_qm81:auto_generated|ram_block1a4~porta_address_reg1 ; VGA_R[7] ; ddfs:inst15|freq_divider_DDFS:f_div_inst|count[19] ; ddfs:inst15|freq_divider_DDFS:f_div_inst|count[19] ; 20.000       ; -3.597     ; 10.453     ;
; 3.950 ; ddfs:inst15|sin_lut:lut_inst|altsyncram:rom_rtl_0|altsyncram_qm81:auto_generated|ram_block1a4~porta_address_reg2 ; VGA_R[7] ; ddfs:inst15|freq_divider_DDFS:f_div_inst|count[19] ; ddfs:inst15|freq_divider_DDFS:f_div_inst|count[19] ; 20.000       ; -3.597     ; 10.453     ;
; 3.950 ; ddfs:inst15|sin_lut:lut_inst|altsyncram:rom_rtl_0|altsyncram_qm81:auto_generated|ram_block1a4~porta_address_reg3 ; VGA_R[7] ; ddfs:inst15|freq_divider_DDFS:f_div_inst|count[19] ; ddfs:inst15|freq_divider_DDFS:f_div_inst|count[19] ; 20.000       ; -3.597     ; 10.453     ;
; 3.950 ; ddfs:inst15|sin_lut:lut_inst|altsyncram:rom_rtl_0|altsyncram_qm81:auto_generated|ram_block1a4~porta_address_reg4 ; VGA_R[7] ; ddfs:inst15|freq_divider_DDFS:f_div_inst|count[19] ; ddfs:inst15|freq_divider_DDFS:f_div_inst|count[19] ; 20.000       ; -3.597     ; 10.453     ;
; 3.950 ; ddfs:inst15|sin_lut:lut_inst|altsyncram:rom_rtl_0|altsyncram_qm81:auto_generated|ram_block1a4~porta_address_reg5 ; VGA_R[7] ; ddfs:inst15|freq_divider_DDFS:f_div_inst|count[19] ; ddfs:inst15|freq_divider_DDFS:f_div_inst|count[19] ; 20.000       ; -3.597     ; 10.453     ;
; 3.950 ; ddfs:inst15|sin_lut:lut_inst|altsyncram:rom_rtl_0|altsyncram_qm81:auto_generated|ram_block1a4~porta_address_reg6 ; VGA_R[7] ; ddfs:inst15|freq_divider_DDFS:f_div_inst|count[19] ; ddfs:inst15|freq_divider_DDFS:f_div_inst|count[19] ; 20.000       ; -3.597     ; 10.453     ;
; 3.950 ; ddfs:inst15|sin_lut:lut_inst|altsyncram:rom_rtl_0|altsyncram_qm81:auto_generated|ram_block1a4~porta_address_reg7 ; VGA_R[7] ; ddfs:inst15|freq_divider_DDFS:f_div_inst|count[19] ; ddfs:inst15|freq_divider_DDFS:f_div_inst|count[19] ; 20.000       ; -3.597     ; 10.453     ;
; 3.950 ; ddfs:inst15|sin_lut:lut_inst|altsyncram:rom_rtl_0|altsyncram_qm81:auto_generated|ram_block1a4~porta_address_reg8 ; VGA_R[7] ; ddfs:inst15|freq_divider_DDFS:f_div_inst|count[19] ; ddfs:inst15|freq_divider_DDFS:f_div_inst|count[19] ; 20.000       ; -3.597     ; 10.453     ;
; 3.950 ; ddfs:inst15|sin_lut:lut_inst|altsyncram:rom_rtl_0|altsyncram_qm81:auto_generated|ram_block1a4~porta_address_reg9 ; VGA_R[7] ; ddfs:inst15|freq_divider_DDFS:f_div_inst|count[19] ; ddfs:inst15|freq_divider_DDFS:f_div_inst|count[19] ; 20.000       ; -3.597     ; 10.453     ;
; 3.981 ; ddfs:inst15|sin_lut:lut_inst|altsyncram:rom_rtl_0|altsyncram_qm81:auto_generated|ram_block1a1~porta_address_reg0 ; VGA_R[4] ; ddfs:inst15|freq_divider_DDFS:f_div_inst|count[19] ; ddfs:inst15|freq_divider_DDFS:f_div_inst|count[19] ; 20.000       ; -3.589     ; 10.430     ;
; 3.981 ; ddfs:inst15|sin_lut:lut_inst|altsyncram:rom_rtl_0|altsyncram_qm81:auto_generated|ram_block1a1~porta_address_reg1 ; VGA_R[4] ; ddfs:inst15|freq_divider_DDFS:f_div_inst|count[19] ; ddfs:inst15|freq_divider_DDFS:f_div_inst|count[19] ; 20.000       ; -3.589     ; 10.430     ;
; 3.981 ; ddfs:inst15|sin_lut:lut_inst|altsyncram:rom_rtl_0|altsyncram_qm81:auto_generated|ram_block1a1~porta_address_reg2 ; VGA_R[4] ; ddfs:inst15|freq_divider_DDFS:f_div_inst|count[19] ; ddfs:inst15|freq_divider_DDFS:f_div_inst|count[19] ; 20.000       ; -3.589     ; 10.430     ;
; 3.981 ; ddfs:inst15|sin_lut:lut_inst|altsyncram:rom_rtl_0|altsyncram_qm81:auto_generated|ram_block1a1~porta_address_reg3 ; VGA_R[4] ; ddfs:inst15|freq_divider_DDFS:f_div_inst|count[19] ; ddfs:inst15|freq_divider_DDFS:f_div_inst|count[19] ; 20.000       ; -3.589     ; 10.430     ;
; 3.981 ; ddfs:inst15|sin_lut:lut_inst|altsyncram:rom_rtl_0|altsyncram_qm81:auto_generated|ram_block1a1~porta_address_reg4 ; VGA_R[4] ; ddfs:inst15|freq_divider_DDFS:f_div_inst|count[19] ; ddfs:inst15|freq_divider_DDFS:f_div_inst|count[19] ; 20.000       ; -3.589     ; 10.430     ;
; 3.981 ; ddfs:inst15|sin_lut:lut_inst|altsyncram:rom_rtl_0|altsyncram_qm81:auto_generated|ram_block1a1~porta_address_reg5 ; VGA_R[4] ; ddfs:inst15|freq_divider_DDFS:f_div_inst|count[19] ; ddfs:inst15|freq_divider_DDFS:f_div_inst|count[19] ; 20.000       ; -3.589     ; 10.430     ;
; 3.981 ; ddfs:inst15|sin_lut:lut_inst|altsyncram:rom_rtl_0|altsyncram_qm81:auto_generated|ram_block1a1~porta_address_reg6 ; VGA_R[4] ; ddfs:inst15|freq_divider_DDFS:f_div_inst|count[19] ; ddfs:inst15|freq_divider_DDFS:f_div_inst|count[19] ; 20.000       ; -3.589     ; 10.430     ;
; 3.981 ; ddfs:inst15|sin_lut:lut_inst|altsyncram:rom_rtl_0|altsyncram_qm81:auto_generated|ram_block1a1~porta_address_reg7 ; VGA_R[4] ; ddfs:inst15|freq_divider_DDFS:f_div_inst|count[19] ; ddfs:inst15|freq_divider_DDFS:f_div_inst|count[19] ; 20.000       ; -3.589     ; 10.430     ;
; 3.981 ; ddfs:inst15|sin_lut:lut_inst|altsyncram:rom_rtl_0|altsyncram_qm81:auto_generated|ram_block1a1~porta_address_reg8 ; VGA_R[4] ; ddfs:inst15|freq_divider_DDFS:f_div_inst|count[19] ; ddfs:inst15|freq_divider_DDFS:f_div_inst|count[19] ; 20.000       ; -3.589     ; 10.430     ;
; 3.981 ; ddfs:inst15|sin_lut:lut_inst|altsyncram:rom_rtl_0|altsyncram_qm81:auto_generated|ram_block1a1~porta_address_reg9 ; VGA_R[4] ; ddfs:inst15|freq_divider_DDFS:f_div_inst|count[19] ; ddfs:inst15|freq_divider_DDFS:f_div_inst|count[19] ; 20.000       ; -3.589     ; 10.430     ;
; 4.030 ; ddfs:inst15|sin_lut:lut_inst|altsyncram:rom_rtl_0|altsyncram_qm81:auto_generated|ram_block1a1~porta_address_reg0 ; VGA_R[1] ; ddfs:inst15|freq_divider_DDFS:f_div_inst|count[19] ; ddfs:inst15|freq_divider_DDFS:f_div_inst|count[19] ; 20.000       ; -3.589     ; 10.381     ;
; 4.030 ; ddfs:inst15|sin_lut:lut_inst|altsyncram:rom_rtl_0|altsyncram_qm81:auto_generated|ram_block1a1~porta_address_reg1 ; VGA_R[1] ; ddfs:inst15|freq_divider_DDFS:f_div_inst|count[19] ; ddfs:inst15|freq_divider_DDFS:f_div_inst|count[19] ; 20.000       ; -3.589     ; 10.381     ;
; 4.030 ; ddfs:inst15|sin_lut:lut_inst|altsyncram:rom_rtl_0|altsyncram_qm81:auto_generated|ram_block1a1~porta_address_reg2 ; VGA_R[1] ; ddfs:inst15|freq_divider_DDFS:f_div_inst|count[19] ; ddfs:inst15|freq_divider_DDFS:f_div_inst|count[19] ; 20.000       ; -3.589     ; 10.381     ;
; 4.030 ; ddfs:inst15|sin_lut:lut_inst|altsyncram:rom_rtl_0|altsyncram_qm81:auto_generated|ram_block1a1~porta_address_reg3 ; VGA_R[1] ; ddfs:inst15|freq_divider_DDFS:f_div_inst|count[19] ; ddfs:inst15|freq_divider_DDFS:f_div_inst|count[19] ; 20.000       ; -3.589     ; 10.381     ;
; 4.030 ; ddfs:inst15|sin_lut:lut_inst|altsyncram:rom_rtl_0|altsyncram_qm81:auto_generated|ram_block1a1~porta_address_reg4 ; VGA_R[1] ; ddfs:inst15|freq_divider_DDFS:f_div_inst|count[19] ; ddfs:inst15|freq_divider_DDFS:f_div_inst|count[19] ; 20.000       ; -3.589     ; 10.381     ;
; 4.030 ; ddfs:inst15|sin_lut:lut_inst|altsyncram:rom_rtl_0|altsyncram_qm81:auto_generated|ram_block1a1~porta_address_reg5 ; VGA_R[1] ; ddfs:inst15|freq_divider_DDFS:f_div_inst|count[19] ; ddfs:inst15|freq_divider_DDFS:f_div_inst|count[19] ; 20.000       ; -3.589     ; 10.381     ;
; 4.030 ; ddfs:inst15|sin_lut:lut_inst|altsyncram:rom_rtl_0|altsyncram_qm81:auto_generated|ram_block1a1~porta_address_reg6 ; VGA_R[1] ; ddfs:inst15|freq_divider_DDFS:f_div_inst|count[19] ; ddfs:inst15|freq_divider_DDFS:f_div_inst|count[19] ; 20.000       ; -3.589     ; 10.381     ;
; 4.030 ; ddfs:inst15|sin_lut:lut_inst|altsyncram:rom_rtl_0|altsyncram_qm81:auto_generated|ram_block1a1~porta_address_reg7 ; VGA_R[1] ; ddfs:inst15|freq_divider_DDFS:f_div_inst|count[19] ; ddfs:inst15|freq_divider_DDFS:f_div_inst|count[19] ; 20.000       ; -3.589     ; 10.381     ;
; 4.030 ; ddfs:inst15|sin_lut:lut_inst|altsyncram:rom_rtl_0|altsyncram_qm81:auto_generated|ram_block1a1~porta_address_reg8 ; VGA_R[1] ; ddfs:inst15|freq_divider_DDFS:f_div_inst|count[19] ; ddfs:inst15|freq_divider_DDFS:f_div_inst|count[19] ; 20.000       ; -3.589     ; 10.381     ;
+-------+------------------------------------------------------------------------------------------------------------------+----------+----------------------------------------------------+----------------------------------------------------+--------------+------------+------------+


+-------------------------------------------------------------------------------------------------------------------------------------------------------------------------------------------------------------------------------+
; Slow Model Setup: 'inst|altpll_component|pll|clk[0]'                                                                                                                                                                          ;
+-------+---------------------------------------------------+----------------------------------------------------+----------------------------------+----------------------------------+--------------+------------+------------+
; Slack ; From Node                                         ; To Node                                            ; Launch Clock                     ; Latch Clock                      ; Relationship ; Clock Skew ; Data Delay ;
+-------+---------------------------------------------------+----------------------------------------------------+----------------------------------+----------------------------------+--------------+------------+------------+
; 3.075 ; metastab_3xdff:inst4|freq_control_sync[1]         ; ddfs:inst15|freq_divider_DDFS:f_div_inst|count[1]  ; inst|altpll_component|pll|clk[0] ; inst|altpll_component|pll|clk[0] ; 10.000       ; 0.000      ; 6.961      ;
; 3.076 ; metastab_3xdff:inst4|freq_control_sync[1]         ; ddfs:inst15|freq_divider_DDFS:f_div_inst|count[6]  ; inst|altpll_component|pll|clk[0] ; inst|altpll_component|pll|clk[0] ; 10.000       ; 0.000      ; 6.960      ;
; 3.102 ; metastab_3xdff:inst4|freq_control_sync[1]         ; ddfs:inst15|freq_divider_DDFS:f_div_inst|count[5]  ; inst|altpll_component|pll|clk[0] ; inst|altpll_component|pll|clk[0] ; 10.000       ; 0.000      ; 6.934      ;
; 3.102 ; metastab_3xdff:inst4|freq_control_sync[1]         ; ddfs:inst15|freq_divider_DDFS:f_div_inst|count[9]  ; inst|altpll_component|pll|clk[0] ; inst|altpll_component|pll|clk[0] ; 10.000       ; 0.000      ; 6.934      ;
; 3.103 ; metastab_3xdff:inst4|freq_control_sync[1]         ; ddfs:inst15|freq_divider_DDFS:f_div_inst|count[0]  ; inst|altpll_component|pll|clk[0] ; inst|altpll_component|pll|clk[0] ; 10.000       ; 0.000      ; 6.933      ;
; 3.244 ; metastab_3xdff:inst4|freq_control_sync[2]         ; ddfs:inst15|freq_divider_DDFS:f_div_inst|count[1]  ; inst|altpll_component|pll|clk[0] ; inst|altpll_component|pll|clk[0] ; 10.000       ; 0.000      ; 6.792      ;
; 3.245 ; metastab_3xdff:inst4|freq_control_sync[2]         ; ddfs:inst15|freq_divider_DDFS:f_div_inst|count[6]  ; inst|altpll_component|pll|clk[0] ; inst|altpll_component|pll|clk[0] ; 10.000       ; 0.000      ; 6.791      ;
; 3.254 ; metastab_3xdff:inst4|freq_control_sync[1]         ; ddfs:inst15|freq_divider_DDFS:f_div_inst|count[8]  ; inst|altpll_component|pll|clk[0] ; inst|altpll_component|pll|clk[0] ; 10.000       ; 0.000      ; 6.782      ;
; 3.271 ; metastab_3xdff:inst4|freq_control_sync[2]         ; ddfs:inst15|freq_divider_DDFS:f_div_inst|count[5]  ; inst|altpll_component|pll|clk[0] ; inst|altpll_component|pll|clk[0] ; 10.000       ; 0.000      ; 6.765      ;
; 3.271 ; metastab_3xdff:inst4|freq_control_sync[2]         ; ddfs:inst15|freq_divider_DDFS:f_div_inst|count[9]  ; inst|altpll_component|pll|clk[0] ; inst|altpll_component|pll|clk[0] ; 10.000       ; 0.000      ; 6.765      ;
; 3.272 ; metastab_3xdff:inst4|freq_control_sync[2]         ; ddfs:inst15|freq_divider_DDFS:f_div_inst|count[0]  ; inst|altpll_component|pll|clk[0] ; inst|altpll_component|pll|clk[0] ; 10.000       ; 0.000      ; 6.764      ;
; 3.361 ; metastab_3xdff:inst4|freq_control_sync[0]         ; ddfs:inst15|freq_divider_DDFS:f_div_inst|count[1]  ; inst|altpll_component|pll|clk[0] ; inst|altpll_component|pll|clk[0] ; 10.000       ; 0.000      ; 6.675      ;
; 3.362 ; metastab_3xdff:inst4|freq_control_sync[0]         ; ddfs:inst15|freq_divider_DDFS:f_div_inst|count[6]  ; inst|altpll_component|pll|clk[0] ; inst|altpll_component|pll|clk[0] ; 10.000       ; 0.000      ; 6.674      ;
; 3.388 ; metastab_3xdff:inst4|freq_control_sync[0]         ; ddfs:inst15|freq_divider_DDFS:f_div_inst|count[5]  ; inst|altpll_component|pll|clk[0] ; inst|altpll_component|pll|clk[0] ; 10.000       ; 0.000      ; 6.648      ;
; 3.388 ; metastab_3xdff:inst4|freq_control_sync[0]         ; ddfs:inst15|freq_divider_DDFS:f_div_inst|count[9]  ; inst|altpll_component|pll|clk[0] ; inst|altpll_component|pll|clk[0] ; 10.000       ; 0.000      ; 6.648      ;
; 3.389 ; metastab_3xdff:inst4|freq_control_sync[0]         ; ddfs:inst15|freq_divider_DDFS:f_div_inst|count[0]  ; inst|altpll_component|pll|clk[0] ; inst|altpll_component|pll|clk[0] ; 10.000       ; 0.000      ; 6.647      ;
; 3.423 ; metastab_3xdff:inst4|freq_control_sync[2]         ; ddfs:inst15|freq_divider_DDFS:f_div_inst|count[8]  ; inst|altpll_component|pll|clk[0] ; inst|altpll_component|pll|clk[0] ; 10.000       ; 0.000      ; 6.613      ;
; 3.459 ; metastab_3xdff:inst4|freq_control_sync[1]         ; ddfs:inst15|freq_divider_DDFS:f_div_inst|count[18] ; inst|altpll_component|pll|clk[0] ; inst|altpll_component|pll|clk[0] ; 10.000       ; 0.011      ; 6.588      ;
; 3.460 ; metastab_3xdff:inst4|freq_control_sync[1]         ; ddfs:inst15|freq_divider_DDFS:f_div_inst|count[17] ; inst|altpll_component|pll|clk[0] ; inst|altpll_component|pll|clk[0] ; 10.000       ; 0.011      ; 6.587      ;
; 3.540 ; metastab_3xdff:inst4|freq_control_sync[0]         ; ddfs:inst15|freq_divider_DDFS:f_div_inst|count[8]  ; inst|altpll_component|pll|clk[0] ; inst|altpll_component|pll|clk[0] ; 10.000       ; 0.000      ; 6.496      ;
; 3.628 ; metastab_3xdff:inst4|freq_control_sync[2]         ; ddfs:inst15|freq_divider_DDFS:f_div_inst|count[18] ; inst|altpll_component|pll|clk[0] ; inst|altpll_component|pll|clk[0] ; 10.000       ; 0.011      ; 6.419      ;
; 3.629 ; metastab_3xdff:inst4|freq_control_sync[2]         ; ddfs:inst15|freq_divider_DDFS:f_div_inst|count[17] ; inst|altpll_component|pll|clk[0] ; inst|altpll_component|pll|clk[0] ; 10.000       ; 0.011      ; 6.418      ;
; 3.642 ; metastab_3xdff:inst4|freq_control_sync[1]         ; ddfs:inst15|freq_divider_DDFS:f_div_inst|count[4]  ; inst|altpll_component|pll|clk[0] ; inst|altpll_component|pll|clk[0] ; 10.000       ; 0.011      ; 6.405      ;
; 3.745 ; metastab_3xdff:inst4|freq_control_sync[0]         ; ddfs:inst15|freq_divider_DDFS:f_div_inst|count[18] ; inst|altpll_component|pll|clk[0] ; inst|altpll_component|pll|clk[0] ; 10.000       ; 0.011      ; 6.302      ;
; 3.746 ; metastab_3xdff:inst4|freq_control_sync[0]         ; ddfs:inst15|freq_divider_DDFS:f_div_inst|count[17] ; inst|altpll_component|pll|clk[0] ; inst|altpll_component|pll|clk[0] ; 10.000       ; 0.011      ; 6.301      ;
; 3.773 ; metastab_3xdff:inst4|freq_control_sync[1]         ; ddfs:inst15|freq_divider_DDFS:f_div_inst|count[2]  ; inst|altpll_component|pll|clk[0] ; inst|altpll_component|pll|clk[0] ; 10.000       ; 0.011      ; 6.274      ;
; 3.773 ; metastab_3xdff:inst4|freq_control_sync[1]         ; ddfs:inst15|freq_divider_DDFS:f_div_inst|count[15] ; inst|altpll_component|pll|clk[0] ; inst|altpll_component|pll|clk[0] ; 10.000       ; 0.011      ; 6.274      ;
; 3.774 ; metastab_3xdff:inst4|freq_control_sync[1]         ; ddfs:inst15|freq_divider_DDFS:f_div_inst|count[3]  ; inst|altpll_component|pll|clk[0] ; inst|altpll_component|pll|clk[0] ; 10.000       ; 0.011      ; 6.273      ;
; 3.811 ; metastab_3xdff:inst4|freq_control_sync[2]         ; ddfs:inst15|freq_divider_DDFS:f_div_inst|count[4]  ; inst|altpll_component|pll|clk[0] ; inst|altpll_component|pll|clk[0] ; 10.000       ; 0.011      ; 6.236      ;
; 3.821 ; metastab_3xdff:inst4|freq_control_sync[1]         ; ddfs:inst15|freq_divider_DDFS:f_div_inst|count[11] ; inst|altpll_component|pll|clk[0] ; inst|altpll_component|pll|clk[0] ; 10.000       ; 0.011      ; 6.226      ;
; 3.919 ; metastab_3xdff:inst4|freq_control_sync[1]         ; ddfs:inst15|freq_divider_DDFS:f_div_inst|count[12] ; inst|altpll_component|pll|clk[0] ; inst|altpll_component|pll|clk[0] ; 10.000       ; 0.011      ; 6.128      ;
; 3.920 ; metastab_3xdff:inst4|freq_control_sync[1]         ; ddfs:inst15|freq_divider_DDFS:f_div_inst|count[14] ; inst|altpll_component|pll|clk[0] ; inst|altpll_component|pll|clk[0] ; 10.000       ; 0.011      ; 6.127      ;
; 3.928 ; metastab_3xdff:inst4|freq_control_sync[0]         ; ddfs:inst15|freq_divider_DDFS:f_div_inst|count[4]  ; inst|altpll_component|pll|clk[0] ; inst|altpll_component|pll|clk[0] ; 10.000       ; 0.011      ; 6.119      ;
; 3.934 ; metastab_3xdff:inst4|freq_control_sync[1]         ; ddfs:inst15|freq_divider_DDFS:f_div_inst|count[13] ; inst|altpll_component|pll|clk[0] ; inst|altpll_component|pll|clk[0] ; 10.000       ; 0.011      ; 6.113      ;
; 3.935 ; metastab_3xdff:inst4|freq_control_sync[1]         ; ddfs:inst15|freq_divider_DDFS:f_div_inst|count[16] ; inst|altpll_component|pll|clk[0] ; inst|altpll_component|pll|clk[0] ; 10.000       ; 0.011      ; 6.112      ;
; 3.942 ; metastab_3xdff:inst4|freq_control_sync[2]         ; ddfs:inst15|freq_divider_DDFS:f_div_inst|count[2]  ; inst|altpll_component|pll|clk[0] ; inst|altpll_component|pll|clk[0] ; 10.000       ; 0.011      ; 6.105      ;
; 3.942 ; metastab_3xdff:inst4|freq_control_sync[2]         ; ddfs:inst15|freq_divider_DDFS:f_div_inst|count[15] ; inst|altpll_component|pll|clk[0] ; inst|altpll_component|pll|clk[0] ; 10.000       ; 0.011      ; 6.105      ;
; 3.943 ; metastab_3xdff:inst4|freq_control_sync[2]         ; ddfs:inst15|freq_divider_DDFS:f_div_inst|count[3]  ; inst|altpll_component|pll|clk[0] ; inst|altpll_component|pll|clk[0] ; 10.000       ; 0.011      ; 6.104      ;
; 3.990 ; metastab_3xdff:inst4|freq_control_sync[2]         ; ddfs:inst15|freq_divider_DDFS:f_div_inst|count[11] ; inst|altpll_component|pll|clk[0] ; inst|altpll_component|pll|clk[0] ; 10.000       ; 0.011      ; 6.057      ;
; 4.059 ; metastab_3xdff:inst4|freq_control_sync[0]         ; ddfs:inst15|freq_divider_DDFS:f_div_inst|count[2]  ; inst|altpll_component|pll|clk[0] ; inst|altpll_component|pll|clk[0] ; 10.000       ; 0.011      ; 5.988      ;
; 4.059 ; metastab_3xdff:inst4|freq_control_sync[0]         ; ddfs:inst15|freq_divider_DDFS:f_div_inst|count[15] ; inst|altpll_component|pll|clk[0] ; inst|altpll_component|pll|clk[0] ; 10.000       ; 0.011      ; 5.988      ;
; 4.060 ; metastab_3xdff:inst4|freq_control_sync[0]         ; ddfs:inst15|freq_divider_DDFS:f_div_inst|count[3]  ; inst|altpll_component|pll|clk[0] ; inst|altpll_component|pll|clk[0] ; 10.000       ; 0.011      ; 5.987      ;
; 4.080 ; metastab_3xdff:inst4|freq_control_sync[1]         ; ddfs:inst15|freq_divider_DDFS:f_div_inst|count[19] ; inst|altpll_component|pll|clk[0] ; inst|altpll_component|pll|clk[0] ; 10.000       ; 0.011      ; 5.967      ;
; 4.088 ; metastab_3xdff:inst4|freq_control_sync[2]         ; ddfs:inst15|freq_divider_DDFS:f_div_inst|count[12] ; inst|altpll_component|pll|clk[0] ; inst|altpll_component|pll|clk[0] ; 10.000       ; 0.011      ; 5.959      ;
; 4.089 ; metastab_3xdff:inst4|freq_control_sync[2]         ; ddfs:inst15|freq_divider_DDFS:f_div_inst|count[14] ; inst|altpll_component|pll|clk[0] ; inst|altpll_component|pll|clk[0] ; 10.000       ; 0.011      ; 5.958      ;
; 4.103 ; metastab_3xdff:inst4|freq_control_sync[2]         ; ddfs:inst15|freq_divider_DDFS:f_div_inst|count[13] ; inst|altpll_component|pll|clk[0] ; inst|altpll_component|pll|clk[0] ; 10.000       ; 0.011      ; 5.944      ;
; 4.104 ; metastab_3xdff:inst4|freq_control_sync[2]         ; ddfs:inst15|freq_divider_DDFS:f_div_inst|count[16] ; inst|altpll_component|pll|clk[0] ; inst|altpll_component|pll|clk[0] ; 10.000       ; 0.011      ; 5.943      ;
; 4.107 ; metastab_3xdff:inst4|freq_control_sync[0]         ; ddfs:inst15|freq_divider_DDFS:f_div_inst|count[11] ; inst|altpll_component|pll|clk[0] ; inst|altpll_component|pll|clk[0] ; 10.000       ; 0.011      ; 5.940      ;
; 4.205 ; metastab_3xdff:inst4|freq_control_sync[0]         ; ddfs:inst15|freq_divider_DDFS:f_div_inst|count[12] ; inst|altpll_component|pll|clk[0] ; inst|altpll_component|pll|clk[0] ; 10.000       ; 0.011      ; 5.842      ;
; 4.206 ; metastab_3xdff:inst4|freq_control_sync[0]         ; ddfs:inst15|freq_divider_DDFS:f_div_inst|count[14] ; inst|altpll_component|pll|clk[0] ; inst|altpll_component|pll|clk[0] ; 10.000       ; 0.011      ; 5.841      ;
; 4.220 ; metastab_3xdff:inst4|freq_control_sync[0]         ; ddfs:inst15|freq_divider_DDFS:f_div_inst|count[13] ; inst|altpll_component|pll|clk[0] ; inst|altpll_component|pll|clk[0] ; 10.000       ; 0.011      ; 5.827      ;
; 4.221 ; metastab_3xdff:inst4|freq_control_sync[0]         ; ddfs:inst15|freq_divider_DDFS:f_div_inst|count[16] ; inst|altpll_component|pll|clk[0] ; inst|altpll_component|pll|clk[0] ; 10.000       ; 0.011      ; 5.826      ;
; 4.249 ; metastab_3xdff:inst4|freq_control_sync[2]         ; ddfs:inst15|freq_divider_DDFS:f_div_inst|count[19] ; inst|altpll_component|pll|clk[0] ; inst|altpll_component|pll|clk[0] ; 10.000       ; 0.011      ; 5.798      ;
; 4.351 ; metastab_3xdff:inst4|freq_control_sync[1]         ; ddfs:inst15|freq_divider_DDFS:f_div_inst|count[7]  ; inst|altpll_component|pll|clk[0] ; inst|altpll_component|pll|clk[0] ; 10.000       ; 0.011      ; 5.696      ;
; 4.353 ; metastab_3xdff:inst4|freq_control_sync[1]         ; ddfs:inst15|freq_divider_DDFS:f_div_inst|count[10] ; inst|altpll_component|pll|clk[0] ; inst|altpll_component|pll|clk[0] ; 10.000       ; 0.011      ; 5.694      ;
; 4.366 ; metastab_3xdff:inst4|freq_control_sync[0]         ; ddfs:inst15|freq_divider_DDFS:f_div_inst|count[19] ; inst|altpll_component|pll|clk[0] ; inst|altpll_component|pll|clk[0] ; 10.000       ; 0.011      ; 5.681      ;
; 4.520 ; metastab_3xdff:inst4|freq_control_sync[2]         ; ddfs:inst15|freq_divider_DDFS:f_div_inst|count[7]  ; inst|altpll_component|pll|clk[0] ; inst|altpll_component|pll|clk[0] ; 10.000       ; 0.011      ; 5.527      ;
; 4.522 ; metastab_3xdff:inst4|freq_control_sync[2]         ; ddfs:inst15|freq_divider_DDFS:f_div_inst|count[10] ; inst|altpll_component|pll|clk[0] ; inst|altpll_component|pll|clk[0] ; 10.000       ; 0.011      ; 5.525      ;
; 4.637 ; metastab_3xdff:inst4|freq_control_sync[0]         ; ddfs:inst15|freq_divider_DDFS:f_div_inst|count[7]  ; inst|altpll_component|pll|clk[0] ; inst|altpll_component|pll|clk[0] ; 10.000       ; 0.011      ; 5.410      ;
; 4.639 ; metastab_3xdff:inst4|freq_control_sync[0]         ; ddfs:inst15|freq_divider_DDFS:f_div_inst|count[10] ; inst|altpll_component|pll|clk[0] ; inst|altpll_component|pll|clk[0] ; 10.000       ; 0.011      ; 5.408      ;
; 5.026 ; ddfs:inst15|freq_divider_DDFS:f_div_inst|count[4] ; ddfs:inst15|freq_divider_DDFS:f_div_inst|count[1]  ; inst|altpll_component|pll|clk[0] ; inst|altpll_component|pll|clk[0] ; 10.000       ; -0.011     ; 4.999      ;
; 5.027 ; ddfs:inst15|freq_divider_DDFS:f_div_inst|count[4] ; ddfs:inst15|freq_divider_DDFS:f_div_inst|count[6]  ; inst|altpll_component|pll|clk[0] ; inst|altpll_component|pll|clk[0] ; 10.000       ; -0.011     ; 4.998      ;
; 5.053 ; ddfs:inst15|freq_divider_DDFS:f_div_inst|count[4] ; ddfs:inst15|freq_divider_DDFS:f_div_inst|count[5]  ; inst|altpll_component|pll|clk[0] ; inst|altpll_component|pll|clk[0] ; 10.000       ; -0.011     ; 4.972      ;
; 5.053 ; ddfs:inst15|freq_divider_DDFS:f_div_inst|count[4] ; ddfs:inst15|freq_divider_DDFS:f_div_inst|count[9]  ; inst|altpll_component|pll|clk[0] ; inst|altpll_component|pll|clk[0] ; 10.000       ; -0.011     ; 4.972      ;
; 5.054 ; ddfs:inst15|freq_divider_DDFS:f_div_inst|count[4] ; ddfs:inst15|freq_divider_DDFS:f_div_inst|count[0]  ; inst|altpll_component|pll|clk[0] ; inst|altpll_component|pll|clk[0] ; 10.000       ; -0.011     ; 4.971      ;
; 5.065 ; ddfs:inst15|freq_divider_DDFS:f_div_inst|count[2] ; ddfs:inst15|freq_divider_DDFS:f_div_inst|count[1]  ; inst|altpll_component|pll|clk[0] ; inst|altpll_component|pll|clk[0] ; 10.000       ; -0.011     ; 4.960      ;
; 5.066 ; ddfs:inst15|freq_divider_DDFS:f_div_inst|count[2] ; ddfs:inst15|freq_divider_DDFS:f_div_inst|count[6]  ; inst|altpll_component|pll|clk[0] ; inst|altpll_component|pll|clk[0] ; 10.000       ; -0.011     ; 4.959      ;
; 5.092 ; ddfs:inst15|freq_divider_DDFS:f_div_inst|count[2] ; ddfs:inst15|freq_divider_DDFS:f_div_inst|count[5]  ; inst|altpll_component|pll|clk[0] ; inst|altpll_component|pll|clk[0] ; 10.000       ; -0.011     ; 4.933      ;
; 5.092 ; ddfs:inst15|freq_divider_DDFS:f_div_inst|count[2] ; ddfs:inst15|freq_divider_DDFS:f_div_inst|count[9]  ; inst|altpll_component|pll|clk[0] ; inst|altpll_component|pll|clk[0] ; 10.000       ; -0.011     ; 4.933      ;
; 5.093 ; ddfs:inst15|freq_divider_DDFS:f_div_inst|count[2] ; ddfs:inst15|freq_divider_DDFS:f_div_inst|count[0]  ; inst|altpll_component|pll|clk[0] ; inst|altpll_component|pll|clk[0] ; 10.000       ; -0.011     ; 4.932      ;
; 5.163 ; ddfs:inst15|freq_divider_DDFS:f_div_inst|count[3] ; ddfs:inst15|freq_divider_DDFS:f_div_inst|count[1]  ; inst|altpll_component|pll|clk[0] ; inst|altpll_component|pll|clk[0] ; 10.000       ; -0.011     ; 4.862      ;
; 5.164 ; ddfs:inst15|freq_divider_DDFS:f_div_inst|count[3] ; ddfs:inst15|freq_divider_DDFS:f_div_inst|count[6]  ; inst|altpll_component|pll|clk[0] ; inst|altpll_component|pll|clk[0] ; 10.000       ; -0.011     ; 4.861      ;
; 5.179 ; ddfs:inst15|freq_divider_DDFS:f_div_inst|count[0] ; ddfs:inst15|freq_divider_DDFS:f_div_inst|count[1]  ; inst|altpll_component|pll|clk[0] ; inst|altpll_component|pll|clk[0] ; 10.000       ; 0.000      ; 4.857      ;
; 5.180 ; ddfs:inst15|freq_divider_DDFS:f_div_inst|count[0] ; ddfs:inst15|freq_divider_DDFS:f_div_inst|count[6]  ; inst|altpll_component|pll|clk[0] ; inst|altpll_component|pll|clk[0] ; 10.000       ; 0.000      ; 4.856      ;
; 5.190 ; ddfs:inst15|freq_divider_DDFS:f_div_inst|count[3] ; ddfs:inst15|freq_divider_DDFS:f_div_inst|count[5]  ; inst|altpll_component|pll|clk[0] ; inst|altpll_component|pll|clk[0] ; 10.000       ; -0.011     ; 4.835      ;
; 5.190 ; ddfs:inst15|freq_divider_DDFS:f_div_inst|count[3] ; ddfs:inst15|freq_divider_DDFS:f_div_inst|count[9]  ; inst|altpll_component|pll|clk[0] ; inst|altpll_component|pll|clk[0] ; 10.000       ; -0.011     ; 4.835      ;
; 5.191 ; ddfs:inst15|freq_divider_DDFS:f_div_inst|count[3] ; ddfs:inst15|freq_divider_DDFS:f_div_inst|count[0]  ; inst|altpll_component|pll|clk[0] ; inst|altpll_component|pll|clk[0] ; 10.000       ; -0.011     ; 4.834      ;
; 5.205 ; ddfs:inst15|freq_divider_DDFS:f_div_inst|count[4] ; ddfs:inst15|freq_divider_DDFS:f_div_inst|count[8]  ; inst|altpll_component|pll|clk[0] ; inst|altpll_component|pll|clk[0] ; 10.000       ; -0.011     ; 4.820      ;
; 5.206 ; ddfs:inst15|freq_divider_DDFS:f_div_inst|count[0] ; ddfs:inst15|freq_divider_DDFS:f_div_inst|count[5]  ; inst|altpll_component|pll|clk[0] ; inst|altpll_component|pll|clk[0] ; 10.000       ; 0.000      ; 4.830      ;
; 5.206 ; ddfs:inst15|freq_divider_DDFS:f_div_inst|count[0] ; ddfs:inst15|freq_divider_DDFS:f_div_inst|count[9]  ; inst|altpll_component|pll|clk[0] ; inst|altpll_component|pll|clk[0] ; 10.000       ; 0.000      ; 4.830      ;
; 5.207 ; ddfs:inst15|freq_divider_DDFS:f_div_inst|count[0] ; ddfs:inst15|freq_divider_DDFS:f_div_inst|count[0]  ; inst|altpll_component|pll|clk[0] ; inst|altpll_component|pll|clk[0] ; 10.000       ; 0.000      ; 4.829      ;
; 5.215 ; ddfs:inst15|freq_divider_DDFS:f_div_inst|count[7] ; ddfs:inst15|freq_divider_DDFS:f_div_inst|count[1]  ; inst|altpll_component|pll|clk[0] ; inst|altpll_component|pll|clk[0] ; 10.000       ; -0.011     ; 4.810      ;
; 5.216 ; ddfs:inst15|freq_divider_DDFS:f_div_inst|count[7] ; ddfs:inst15|freq_divider_DDFS:f_div_inst|count[6]  ; inst|altpll_component|pll|clk[0] ; inst|altpll_component|pll|clk[0] ; 10.000       ; -0.011     ; 4.809      ;
; 5.242 ; ddfs:inst15|freq_divider_DDFS:f_div_inst|count[7] ; ddfs:inst15|freq_divider_DDFS:f_div_inst|count[5]  ; inst|altpll_component|pll|clk[0] ; inst|altpll_component|pll|clk[0] ; 10.000       ; -0.011     ; 4.783      ;
; 5.242 ; ddfs:inst15|freq_divider_DDFS:f_div_inst|count[7] ; ddfs:inst15|freq_divider_DDFS:f_div_inst|count[9]  ; inst|altpll_component|pll|clk[0] ; inst|altpll_component|pll|clk[0] ; 10.000       ; -0.011     ; 4.783      ;
; 5.243 ; ddfs:inst15|freq_divider_DDFS:f_div_inst|count[7] ; ddfs:inst15|freq_divider_DDFS:f_div_inst|count[0]  ; inst|altpll_component|pll|clk[0] ; inst|altpll_component|pll|clk[0] ; 10.000       ; -0.011     ; 4.782      ;
; 5.243 ; ddfs:inst15|freq_divider_DDFS:f_div_inst|count[1] ; ddfs:inst15|freq_divider_DDFS:f_div_inst|count[1]  ; inst|altpll_component|pll|clk[0] ; inst|altpll_component|pll|clk[0] ; 10.000       ; 0.000      ; 4.793      ;
; 5.244 ; ddfs:inst15|freq_divider_DDFS:f_div_inst|count[2] ; ddfs:inst15|freq_divider_DDFS:f_div_inst|count[8]  ; inst|altpll_component|pll|clk[0] ; inst|altpll_component|pll|clk[0] ; 10.000       ; -0.011     ; 4.781      ;
; 5.244 ; ddfs:inst15|freq_divider_DDFS:f_div_inst|count[1] ; ddfs:inst15|freq_divider_DDFS:f_div_inst|count[6]  ; inst|altpll_component|pll|clk[0] ; inst|altpll_component|pll|clk[0] ; 10.000       ; 0.000      ; 4.792      ;
; 5.270 ; ddfs:inst15|freq_divider_DDFS:f_div_inst|count[1] ; ddfs:inst15|freq_divider_DDFS:f_div_inst|count[5]  ; inst|altpll_component|pll|clk[0] ; inst|altpll_component|pll|clk[0] ; 10.000       ; 0.000      ; 4.766      ;
; 5.270 ; ddfs:inst15|freq_divider_DDFS:f_div_inst|count[1] ; ddfs:inst15|freq_divider_DDFS:f_div_inst|count[9]  ; inst|altpll_component|pll|clk[0] ; inst|altpll_component|pll|clk[0] ; 10.000       ; 0.000      ; 4.766      ;
; 5.271 ; ddfs:inst15|freq_divider_DDFS:f_div_inst|count[1] ; ddfs:inst15|freq_divider_DDFS:f_div_inst|count[0]  ; inst|altpll_component|pll|clk[0] ; inst|altpll_component|pll|clk[0] ; 10.000       ; 0.000      ; 4.765      ;
; 5.342 ; ddfs:inst15|freq_divider_DDFS:f_div_inst|count[3] ; ddfs:inst15|freq_divider_DDFS:f_div_inst|count[8]  ; inst|altpll_component|pll|clk[0] ; inst|altpll_component|pll|clk[0] ; 10.000       ; -0.011     ; 4.683      ;
; 5.358 ; ddfs:inst15|freq_divider_DDFS:f_div_inst|count[0] ; ddfs:inst15|freq_divider_DDFS:f_div_inst|count[8]  ; inst|altpll_component|pll|clk[0] ; inst|altpll_component|pll|clk[0] ; 10.000       ; 0.000      ; 4.678      ;
; 5.394 ; ddfs:inst15|freq_divider_DDFS:f_div_inst|count[7] ; ddfs:inst15|freq_divider_DDFS:f_div_inst|count[8]  ; inst|altpll_component|pll|clk[0] ; inst|altpll_component|pll|clk[0] ; 10.000       ; -0.011     ; 4.631      ;
; 5.410 ; ddfs:inst15|freq_divider_DDFS:f_div_inst|count[4] ; ddfs:inst15|freq_divider_DDFS:f_div_inst|count[18] ; inst|altpll_component|pll|clk[0] ; inst|altpll_component|pll|clk[0] ; 10.000       ; 0.000      ; 4.626      ;
; 5.411 ; ddfs:inst15|freq_divider_DDFS:f_div_inst|count[4] ; ddfs:inst15|freq_divider_DDFS:f_div_inst|count[17] ; inst|altpll_component|pll|clk[0] ; inst|altpll_component|pll|clk[0] ; 10.000       ; 0.000      ; 4.625      ;
; 5.422 ; ddfs:inst15|freq_divider_DDFS:f_div_inst|count[1] ; ddfs:inst15|freq_divider_DDFS:f_div_inst|count[8]  ; inst|altpll_component|pll|clk[0] ; inst|altpll_component|pll|clk[0] ; 10.000       ; 0.000      ; 4.614      ;
; 5.449 ; ddfs:inst15|freq_divider_DDFS:f_div_inst|count[2] ; ddfs:inst15|freq_divider_DDFS:f_div_inst|count[18] ; inst|altpll_component|pll|clk[0] ; inst|altpll_component|pll|clk[0] ; 10.000       ; 0.000      ; 4.587      ;
; 5.450 ; ddfs:inst15|freq_divider_DDFS:f_div_inst|count[2] ; ddfs:inst15|freq_divider_DDFS:f_div_inst|count[17] ; inst|altpll_component|pll|clk[0] ; inst|altpll_component|pll|clk[0] ; 10.000       ; 0.000      ; 4.586      ;
+-------+---------------------------------------------------+----------------------------------------------------+----------------------------------+----------------------------------+--------------+------------+------------+


+--------------------------------------------------------------------------------------------------------------------------------------------------------------------------------------------------------------------------+
; Slow Model Setup: 'CLOCK_50'                                                                                                                                                                                             ;
+-------+------------------------------------------------------------------------------------------------------------------------------+-------------+--------------+-------------+--------------+------------+------------+
; Slack ; From Node                                                                                                                    ; To Node     ; Launch Clock ; Latch Clock ; Relationship ; Clock Skew ; Data Delay ;
+-------+------------------------------------------------------------------------------------------------------------------------------+-------------+--------------+-------------+--------------+------------+------------+
; 4.129 ; lcd_driver:inst8|text_lut:text_lut_inst|altsyncram:rom_rtl_0|altsyncram_ap81:auto_generated|ram_block1a1~porta_address_reg0  ; LCD_DATA[2] ; CLOCK_50     ; CLOCK_50    ; 20.000       ; -2.735     ; 8.136      ;
; 4.129 ; lcd_driver:inst8|text_lut:text_lut_inst|altsyncram:rom_rtl_0|altsyncram_ap81:auto_generated|ram_block1a1~porta_address_reg1  ; LCD_DATA[2] ; CLOCK_50     ; CLOCK_50    ; 20.000       ; -2.735     ; 8.136      ;
; 4.129 ; lcd_driver:inst8|text_lut:text_lut_inst|altsyncram:rom_rtl_0|altsyncram_ap81:auto_generated|ram_block1a1~porta_address_reg2  ; LCD_DATA[2] ; CLOCK_50     ; CLOCK_50    ; 20.000       ; -2.735     ; 8.136      ;
; 4.129 ; lcd_driver:inst8|text_lut:text_lut_inst|altsyncram:rom_rtl_0|altsyncram_ap81:auto_generated|ram_block1a1~porta_address_reg3  ; LCD_DATA[2] ; CLOCK_50     ; CLOCK_50    ; 20.000       ; -2.735     ; 8.136      ;
; 4.129 ; lcd_driver:inst8|text_lut:text_lut_inst|altsyncram:rom_rtl_0|altsyncram_ap81:auto_generated|ram_block1a1~porta_address_reg4  ; LCD_DATA[2] ; CLOCK_50     ; CLOCK_50    ; 20.000       ; -2.735     ; 8.136      ;
; 4.129 ; lcd_driver:inst8|text_lut:text_lut_inst|altsyncram:rom_rtl_0|altsyncram_ap81:auto_generated|ram_block1a1~porta_address_reg5  ; LCD_DATA[2] ; CLOCK_50     ; CLOCK_50    ; 20.000       ; -2.735     ; 8.136      ;
; 4.129 ; lcd_driver:inst8|text_lut:text_lut_inst|altsyncram:rom_rtl_0|altsyncram_ap81:auto_generated|ram_block1a1~porta_address_reg6  ; LCD_DATA[2] ; CLOCK_50     ; CLOCK_50    ; 20.000       ; -2.735     ; 8.136      ;
; 4.129 ; lcd_driver:inst8|text_lut:text_lut_inst|altsyncram:rom_rtl_0|altsyncram_ap81:auto_generated|ram_block1a1~porta_address_reg7  ; LCD_DATA[2] ; CLOCK_50     ; CLOCK_50    ; 20.000       ; -2.735     ; 8.136      ;
; 4.129 ; lcd_driver:inst8|text_lut:text_lut_inst|altsyncram:rom_rtl_0|altsyncram_ap81:auto_generated|ram_block1a1~porta_address_reg8  ; LCD_DATA[2] ; CLOCK_50     ; CLOCK_50    ; 20.000       ; -2.735     ; 8.136      ;
; 4.129 ; lcd_driver:inst8|text_lut:text_lut_inst|altsyncram:rom_rtl_0|altsyncram_ap81:auto_generated|ram_block1a1~porta_address_reg9  ; LCD_DATA[2] ; CLOCK_50     ; CLOCK_50    ; 20.000       ; -2.735     ; 8.136      ;
; 4.129 ; lcd_driver:inst8|text_lut:text_lut_inst|altsyncram:rom_rtl_0|altsyncram_ap81:auto_generated|ram_block1a1~porta_address_reg10 ; LCD_DATA[2] ; CLOCK_50     ; CLOCK_50    ; 20.000       ; -2.735     ; 8.136      ;
; 4.130 ; lcd_driver:inst8|text_lut:text_lut_inst|altsyncram:rom_rtl_0|altsyncram_ap81:auto_generated|ram_block1a7~porta_address_reg0  ; LCD_DATA[7] ; CLOCK_50     ; CLOCK_50    ; 20.000       ; -2.728     ; 8.142      ;
; 4.130 ; lcd_driver:inst8|text_lut:text_lut_inst|altsyncram:rom_rtl_0|altsyncram_ap81:auto_generated|ram_block1a7~porta_address_reg1  ; LCD_DATA[7] ; CLOCK_50     ; CLOCK_50    ; 20.000       ; -2.728     ; 8.142      ;
; 4.130 ; lcd_driver:inst8|text_lut:text_lut_inst|altsyncram:rom_rtl_0|altsyncram_ap81:auto_generated|ram_block1a7~porta_address_reg2  ; LCD_DATA[7] ; CLOCK_50     ; CLOCK_50    ; 20.000       ; -2.728     ; 8.142      ;
; 4.130 ; lcd_driver:inst8|text_lut:text_lut_inst|altsyncram:rom_rtl_0|altsyncram_ap81:auto_generated|ram_block1a7~porta_address_reg3  ; LCD_DATA[7] ; CLOCK_50     ; CLOCK_50    ; 20.000       ; -2.728     ; 8.142      ;
; 4.130 ; lcd_driver:inst8|text_lut:text_lut_inst|altsyncram:rom_rtl_0|altsyncram_ap81:auto_generated|ram_block1a7~porta_address_reg4  ; LCD_DATA[7] ; CLOCK_50     ; CLOCK_50    ; 20.000       ; -2.728     ; 8.142      ;
; 4.130 ; lcd_driver:inst8|text_lut:text_lut_inst|altsyncram:rom_rtl_0|altsyncram_ap81:auto_generated|ram_block1a7~porta_address_reg5  ; LCD_DATA[7] ; CLOCK_50     ; CLOCK_50    ; 20.000       ; -2.728     ; 8.142      ;
; 4.130 ; lcd_driver:inst8|text_lut:text_lut_inst|altsyncram:rom_rtl_0|altsyncram_ap81:auto_generated|ram_block1a7~porta_address_reg6  ; LCD_DATA[7] ; CLOCK_50     ; CLOCK_50    ; 20.000       ; -2.728     ; 8.142      ;
; 4.130 ; lcd_driver:inst8|text_lut:text_lut_inst|altsyncram:rom_rtl_0|altsyncram_ap81:auto_generated|ram_block1a7~porta_address_reg7  ; LCD_DATA[7] ; CLOCK_50     ; CLOCK_50    ; 20.000       ; -2.728     ; 8.142      ;
; 4.130 ; lcd_driver:inst8|text_lut:text_lut_inst|altsyncram:rom_rtl_0|altsyncram_ap81:auto_generated|ram_block1a7~porta_address_reg8  ; LCD_DATA[7] ; CLOCK_50     ; CLOCK_50    ; 20.000       ; -2.728     ; 8.142      ;
; 4.130 ; lcd_driver:inst8|text_lut:text_lut_inst|altsyncram:rom_rtl_0|altsyncram_ap81:auto_generated|ram_block1a7~porta_address_reg9  ; LCD_DATA[7] ; CLOCK_50     ; CLOCK_50    ; 20.000       ; -2.728     ; 8.142      ;
; 4.130 ; lcd_driver:inst8|text_lut:text_lut_inst|altsyncram:rom_rtl_0|altsyncram_ap81:auto_generated|ram_block1a7~porta_address_reg10 ; LCD_DATA[7] ; CLOCK_50     ; CLOCK_50    ; 20.000       ; -2.728     ; 8.142      ;
; 4.233 ; lcd_driver:inst8|text_lut:text_lut_inst|altsyncram:rom_rtl_0|altsyncram_ap81:auto_generated|ram_block1a0~porta_address_reg0  ; LCD_DATA[0] ; CLOCK_50     ; CLOCK_50    ; 20.000       ; -2.740     ; 8.027      ;
; 4.233 ; lcd_driver:inst8|text_lut:text_lut_inst|altsyncram:rom_rtl_0|altsyncram_ap81:auto_generated|ram_block1a0~porta_address_reg1  ; LCD_DATA[0] ; CLOCK_50     ; CLOCK_50    ; 20.000       ; -2.740     ; 8.027      ;
; 4.233 ; lcd_driver:inst8|text_lut:text_lut_inst|altsyncram:rom_rtl_0|altsyncram_ap81:auto_generated|ram_block1a0~porta_address_reg2  ; LCD_DATA[0] ; CLOCK_50     ; CLOCK_50    ; 20.000       ; -2.740     ; 8.027      ;
; 4.233 ; lcd_driver:inst8|text_lut:text_lut_inst|altsyncram:rom_rtl_0|altsyncram_ap81:auto_generated|ram_block1a0~porta_address_reg3  ; LCD_DATA[0] ; CLOCK_50     ; CLOCK_50    ; 20.000       ; -2.740     ; 8.027      ;
; 4.233 ; lcd_driver:inst8|text_lut:text_lut_inst|altsyncram:rom_rtl_0|altsyncram_ap81:auto_generated|ram_block1a0~porta_address_reg4  ; LCD_DATA[0] ; CLOCK_50     ; CLOCK_50    ; 20.000       ; -2.740     ; 8.027      ;
; 4.233 ; lcd_driver:inst8|text_lut:text_lut_inst|altsyncram:rom_rtl_0|altsyncram_ap81:auto_generated|ram_block1a0~porta_address_reg5  ; LCD_DATA[0] ; CLOCK_50     ; CLOCK_50    ; 20.000       ; -2.740     ; 8.027      ;
; 4.233 ; lcd_driver:inst8|text_lut:text_lut_inst|altsyncram:rom_rtl_0|altsyncram_ap81:auto_generated|ram_block1a0~porta_address_reg6  ; LCD_DATA[0] ; CLOCK_50     ; CLOCK_50    ; 20.000       ; -2.740     ; 8.027      ;
; 4.233 ; lcd_driver:inst8|text_lut:text_lut_inst|altsyncram:rom_rtl_0|altsyncram_ap81:auto_generated|ram_block1a0~porta_address_reg7  ; LCD_DATA[0] ; CLOCK_50     ; CLOCK_50    ; 20.000       ; -2.740     ; 8.027      ;
; 4.233 ; lcd_driver:inst8|text_lut:text_lut_inst|altsyncram:rom_rtl_0|altsyncram_ap81:auto_generated|ram_block1a0~porta_address_reg8  ; LCD_DATA[0] ; CLOCK_50     ; CLOCK_50    ; 20.000       ; -2.740     ; 8.027      ;
; 4.233 ; lcd_driver:inst8|text_lut:text_lut_inst|altsyncram:rom_rtl_0|altsyncram_ap81:auto_generated|ram_block1a0~porta_address_reg9  ; LCD_DATA[0] ; CLOCK_50     ; CLOCK_50    ; 20.000       ; -2.740     ; 8.027      ;
; 4.233 ; lcd_driver:inst8|text_lut:text_lut_inst|altsyncram:rom_rtl_0|altsyncram_ap81:auto_generated|ram_block1a0~porta_address_reg10 ; LCD_DATA[0] ; CLOCK_50     ; CLOCK_50    ; 20.000       ; -2.740     ; 8.027      ;
; 4.237 ; lcd_driver:inst8|text_lut:text_lut_inst|altsyncram:rom_rtl_0|altsyncram_ap81:auto_generated|ram_block1a3~porta_address_reg0  ; LCD_DATA[4] ; CLOCK_50     ; CLOCK_50    ; 20.000       ; -2.720     ; 8.043      ;
; 4.237 ; lcd_driver:inst8|text_lut:text_lut_inst|altsyncram:rom_rtl_0|altsyncram_ap81:auto_generated|ram_block1a3~porta_address_reg1  ; LCD_DATA[4] ; CLOCK_50     ; CLOCK_50    ; 20.000       ; -2.720     ; 8.043      ;
; 4.237 ; lcd_driver:inst8|text_lut:text_lut_inst|altsyncram:rom_rtl_0|altsyncram_ap81:auto_generated|ram_block1a3~porta_address_reg2  ; LCD_DATA[4] ; CLOCK_50     ; CLOCK_50    ; 20.000       ; -2.720     ; 8.043      ;
; 4.237 ; lcd_driver:inst8|text_lut:text_lut_inst|altsyncram:rom_rtl_0|altsyncram_ap81:auto_generated|ram_block1a3~porta_address_reg3  ; LCD_DATA[4] ; CLOCK_50     ; CLOCK_50    ; 20.000       ; -2.720     ; 8.043      ;
; 4.237 ; lcd_driver:inst8|text_lut:text_lut_inst|altsyncram:rom_rtl_0|altsyncram_ap81:auto_generated|ram_block1a3~porta_address_reg4  ; LCD_DATA[4] ; CLOCK_50     ; CLOCK_50    ; 20.000       ; -2.720     ; 8.043      ;
; 4.237 ; lcd_driver:inst8|text_lut:text_lut_inst|altsyncram:rom_rtl_0|altsyncram_ap81:auto_generated|ram_block1a3~porta_address_reg5  ; LCD_DATA[4] ; CLOCK_50     ; CLOCK_50    ; 20.000       ; -2.720     ; 8.043      ;
; 4.237 ; lcd_driver:inst8|text_lut:text_lut_inst|altsyncram:rom_rtl_0|altsyncram_ap81:auto_generated|ram_block1a3~porta_address_reg6  ; LCD_DATA[4] ; CLOCK_50     ; CLOCK_50    ; 20.000       ; -2.720     ; 8.043      ;
; 4.237 ; lcd_driver:inst8|text_lut:text_lut_inst|altsyncram:rom_rtl_0|altsyncram_ap81:auto_generated|ram_block1a3~porta_address_reg7  ; LCD_DATA[4] ; CLOCK_50     ; CLOCK_50    ; 20.000       ; -2.720     ; 8.043      ;
; 4.237 ; lcd_driver:inst8|text_lut:text_lut_inst|altsyncram:rom_rtl_0|altsyncram_ap81:auto_generated|ram_block1a3~porta_address_reg8  ; LCD_DATA[4] ; CLOCK_50     ; CLOCK_50    ; 20.000       ; -2.720     ; 8.043      ;
; 4.237 ; lcd_driver:inst8|text_lut:text_lut_inst|altsyncram:rom_rtl_0|altsyncram_ap81:auto_generated|ram_block1a3~porta_address_reg9  ; LCD_DATA[4] ; CLOCK_50     ; CLOCK_50    ; 20.000       ; -2.720     ; 8.043      ;
; 4.237 ; lcd_driver:inst8|text_lut:text_lut_inst|altsyncram:rom_rtl_0|altsyncram_ap81:auto_generated|ram_block1a3~porta_address_reg10 ; LCD_DATA[4] ; CLOCK_50     ; CLOCK_50    ; 20.000       ; -2.720     ; 8.043      ;
; 4.253 ; lcd_driver:inst8|text_lut:text_lut_inst|altsyncram:rom_rtl_0|altsyncram_ap81:auto_generated|ram_block1a1~porta_address_reg0  ; LCD_DATA[1] ; CLOCK_50     ; CLOCK_50    ; 20.000       ; -2.735     ; 8.012      ;
; 4.253 ; lcd_driver:inst8|text_lut:text_lut_inst|altsyncram:rom_rtl_0|altsyncram_ap81:auto_generated|ram_block1a1~porta_address_reg1  ; LCD_DATA[1] ; CLOCK_50     ; CLOCK_50    ; 20.000       ; -2.735     ; 8.012      ;
; 4.253 ; lcd_driver:inst8|text_lut:text_lut_inst|altsyncram:rom_rtl_0|altsyncram_ap81:auto_generated|ram_block1a1~porta_address_reg2  ; LCD_DATA[1] ; CLOCK_50     ; CLOCK_50    ; 20.000       ; -2.735     ; 8.012      ;
; 4.253 ; lcd_driver:inst8|text_lut:text_lut_inst|altsyncram:rom_rtl_0|altsyncram_ap81:auto_generated|ram_block1a1~porta_address_reg3  ; LCD_DATA[1] ; CLOCK_50     ; CLOCK_50    ; 20.000       ; -2.735     ; 8.012      ;
; 4.253 ; lcd_driver:inst8|text_lut:text_lut_inst|altsyncram:rom_rtl_0|altsyncram_ap81:auto_generated|ram_block1a1~porta_address_reg4  ; LCD_DATA[1] ; CLOCK_50     ; CLOCK_50    ; 20.000       ; -2.735     ; 8.012      ;
; 4.253 ; lcd_driver:inst8|text_lut:text_lut_inst|altsyncram:rom_rtl_0|altsyncram_ap81:auto_generated|ram_block1a1~porta_address_reg5  ; LCD_DATA[1] ; CLOCK_50     ; CLOCK_50    ; 20.000       ; -2.735     ; 8.012      ;
; 4.253 ; lcd_driver:inst8|text_lut:text_lut_inst|altsyncram:rom_rtl_0|altsyncram_ap81:auto_generated|ram_block1a1~porta_address_reg6  ; LCD_DATA[1] ; CLOCK_50     ; CLOCK_50    ; 20.000       ; -2.735     ; 8.012      ;
; 4.253 ; lcd_driver:inst8|text_lut:text_lut_inst|altsyncram:rom_rtl_0|altsyncram_ap81:auto_generated|ram_block1a1~porta_address_reg7  ; LCD_DATA[1] ; CLOCK_50     ; CLOCK_50    ; 20.000       ; -2.735     ; 8.012      ;
; 4.253 ; lcd_driver:inst8|text_lut:text_lut_inst|altsyncram:rom_rtl_0|altsyncram_ap81:auto_generated|ram_block1a1~porta_address_reg8  ; LCD_DATA[1] ; CLOCK_50     ; CLOCK_50    ; 20.000       ; -2.735     ; 8.012      ;
; 4.253 ; lcd_driver:inst8|text_lut:text_lut_inst|altsyncram:rom_rtl_0|altsyncram_ap81:auto_generated|ram_block1a1~porta_address_reg9  ; LCD_DATA[1] ; CLOCK_50     ; CLOCK_50    ; 20.000       ; -2.735     ; 8.012      ;
; 4.253 ; lcd_driver:inst8|text_lut:text_lut_inst|altsyncram:rom_rtl_0|altsyncram_ap81:auto_generated|ram_block1a1~porta_address_reg10 ; LCD_DATA[1] ; CLOCK_50     ; CLOCK_50    ; 20.000       ; -2.735     ; 8.012      ;
; 4.415 ; lcd_driver:inst8|text_lut:text_lut_inst|altsyncram:rom_rtl_0|altsyncram_ap81:auto_generated|ram_block1a5~porta_address_reg0  ; LCD_DATA[5] ; CLOCK_50     ; CLOCK_50    ; 20.000       ; -2.711     ; 7.874      ;
; 4.415 ; lcd_driver:inst8|text_lut:text_lut_inst|altsyncram:rom_rtl_0|altsyncram_ap81:auto_generated|ram_block1a5~porta_address_reg1  ; LCD_DATA[5] ; CLOCK_50     ; CLOCK_50    ; 20.000       ; -2.711     ; 7.874      ;
; 4.415 ; lcd_driver:inst8|text_lut:text_lut_inst|altsyncram:rom_rtl_0|altsyncram_ap81:auto_generated|ram_block1a5~porta_address_reg2  ; LCD_DATA[5] ; CLOCK_50     ; CLOCK_50    ; 20.000       ; -2.711     ; 7.874      ;
; 4.415 ; lcd_driver:inst8|text_lut:text_lut_inst|altsyncram:rom_rtl_0|altsyncram_ap81:auto_generated|ram_block1a5~porta_address_reg3  ; LCD_DATA[5] ; CLOCK_50     ; CLOCK_50    ; 20.000       ; -2.711     ; 7.874      ;
; 4.415 ; lcd_driver:inst8|text_lut:text_lut_inst|altsyncram:rom_rtl_0|altsyncram_ap81:auto_generated|ram_block1a5~porta_address_reg4  ; LCD_DATA[5] ; CLOCK_50     ; CLOCK_50    ; 20.000       ; -2.711     ; 7.874      ;
; 4.415 ; lcd_driver:inst8|text_lut:text_lut_inst|altsyncram:rom_rtl_0|altsyncram_ap81:auto_generated|ram_block1a5~porta_address_reg5  ; LCD_DATA[5] ; CLOCK_50     ; CLOCK_50    ; 20.000       ; -2.711     ; 7.874      ;
; 4.415 ; lcd_driver:inst8|text_lut:text_lut_inst|altsyncram:rom_rtl_0|altsyncram_ap81:auto_generated|ram_block1a5~porta_address_reg6  ; LCD_DATA[5] ; CLOCK_50     ; CLOCK_50    ; 20.000       ; -2.711     ; 7.874      ;
; 4.415 ; lcd_driver:inst8|text_lut:text_lut_inst|altsyncram:rom_rtl_0|altsyncram_ap81:auto_generated|ram_block1a5~porta_address_reg7  ; LCD_DATA[5] ; CLOCK_50     ; CLOCK_50    ; 20.000       ; -2.711     ; 7.874      ;
; 4.415 ; lcd_driver:inst8|text_lut:text_lut_inst|altsyncram:rom_rtl_0|altsyncram_ap81:auto_generated|ram_block1a5~porta_address_reg8  ; LCD_DATA[5] ; CLOCK_50     ; CLOCK_50    ; 20.000       ; -2.711     ; 7.874      ;
; 4.415 ; lcd_driver:inst8|text_lut:text_lut_inst|altsyncram:rom_rtl_0|altsyncram_ap81:auto_generated|ram_block1a5~porta_address_reg9  ; LCD_DATA[5] ; CLOCK_50     ; CLOCK_50    ; 20.000       ; -2.711     ; 7.874      ;
; 4.415 ; lcd_driver:inst8|text_lut:text_lut_inst|altsyncram:rom_rtl_0|altsyncram_ap81:auto_generated|ram_block1a5~porta_address_reg10 ; LCD_DATA[5] ; CLOCK_50     ; CLOCK_50    ; 20.000       ; -2.711     ; 7.874      ;
; 4.562 ; lcd_driver:inst8|text_lut:text_lut_inst|altsyncram:rom_rtl_0|altsyncram_ap81:auto_generated|ram_block1a3~porta_address_reg0  ; LCD_DATA[3] ; CLOCK_50     ; CLOCK_50    ; 20.000       ; -2.720     ; 7.718      ;
; 4.562 ; lcd_driver:inst8|text_lut:text_lut_inst|altsyncram:rom_rtl_0|altsyncram_ap81:auto_generated|ram_block1a3~porta_address_reg1  ; LCD_DATA[3] ; CLOCK_50     ; CLOCK_50    ; 20.000       ; -2.720     ; 7.718      ;
; 4.562 ; lcd_driver:inst8|text_lut:text_lut_inst|altsyncram:rom_rtl_0|altsyncram_ap81:auto_generated|ram_block1a3~porta_address_reg2  ; LCD_DATA[3] ; CLOCK_50     ; CLOCK_50    ; 20.000       ; -2.720     ; 7.718      ;
; 4.562 ; lcd_driver:inst8|text_lut:text_lut_inst|altsyncram:rom_rtl_0|altsyncram_ap81:auto_generated|ram_block1a3~porta_address_reg3  ; LCD_DATA[3] ; CLOCK_50     ; CLOCK_50    ; 20.000       ; -2.720     ; 7.718      ;
; 4.562 ; lcd_driver:inst8|text_lut:text_lut_inst|altsyncram:rom_rtl_0|altsyncram_ap81:auto_generated|ram_block1a3~porta_address_reg4  ; LCD_DATA[3] ; CLOCK_50     ; CLOCK_50    ; 20.000       ; -2.720     ; 7.718      ;
; 4.562 ; lcd_driver:inst8|text_lut:text_lut_inst|altsyncram:rom_rtl_0|altsyncram_ap81:auto_generated|ram_block1a3~porta_address_reg5  ; LCD_DATA[3] ; CLOCK_50     ; CLOCK_50    ; 20.000       ; -2.720     ; 7.718      ;
; 4.562 ; lcd_driver:inst8|text_lut:text_lut_inst|altsyncram:rom_rtl_0|altsyncram_ap81:auto_generated|ram_block1a3~porta_address_reg6  ; LCD_DATA[3] ; CLOCK_50     ; CLOCK_50    ; 20.000       ; -2.720     ; 7.718      ;
; 4.562 ; lcd_driver:inst8|text_lut:text_lut_inst|altsyncram:rom_rtl_0|altsyncram_ap81:auto_generated|ram_block1a3~porta_address_reg7  ; LCD_DATA[3] ; CLOCK_50     ; CLOCK_50    ; 20.000       ; -2.720     ; 7.718      ;
; 4.562 ; lcd_driver:inst8|text_lut:text_lut_inst|altsyncram:rom_rtl_0|altsyncram_ap81:auto_generated|ram_block1a3~porta_address_reg8  ; LCD_DATA[3] ; CLOCK_50     ; CLOCK_50    ; 20.000       ; -2.720     ; 7.718      ;
; 4.562 ; lcd_driver:inst8|text_lut:text_lut_inst|altsyncram:rom_rtl_0|altsyncram_ap81:auto_generated|ram_block1a3~porta_address_reg9  ; LCD_DATA[3] ; CLOCK_50     ; CLOCK_50    ; 20.000       ; -2.720     ; 7.718      ;
; 4.562 ; lcd_driver:inst8|text_lut:text_lut_inst|altsyncram:rom_rtl_0|altsyncram_ap81:auto_generated|ram_block1a3~porta_address_reg10 ; LCD_DATA[3] ; CLOCK_50     ; CLOCK_50    ; 20.000       ; -2.720     ; 7.718      ;
; 4.565 ; lcd_driver:inst8|text_lut:text_lut_inst|altsyncram:rom_rtl_0|altsyncram_ap81:auto_generated|ram_block1a5~porta_address_reg0  ; LCD_DATA[6] ; CLOCK_50     ; CLOCK_50    ; 20.000       ; -2.711     ; 7.724      ;
; 4.565 ; lcd_driver:inst8|text_lut:text_lut_inst|altsyncram:rom_rtl_0|altsyncram_ap81:auto_generated|ram_block1a5~porta_address_reg1  ; LCD_DATA[6] ; CLOCK_50     ; CLOCK_50    ; 20.000       ; -2.711     ; 7.724      ;
; 4.565 ; lcd_driver:inst8|text_lut:text_lut_inst|altsyncram:rom_rtl_0|altsyncram_ap81:auto_generated|ram_block1a5~porta_address_reg2  ; LCD_DATA[6] ; CLOCK_50     ; CLOCK_50    ; 20.000       ; -2.711     ; 7.724      ;
; 4.565 ; lcd_driver:inst8|text_lut:text_lut_inst|altsyncram:rom_rtl_0|altsyncram_ap81:auto_generated|ram_block1a5~porta_address_reg3  ; LCD_DATA[6] ; CLOCK_50     ; CLOCK_50    ; 20.000       ; -2.711     ; 7.724      ;
; 4.565 ; lcd_driver:inst8|text_lut:text_lut_inst|altsyncram:rom_rtl_0|altsyncram_ap81:auto_generated|ram_block1a5~porta_address_reg4  ; LCD_DATA[6] ; CLOCK_50     ; CLOCK_50    ; 20.000       ; -2.711     ; 7.724      ;
; 4.565 ; lcd_driver:inst8|text_lut:text_lut_inst|altsyncram:rom_rtl_0|altsyncram_ap81:auto_generated|ram_block1a5~porta_address_reg5  ; LCD_DATA[6] ; CLOCK_50     ; CLOCK_50    ; 20.000       ; -2.711     ; 7.724      ;
; 4.565 ; lcd_driver:inst8|text_lut:text_lut_inst|altsyncram:rom_rtl_0|altsyncram_ap81:auto_generated|ram_block1a5~porta_address_reg6  ; LCD_DATA[6] ; CLOCK_50     ; CLOCK_50    ; 20.000       ; -2.711     ; 7.724      ;
; 4.565 ; lcd_driver:inst8|text_lut:text_lut_inst|altsyncram:rom_rtl_0|altsyncram_ap81:auto_generated|ram_block1a5~porta_address_reg7  ; LCD_DATA[6] ; CLOCK_50     ; CLOCK_50    ; 20.000       ; -2.711     ; 7.724      ;
; 4.565 ; lcd_driver:inst8|text_lut:text_lut_inst|altsyncram:rom_rtl_0|altsyncram_ap81:auto_generated|ram_block1a5~porta_address_reg8  ; LCD_DATA[6] ; CLOCK_50     ; CLOCK_50    ; 20.000       ; -2.711     ; 7.724      ;
; 4.565 ; lcd_driver:inst8|text_lut:text_lut_inst|altsyncram:rom_rtl_0|altsyncram_ap81:auto_generated|ram_block1a5~porta_address_reg9  ; LCD_DATA[6] ; CLOCK_50     ; CLOCK_50    ; 20.000       ; -2.711     ; 7.724      ;
; 4.565 ; lcd_driver:inst8|text_lut:text_lut_inst|altsyncram:rom_rtl_0|altsyncram_ap81:auto_generated|ram_block1a5~porta_address_reg10 ; LCD_DATA[6] ; CLOCK_50     ; CLOCK_50    ; 20.000       ; -2.711     ; 7.724      ;
; 4.722 ; lcd_driver:inst8|text_lut:text_lut_inst|altsyncram:rom_rtl_0|altsyncram_ap81:auto_generated|ram_block1a7~porta_address_reg0  ; LCD_RS      ; CLOCK_50     ; CLOCK_50    ; 20.000       ; -2.728     ; 7.550      ;
; 4.722 ; lcd_driver:inst8|text_lut:text_lut_inst|altsyncram:rom_rtl_0|altsyncram_ap81:auto_generated|ram_block1a7~porta_address_reg1  ; LCD_RS      ; CLOCK_50     ; CLOCK_50    ; 20.000       ; -2.728     ; 7.550      ;
; 4.722 ; lcd_driver:inst8|text_lut:text_lut_inst|altsyncram:rom_rtl_0|altsyncram_ap81:auto_generated|ram_block1a7~porta_address_reg2  ; LCD_RS      ; CLOCK_50     ; CLOCK_50    ; 20.000       ; -2.728     ; 7.550      ;
; 4.722 ; lcd_driver:inst8|text_lut:text_lut_inst|altsyncram:rom_rtl_0|altsyncram_ap81:auto_generated|ram_block1a7~porta_address_reg3  ; LCD_RS      ; CLOCK_50     ; CLOCK_50    ; 20.000       ; -2.728     ; 7.550      ;
; 4.722 ; lcd_driver:inst8|text_lut:text_lut_inst|altsyncram:rom_rtl_0|altsyncram_ap81:auto_generated|ram_block1a7~porta_address_reg4  ; LCD_RS      ; CLOCK_50     ; CLOCK_50    ; 20.000       ; -2.728     ; 7.550      ;
; 4.722 ; lcd_driver:inst8|text_lut:text_lut_inst|altsyncram:rom_rtl_0|altsyncram_ap81:auto_generated|ram_block1a7~porta_address_reg5  ; LCD_RS      ; CLOCK_50     ; CLOCK_50    ; 20.000       ; -2.728     ; 7.550      ;
; 4.722 ; lcd_driver:inst8|text_lut:text_lut_inst|altsyncram:rom_rtl_0|altsyncram_ap81:auto_generated|ram_block1a7~porta_address_reg6  ; LCD_RS      ; CLOCK_50     ; CLOCK_50    ; 20.000       ; -2.728     ; 7.550      ;
; 4.722 ; lcd_driver:inst8|text_lut:text_lut_inst|altsyncram:rom_rtl_0|altsyncram_ap81:auto_generated|ram_block1a7~porta_address_reg7  ; LCD_RS      ; CLOCK_50     ; CLOCK_50    ; 20.000       ; -2.728     ; 7.550      ;
; 4.722 ; lcd_driver:inst8|text_lut:text_lut_inst|altsyncram:rom_rtl_0|altsyncram_ap81:auto_generated|ram_block1a7~porta_address_reg8  ; LCD_RS      ; CLOCK_50     ; CLOCK_50    ; 20.000       ; -2.728     ; 7.550      ;
; 4.722 ; lcd_driver:inst8|text_lut:text_lut_inst|altsyncram:rom_rtl_0|altsyncram_ap81:auto_generated|ram_block1a7~porta_address_reg9  ; LCD_RS      ; CLOCK_50     ; CLOCK_50    ; 20.000       ; -2.728     ; 7.550      ;
; 4.722 ; lcd_driver:inst8|text_lut:text_lut_inst|altsyncram:rom_rtl_0|altsyncram_ap81:auto_generated|ram_block1a7~porta_address_reg10 ; LCD_RS      ; CLOCK_50     ; CLOCK_50    ; 20.000       ; -2.728     ; 7.550      ;
; 6.569 ; lcd_driver:inst8|state.WAIT_BUTTON_SHORT                                                                                     ; LCD_DATA[0] ; CLOCK_50     ; CLOCK_50    ; 20.000       ; -2.651     ; 5.780      ;
+-------+------------------------------------------------------------------------------------------------------------------------------+-------------+--------------+-------------+--------------+------------+------------+


+--------------------------------------------------------------------------------------------------------------------------------------------------------------------------------------------------------------------------------------------------------------------------------+
; Slow Model Setup: 'keypad_freq_sel_module:inst1|freq_divider_keypad_module:freq_div|q'                                                                                                                                                                                         ;
+-------+-------------------------------------------------------------------------+-----------+--------------------------------------------------------------------+--------------------------------------------------------------------+--------------+------------+------------+
; Slack ; From Node                                                               ; To Node   ; Launch Clock                                                       ; Latch Clock                                                        ; Relationship ; Clock Skew ; Data Delay ;
+-------+-------------------------------------------------------------------------+-----------+--------------------------------------------------------------------+--------------------------------------------------------------------+--------------+------------+------------+
; 4.209 ; keypad_freq_sel_module:inst1|keypad_module:keypad_mod_inst|i_column[18] ; GPIO_1[3] ; keypad_freq_sel_module:inst1|freq_divider_keypad_module:freq_div|q ; keypad_freq_sel_module:inst1|freq_divider_keypad_module:freq_div|q ; 20.000       ; -2.922     ; 7.869      ;
; 4.231 ; keypad_freq_sel_module:inst1|keypad_module:keypad_mod_inst|i_column[18] ; GPIO_1[1] ; keypad_freq_sel_module:inst1|freq_divider_keypad_module:freq_div|q ; keypad_freq_sel_module:inst1|freq_divider_keypad_module:freq_div|q ; 20.000       ; -2.922     ; 7.847      ;
; 4.299 ; keypad_freq_sel_module:inst1|keypad_module:keypad_mod_inst|i_column[19] ; GPIO_1[3] ; keypad_freq_sel_module:inst1|freq_divider_keypad_module:freq_div|q ; keypad_freq_sel_module:inst1|freq_divider_keypad_module:freq_div|q ; 20.000       ; -2.922     ; 7.779      ;
; 4.302 ; keypad_freq_sel_module:inst1|keypad_module:keypad_mod_inst|i_column[8]  ; GPIO_1[3] ; keypad_freq_sel_module:inst1|freq_divider_keypad_module:freq_div|q ; keypad_freq_sel_module:inst1|freq_divider_keypad_module:freq_div|q ; 20.000       ; -2.919     ; 7.779      ;
; 4.321 ; keypad_freq_sel_module:inst1|keypad_module:keypad_mod_inst|i_column[19] ; GPIO_1[1] ; keypad_freq_sel_module:inst1|freq_divider_keypad_module:freq_div|q ; keypad_freq_sel_module:inst1|freq_divider_keypad_module:freq_div|q ; 20.000       ; -2.922     ; 7.757      ;
; 4.324 ; keypad_freq_sel_module:inst1|keypad_module:keypad_mod_inst|i_column[8]  ; GPIO_1[1] ; keypad_freq_sel_module:inst1|freq_divider_keypad_module:freq_div|q ; keypad_freq_sel_module:inst1|freq_divider_keypad_module:freq_div|q ; 20.000       ; -2.919     ; 7.757      ;
; 4.343 ; keypad_freq_sel_module:inst1|keypad_module:keypad_mod_inst|i_column[14] ; GPIO_1[3] ; keypad_freq_sel_module:inst1|freq_divider_keypad_module:freq_div|q ; keypad_freq_sel_module:inst1|freq_divider_keypad_module:freq_div|q ; 20.000       ; -2.919     ; 7.738      ;
; 4.365 ; keypad_freq_sel_module:inst1|keypad_module:keypad_mod_inst|i_column[14] ; GPIO_1[1] ; keypad_freq_sel_module:inst1|freq_divider_keypad_module:freq_div|q ; keypad_freq_sel_module:inst1|freq_divider_keypad_module:freq_div|q ; 20.000       ; -2.919     ; 7.716      ;
; 4.377 ; keypad_freq_sel_module:inst1|keypad_module:keypad_mod_inst|i_column[17] ; GPIO_1[3] ; keypad_freq_sel_module:inst1|freq_divider_keypad_module:freq_div|q ; keypad_freq_sel_module:inst1|freq_divider_keypad_module:freq_div|q ; 20.000       ; -2.922     ; 7.701      ;
; 4.387 ; keypad_freq_sel_module:inst1|keypad_module:keypad_mod_inst|i_column[25] ; GPIO_1[3] ; keypad_freq_sel_module:inst1|freq_divider_keypad_module:freq_div|q ; keypad_freq_sel_module:inst1|freq_divider_keypad_module:freq_div|q ; 20.000       ; -2.922     ; 7.691      ;
; 4.399 ; keypad_freq_sel_module:inst1|keypad_module:keypad_mod_inst|i_column[17] ; GPIO_1[1] ; keypad_freq_sel_module:inst1|freq_divider_keypad_module:freq_div|q ; keypad_freq_sel_module:inst1|freq_divider_keypad_module:freq_div|q ; 20.000       ; -2.922     ; 7.679      ;
; 4.406 ; keypad_freq_sel_module:inst1|keypad_module:keypad_mod_inst|i_column[25] ; GPIO_1[1] ; keypad_freq_sel_module:inst1|freq_divider_keypad_module:freq_div|q ; keypad_freq_sel_module:inst1|freq_divider_keypad_module:freq_div|q ; 20.000       ; -2.922     ; 7.672      ;
; 4.408 ; keypad_freq_sel_module:inst1|keypad_module:keypad_mod_inst|i_column[24] ; GPIO_1[3] ; keypad_freq_sel_module:inst1|freq_divider_keypad_module:freq_div|q ; keypad_freq_sel_module:inst1|freq_divider_keypad_module:freq_div|q ; 20.000       ; -2.922     ; 7.670      ;
; 4.427 ; keypad_freq_sel_module:inst1|keypad_module:keypad_mod_inst|i_column[24] ; GPIO_1[1] ; keypad_freq_sel_module:inst1|freq_divider_keypad_module:freq_div|q ; keypad_freq_sel_module:inst1|freq_divider_keypad_module:freq_div|q ; 20.000       ; -2.922     ; 7.651      ;
; 4.552 ; keypad_freq_sel_module:inst1|keypad_module:keypad_mod_inst|i_column[26] ; GPIO_1[3] ; keypad_freq_sel_module:inst1|freq_divider_keypad_module:freq_div|q ; keypad_freq_sel_module:inst1|freq_divider_keypad_module:freq_div|q ; 20.000       ; -2.922     ; 7.526      ;
; 4.561 ; keypad_freq_sel_module:inst1|keypad_module:keypad_mod_inst|i_column[9]  ; GPIO_1[3] ; keypad_freq_sel_module:inst1|freq_divider_keypad_module:freq_div|q ; keypad_freq_sel_module:inst1|freq_divider_keypad_module:freq_div|q ; 20.000       ; -2.919     ; 7.520      ;
; 4.571 ; keypad_freq_sel_module:inst1|keypad_module:keypad_mod_inst|i_column[26] ; GPIO_1[1] ; keypad_freq_sel_module:inst1|freq_divider_keypad_module:freq_div|q ; keypad_freq_sel_module:inst1|freq_divider_keypad_module:freq_div|q ; 20.000       ; -2.922     ; 7.507      ;
; 4.583 ; keypad_freq_sel_module:inst1|keypad_module:keypad_mod_inst|i_column[9]  ; GPIO_1[1] ; keypad_freq_sel_module:inst1|freq_divider_keypad_module:freq_div|q ; keypad_freq_sel_module:inst1|freq_divider_keypad_module:freq_div|q ; 20.000       ; -2.919     ; 7.498      ;
; 4.584 ; keypad_freq_sel_module:inst1|keypad_module:keypad_mod_inst|i_column[1]  ; GPIO_1[3] ; keypad_freq_sel_module:inst1|freq_divider_keypad_module:freq_div|q ; keypad_freq_sel_module:inst1|freq_divider_keypad_module:freq_div|q ; 20.000       ; -2.919     ; 7.497      ;
; 4.599 ; keypad_freq_sel_module:inst1|keypad_module:keypad_mod_inst|i_column[13] ; GPIO_1[3] ; keypad_freq_sel_module:inst1|freq_divider_keypad_module:freq_div|q ; keypad_freq_sel_module:inst1|freq_divider_keypad_module:freq_div|q ; 20.000       ; -2.919     ; 7.482      ;
; 4.606 ; keypad_freq_sel_module:inst1|keypad_module:keypad_mod_inst|i_column[1]  ; GPIO_1[1] ; keypad_freq_sel_module:inst1|freq_divider_keypad_module:freq_div|q ; keypad_freq_sel_module:inst1|freq_divider_keypad_module:freq_div|q ; 20.000       ; -2.919     ; 7.475      ;
; 4.621 ; keypad_freq_sel_module:inst1|keypad_module:keypad_mod_inst|i_column[13] ; GPIO_1[1] ; keypad_freq_sel_module:inst1|freq_divider_keypad_module:freq_div|q ; keypad_freq_sel_module:inst1|freq_divider_keypad_module:freq_div|q ; 20.000       ; -2.919     ; 7.460      ;
; 4.632 ; keypad_freq_sel_module:inst1|keypad_module:keypad_mod_inst|i_column[6]  ; GPIO_1[3] ; keypad_freq_sel_module:inst1|freq_divider_keypad_module:freq_div|q ; keypad_freq_sel_module:inst1|freq_divider_keypad_module:freq_div|q ; 20.000       ; -2.919     ; 7.449      ;
; 4.654 ; keypad_freq_sel_module:inst1|keypad_module:keypad_mod_inst|i_column[6]  ; GPIO_1[1] ; keypad_freq_sel_module:inst1|freq_divider_keypad_module:freq_div|q ; keypad_freq_sel_module:inst1|freq_divider_keypad_module:freq_div|q ; 20.000       ; -2.919     ; 7.427      ;
; 4.656 ; keypad_freq_sel_module:inst1|keypad_module:keypad_mod_inst|i_column[10] ; GPIO_1[3] ; keypad_freq_sel_module:inst1|freq_divider_keypad_module:freq_div|q ; keypad_freq_sel_module:inst1|freq_divider_keypad_module:freq_div|q ; 20.000       ; -2.919     ; 7.425      ;
; 4.678 ; keypad_freq_sel_module:inst1|keypad_module:keypad_mod_inst|i_column[10] ; GPIO_1[1] ; keypad_freq_sel_module:inst1|freq_divider_keypad_module:freq_div|q ; keypad_freq_sel_module:inst1|freq_divider_keypad_module:freq_div|q ; 20.000       ; -2.919     ; 7.403      ;
; 4.693 ; keypad_freq_sel_module:inst1|keypad_module:keypad_mod_inst|i_column[0]  ; GPIO_1[3] ; keypad_freq_sel_module:inst1|freq_divider_keypad_module:freq_div|q ; keypad_freq_sel_module:inst1|freq_divider_keypad_module:freq_div|q ; 20.000       ; -2.919     ; 7.388      ;
; 4.715 ; keypad_freq_sel_module:inst1|keypad_module:keypad_mod_inst|i_column[0]  ; GPIO_1[1] ; keypad_freq_sel_module:inst1|freq_divider_keypad_module:freq_div|q ; keypad_freq_sel_module:inst1|freq_divider_keypad_module:freq_div|q ; 20.000       ; -2.919     ; 7.366      ;
; 4.716 ; keypad_freq_sel_module:inst1|keypad_module:keypad_mod_inst|i_column[16] ; GPIO_1[3] ; keypad_freq_sel_module:inst1|freq_divider_keypad_module:freq_div|q ; keypad_freq_sel_module:inst1|freq_divider_keypad_module:freq_div|q ; 20.000       ; -2.922     ; 7.362      ;
; 4.725 ; keypad_freq_sel_module:inst1|keypad_module:keypad_mod_inst|i_column[4]  ; GPIO_1[3] ; keypad_freq_sel_module:inst1|freq_divider_keypad_module:freq_div|q ; keypad_freq_sel_module:inst1|freq_divider_keypad_module:freq_div|q ; 20.000       ; -2.919     ; 7.356      ;
; 4.735 ; keypad_freq_sel_module:inst1|keypad_module:keypad_mod_inst|i_column[15] ; GPIO_1[3] ; keypad_freq_sel_module:inst1|freq_divider_keypad_module:freq_div|q ; keypad_freq_sel_module:inst1|freq_divider_keypad_module:freq_div|q ; 20.000       ; -2.919     ; 7.346      ;
; 4.735 ; keypad_freq_sel_module:inst1|keypad_module:keypad_mod_inst|i_column[3]  ; GPIO_1[3] ; keypad_freq_sel_module:inst1|freq_divider_keypad_module:freq_div|q ; keypad_freq_sel_module:inst1|freq_divider_keypad_module:freq_div|q ; 20.000       ; -2.919     ; 7.346      ;
; 4.738 ; keypad_freq_sel_module:inst1|keypad_module:keypad_mod_inst|i_column[16] ; GPIO_1[1] ; keypad_freq_sel_module:inst1|freq_divider_keypad_module:freq_div|q ; keypad_freq_sel_module:inst1|freq_divider_keypad_module:freq_div|q ; 20.000       ; -2.922     ; 7.340      ;
; 4.747 ; keypad_freq_sel_module:inst1|keypad_module:keypad_mod_inst|i_column[4]  ; GPIO_1[1] ; keypad_freq_sel_module:inst1|freq_divider_keypad_module:freq_div|q ; keypad_freq_sel_module:inst1|freq_divider_keypad_module:freq_div|q ; 20.000       ; -2.919     ; 7.334      ;
; 4.757 ; keypad_freq_sel_module:inst1|keypad_module:keypad_mod_inst|i_column[15] ; GPIO_1[1] ; keypad_freq_sel_module:inst1|freq_divider_keypad_module:freq_div|q ; keypad_freq_sel_module:inst1|freq_divider_keypad_module:freq_div|q ; 20.000       ; -2.919     ; 7.324      ;
; 4.757 ; keypad_freq_sel_module:inst1|keypad_module:keypad_mod_inst|i_column[3]  ; GPIO_1[1] ; keypad_freq_sel_module:inst1|freq_divider_keypad_module:freq_div|q ; keypad_freq_sel_module:inst1|freq_divider_keypad_module:freq_div|q ; 20.000       ; -2.919     ; 7.324      ;
; 4.794 ; keypad_freq_sel_module:inst1|keypad_module:keypad_mod_inst|i_column[11] ; GPIO_1[3] ; keypad_freq_sel_module:inst1|freq_divider_keypad_module:freq_div|q ; keypad_freq_sel_module:inst1|freq_divider_keypad_module:freq_div|q ; 20.000       ; -2.919     ; 7.287      ;
; 4.816 ; keypad_freq_sel_module:inst1|keypad_module:keypad_mod_inst|i_column[11] ; GPIO_1[1] ; keypad_freq_sel_module:inst1|freq_divider_keypad_module:freq_div|q ; keypad_freq_sel_module:inst1|freq_divider_keypad_module:freq_div|q ; 20.000       ; -2.919     ; 7.265      ;
; 4.825 ; keypad_freq_sel_module:inst1|keypad_module:keypad_mod_inst|i_column[12] ; GPIO_1[3] ; keypad_freq_sel_module:inst1|freq_divider_keypad_module:freq_div|q ; keypad_freq_sel_module:inst1|freq_divider_keypad_module:freq_div|q ; 20.000       ; -2.919     ; 7.256      ;
; 4.835 ; keypad_freq_sel_module:inst1|keypad_module:keypad_mod_inst|i_column[22] ; GPIO_1[3] ; keypad_freq_sel_module:inst1|freq_divider_keypad_module:freq_div|q ; keypad_freq_sel_module:inst1|freq_divider_keypad_module:freq_div|q ; 20.000       ; -2.922     ; 7.243      ;
; 4.847 ; keypad_freq_sel_module:inst1|keypad_module:keypad_mod_inst|i_column[12] ; GPIO_1[1] ; keypad_freq_sel_module:inst1|freq_divider_keypad_module:freq_div|q ; keypad_freq_sel_module:inst1|freq_divider_keypad_module:freq_div|q ; 20.000       ; -2.919     ; 7.234      ;
; 4.847 ; keypad_freq_sel_module:inst1|keypad_module:keypad_mod_inst|i_column[7]  ; GPIO_1[3] ; keypad_freq_sel_module:inst1|freq_divider_keypad_module:freq_div|q ; keypad_freq_sel_module:inst1|freq_divider_keypad_module:freq_div|q ; 20.000       ; -2.919     ; 7.234      ;
; 4.853 ; keypad_freq_sel_module:inst1|keypad_module:keypad_mod_inst|i_column[28] ; GPIO_1[3] ; keypad_freq_sel_module:inst1|freq_divider_keypad_module:freq_div|q ; keypad_freq_sel_module:inst1|freq_divider_keypad_module:freq_div|q ; 20.000       ; -2.922     ; 7.225      ;
; 4.854 ; keypad_freq_sel_module:inst1|keypad_module:keypad_mod_inst|i_column[22] ; GPIO_1[1] ; keypad_freq_sel_module:inst1|freq_divider_keypad_module:freq_div|q ; keypad_freq_sel_module:inst1|freq_divider_keypad_module:freq_div|q ; 20.000       ; -2.922     ; 7.224      ;
; 4.869 ; keypad_freq_sel_module:inst1|keypad_module:keypad_mod_inst|i_column[7]  ; GPIO_1[1] ; keypad_freq_sel_module:inst1|freq_divider_keypad_module:freq_div|q ; keypad_freq_sel_module:inst1|freq_divider_keypad_module:freq_div|q ; 20.000       ; -2.919     ; 7.212      ;
; 4.872 ; keypad_freq_sel_module:inst1|keypad_module:keypad_mod_inst|i_column[28] ; GPIO_1[1] ; keypad_freq_sel_module:inst1|freq_divider_keypad_module:freq_div|q ; keypad_freq_sel_module:inst1|freq_divider_keypad_module:freq_div|q ; 20.000       ; -2.922     ; 7.206      ;
; 4.878 ; keypad_freq_sel_module:inst1|keypad_module:keypad_mod_inst|i_column[27] ; GPIO_1[3] ; keypad_freq_sel_module:inst1|freq_divider_keypad_module:freq_div|q ; keypad_freq_sel_module:inst1|freq_divider_keypad_module:freq_div|q ; 20.000       ; -2.922     ; 7.200      ;
; 4.897 ; keypad_freq_sel_module:inst1|keypad_module:keypad_mod_inst|i_column[27] ; GPIO_1[1] ; keypad_freq_sel_module:inst1|freq_divider_keypad_module:freq_div|q ; keypad_freq_sel_module:inst1|freq_divider_keypad_module:freq_div|q ; 20.000       ; -2.922     ; 7.181      ;
; 4.929 ; keypad_freq_sel_module:inst1|keypad_module:keypad_mod_inst|i_column[21] ; GPIO_1[3] ; keypad_freq_sel_module:inst1|freq_divider_keypad_module:freq_div|q ; keypad_freq_sel_module:inst1|freq_divider_keypad_module:freq_div|q ; 20.000       ; -2.922     ; 7.149      ;
; 4.948 ; keypad_freq_sel_module:inst1|keypad_module:keypad_mod_inst|i_column[21] ; GPIO_1[1] ; keypad_freq_sel_module:inst1|freq_divider_keypad_module:freq_div|q ; keypad_freq_sel_module:inst1|freq_divider_keypad_module:freq_div|q ; 20.000       ; -2.922     ; 7.130      ;
; 5.008 ; keypad_freq_sel_module:inst1|keypad_module:keypad_mod_inst|i_column[30] ; GPIO_1[3] ; keypad_freq_sel_module:inst1|freq_divider_keypad_module:freq_div|q ; keypad_freq_sel_module:inst1|freq_divider_keypad_module:freq_div|q ; 20.000       ; -2.922     ; 7.070      ;
; 5.027 ; keypad_freq_sel_module:inst1|keypad_module:keypad_mod_inst|i_column[30] ; GPIO_1[1] ; keypad_freq_sel_module:inst1|freq_divider_keypad_module:freq_div|q ; keypad_freq_sel_module:inst1|freq_divider_keypad_module:freq_div|q ; 20.000       ; -2.922     ; 7.051      ;
; 5.055 ; keypad_freq_sel_module:inst1|keypad_module:keypad_mod_inst|i_column[23] ; GPIO_1[3] ; keypad_freq_sel_module:inst1|freq_divider_keypad_module:freq_div|q ; keypad_freq_sel_module:inst1|freq_divider_keypad_module:freq_div|q ; 20.000       ; -2.922     ; 7.023      ;
; 5.068 ; keypad_freq_sel_module:inst1|keypad_module:keypad_mod_inst|i_column[5]  ; GPIO_1[3] ; keypad_freq_sel_module:inst1|freq_divider_keypad_module:freq_div|q ; keypad_freq_sel_module:inst1|freq_divider_keypad_module:freq_div|q ; 20.000       ; -2.919     ; 7.013      ;
; 5.074 ; keypad_freq_sel_module:inst1|keypad_module:keypad_mod_inst|i_column[23] ; GPIO_1[1] ; keypad_freq_sel_module:inst1|freq_divider_keypad_module:freq_div|q ; keypad_freq_sel_module:inst1|freq_divider_keypad_module:freq_div|q ; 20.000       ; -2.922     ; 7.004      ;
; 5.087 ; keypad_freq_sel_module:inst1|keypad_module:keypad_mod_inst|i_column[2]  ; GPIO_1[3] ; keypad_freq_sel_module:inst1|freq_divider_keypad_module:freq_div|q ; keypad_freq_sel_module:inst1|freq_divider_keypad_module:freq_div|q ; 20.000       ; -2.919     ; 6.994      ;
; 5.090 ; keypad_freq_sel_module:inst1|keypad_module:keypad_mod_inst|i_column[5]  ; GPIO_1[1] ; keypad_freq_sel_module:inst1|freq_divider_keypad_module:freq_div|q ; keypad_freq_sel_module:inst1|freq_divider_keypad_module:freq_div|q ; 20.000       ; -2.919     ; 6.991      ;
; 5.109 ; keypad_freq_sel_module:inst1|keypad_module:keypad_mod_inst|i_column[2]  ; GPIO_1[1] ; keypad_freq_sel_module:inst1|freq_divider_keypad_module:freq_div|q ; keypad_freq_sel_module:inst1|freq_divider_keypad_module:freq_div|q ; 20.000       ; -2.919     ; 6.972      ;
; 5.165 ; keypad_freq_sel_module:inst1|keypad_module:keypad_mod_inst|i_column[29] ; GPIO_1[3] ; keypad_freq_sel_module:inst1|freq_divider_keypad_module:freq_div|q ; keypad_freq_sel_module:inst1|freq_divider_keypad_module:freq_div|q ; 20.000       ; -2.922     ; 6.913      ;
; 5.184 ; keypad_freq_sel_module:inst1|keypad_module:keypad_mod_inst|i_column[29] ; GPIO_1[1] ; keypad_freq_sel_module:inst1|freq_divider_keypad_module:freq_div|q ; keypad_freq_sel_module:inst1|freq_divider_keypad_module:freq_div|q ; 20.000       ; -2.922     ; 6.894      ;
; 5.271 ; keypad_freq_sel_module:inst1|keypad_module:keypad_mod_inst|i_column[18] ; GPIO_1[2] ; keypad_freq_sel_module:inst1|freq_divider_keypad_module:freq_div|q ; keypad_freq_sel_module:inst1|freq_divider_keypad_module:freq_div|q ; 20.000       ; -2.922     ; 6.807      ;
; 5.277 ; keypad_freq_sel_module:inst1|keypad_module:keypad_mod_inst|i_column[18] ; GPIO_1[0] ; keypad_freq_sel_module:inst1|freq_divider_keypad_module:freq_div|q ; keypad_freq_sel_module:inst1|freq_divider_keypad_module:freq_div|q ; 20.000       ; -2.922     ; 6.801      ;
; 5.279 ; keypad_freq_sel_module:inst1|keypad_module:keypad_mod_inst|i_column[20] ; GPIO_1[3] ; keypad_freq_sel_module:inst1|freq_divider_keypad_module:freq_div|q ; keypad_freq_sel_module:inst1|freq_divider_keypad_module:freq_div|q ; 20.000       ; -2.922     ; 6.799      ;
; 5.298 ; keypad_freq_sel_module:inst1|keypad_module:keypad_mod_inst|i_column[20] ; GPIO_1[1] ; keypad_freq_sel_module:inst1|freq_divider_keypad_module:freq_div|q ; keypad_freq_sel_module:inst1|freq_divider_keypad_module:freq_div|q ; 20.000       ; -2.922     ; 6.780      ;
; 5.361 ; keypad_freq_sel_module:inst1|keypad_module:keypad_mod_inst|i_column[19] ; GPIO_1[2] ; keypad_freq_sel_module:inst1|freq_divider_keypad_module:freq_div|q ; keypad_freq_sel_module:inst1|freq_divider_keypad_module:freq_div|q ; 20.000       ; -2.922     ; 6.717      ;
; 5.364 ; keypad_freq_sel_module:inst1|keypad_module:keypad_mod_inst|i_column[8]  ; GPIO_1[2] ; keypad_freq_sel_module:inst1|freq_divider_keypad_module:freq_div|q ; keypad_freq_sel_module:inst1|freq_divider_keypad_module:freq_div|q ; 20.000       ; -2.919     ; 6.717      ;
; 5.367 ; keypad_freq_sel_module:inst1|keypad_module:keypad_mod_inst|i_column[19] ; GPIO_1[0] ; keypad_freq_sel_module:inst1|freq_divider_keypad_module:freq_div|q ; keypad_freq_sel_module:inst1|freq_divider_keypad_module:freq_div|q ; 20.000       ; -2.922     ; 6.711      ;
; 5.370 ; keypad_freq_sel_module:inst1|keypad_module:keypad_mod_inst|i_column[8]  ; GPIO_1[0] ; keypad_freq_sel_module:inst1|freq_divider_keypad_module:freq_div|q ; keypad_freq_sel_module:inst1|freq_divider_keypad_module:freq_div|q ; 20.000       ; -2.919     ; 6.711      ;
; 5.405 ; keypad_freq_sel_module:inst1|keypad_module:keypad_mod_inst|i_column[14] ; GPIO_1[2] ; keypad_freq_sel_module:inst1|freq_divider_keypad_module:freq_div|q ; keypad_freq_sel_module:inst1|freq_divider_keypad_module:freq_div|q ; 20.000       ; -2.919     ; 6.676      ;
; 5.411 ; keypad_freq_sel_module:inst1|keypad_module:keypad_mod_inst|i_column[14] ; GPIO_1[0] ; keypad_freq_sel_module:inst1|freq_divider_keypad_module:freq_div|q ; keypad_freq_sel_module:inst1|freq_divider_keypad_module:freq_div|q ; 20.000       ; -2.919     ; 6.670      ;
; 5.439 ; keypad_freq_sel_module:inst1|keypad_module:keypad_mod_inst|i_column[17] ; GPIO_1[2] ; keypad_freq_sel_module:inst1|freq_divider_keypad_module:freq_div|q ; keypad_freq_sel_module:inst1|freq_divider_keypad_module:freq_div|q ; 20.000       ; -2.922     ; 6.639      ;
; 5.445 ; keypad_freq_sel_module:inst1|keypad_module:keypad_mod_inst|i_column[17] ; GPIO_1[0] ; keypad_freq_sel_module:inst1|freq_divider_keypad_module:freq_div|q ; keypad_freq_sel_module:inst1|freq_divider_keypad_module:freq_div|q ; 20.000       ; -2.922     ; 6.633      ;
; 5.482 ; keypad_freq_sel_module:inst1|keypad_module:keypad_mod_inst|i_column[25] ; GPIO_1[2] ; keypad_freq_sel_module:inst1|freq_divider_keypad_module:freq_div|q ; keypad_freq_sel_module:inst1|freq_divider_keypad_module:freq_div|q ; 20.000       ; -2.922     ; 6.596      ;
; 5.488 ; keypad_freq_sel_module:inst1|keypad_module:keypad_mod_inst|i_column[25] ; GPIO_1[0] ; keypad_freq_sel_module:inst1|freq_divider_keypad_module:freq_div|q ; keypad_freq_sel_module:inst1|freq_divider_keypad_module:freq_div|q ; 20.000       ; -2.922     ; 6.590      ;
; 5.503 ; keypad_freq_sel_module:inst1|keypad_module:keypad_mod_inst|i_column[24] ; GPIO_1[2] ; keypad_freq_sel_module:inst1|freq_divider_keypad_module:freq_div|q ; keypad_freq_sel_module:inst1|freq_divider_keypad_module:freq_div|q ; 20.000       ; -2.922     ; 6.575      ;
; 5.509 ; keypad_freq_sel_module:inst1|keypad_module:keypad_mod_inst|i_column[24] ; GPIO_1[0] ; keypad_freq_sel_module:inst1|freq_divider_keypad_module:freq_div|q ; keypad_freq_sel_module:inst1|freq_divider_keypad_module:freq_div|q ; 20.000       ; -2.922     ; 6.569      ;
; 5.623 ; keypad_freq_sel_module:inst1|keypad_module:keypad_mod_inst|i_column[9]  ; GPIO_1[2] ; keypad_freq_sel_module:inst1|freq_divider_keypad_module:freq_div|q ; keypad_freq_sel_module:inst1|freq_divider_keypad_module:freq_div|q ; 20.000       ; -2.919     ; 6.458      ;
; 5.629 ; keypad_freq_sel_module:inst1|keypad_module:keypad_mod_inst|i_column[9]  ; GPIO_1[0] ; keypad_freq_sel_module:inst1|freq_divider_keypad_module:freq_div|q ; keypad_freq_sel_module:inst1|freq_divider_keypad_module:freq_div|q ; 20.000       ; -2.919     ; 6.452      ;
; 5.646 ; keypad_freq_sel_module:inst1|keypad_module:keypad_mod_inst|i_column[1]  ; GPIO_1[2] ; keypad_freq_sel_module:inst1|freq_divider_keypad_module:freq_div|q ; keypad_freq_sel_module:inst1|freq_divider_keypad_module:freq_div|q ; 20.000       ; -2.919     ; 6.435      ;
; 5.647 ; keypad_freq_sel_module:inst1|keypad_module:keypad_mod_inst|i_column[26] ; GPIO_1[2] ; keypad_freq_sel_module:inst1|freq_divider_keypad_module:freq_div|q ; keypad_freq_sel_module:inst1|freq_divider_keypad_module:freq_div|q ; 20.000       ; -2.922     ; 6.431      ;
; 5.652 ; keypad_freq_sel_module:inst1|keypad_module:keypad_mod_inst|i_column[1]  ; GPIO_1[0] ; keypad_freq_sel_module:inst1|freq_divider_keypad_module:freq_div|q ; keypad_freq_sel_module:inst1|freq_divider_keypad_module:freq_div|q ; 20.000       ; -2.919     ; 6.429      ;
; 5.653 ; keypad_freq_sel_module:inst1|keypad_module:keypad_mod_inst|i_column[26] ; GPIO_1[0] ; keypad_freq_sel_module:inst1|freq_divider_keypad_module:freq_div|q ; keypad_freq_sel_module:inst1|freq_divider_keypad_module:freq_div|q ; 20.000       ; -2.922     ; 6.425      ;
; 5.661 ; keypad_freq_sel_module:inst1|keypad_module:keypad_mod_inst|i_column[13] ; GPIO_1[2] ; keypad_freq_sel_module:inst1|freq_divider_keypad_module:freq_div|q ; keypad_freq_sel_module:inst1|freq_divider_keypad_module:freq_div|q ; 20.000       ; -2.919     ; 6.420      ;
; 5.667 ; keypad_freq_sel_module:inst1|keypad_module:keypad_mod_inst|i_column[13] ; GPIO_1[0] ; keypad_freq_sel_module:inst1|freq_divider_keypad_module:freq_div|q ; keypad_freq_sel_module:inst1|freq_divider_keypad_module:freq_div|q ; 20.000       ; -2.919     ; 6.414      ;
; 5.694 ; keypad_freq_sel_module:inst1|keypad_module:keypad_mod_inst|i_column[6]  ; GPIO_1[2] ; keypad_freq_sel_module:inst1|freq_divider_keypad_module:freq_div|q ; keypad_freq_sel_module:inst1|freq_divider_keypad_module:freq_div|q ; 20.000       ; -2.919     ; 6.387      ;
; 5.700 ; keypad_freq_sel_module:inst1|keypad_module:keypad_mod_inst|i_column[6]  ; GPIO_1[0] ; keypad_freq_sel_module:inst1|freq_divider_keypad_module:freq_div|q ; keypad_freq_sel_module:inst1|freq_divider_keypad_module:freq_div|q ; 20.000       ; -2.919     ; 6.381      ;
; 5.718 ; keypad_freq_sel_module:inst1|keypad_module:keypad_mod_inst|i_column[10] ; GPIO_1[2] ; keypad_freq_sel_module:inst1|freq_divider_keypad_module:freq_div|q ; keypad_freq_sel_module:inst1|freq_divider_keypad_module:freq_div|q ; 20.000       ; -2.919     ; 6.363      ;
; 5.724 ; keypad_freq_sel_module:inst1|keypad_module:keypad_mod_inst|i_column[10] ; GPIO_1[0] ; keypad_freq_sel_module:inst1|freq_divider_keypad_module:freq_div|q ; keypad_freq_sel_module:inst1|freq_divider_keypad_module:freq_div|q ; 20.000       ; -2.919     ; 6.357      ;
; 5.755 ; keypad_freq_sel_module:inst1|keypad_module:keypad_mod_inst|i_column[0]  ; GPIO_1[2] ; keypad_freq_sel_module:inst1|freq_divider_keypad_module:freq_div|q ; keypad_freq_sel_module:inst1|freq_divider_keypad_module:freq_div|q ; 20.000       ; -2.919     ; 6.326      ;
; 5.761 ; keypad_freq_sel_module:inst1|keypad_module:keypad_mod_inst|i_column[0]  ; GPIO_1[0] ; keypad_freq_sel_module:inst1|freq_divider_keypad_module:freq_div|q ; keypad_freq_sel_module:inst1|freq_divider_keypad_module:freq_div|q ; 20.000       ; -2.919     ; 6.320      ;
; 5.778 ; keypad_freq_sel_module:inst1|keypad_module:keypad_mod_inst|i_column[16] ; GPIO_1[2] ; keypad_freq_sel_module:inst1|freq_divider_keypad_module:freq_div|q ; keypad_freq_sel_module:inst1|freq_divider_keypad_module:freq_div|q ; 20.000       ; -2.922     ; 6.300      ;
; 5.784 ; keypad_freq_sel_module:inst1|keypad_module:keypad_mod_inst|i_column[16] ; GPIO_1[0] ; keypad_freq_sel_module:inst1|freq_divider_keypad_module:freq_div|q ; keypad_freq_sel_module:inst1|freq_divider_keypad_module:freq_div|q ; 20.000       ; -2.922     ; 6.294      ;
; 5.787 ; keypad_freq_sel_module:inst1|keypad_module:keypad_mod_inst|i_column[4]  ; GPIO_1[2] ; keypad_freq_sel_module:inst1|freq_divider_keypad_module:freq_div|q ; keypad_freq_sel_module:inst1|freq_divider_keypad_module:freq_div|q ; 20.000       ; -2.919     ; 6.294      ;
; 5.793 ; keypad_freq_sel_module:inst1|keypad_module:keypad_mod_inst|i_column[4]  ; GPIO_1[0] ; keypad_freq_sel_module:inst1|freq_divider_keypad_module:freq_div|q ; keypad_freq_sel_module:inst1|freq_divider_keypad_module:freq_div|q ; 20.000       ; -2.919     ; 6.288      ;
; 5.797 ; keypad_freq_sel_module:inst1|keypad_module:keypad_mod_inst|i_column[15] ; GPIO_1[2] ; keypad_freq_sel_module:inst1|freq_divider_keypad_module:freq_div|q ; keypad_freq_sel_module:inst1|freq_divider_keypad_module:freq_div|q ; 20.000       ; -2.919     ; 6.284      ;
; 5.797 ; keypad_freq_sel_module:inst1|keypad_module:keypad_mod_inst|i_column[3]  ; GPIO_1[2] ; keypad_freq_sel_module:inst1|freq_divider_keypad_module:freq_div|q ; keypad_freq_sel_module:inst1|freq_divider_keypad_module:freq_div|q ; 20.000       ; -2.919     ; 6.284      ;
; 5.803 ; keypad_freq_sel_module:inst1|keypad_module:keypad_mod_inst|i_column[15] ; GPIO_1[0] ; keypad_freq_sel_module:inst1|freq_divider_keypad_module:freq_div|q ; keypad_freq_sel_module:inst1|freq_divider_keypad_module:freq_div|q ; 20.000       ; -2.919     ; 6.278      ;
; 5.803 ; keypad_freq_sel_module:inst1|keypad_module:keypad_mod_inst|i_column[3]  ; GPIO_1[0] ; keypad_freq_sel_module:inst1|freq_divider_keypad_module:freq_div|q ; keypad_freq_sel_module:inst1|freq_divider_keypad_module:freq_div|q ; 20.000       ; -2.919     ; 6.278      ;
; 5.856 ; keypad_freq_sel_module:inst1|keypad_module:keypad_mod_inst|i_column[11] ; GPIO_1[2] ; keypad_freq_sel_module:inst1|freq_divider_keypad_module:freq_div|q ; keypad_freq_sel_module:inst1|freq_divider_keypad_module:freq_div|q ; 20.000       ; -2.919     ; 6.225      ;
; 5.862 ; keypad_freq_sel_module:inst1|keypad_module:keypad_mod_inst|i_column[11] ; GPIO_1[0] ; keypad_freq_sel_module:inst1|freq_divider_keypad_module:freq_div|q ; keypad_freq_sel_module:inst1|freq_divider_keypad_module:freq_div|q ; 20.000       ; -2.919     ; 6.219      ;
+-------+-------------------------------------------------------------------------+-----------+--------------------------------------------------------------------+--------------------------------------------------------------------+--------------+------------+------------+


+---------------------------------------------------------------------------------------------------------------------------------------------------------------------------------------------------------------------------------------+
; Slow Model Hold: 'CLOCK_50'                                                                                                                                                                                                           ;
+-------+----------------------------------------------------------------------------+----------------------------------------------------------------------------+--------------+-------------+--------------+------------+------------+
; Slack ; From Node                                                                  ; To Node                                                                    ; Launch Clock ; Latch Clock ; Relationship ; Clock Skew ; Data Delay ;
+-------+----------------------------------------------------------------------------+----------------------------------------------------------------------------+--------------+-------------+--------------+------------+------------+
; 0.391 ; lcd_driver:inst8|btn_counter[0]                                            ; lcd_driver:inst8|btn_counter[0]                                            ; CLOCK_50     ; CLOCK_50    ; 0.000        ; 0.000      ; 0.657      ;
; 0.391 ; lcd_driver:inst8|state.WAIT_BUTTON_RELEASE                                 ; lcd_driver:inst8|state.WAIT_BUTTON_RELEASE                                 ; CLOCK_50     ; CLOCK_50    ; 0.000        ; 0.000      ; 0.657      ;
; 0.391 ; lcd_driver:inst8|sub_state_f[0]                                            ; lcd_driver:inst8|sub_state_f[0]                                            ; CLOCK_50     ; CLOCK_50    ; 0.000        ; 0.000      ; 0.657      ;
; 0.391 ; lcd_driver:inst8|sub_state_f[1]                                            ; lcd_driver:inst8|sub_state_f[1]                                            ; CLOCK_50     ; CLOCK_50    ; 0.000        ; 0.000      ; 0.657      ;
; 0.391 ; lcd_driver:inst8|state_f.SETUP                                             ; lcd_driver:inst8|state_f.SETUP                                             ; CLOCK_50     ; CLOCK_50    ; 0.000        ; 0.000      ; 0.657      ;
; 0.391 ; lcd_driver:inst8|lcd_data_freq[7]                                          ; lcd_driver:inst8|lcd_data_freq[7]                                          ; CLOCK_50     ; CLOCK_50    ; 0.000        ; 0.000      ; 0.657      ;
; 0.391 ; lcd_driver:inst8|state.DONE                                                ; lcd_driver:inst8|state.DONE                                                ; CLOCK_50     ; CLOCK_50    ; 0.000        ; 0.000      ; 0.657      ;
; 0.391 ; lcd_driver:inst8|state.WAIT                                                ; lcd_driver:inst8|state.WAIT                                                ; CLOCK_50     ; CLOCK_50    ; 0.000        ; 0.000      ; 0.657      ;
; 0.391 ; lcd_driver:inst8|lcd_en_freq                                               ; lcd_driver:inst8|lcd_en_freq                                               ; CLOCK_50     ; CLOCK_50    ; 0.000        ; 0.000      ; 0.657      ;
; 0.391 ; lcd_driver:inst8|lcd_en_cntr                                               ; lcd_driver:inst8|lcd_en_cntr                                               ; CLOCK_50     ; CLOCK_50    ; 0.000        ; 0.000      ; 0.657      ;
; 0.391 ; lcd_driver:inst8|lcd_rs_freq                                               ; lcd_driver:inst8|lcd_rs_freq                                               ; CLOCK_50     ; CLOCK_50    ; 0.000        ; 0.000      ; 0.657      ;
; 0.391 ; lcd_driver:inst8|btn_pressed                                               ; lcd_driver:inst8|btn_pressed                                               ; CLOCK_50     ; CLOCK_50    ; 0.000        ; 0.000      ; 0.657      ;
; 0.391 ; lcd_driver:inst8|sub_state.PAGE0                                           ; lcd_driver:inst8|sub_state.PAGE0                                           ; CLOCK_50     ; CLOCK_50    ; 0.000        ; 0.000      ; 0.657      ;
; 0.391 ; lcd_driver:inst8|sub_state.PAGE1                                           ; lcd_driver:inst8|sub_state.PAGE1                                           ; CLOCK_50     ; CLOCK_50    ; 0.000        ; 0.000      ; 0.657      ;
; 0.391 ; lcd_driver:inst8|n_index[0]                                                ; lcd_driver:inst8|n_index[0]                                                ; CLOCK_50     ; CLOCK_50    ; 0.000        ; 0.000      ; 0.657      ;
; 0.391 ; lcd_driver:inst8|n_index[1]                                                ; lcd_driver:inst8|n_index[1]                                                ; CLOCK_50     ; CLOCK_50    ; 0.000        ; 0.000      ; 0.657      ;
; 0.391 ; lcd_driver:inst8|n_index[2]                                                ; lcd_driver:inst8|n_index[2]                                                ; CLOCK_50     ; CLOCK_50    ; 0.000        ; 0.000      ; 0.657      ;
; 0.391 ; lcd_driver:inst8|state_f.WAIT_EXEC                                         ; lcd_driver:inst8|state_f.WAIT_EXEC                                         ; CLOCK_50     ; CLOCK_50    ; 0.000        ; 0.000      ; 0.657      ;
; 0.391 ; lcd_driver:inst8|state_f.WRITE_DATA                                        ; lcd_driver:inst8|state_f.WRITE_DATA                                        ; CLOCK_50     ; CLOCK_50    ; 0.000        ; 0.000      ; 0.657      ;
; 0.391 ; lcd_driver:inst8|n_index[3]                                                ; lcd_driver:inst8|n_index[3]                                                ; CLOCK_50     ; CLOCK_50    ; 0.000        ; 0.000      ; 0.657      ;
; 0.391 ; lcd_driver:inst8|state.WRITE_DATA                                          ; lcd_driver:inst8|state.WRITE_DATA                                          ; CLOCK_50     ; CLOCK_50    ; 0.000        ; 0.000      ; 0.657      ;
; 0.391 ; lcd_driver:inst8|state.POWER_ON                                            ; lcd_driver:inst8|state.POWER_ON                                            ; CLOCK_50     ; CLOCK_50    ; 0.000        ; 0.000      ; 0.657      ;
; 0.391 ; lcd_driver:inst8|state.WAIT_EXEC                                           ; lcd_driver:inst8|state.WAIT_EXEC                                           ; CLOCK_50     ; CLOCK_50    ; 0.000        ; 0.000      ; 0.657      ;
; 0.391 ; lcd_driver:inst8|state.PAGE_SELECT                                         ; lcd_driver:inst8|state.PAGE_SELECT                                         ; CLOCK_50     ; CLOCK_50    ; 0.000        ; 0.000      ; 0.657      ;
; 0.391 ; lcd_driver:inst8|sub_state.PAGE_ERROR                                      ; lcd_driver:inst8|sub_state.PAGE_ERROR                                      ; CLOCK_50     ; CLOCK_50    ; 0.000        ; 0.000      ; 0.657      ;
; 0.391 ; lcd_driver:inst8|sub_state.PAGE2                                           ; lcd_driver:inst8|sub_state.PAGE2                                           ; CLOCK_50     ; CLOCK_50    ; 0.000        ; 0.000      ; 0.657      ;
; 0.517 ; metastab_3xdff:inst4|bcd_freq_sync_1[6]                                    ; metastab_3xdff:inst4|bcd_freq_sync_2[6]                                    ; CLOCK_50     ; CLOCK_50    ; 0.000        ; 0.000      ; 0.783      ;
; 0.521 ; metastab_3xdff:inst4|bcd_freq_sync_2[11]                                   ; metastab_3xdff:inst4|bcd_freq_sync[11]                                     ; CLOCK_50     ; CLOCK_50    ; 0.000        ; 0.000      ; 0.787      ;
; 0.521 ; metastab_3xdff:inst4|bcd_freq_sync_2[17]                                   ; metastab_3xdff:inst4|bcd_freq_sync[17]                                     ; CLOCK_50     ; CLOCK_50    ; 0.000        ; 0.000      ; 0.787      ;
; 0.522 ; lcd_driver:inst8|n_index[3]                                                ; lcd_driver:inst8|state_f.HZ_DISPLAY                                        ; CLOCK_50     ; CLOCK_50    ; 0.000        ; 0.000      ; 0.788      ;
; 0.522 ; metastab_3xdff:inst4|bcd_freq_sync_1[5]                                    ; metastab_3xdff:inst4|bcd_freq_sync_2[5]                                    ; CLOCK_50     ; CLOCK_50    ; 0.000        ; 0.000      ; 0.788      ;
; 0.523 ; metastab_3xdff:inst4|next_2                                                ; metastab_3xdff:inst4|next_sync                                             ; CLOCK_50     ; CLOCK_50    ; 0.000        ; 0.000      ; 0.789      ;
; 0.524 ; metastab_3xdff:inst4|prev_1                                                ; metastab_3xdff:inst4|prev_2                                                ; CLOCK_50     ; CLOCK_50    ; 0.000        ; 0.000      ; 0.790      ;
; 0.524 ; metastab_3xdff:inst4|bcd_freq_sync_2[20]                                   ; metastab_3xdff:inst4|bcd_freq_sync[20]                                     ; CLOCK_50     ; CLOCK_50    ; 0.000        ; 0.000      ; 0.790      ;
; 0.527 ; lcd_driver:inst8|state.WRITE_DATA                                          ; lcd_driver:inst8|lcd_en_cntr                                               ; CLOCK_50     ; CLOCK_50    ; 0.000        ; 0.000      ; 0.793      ;
; 0.531 ; keypad_freq_sel_module:inst1|freq_divider_keypad_module:freq_div|count[31] ; keypad_freq_sel_module:inst1|freq_divider_keypad_module:freq_div|count[31] ; CLOCK_50     ; CLOCK_50    ; 0.000        ; 0.000      ; 0.797      ;
; 0.531 ; lcd_driver:inst8|counter_f[31]                                             ; lcd_driver:inst8|counter_f[31]                                             ; CLOCK_50     ; CLOCK_50    ; 0.000        ; 0.000      ; 0.797      ;
; 0.531 ; lcd_driver:inst8|counter[31]                                               ; lcd_driver:inst8|counter[31]                                               ; CLOCK_50     ; CLOCK_50    ; 0.000        ; 0.000      ; 0.797      ;
; 0.534 ; lcd_driver:inst8|char_index[5]                                             ; lcd_driver:inst8|char_index[5]                                             ; CLOCK_50     ; CLOCK_50    ; 0.000        ; 0.000      ; 0.800      ;
; 0.582 ; lcd_driver:inst8|n_index[0]                                                ; lcd_driver:inst8|n_index[2]                                                ; CLOCK_50     ; CLOCK_50    ; 0.000        ; 0.000      ; 0.848      ;
; 0.647 ; metastab_3xdff:inst4|bcd_freq_sync_2[22]                                   ; metastab_3xdff:inst4|bcd_freq_sync[22]                                     ; CLOCK_50     ; CLOCK_50    ; 0.000        ; 0.000      ; 0.913      ;
; 0.649 ; metastab_3xdff:inst4|bcd_freq_sync_2[14]                                   ; metastab_3xdff:inst4|bcd_freq_sync[14]                                     ; CLOCK_50     ; CLOCK_50    ; 0.000        ; 0.000      ; 0.915      ;
; 0.649 ; metastab_3xdff:inst4|bcd_freq_sync_1[13]                                   ; metastab_3xdff:inst4|bcd_freq_sync_2[13]                                   ; CLOCK_50     ; CLOCK_50    ; 0.000        ; 0.000      ; 0.915      ;
; 0.650 ; metastab_3xdff:inst4|bcd_freq_sync_1[11]                                   ; metastab_3xdff:inst4|bcd_freq_sync_2[11]                                   ; CLOCK_50     ; CLOCK_50    ; 0.000        ; 0.000      ; 0.916      ;
; 0.650 ; metastab_3xdff:inst4|bcd_freq_sync_1[18]                                   ; metastab_3xdff:inst4|bcd_freq_sync_2[18]                                   ; CLOCK_50     ; CLOCK_50    ; 0.000        ; 0.000      ; 0.916      ;
; 0.655 ; metastab_3xdff:inst4|prev_2                                                ; metastab_3xdff:inst4|prev_sync                                             ; CLOCK_50     ; CLOCK_50    ; 0.000        ; 0.000      ; 0.921      ;
; 0.655 ; metastab_3xdff:inst4|bcd_freq_sync_2[4]                                    ; metastab_3xdff:inst4|bcd_freq_sync[4]                                      ; CLOCK_50     ; CLOCK_50    ; 0.000        ; 0.000      ; 0.921      ;
; 0.655 ; metastab_3xdff:inst4|mirror_x_sync_keypad_1                                ; metastab_3xdff:inst4|mirror_x_sync_keypad_2                                ; CLOCK_50     ; CLOCK_50    ; 0.000        ; 0.000      ; 0.921      ;
; 0.656 ; metastab_3xdff:inst4|next_1                                                ; metastab_3xdff:inst4|next_2                                                ; CLOCK_50     ; CLOCK_50    ; 0.000        ; 0.000      ; 0.922      ;
; 0.656 ; metastab_3xdff:inst4|bcd_freq_sync_1[15]                                   ; metastab_3xdff:inst4|bcd_freq_sync_2[15]                                   ; CLOCK_50     ; CLOCK_50    ; 0.000        ; 0.000      ; 0.922      ;
; 0.656 ; metastab_3xdff:inst4|bcd_freq_sync_2[27]                                   ; metastab_3xdff:inst4|bcd_freq_sync[27]                                     ; CLOCK_50     ; CLOCK_50    ; 0.000        ; 0.000      ; 0.922      ;
; 0.656 ; metastab_3xdff:inst4|bcd_freq_sync_1[14]                                   ; metastab_3xdff:inst4|bcd_freq_sync_2[14]                                   ; CLOCK_50     ; CLOCK_50    ; 0.000        ; 0.000      ; 0.922      ;
; 0.656 ; metastab_3xdff:inst4|bcd_freq_sync_1[1]                                    ; metastab_3xdff:inst4|bcd_freq_sync_2[1]                                    ; CLOCK_50     ; CLOCK_50    ; 0.000        ; 0.000      ; 0.922      ;
; 0.658 ; metastab_3xdff:inst4|bcd_freq_sync_1[7]                                    ; metastab_3xdff:inst4|bcd_freq_sync_2[7]                                    ; CLOCK_50     ; CLOCK_50    ; 0.000        ; 0.000      ; 0.924      ;
; 0.659 ; metastab_3xdff:inst4|bcd_freq_sync_2[0]                                    ; metastab_3xdff:inst4|bcd_freq_sync[0]                                      ; CLOCK_50     ; CLOCK_50    ; 0.000        ; 0.000      ; 0.925      ;
; 0.660 ; metastab_3xdff:inst4|bcd_freq_sync_2[15]                                   ; metastab_3xdff:inst4|bcd_freq_sync[15]                                     ; CLOCK_50     ; CLOCK_50    ; 0.000        ; 0.000      ; 0.926      ;
; 0.666 ; lcd_driver:inst8|state.WAIT                                                ; lcd_driver:inst8|state.SETUP                                               ; CLOCK_50     ; CLOCK_50    ; 0.000        ; 0.000      ; 0.932      ;
; 0.763 ; lcd_driver:inst8|state_f.CHECK_AND_WAIT                                    ; lcd_driver:inst8|lcd_rs_freq                                               ; CLOCK_50     ; CLOCK_50    ; 0.000        ; 0.000      ; 1.029      ;
; 0.764 ; metastab_3xdff:inst4|bcd_freq_sync_2[2]                                    ; metastab_3xdff:inst4|bcd_freq_sync[2]                                      ; CLOCK_50     ; CLOCK_50    ; 0.000        ; 0.000      ; 1.030      ;
; 0.766 ; metastab_3xdff:inst4|bcd_freq_sync_2[12]                                   ; metastab_3xdff:inst4|bcd_freq_sync[12]                                     ; CLOCK_50     ; CLOCK_50    ; 0.000        ; 0.000      ; 1.032      ;
; 0.769 ; metastab_3xdff:inst4|ena_ddfs_1                                            ; metastab_3xdff:inst4|ena_ddfs_2                                            ; CLOCK_50     ; CLOCK_50    ; 0.000        ; 0.000      ; 1.035      ;
; 0.771 ; metastab_3xdff:inst4|bcd_freq_sync_2[26]                                   ; metastab_3xdff:inst4|bcd_freq_sync[26]                                     ; CLOCK_50     ; CLOCK_50    ; 0.000        ; 0.000      ; 1.037      ;
; 0.773 ; metastab_3xdff:inst4|bcd_freq_sync_1[2]                                    ; metastab_3xdff:inst4|bcd_freq_sync_2[2]                                    ; CLOCK_50     ; CLOCK_50    ; 0.000        ; 0.000      ; 1.039      ;
; 0.788 ; lcd_driver:inst8|counter_f[0]                                              ; lcd_driver:inst8|counter_f[0]                                              ; CLOCK_50     ; CLOCK_50    ; 0.000        ; 0.000      ; 1.054      ;
; 0.788 ; lcd_driver:inst8|counter[0]                                                ; lcd_driver:inst8|counter[0]                                                ; CLOCK_50     ; CLOCK_50    ; 0.000        ; 0.000      ; 1.054      ;
; 0.790 ; metastab_3xdff:inst4|bcd_freq_sync_2[7]                                    ; metastab_3xdff:inst4|bcd_freq_sync[7]                                      ; CLOCK_50     ; CLOCK_50    ; 0.000        ; 0.000      ; 1.056      ;
; 0.794 ; metastab_3xdff:inst4|bcd_freq_sync_2[25]                                   ; metastab_3xdff:inst4|bcd_freq_sync[25]                                     ; CLOCK_50     ; CLOCK_50    ; 0.000        ; 0.000      ; 1.060      ;
; 0.794 ; metastab_3xdff:inst4|mirror_y_sync_keypad_2                                ; metastab_3xdff:inst4|mirror_y_sync_keypad                                  ; CLOCK_50     ; CLOCK_50    ; 0.000        ; 0.000      ; 1.060      ;
; 0.795 ; keypad_freq_sel_module:inst1|freq_divider_keypad_module:freq_div|count[16] ; keypad_freq_sel_module:inst1|freq_divider_keypad_module:freq_div|count[16] ; CLOCK_50     ; CLOCK_50    ; 0.000        ; 0.000      ; 1.061      ;
; 0.795 ; lcd_driver:inst8|counter_f[16]                                             ; lcd_driver:inst8|counter_f[16]                                             ; CLOCK_50     ; CLOCK_50    ; 0.000        ; 0.000      ; 1.061      ;
; 0.795 ; lcd_driver:inst8|counter[16]                                               ; lcd_driver:inst8|counter[16]                                               ; CLOCK_50     ; CLOCK_50    ; 0.000        ; 0.000      ; 1.061      ;
; 0.795 ; metastab_3xdff:inst4|bcd_freq_sync_1[25]                                   ; metastab_3xdff:inst4|bcd_freq_sync_2[25]                                   ; CLOCK_50     ; CLOCK_50    ; 0.000        ; 0.000      ; 1.061      ;
; 0.795 ; metastab_3xdff:inst4|bcd_freq_sync_1[0]                                    ; metastab_3xdff:inst4|bcd_freq_sync_2[0]                                    ; CLOCK_50     ; CLOCK_50    ; 0.000        ; 0.000      ; 1.061      ;
; 0.795 ; metastab_3xdff:inst4|mirror_x_sync_keypad_2                                ; metastab_3xdff:inst4|mirror_x_sync_keypad                                  ; CLOCK_50     ; CLOCK_50    ; 0.000        ; 0.000      ; 1.061      ;
; 0.796 ; metastab_3xdff:inst4|bcd_freq_sync_2[21]                                   ; metastab_3xdff:inst4|bcd_freq_sync[21]                                     ; CLOCK_50     ; CLOCK_50    ; 0.000        ; 0.000      ; 1.062      ;
; 0.796 ; metastab_3xdff:inst4|bcd_freq_sync_1[16]                                   ; metastab_3xdff:inst4|bcd_freq_sync_2[16]                                   ; CLOCK_50     ; CLOCK_50    ; 0.000        ; 0.000      ; 1.062      ;
; 0.797 ; metastab_3xdff:inst4|bcd_freq_sync_2[9]                                    ; metastab_3xdff:inst4|bcd_freq_sync[9]                                      ; CLOCK_50     ; CLOCK_50    ; 0.000        ; 0.000      ; 1.063      ;
; 0.797 ; metastab_3xdff:inst4|bcd_freq_sync_2[16]                                   ; metastab_3xdff:inst4|bcd_freq_sync[16]                                     ; CLOCK_50     ; CLOCK_50    ; 0.000        ; 0.000      ; 1.063      ;
; 0.798 ; lcd_driver:inst8|counter_f[1]                                              ; lcd_driver:inst8|counter_f[1]                                              ; CLOCK_50     ; CLOCK_50    ; 0.000        ; 0.000      ; 1.064      ;
; 0.798 ; lcd_driver:inst8|counter[1]                                                ; lcd_driver:inst8|counter[1]                                                ; CLOCK_50     ; CLOCK_50    ; 0.000        ; 0.000      ; 1.064      ;
; 0.799 ; lcd_driver:inst8|counter_f[2]                                              ; lcd_driver:inst8|counter_f[2]                                              ; CLOCK_50     ; CLOCK_50    ; 0.000        ; 0.000      ; 1.065      ;
; 0.799 ; lcd_driver:inst8|counter[2]                                                ; lcd_driver:inst8|counter[2]                                                ; CLOCK_50     ; CLOCK_50    ; 0.000        ; 0.000      ; 1.065      ;
; 0.799 ; metastab_3xdff:inst4|mirror_y_sync_keypad_1                                ; metastab_3xdff:inst4|mirror_y_sync_keypad_2                                ; CLOCK_50     ; CLOCK_50    ; 0.000        ; 0.000      ; 1.065      ;
; 0.800 ; keypad_freq_sel_module:inst1|freq_divider_keypad_module:freq_div|count[1]  ; keypad_freq_sel_module:inst1|freq_divider_keypad_module:freq_div|count[1]  ; CLOCK_50     ; CLOCK_50    ; 0.000        ; 0.000      ; 1.066      ;
; 0.800 ; metastab_3xdff:inst4|bcd_freq_sync_2[23]                                   ; metastab_3xdff:inst4|bcd_freq_sync[23]                                     ; CLOCK_50     ; CLOCK_50    ; 0.000        ; 0.000      ; 1.066      ;
; 0.800 ; metastab_3xdff:inst4|bcd_freq_sync_2[10]                                   ; metastab_3xdff:inst4|bcd_freq_sync[10]                                     ; CLOCK_50     ; CLOCK_50    ; 0.000        ; 0.000      ; 1.066      ;
; 0.800 ; metastab_3xdff:inst4|bcd_freq_sync_1[8]                                    ; metastab_3xdff:inst4|bcd_freq_sync_2[8]                                    ; CLOCK_50     ; CLOCK_50    ; 0.000        ; 0.000      ; 1.066      ;
; 0.801 ; keypad_freq_sel_module:inst1|freq_divider_keypad_module:freq_div|count[2]  ; keypad_freq_sel_module:inst1|freq_divider_keypad_module:freq_div|count[2]  ; CLOCK_50     ; CLOCK_50    ; 0.000        ; 0.000      ; 1.067      ;
; 0.801 ; keypad_freq_sel_module:inst1|freq_divider_keypad_module:freq_div|count[11] ; keypad_freq_sel_module:inst1|freq_divider_keypad_module:freq_div|count[11] ; CLOCK_50     ; CLOCK_50    ; 0.000        ; 0.000      ; 1.067      ;
; 0.801 ; metastab_3xdff:inst4|bcd_freq_sync_2[3]                                    ; metastab_3xdff:inst4|bcd_freq_sync[3]                                      ; CLOCK_50     ; CLOCK_50    ; 0.000        ; 0.000      ; 1.067      ;
; 0.802 ; keypad_freq_sel_module:inst1|freq_divider_keypad_module:freq_div|count[4]  ; keypad_freq_sel_module:inst1|freq_divider_keypad_module:freq_div|count[4]  ; CLOCK_50     ; CLOCK_50    ; 0.000        ; 0.000      ; 1.068      ;
; 0.805 ; keypad_freq_sel_module:inst1|freq_divider_keypad_module:freq_div|count[17] ; keypad_freq_sel_module:inst1|freq_divider_keypad_module:freq_div|count[17] ; CLOCK_50     ; CLOCK_50    ; 0.000        ; 0.000      ; 1.071      ;
; 0.805 ; lcd_driver:inst8|counter_f[17]                                             ; lcd_driver:inst8|counter_f[17]                                             ; CLOCK_50     ; CLOCK_50    ; 0.000        ; 0.000      ; 1.071      ;
; 0.805 ; lcd_driver:inst8|counter[17]                                               ; lcd_driver:inst8|counter[17]                                               ; CLOCK_50     ; CLOCK_50    ; 0.000        ; 0.000      ; 1.071      ;
; 0.806 ; keypad_freq_sel_module:inst1|freq_divider_keypad_module:freq_div|count[13] ; keypad_freq_sel_module:inst1|freq_divider_keypad_module:freq_div|count[13] ; CLOCK_50     ; CLOCK_50    ; 0.000        ; 0.000      ; 1.072      ;
; 0.806 ; keypad_freq_sel_module:inst1|freq_divider_keypad_module:freq_div|count[14] ; keypad_freq_sel_module:inst1|freq_divider_keypad_module:freq_div|count[14] ; CLOCK_50     ; CLOCK_50    ; 0.000        ; 0.000      ; 1.072      ;
; 0.806 ; keypad_freq_sel_module:inst1|freq_divider_keypad_module:freq_div|count[15] ; keypad_freq_sel_module:inst1|freq_divider_keypad_module:freq_div|count[15] ; CLOCK_50     ; CLOCK_50    ; 0.000        ; 0.000      ; 1.072      ;
; 0.806 ; keypad_freq_sel_module:inst1|freq_divider_keypad_module:freq_div|count[18] ; keypad_freq_sel_module:inst1|freq_divider_keypad_module:freq_div|count[18] ; CLOCK_50     ; CLOCK_50    ; 0.000        ; 0.000      ; 1.072      ;
; 0.806 ; keypad_freq_sel_module:inst1|freq_divider_keypad_module:freq_div|count[20] ; keypad_freq_sel_module:inst1|freq_divider_keypad_module:freq_div|count[20] ; CLOCK_50     ; CLOCK_50    ; 0.000        ; 0.000      ; 1.072      ;
; 0.806 ; keypad_freq_sel_module:inst1|freq_divider_keypad_module:freq_div|count[23] ; keypad_freq_sel_module:inst1|freq_divider_keypad_module:freq_div|count[23] ; CLOCK_50     ; CLOCK_50    ; 0.000        ; 0.000      ; 1.072      ;
+-------+----------------------------------------------------------------------------+----------------------------------------------------------------------------+--------------+-------------+--------------+------------+------------+


+------------------------------------------------------------------------------------------------------------------------------------------------------------------------------------------------------------------------------------------------------------------------------------------------------------------------------------------------------+
; Slow Model Hold: 'keypad_freq_sel_module:inst1|freq_divider_keypad_module:freq_div|q'                                                                                                                                                                                                                                                                ;
+-------+-----------------------------------------------------------------------------+-----------------------------------------------------------------------------+--------------------------------------------------------------------+--------------------------------------------------------------------+--------------+------------+------------+
; Slack ; From Node                                                                   ; To Node                                                                     ; Launch Clock                                                       ; Latch Clock                                                        ; Relationship ; Clock Skew ; Data Delay ;
+-------+-----------------------------------------------------------------------------+-----------------------------------------------------------------------------+--------------------------------------------------------------------+--------------------------------------------------------------------+--------------+------------+------------+
; 0.391 ; keypad_freq_sel_module:inst1|debounced_keypad_pressed                       ; keypad_freq_sel_module:inst1|debounced_keypad_pressed                       ; keypad_freq_sel_module:inst1|freq_divider_keypad_module:freq_div|q ; keypad_freq_sel_module:inst1|freq_divider_keypad_module:freq_div|q ; 0.000        ; 0.000      ; 0.657      ;
; 0.391 ; keypad_freq_sel_module:inst1|button_pressed                                 ; keypad_freq_sel_module:inst1|button_pressed                                 ; keypad_freq_sel_module:inst1|freq_divider_keypad_module:freq_div|q ; keypad_freq_sel_module:inst1|freq_divider_keypad_module:freq_div|q ; 0.000        ; 0.000      ; 0.657      ;
; 0.391 ; keypad_freq_sel_module:inst1|prev_page                                      ; keypad_freq_sel_module:inst1|prev_page                                      ; keypad_freq_sel_module:inst1|freq_divider_keypad_module:freq_div|q ; keypad_freq_sel_module:inst1|freq_divider_keypad_module:freq_div|q ; 0.000        ; 0.000      ; 0.657      ;
; 0.391 ; keypad_freq_sel_module:inst1|next_page                                      ; keypad_freq_sel_module:inst1|next_page                                      ; keypad_freq_sel_module:inst1|freq_divider_keypad_module:freq_div|q ; keypad_freq_sel_module:inst1|freq_divider_keypad_module:freq_div|q ; 0.000        ; 0.000      ; 0.657      ;
; 0.391 ; keypad_freq_sel_module:inst1|digit_counter[2]                               ; keypad_freq_sel_module:inst1|digit_counter[2]                               ; keypad_freq_sel_module:inst1|freq_divider_keypad_module:freq_div|q ; keypad_freq_sel_module:inst1|freq_divider_keypad_module:freq_div|q ; 0.000        ; 0.000      ; 0.657      ;
; 0.391 ; keypad_freq_sel_module:inst1|freq_1[3]                                      ; keypad_freq_sel_module:inst1|freq_1[3]                                      ; keypad_freq_sel_module:inst1|freq_divider_keypad_module:freq_div|q ; keypad_freq_sel_module:inst1|freq_divider_keypad_module:freq_div|q ; 0.000        ; 0.000      ; 0.657      ;
; 0.391 ; keypad_freq_sel_module:inst1|freq_1[2]                                      ; keypad_freq_sel_module:inst1|freq_1[2]                                      ; keypad_freq_sel_module:inst1|freq_divider_keypad_module:freq_div|q ; keypad_freq_sel_module:inst1|freq_divider_keypad_module:freq_div|q ; 0.000        ; 0.000      ; 0.657      ;
; 0.391 ; keypad_freq_sel_module:inst1|freq_1[1]                                      ; keypad_freq_sel_module:inst1|freq_1[1]                                      ; keypad_freq_sel_module:inst1|freq_divider_keypad_module:freq_div|q ; keypad_freq_sel_module:inst1|freq_divider_keypad_module:freq_div|q ; 0.000        ; 0.000      ; 0.657      ;
; 0.391 ; keypad_freq_sel_module:inst1|freq_1[0]                                      ; keypad_freq_sel_module:inst1|freq_1[0]                                      ; keypad_freq_sel_module:inst1|freq_divider_keypad_module:freq_div|q ; keypad_freq_sel_module:inst1|freq_divider_keypad_module:freq_div|q ; 0.000        ; 0.000      ; 0.657      ;
; 0.391 ; keypad_freq_sel_module:inst1|sel_A                                          ; keypad_freq_sel_module:inst1|sel_A                                          ; keypad_freq_sel_module:inst1|freq_divider_keypad_module:freq_div|q ; keypad_freq_sel_module:inst1|freq_divider_keypad_module:freq_div|q ; 0.000        ; 0.000      ; 0.657      ;
; 0.391 ; keypad_freq_sel_module:inst1|keypad_module:keypad_mod_inst|tmp_out_keys[1]  ; keypad_freq_sel_module:inst1|keypad_module:keypad_mod_inst|tmp_out_keys[1]  ; keypad_freq_sel_module:inst1|freq_divider_keypad_module:freq_div|q ; keypad_freq_sel_module:inst1|freq_divider_keypad_module:freq_div|q ; 0.000        ; 0.000      ; 0.657      ;
; 0.391 ; keypad_freq_sel_module:inst1|keypad_module:keypad_mod_inst|tmp_out_keys[0]  ; keypad_freq_sel_module:inst1|keypad_module:keypad_mod_inst|tmp_out_keys[0]  ; keypad_freq_sel_module:inst1|freq_divider_keypad_module:freq_div|q ; keypad_freq_sel_module:inst1|freq_divider_keypad_module:freq_div|q ; 0.000        ; 0.000      ; 0.657      ;
; 0.391 ; keypad_freq_sel_module:inst1|keypad_module:keypad_mod_inst|tmp_out_keys[3]  ; keypad_freq_sel_module:inst1|keypad_module:keypad_mod_inst|tmp_out_keys[3]  ; keypad_freq_sel_module:inst1|freq_divider_keypad_module:freq_div|q ; keypad_freq_sel_module:inst1|freq_divider_keypad_module:freq_div|q ; 0.000        ; 0.000      ; 0.657      ;
; 0.391 ; keypad_freq_sel_module:inst1|keypad_module:keypad_mod_inst|tmp_out_keys[15] ; keypad_freq_sel_module:inst1|keypad_module:keypad_mod_inst|tmp_out_keys[15] ; keypad_freq_sel_module:inst1|freq_divider_keypad_module:freq_div|q ; keypad_freq_sel_module:inst1|freq_divider_keypad_module:freq_div|q ; 0.000        ; 0.000      ; 0.657      ;
; 0.391 ; keypad_freq_sel_module:inst1|keypad_module:keypad_mod_inst|tmp_out_keys[4]  ; keypad_freq_sel_module:inst1|keypad_module:keypad_mod_inst|tmp_out_keys[4]  ; keypad_freq_sel_module:inst1|freq_divider_keypad_module:freq_div|q ; keypad_freq_sel_module:inst1|freq_divider_keypad_module:freq_div|q ; 0.000        ; 0.000      ; 0.657      ;
; 0.391 ; keypad_freq_sel_module:inst1|keypad_module:keypad_mod_inst|tmp_out_keys[11] ; keypad_freq_sel_module:inst1|keypad_module:keypad_mod_inst|tmp_out_keys[11] ; keypad_freq_sel_module:inst1|freq_divider_keypad_module:freq_div|q ; keypad_freq_sel_module:inst1|freq_divider_keypad_module:freq_div|q ; 0.000        ; 0.000      ; 0.657      ;
; 0.391 ; keypad_freq_sel_module:inst1|keypad_module:keypad_mod_inst|tmp_out_keys[9]  ; keypad_freq_sel_module:inst1|keypad_module:keypad_mod_inst|tmp_out_keys[9]  ; keypad_freq_sel_module:inst1|freq_divider_keypad_module:freq_div|q ; keypad_freq_sel_module:inst1|freq_divider_keypad_module:freq_div|q ; 0.000        ; 0.000      ; 0.657      ;
; 0.391 ; keypad_freq_sel_module:inst1|keypad_module:keypad_mod_inst|tmp_out_keys[12] ; keypad_freq_sel_module:inst1|keypad_module:keypad_mod_inst|tmp_out_keys[12] ; keypad_freq_sel_module:inst1|freq_divider_keypad_module:freq_div|q ; keypad_freq_sel_module:inst1|freq_divider_keypad_module:freq_div|q ; 0.000        ; 0.000      ; 0.657      ;
; 0.391 ; keypad_freq_sel_module:inst1|keypad_module:keypad_mod_inst|tmp_out_keys[13] ; keypad_freq_sel_module:inst1|keypad_module:keypad_mod_inst|tmp_out_keys[13] ; keypad_freq_sel_module:inst1|freq_divider_keypad_module:freq_div|q ; keypad_freq_sel_module:inst1|freq_divider_keypad_module:freq_div|q ; 0.000        ; 0.000      ; 0.657      ;
; 0.391 ; keypad_freq_sel_module:inst1|keypad_module:keypad_mod_inst|tmp_out_keys[8]  ; keypad_freq_sel_module:inst1|keypad_module:keypad_mod_inst|tmp_out_keys[8]  ; keypad_freq_sel_module:inst1|freq_divider_keypad_module:freq_div|q ; keypad_freq_sel_module:inst1|freq_divider_keypad_module:freq_div|q ; 0.000        ; 0.000      ; 0.657      ;
; 0.391 ; keypad_freq_sel_module:inst1|keypad_module:keypad_mod_inst|tmp_out_keys[7]  ; keypad_freq_sel_module:inst1|keypad_module:keypad_mod_inst|tmp_out_keys[7]  ; keypad_freq_sel_module:inst1|freq_divider_keypad_module:freq_div|q ; keypad_freq_sel_module:inst1|freq_divider_keypad_module:freq_div|q ; 0.000        ; 0.000      ; 0.657      ;
; 0.391 ; keypad_freq_sel_module:inst1|keypad_module:keypad_mod_inst|tmp_out_keys[14] ; keypad_freq_sel_module:inst1|keypad_module:keypad_mod_inst|tmp_out_keys[14] ; keypad_freq_sel_module:inst1|freq_divider_keypad_module:freq_div|q ; keypad_freq_sel_module:inst1|freq_divider_keypad_module:freq_div|q ; 0.000        ; 0.000      ; 0.657      ;
; 0.391 ; keypad_freq_sel_module:inst1|keypad_module:keypad_mod_inst|tmp_out_keys[10] ; keypad_freq_sel_module:inst1|keypad_module:keypad_mod_inst|tmp_out_keys[10] ; keypad_freq_sel_module:inst1|freq_divider_keypad_module:freq_div|q ; keypad_freq_sel_module:inst1|freq_divider_keypad_module:freq_div|q ; 0.000        ; 0.000      ; 0.657      ;
; 0.391 ; keypad_freq_sel_module:inst1|keypad_module:keypad_mod_inst|tmp_out_keys[6]  ; keypad_freq_sel_module:inst1|keypad_module:keypad_mod_inst|tmp_out_keys[6]  ; keypad_freq_sel_module:inst1|freq_divider_keypad_module:freq_div|q ; keypad_freq_sel_module:inst1|freq_divider_keypad_module:freq_div|q ; 0.000        ; 0.000      ; 0.657      ;
; 0.391 ; keypad_freq_sel_module:inst1|keypad_module:keypad_mod_inst|tmp_out_keys[5]  ; keypad_freq_sel_module:inst1|keypad_module:keypad_mod_inst|tmp_out_keys[5]  ; keypad_freq_sel_module:inst1|freq_divider_keypad_module:freq_div|q ; keypad_freq_sel_module:inst1|freq_divider_keypad_module:freq_div|q ; 0.000        ; 0.000      ; 0.657      ;
; 0.391 ; keypad_freq_sel_module:inst1|keypad_module:keypad_mod_inst|tmp_out_keys[2]  ; keypad_freq_sel_module:inst1|keypad_module:keypad_mod_inst|tmp_out_keys[2]  ; keypad_freq_sel_module:inst1|freq_divider_keypad_module:freq_div|q ; keypad_freq_sel_module:inst1|freq_divider_keypad_module:freq_div|q ; 0.000        ; 0.000      ; 0.657      ;
; 0.391 ; keypad_freq_sel_module:inst1|number_not_sel                                 ; keypad_freq_sel_module:inst1|number_not_sel                                 ; keypad_freq_sel_module:inst1|freq_divider_keypad_module:freq_div|q ; keypad_freq_sel_module:inst1|freq_divider_keypad_module:freq_div|q ; 0.000        ; 0.000      ; 0.657      ;
; 0.531 ; keypad_freq_sel_module:inst1|cont[31]                                       ; keypad_freq_sel_module:inst1|cont[31]                                       ; keypad_freq_sel_module:inst1|freq_divider_keypad_module:freq_div|q ; keypad_freq_sel_module:inst1|freq_divider_keypad_module:freq_div|q ; 0.000        ; 0.000      ; 0.797      ;
; 0.539 ; keypad_freq_sel_module:inst1|keypad_module:keypad_mod_inst|i_column[31]     ; keypad_freq_sel_module:inst1|keypad_module:keypad_mod_inst|i_column[31]     ; keypad_freq_sel_module:inst1|freq_divider_keypad_module:freq_div|q ; keypad_freq_sel_module:inst1|freq_divider_keypad_module:freq_div|q ; 0.000        ; 0.000      ; 0.805      ;
; 0.562 ; keypad_freq_sel_module:inst1|debounced_keypad_pressed                       ; keypad_freq_sel_module:inst1|prev_page                                      ; keypad_freq_sel_module:inst1|freq_divider_keypad_module:freq_div|q ; keypad_freq_sel_module:inst1|freq_divider_keypad_module:freq_div|q ; 0.000        ; 0.000      ; 0.828      ;
; 0.564 ; keypad_freq_sel_module:inst1|debounced_keypad_pressed                       ; keypad_freq_sel_module:inst1|next_page                                      ; keypad_freq_sel_module:inst1|freq_divider_keypad_module:freq_div|q ; keypad_freq_sel_module:inst1|freq_divider_keypad_module:freq_div|q ; 0.000        ; 0.000      ; 0.830      ;
; 0.582 ; keypad_freq_sel_module:inst1|digit_counter[1]                               ; keypad_freq_sel_module:inst1|digit_counter_BCD[1]                           ; keypad_freq_sel_module:inst1|freq_divider_keypad_module:freq_div|q ; keypad_freq_sel_module:inst1|freq_divider_keypad_module:freq_div|q ; 0.000        ; 0.000      ; 0.848      ;
; 0.669 ; keypad_freq_sel_module:inst1|freq_2[3]                                      ; keypad_freq_sel_module:inst1|freq_3[3]                                      ; keypad_freq_sel_module:inst1|freq_divider_keypad_module:freq_div|q ; keypad_freq_sel_module:inst1|freq_divider_keypad_module:freq_div|q ; 0.000        ; 0.000      ; 0.935      ;
; 0.669 ; keypad_freq_sel_module:inst1|freq_2[2]                                      ; keypad_freq_sel_module:inst1|freq_3[2]                                      ; keypad_freq_sel_module:inst1|freq_divider_keypad_module:freq_div|q ; keypad_freq_sel_module:inst1|freq_divider_keypad_module:freq_div|q ; 0.000        ; 0.000      ; 0.935      ;
; 0.669 ; keypad_freq_sel_module:inst1|freq_4[2]                                      ; keypad_freq_sel_module:inst1|freq_5[2]                                      ; keypad_freq_sel_module:inst1|freq_divider_keypad_module:freq_div|q ; keypad_freq_sel_module:inst1|freq_divider_keypad_module:freq_div|q ; 0.000        ; 0.000      ; 0.935      ;
; 0.683 ; keypad_freq_sel_module:inst1|freq_5[3]                                      ; keypad_freq_sel_module:inst1|freq_4[3]                                      ; keypad_freq_sel_module:inst1|freq_divider_keypad_module:freq_div|q ; keypad_freq_sel_module:inst1|freq_divider_keypad_module:freq_div|q ; 0.000        ; 0.000      ; 0.949      ;
; 0.683 ; keypad_freq_sel_module:inst1|freq_4[1]                                      ; keypad_freq_sel_module:inst1|freq_5[1]                                      ; keypad_freq_sel_module:inst1|freq_divider_keypad_module:freq_div|q ; keypad_freq_sel_module:inst1|freq_divider_keypad_module:freq_div|q ; 0.000        ; 0.000      ; 0.949      ;
; 0.723 ; keypad_freq_sel_module:inst1|freq_5[3]                                      ; keypad_freq_sel_module:inst1|freq_6[3]                                      ; keypad_freq_sel_module:inst1|freq_divider_keypad_module:freq_div|q ; keypad_freq_sel_module:inst1|freq_divider_keypad_module:freq_div|q ; 0.000        ; 0.000      ; 0.989      ;
; 0.725 ; keypad_freq_sel_module:inst1|freq_7[3]                                      ; keypad_freq_sel_module:inst1|BCD_7[3]                                       ; keypad_freq_sel_module:inst1|freq_divider_keypad_module:freq_div|q ; keypad_freq_sel_module:inst1|freq_divider_keypad_module:freq_div|q ; 0.000        ; -0.001     ; 0.990      ;
; 0.732 ; keypad_freq_sel_module:inst1|freq_3[0]                                      ; keypad_freq_sel_module:inst1|BCD_3[0]                                       ; keypad_freq_sel_module:inst1|freq_divider_keypad_module:freq_div|q ; keypad_freq_sel_module:inst1|freq_divider_keypad_module:freq_div|q ; 0.000        ; 0.000      ; 0.998      ;
; 0.771 ; keypad_freq_sel_module:inst1|freq_3[1]                                      ; keypad_freq_sel_module:inst1|BCD_3[1]                                       ; keypad_freq_sel_module:inst1|freq_divider_keypad_module:freq_div|q ; keypad_freq_sel_module:inst1|freq_divider_keypad_module:freq_div|q ; 0.000        ; 0.000      ; 1.037      ;
; 0.779 ; keypad_freq_sel_module:inst1|freq_3[2]                                      ; keypad_freq_sel_module:inst1|BCD_3[2]                                       ; keypad_freq_sel_module:inst1|freq_divider_keypad_module:freq_div|q ; keypad_freq_sel_module:inst1|freq_divider_keypad_module:freq_div|q ; 0.000        ; 0.000      ; 1.045      ;
; 0.788 ; keypad_freq_sel_module:inst1|cont[0]                                        ; keypad_freq_sel_module:inst1|cont[0]                                        ; keypad_freq_sel_module:inst1|freq_divider_keypad_module:freq_div|q ; keypad_freq_sel_module:inst1|freq_divider_keypad_module:freq_div|q ; 0.000        ; 0.000      ; 1.054      ;
; 0.795 ; keypad_freq_sel_module:inst1|keypad_module:keypad_mod_inst|i_column[16]     ; keypad_freq_sel_module:inst1|keypad_module:keypad_mod_inst|i_column[16]     ; keypad_freq_sel_module:inst1|freq_divider_keypad_module:freq_div|q ; keypad_freq_sel_module:inst1|freq_divider_keypad_module:freq_div|q ; 0.000        ; 0.000      ; 1.061      ;
; 0.795 ; keypad_freq_sel_module:inst1|cont[16]                                       ; keypad_freq_sel_module:inst1|cont[16]                                       ; keypad_freq_sel_module:inst1|freq_divider_keypad_module:freq_div|q ; keypad_freq_sel_module:inst1|freq_divider_keypad_module:freq_div|q ; 0.000        ; 0.000      ; 1.061      ;
; 0.798 ; keypad_freq_sel_module:inst1|cont[1]                                        ; keypad_freq_sel_module:inst1|cont[1]                                        ; keypad_freq_sel_module:inst1|freq_divider_keypad_module:freq_div|q ; keypad_freq_sel_module:inst1|freq_divider_keypad_module:freq_div|q ; 0.000        ; 0.000      ; 1.064      ;
; 0.799 ; keypad_freq_sel_module:inst1|cont[2]                                        ; keypad_freq_sel_module:inst1|cont[2]                                        ; keypad_freq_sel_module:inst1|freq_divider_keypad_module:freq_div|q ; keypad_freq_sel_module:inst1|freq_divider_keypad_module:freq_div|q ; 0.000        ; 0.000      ; 1.065      ;
; 0.803 ; keypad_freq_sel_module:inst1|keypad_module:keypad_mod_inst|i_column[0]      ; keypad_freq_sel_module:inst1|keypad_module:keypad_mod_inst|i_column[0]      ; keypad_freq_sel_module:inst1|freq_divider_keypad_module:freq_div|q ; keypad_freq_sel_module:inst1|freq_divider_keypad_module:freq_div|q ; 0.000        ; 0.000      ; 1.069      ;
; 0.804 ; keypad_freq_sel_module:inst1|freq_3[0]                                      ; keypad_freq_sel_module:inst1|freq_2[0]                                      ; keypad_freq_sel_module:inst1|freq_divider_keypad_module:freq_div|q ; keypad_freq_sel_module:inst1|freq_divider_keypad_module:freq_div|q ; 0.000        ; 0.000      ; 1.070      ;
; 0.804 ; keypad_freq_sel_module:inst1|freq_6[0]                                      ; keypad_freq_sel_module:inst1|freq_5[0]                                      ; keypad_freq_sel_module:inst1|freq_divider_keypad_module:freq_div|q ; keypad_freq_sel_module:inst1|freq_divider_keypad_module:freq_div|q ; 0.000        ; 0.000      ; 1.070      ;
; 0.805 ; keypad_freq_sel_module:inst1|keypad_module:keypad_mod_inst|i_column[1]      ; keypad_freq_sel_module:inst1|keypad_module:keypad_mod_inst|i_column[1]      ; keypad_freq_sel_module:inst1|freq_divider_keypad_module:freq_div|q ; keypad_freq_sel_module:inst1|freq_divider_keypad_module:freq_div|q ; 0.000        ; 0.000      ; 1.071      ;
; 0.805 ; keypad_freq_sel_module:inst1|keypad_module:keypad_mod_inst|i_column[17]     ; keypad_freq_sel_module:inst1|keypad_module:keypad_mod_inst|i_column[17]     ; keypad_freq_sel_module:inst1|freq_divider_keypad_module:freq_div|q ; keypad_freq_sel_module:inst1|freq_divider_keypad_module:freq_div|q ; 0.000        ; 0.000      ; 1.071      ;
; 0.805 ; keypad_freq_sel_module:inst1|cont[17]                                       ; keypad_freq_sel_module:inst1|cont[17]                                       ; keypad_freq_sel_module:inst1|freq_divider_keypad_module:freq_div|q ; keypad_freq_sel_module:inst1|freq_divider_keypad_module:freq_div|q ; 0.000        ; 0.000      ; 1.071      ;
; 0.806 ; keypad_freq_sel_module:inst1|keypad_module:keypad_mod_inst|i_column[4]      ; keypad_freq_sel_module:inst1|keypad_module:keypad_mod_inst|i_column[4]      ; keypad_freq_sel_module:inst1|freq_divider_keypad_module:freq_div|q ; keypad_freq_sel_module:inst1|freq_divider_keypad_module:freq_div|q ; 0.000        ; 0.000      ; 1.072      ;
; 0.806 ; keypad_freq_sel_module:inst1|keypad_module:keypad_mod_inst|i_column[7]      ; keypad_freq_sel_module:inst1|keypad_module:keypad_mod_inst|i_column[7]      ; keypad_freq_sel_module:inst1|freq_divider_keypad_module:freq_div|q ; keypad_freq_sel_module:inst1|freq_divider_keypad_module:freq_div|q ; 0.000        ; 0.000      ; 1.072      ;
; 0.806 ; keypad_freq_sel_module:inst1|keypad_module:keypad_mod_inst|i_column[9]      ; keypad_freq_sel_module:inst1|keypad_module:keypad_mod_inst|i_column[9]      ; keypad_freq_sel_module:inst1|freq_divider_keypad_module:freq_div|q ; keypad_freq_sel_module:inst1|freq_divider_keypad_module:freq_div|q ; 0.000        ; 0.000      ; 1.072      ;
; 0.806 ; keypad_freq_sel_module:inst1|keypad_module:keypad_mod_inst|i_column[11]     ; keypad_freq_sel_module:inst1|keypad_module:keypad_mod_inst|i_column[11]     ; keypad_freq_sel_module:inst1|freq_divider_keypad_module:freq_div|q ; keypad_freq_sel_module:inst1|freq_divider_keypad_module:freq_div|q ; 0.000        ; 0.000      ; 1.072      ;
; 0.806 ; keypad_freq_sel_module:inst1|keypad_module:keypad_mod_inst|i_column[13]     ; keypad_freq_sel_module:inst1|keypad_module:keypad_mod_inst|i_column[13]     ; keypad_freq_sel_module:inst1|freq_divider_keypad_module:freq_div|q ; keypad_freq_sel_module:inst1|freq_divider_keypad_module:freq_div|q ; 0.000        ; 0.000      ; 1.072      ;
; 0.806 ; keypad_freq_sel_module:inst1|keypad_module:keypad_mod_inst|i_column[14]     ; keypad_freq_sel_module:inst1|keypad_module:keypad_mod_inst|i_column[14]     ; keypad_freq_sel_module:inst1|freq_divider_keypad_module:freq_div|q ; keypad_freq_sel_module:inst1|freq_divider_keypad_module:freq_div|q ; 0.000        ; 0.000      ; 1.072      ;
; 0.806 ; keypad_freq_sel_module:inst1|keypad_module:keypad_mod_inst|i_column[15]     ; keypad_freq_sel_module:inst1|keypad_module:keypad_mod_inst|i_column[15]     ; keypad_freq_sel_module:inst1|freq_divider_keypad_module:freq_div|q ; keypad_freq_sel_module:inst1|freq_divider_keypad_module:freq_div|q ; 0.000        ; 0.000      ; 1.072      ;
; 0.806 ; keypad_freq_sel_module:inst1|keypad_module:keypad_mod_inst|i_column[18]     ; keypad_freq_sel_module:inst1|keypad_module:keypad_mod_inst|i_column[18]     ; keypad_freq_sel_module:inst1|freq_divider_keypad_module:freq_div|q ; keypad_freq_sel_module:inst1|freq_divider_keypad_module:freq_div|q ; 0.000        ; 0.000      ; 1.072      ;
; 0.806 ; keypad_freq_sel_module:inst1|keypad_module:keypad_mod_inst|i_column[20]     ; keypad_freq_sel_module:inst1|keypad_module:keypad_mod_inst|i_column[20]     ; keypad_freq_sel_module:inst1|freq_divider_keypad_module:freq_div|q ; keypad_freq_sel_module:inst1|freq_divider_keypad_module:freq_div|q ; 0.000        ; 0.000      ; 1.072      ;
; 0.806 ; keypad_freq_sel_module:inst1|keypad_module:keypad_mod_inst|i_column[23]     ; keypad_freq_sel_module:inst1|keypad_module:keypad_mod_inst|i_column[23]     ; keypad_freq_sel_module:inst1|freq_divider_keypad_module:freq_div|q ; keypad_freq_sel_module:inst1|freq_divider_keypad_module:freq_div|q ; 0.000        ; 0.000      ; 1.072      ;
; 0.806 ; keypad_freq_sel_module:inst1|keypad_module:keypad_mod_inst|i_column[25]     ; keypad_freq_sel_module:inst1|keypad_module:keypad_mod_inst|i_column[25]     ; keypad_freq_sel_module:inst1|freq_divider_keypad_module:freq_div|q ; keypad_freq_sel_module:inst1|freq_divider_keypad_module:freq_div|q ; 0.000        ; 0.000      ; 1.072      ;
; 0.806 ; keypad_freq_sel_module:inst1|keypad_module:keypad_mod_inst|i_column[27]     ; keypad_freq_sel_module:inst1|keypad_module:keypad_mod_inst|i_column[27]     ; keypad_freq_sel_module:inst1|freq_divider_keypad_module:freq_div|q ; keypad_freq_sel_module:inst1|freq_divider_keypad_module:freq_div|q ; 0.000        ; 0.000      ; 1.072      ;
; 0.806 ; keypad_freq_sel_module:inst1|keypad_module:keypad_mod_inst|i_column[29]     ; keypad_freq_sel_module:inst1|keypad_module:keypad_mod_inst|i_column[29]     ; keypad_freq_sel_module:inst1|freq_divider_keypad_module:freq_div|q ; keypad_freq_sel_module:inst1|freq_divider_keypad_module:freq_div|q ; 0.000        ; 0.000      ; 1.072      ;
; 0.806 ; keypad_freq_sel_module:inst1|keypad_module:keypad_mod_inst|i_column[30]     ; keypad_freq_sel_module:inst1|keypad_module:keypad_mod_inst|i_column[30]     ; keypad_freq_sel_module:inst1|freq_divider_keypad_module:freq_div|q ; keypad_freq_sel_module:inst1|freq_divider_keypad_module:freq_div|q ; 0.000        ; 0.000      ; 1.072      ;
; 0.806 ; keypad_freq_sel_module:inst1|cont[4]                                        ; keypad_freq_sel_module:inst1|cont[4]                                        ; keypad_freq_sel_module:inst1|freq_divider_keypad_module:freq_div|q ; keypad_freq_sel_module:inst1|freq_divider_keypad_module:freq_div|q ; 0.000        ; 0.000      ; 1.072      ;
; 0.806 ; keypad_freq_sel_module:inst1|cont[7]                                        ; keypad_freq_sel_module:inst1|cont[7]                                        ; keypad_freq_sel_module:inst1|freq_divider_keypad_module:freq_div|q ; keypad_freq_sel_module:inst1|freq_divider_keypad_module:freq_div|q ; 0.000        ; 0.000      ; 1.072      ;
; 0.806 ; keypad_freq_sel_module:inst1|cont[9]                                        ; keypad_freq_sel_module:inst1|cont[9]                                        ; keypad_freq_sel_module:inst1|freq_divider_keypad_module:freq_div|q ; keypad_freq_sel_module:inst1|freq_divider_keypad_module:freq_div|q ; 0.000        ; 0.000      ; 1.072      ;
; 0.806 ; keypad_freq_sel_module:inst1|cont[11]                                       ; keypad_freq_sel_module:inst1|cont[11]                                       ; keypad_freq_sel_module:inst1|freq_divider_keypad_module:freq_div|q ; keypad_freq_sel_module:inst1|freq_divider_keypad_module:freq_div|q ; 0.000        ; 0.000      ; 1.072      ;
; 0.806 ; keypad_freq_sel_module:inst1|cont[13]                                       ; keypad_freq_sel_module:inst1|cont[13]                                       ; keypad_freq_sel_module:inst1|freq_divider_keypad_module:freq_div|q ; keypad_freq_sel_module:inst1|freq_divider_keypad_module:freq_div|q ; 0.000        ; 0.000      ; 1.072      ;
; 0.806 ; keypad_freq_sel_module:inst1|cont[14]                                       ; keypad_freq_sel_module:inst1|cont[14]                                       ; keypad_freq_sel_module:inst1|freq_divider_keypad_module:freq_div|q ; keypad_freq_sel_module:inst1|freq_divider_keypad_module:freq_div|q ; 0.000        ; 0.000      ; 1.072      ;
; 0.806 ; keypad_freq_sel_module:inst1|cont[15]                                       ; keypad_freq_sel_module:inst1|cont[15]                                       ; keypad_freq_sel_module:inst1|freq_divider_keypad_module:freq_div|q ; keypad_freq_sel_module:inst1|freq_divider_keypad_module:freq_div|q ; 0.000        ; 0.000      ; 1.072      ;
; 0.806 ; keypad_freq_sel_module:inst1|cont[18]                                       ; keypad_freq_sel_module:inst1|cont[18]                                       ; keypad_freq_sel_module:inst1|freq_divider_keypad_module:freq_div|q ; keypad_freq_sel_module:inst1|freq_divider_keypad_module:freq_div|q ; 0.000        ; 0.000      ; 1.072      ;
; 0.806 ; keypad_freq_sel_module:inst1|cont[20]                                       ; keypad_freq_sel_module:inst1|cont[20]                                       ; keypad_freq_sel_module:inst1|freq_divider_keypad_module:freq_div|q ; keypad_freq_sel_module:inst1|freq_divider_keypad_module:freq_div|q ; 0.000        ; 0.000      ; 1.072      ;
; 0.806 ; keypad_freq_sel_module:inst1|cont[23]                                       ; keypad_freq_sel_module:inst1|cont[23]                                       ; keypad_freq_sel_module:inst1|freq_divider_keypad_module:freq_div|q ; keypad_freq_sel_module:inst1|freq_divider_keypad_module:freq_div|q ; 0.000        ; 0.000      ; 1.072      ;
; 0.806 ; keypad_freq_sel_module:inst1|cont[25]                                       ; keypad_freq_sel_module:inst1|cont[25]                                       ; keypad_freq_sel_module:inst1|freq_divider_keypad_module:freq_div|q ; keypad_freq_sel_module:inst1|freq_divider_keypad_module:freq_div|q ; 0.000        ; 0.000      ; 1.072      ;
; 0.806 ; keypad_freq_sel_module:inst1|cont[27]                                       ; keypad_freq_sel_module:inst1|cont[27]                                       ; keypad_freq_sel_module:inst1|freq_divider_keypad_module:freq_div|q ; keypad_freq_sel_module:inst1|freq_divider_keypad_module:freq_div|q ; 0.000        ; 0.000      ; 1.072      ;
; 0.806 ; keypad_freq_sel_module:inst1|cont[29]                                       ; keypad_freq_sel_module:inst1|cont[29]                                       ; keypad_freq_sel_module:inst1|freq_divider_keypad_module:freq_div|q ; keypad_freq_sel_module:inst1|freq_divider_keypad_module:freq_div|q ; 0.000        ; 0.000      ; 1.072      ;
; 0.806 ; keypad_freq_sel_module:inst1|cont[30]                                       ; keypad_freq_sel_module:inst1|cont[30]                                       ; keypad_freq_sel_module:inst1|freq_divider_keypad_module:freq_div|q ; keypad_freq_sel_module:inst1|freq_divider_keypad_module:freq_div|q ; 0.000        ; 0.000      ; 1.072      ;
; 0.810 ; keypad_freq_sel_module:inst1|freq_5[3]                                      ; keypad_freq_sel_module:inst1|BCD_5[3]                                       ; keypad_freq_sel_module:inst1|freq_divider_keypad_module:freq_div|q ; keypad_freq_sel_module:inst1|freq_divider_keypad_module:freq_div|q ; 0.000        ; -0.001     ; 1.075      ;
; 0.811 ; keypad_freq_sel_module:inst1|keypad_module:keypad_mod_inst|tmp_out_keys[9]  ; keypad_freq_sel_module:inst1|keypad_module:keypad_mod_inst|out_keys[9]      ; keypad_freq_sel_module:inst1|freq_divider_keypad_module:freq_div|q ; keypad_freq_sel_module:inst1|freq_divider_keypad_module:freq_div|q ; 0.000        ; -0.001     ; 1.076      ;
; 0.814 ; keypad_freq_sel_module:inst1|keypad_module:keypad_mod_inst|i_column[2]      ; keypad_freq_sel_module:inst1|keypad_module:keypad_mod_inst|i_column[2]      ; keypad_freq_sel_module:inst1|freq_divider_keypad_module:freq_div|q ; keypad_freq_sel_module:inst1|freq_divider_keypad_module:freq_div|q ; 0.000        ; 0.000      ; 1.080      ;
; 0.824 ; keypad_freq_sel_module:inst1|freq_3[2]                                      ; keypad_freq_sel_module:inst1|freq_2[2]                                      ; keypad_freq_sel_module:inst1|freq_divider_keypad_module:freq_div|q ; keypad_freq_sel_module:inst1|freq_divider_keypad_module:freq_div|q ; 0.000        ; 0.000      ; 1.090      ;
; 0.826 ; keypad_freq_sel_module:inst1|digit_counter_BCD[1]                           ; keypad_freq_sel_module:inst1|digit_counter[1]                               ; keypad_freq_sel_module:inst1|freq_divider_keypad_module:freq_div|q ; keypad_freq_sel_module:inst1|freq_divider_keypad_module:freq_div|q ; 0.000        ; 0.000      ; 1.092      ;
; 0.832 ; keypad_freq_sel_module:inst1|freq_5[0]                                      ; keypad_freq_sel_module:inst1|freq_4[0]                                      ; keypad_freq_sel_module:inst1|freq_divider_keypad_module:freq_div|q ; keypad_freq_sel_module:inst1|freq_divider_keypad_module:freq_div|q ; 0.000        ; 0.000      ; 1.098      ;
; 0.836 ; keypad_freq_sel_module:inst1|freq_6[3]                                      ; keypad_freq_sel_module:inst1|freq_5[3]                                      ; keypad_freq_sel_module:inst1|freq_divider_keypad_module:freq_div|q ; keypad_freq_sel_module:inst1|freq_divider_keypad_module:freq_div|q ; 0.000        ; 0.000      ; 1.102      ;
; 0.836 ; keypad_freq_sel_module:inst1|freq_7[3]                                      ; keypad_freq_sel_module:inst1|freq_6[3]                                      ; keypad_freq_sel_module:inst1|freq_divider_keypad_module:freq_div|q ; keypad_freq_sel_module:inst1|freq_divider_keypad_module:freq_div|q ; 0.000        ; 0.000      ; 1.102      ;
; 0.838 ; keypad_freq_sel_module:inst1|keypad_module:keypad_mod_inst|i_column[8]      ; keypad_freq_sel_module:inst1|keypad_module:keypad_mod_inst|i_column[8]      ; keypad_freq_sel_module:inst1|freq_divider_keypad_module:freq_div|q ; keypad_freq_sel_module:inst1|freq_divider_keypad_module:freq_div|q ; 0.000        ; 0.000      ; 1.104      ;
; 0.838 ; keypad_freq_sel_module:inst1|keypad_module:keypad_mod_inst|i_column[10]     ; keypad_freq_sel_module:inst1|keypad_module:keypad_mod_inst|i_column[10]     ; keypad_freq_sel_module:inst1|freq_divider_keypad_module:freq_div|q ; keypad_freq_sel_module:inst1|freq_divider_keypad_module:freq_div|q ; 0.000        ; 0.000      ; 1.104      ;
; 0.838 ; keypad_freq_sel_module:inst1|keypad_module:keypad_mod_inst|i_column[12]     ; keypad_freq_sel_module:inst1|keypad_module:keypad_mod_inst|i_column[12]     ; keypad_freq_sel_module:inst1|freq_divider_keypad_module:freq_div|q ; keypad_freq_sel_module:inst1|freq_divider_keypad_module:freq_div|q ; 0.000        ; 0.000      ; 1.104      ;
; 0.838 ; keypad_freq_sel_module:inst1|keypad_module:keypad_mod_inst|i_column[19]     ; keypad_freq_sel_module:inst1|keypad_module:keypad_mod_inst|i_column[19]     ; keypad_freq_sel_module:inst1|freq_divider_keypad_module:freq_div|q ; keypad_freq_sel_module:inst1|freq_divider_keypad_module:freq_div|q ; 0.000        ; 0.000      ; 1.104      ;
; 0.838 ; keypad_freq_sel_module:inst1|keypad_module:keypad_mod_inst|i_column[24]     ; keypad_freq_sel_module:inst1|keypad_module:keypad_mod_inst|i_column[24]     ; keypad_freq_sel_module:inst1|freq_divider_keypad_module:freq_div|q ; keypad_freq_sel_module:inst1|freq_divider_keypad_module:freq_div|q ; 0.000        ; 0.000      ; 1.104      ;
; 0.838 ; keypad_freq_sel_module:inst1|keypad_module:keypad_mod_inst|i_column[26]     ; keypad_freq_sel_module:inst1|keypad_module:keypad_mod_inst|i_column[26]     ; keypad_freq_sel_module:inst1|freq_divider_keypad_module:freq_div|q ; keypad_freq_sel_module:inst1|freq_divider_keypad_module:freq_div|q ; 0.000        ; 0.000      ; 1.104      ;
; 0.838 ; keypad_freq_sel_module:inst1|keypad_module:keypad_mod_inst|i_column[28]     ; keypad_freq_sel_module:inst1|keypad_module:keypad_mod_inst|i_column[28]     ; keypad_freq_sel_module:inst1|freq_divider_keypad_module:freq_div|q ; keypad_freq_sel_module:inst1|freq_divider_keypad_module:freq_div|q ; 0.000        ; 0.000      ; 1.104      ;
; 0.838 ; keypad_freq_sel_module:inst1|cont[3]                                        ; keypad_freq_sel_module:inst1|cont[3]                                        ; keypad_freq_sel_module:inst1|freq_divider_keypad_module:freq_div|q ; keypad_freq_sel_module:inst1|freq_divider_keypad_module:freq_div|q ; 0.000        ; 0.000      ; 1.104      ;
; 0.838 ; keypad_freq_sel_module:inst1|cont[8]                                        ; keypad_freq_sel_module:inst1|cont[8]                                        ; keypad_freq_sel_module:inst1|freq_divider_keypad_module:freq_div|q ; keypad_freq_sel_module:inst1|freq_divider_keypad_module:freq_div|q ; 0.000        ; 0.000      ; 1.104      ;
; 0.838 ; keypad_freq_sel_module:inst1|cont[10]                                       ; keypad_freq_sel_module:inst1|cont[10]                                       ; keypad_freq_sel_module:inst1|freq_divider_keypad_module:freq_div|q ; keypad_freq_sel_module:inst1|freq_divider_keypad_module:freq_div|q ; 0.000        ; 0.000      ; 1.104      ;
; 0.838 ; keypad_freq_sel_module:inst1|cont[12]                                       ; keypad_freq_sel_module:inst1|cont[12]                                       ; keypad_freq_sel_module:inst1|freq_divider_keypad_module:freq_div|q ; keypad_freq_sel_module:inst1|freq_divider_keypad_module:freq_div|q ; 0.000        ; 0.000      ; 1.104      ;
+-------+-----------------------------------------------------------------------------+-----------------------------------------------------------------------------+--------------------------------------------------------------------+--------------------------------------------------------------------+--------------+------------+------------+


+--------------------------------------------------------------------------------------------------------------------------------------------------------------------------------------------------------------------------------+
; Slow Model Hold: 'inst|altpll_component|pll|clk[0]'                                                                                                                                                                            ;
+-------+----------------------------------------------------+----------------------------------------------------+----------------------------------+----------------------------------+--------------+------------+------------+
; Slack ; From Node                                          ; To Node                                            ; Launch Clock                     ; Latch Clock                      ; Relationship ; Clock Skew ; Data Delay ;
+-------+----------------------------------------------------+----------------------------------------------------+----------------------------------+----------------------------------+--------------+------------+------------+
; 0.645 ; metastab_3xdff:inst4|fw_2[3]                       ; metastab_3xdff:inst4|fw_sync[3]                    ; inst|altpll_component|pll|clk[0] ; inst|altpll_component|pll|clk[0] ; 0.000        ; 0.000      ; 0.911      ;
; 0.645 ; metastab_3xdff:inst4|fw_1[5]                       ; metastab_3xdff:inst4|fw_2[5]                       ; inst|altpll_component|pll|clk[0] ; inst|altpll_component|pll|clk[0] ; 0.000        ; 0.000      ; 0.911      ;
; 0.646 ; metastab_3xdff:inst4|freq_control_1[2]             ; metastab_3xdff:inst4|freq_control_2[2]             ; inst|altpll_component|pll|clk[0] ; inst|altpll_component|pll|clk[0] ; 0.000        ; 0.000      ; 0.912      ;
; 0.646 ; metastab_3xdff:inst4|fw_1[6]                       ; metastab_3xdff:inst4|fw_2[6]                       ; inst|altpll_component|pll|clk[0] ; inst|altpll_component|pll|clk[0] ; 0.000        ; 0.000      ; 0.912      ;
; 0.648 ; metastab_3xdff:inst4|fw_2[6]                       ; metastab_3xdff:inst4|fw_sync[6]                    ; inst|altpll_component|pll|clk[0] ; inst|altpll_component|pll|clk[0] ; 0.000        ; 0.000      ; 0.914      ;
; 0.648 ; metastab_3xdff:inst4|mirror_x_sync_ddfs_1          ; metastab_3xdff:inst4|mirror_x_sync_ddfs_2          ; inst|altpll_component|pll|clk[0] ; inst|altpll_component|pll|clk[0] ; 0.000        ; 0.000      ; 0.914      ;
; 0.649 ; metastab_3xdff:inst4|triang_sync_1                 ; metastab_3xdff:inst4|triang_sync_2                 ; inst|altpll_component|pll|clk[0] ; inst|altpll_component|pll|clk[0] ; 0.000        ; 0.000      ; 0.915      ;
; 0.766 ; metastab_3xdff:inst4|fw_1[2]                       ; metastab_3xdff:inst4|fw_2[2]                       ; inst|altpll_component|pll|clk[0] ; inst|altpll_component|pll|clk[0] ; 0.000        ; 0.000      ; 1.032      ;
; 0.767 ; metastab_3xdff:inst4|freq_control_2[0]             ; metastab_3xdff:inst4|freq_control_sync[0]          ; inst|altpll_component|pll|clk[0] ; inst|altpll_component|pll|clk[0] ; 0.000        ; 0.000      ; 1.033      ;
; 0.767 ; metastab_3xdff:inst4|mirror_x_sync_ddfs_2          ; metastab_3xdff:inst4|mirror_x_sync_ddfs            ; inst|altpll_component|pll|clk[0] ; inst|altpll_component|pll|clk[0] ; 0.000        ; 0.000      ; 1.033      ;
; 0.768 ; metastab_3xdff:inst4|fw_2[0]                       ; metastab_3xdff:inst4|fw_sync[0]                    ; inst|altpll_component|pll|clk[0] ; inst|altpll_component|pll|clk[0] ; 0.000        ; 0.000      ; 1.034      ;
; 0.769 ; metastab_3xdff:inst4|mirror_y_sync_ddfs_1          ; metastab_3xdff:inst4|mirror_y_sync_ddfs_2          ; inst|altpll_component|pll|clk[0] ; inst|altpll_component|pll|clk[0] ; 0.000        ; 0.000      ; 1.035      ;
; 0.770 ; metastab_3xdff:inst4|mirror_y_sync_ddfs_2          ; metastab_3xdff:inst4|mirror_y_sync_ddfs            ; inst|altpll_component|pll|clk[0] ; inst|altpll_component|pll|clk[0] ; 0.000        ; 0.000      ; 1.036      ;
; 0.770 ; metastab_3xdff:inst4|sin_sync_1                    ; metastab_3xdff:inst4|sin_sync_2                    ; inst|altpll_component|pll|clk[0] ; inst|altpll_component|pll|clk[0] ; 0.000        ; 0.000      ; 1.036      ;
; 0.771 ; metastab_3xdff:inst4|triang_sync_2                 ; metastab_3xdff:inst4|triang_sync                   ; inst|altpll_component|pll|clk[0] ; inst|altpll_component|pll|clk[0] ; 0.000        ; 0.000      ; 1.037      ;
; 0.772 ; metastab_3xdff:inst4|freq_control_1[1]             ; metastab_3xdff:inst4|freq_control_2[1]             ; inst|altpll_component|pll|clk[0] ; inst|altpll_component|pll|clk[0] ; 0.000        ; 0.000      ; 1.038      ;
; 0.772 ; metastab_3xdff:inst4|fw_1[3]                       ; metastab_3xdff:inst4|fw_2[3]                       ; inst|altpll_component|pll|clk[0] ; inst|altpll_component|pll|clk[0] ; 0.000        ; 0.000      ; 1.038      ;
; 0.773 ; metastab_3xdff:inst4|fw_2[2]                       ; metastab_3xdff:inst4|fw_sync[2]                    ; inst|altpll_component|pll|clk[0] ; inst|altpll_component|pll|clk[0] ; 0.000        ; 0.000      ; 1.039      ;
; 0.774 ; metastab_3xdff:inst4|freq_control_2[2]             ; metastab_3xdff:inst4|freq_control_sync[2]          ; inst|altpll_component|pll|clk[0] ; inst|altpll_component|pll|clk[0] ; 0.000        ; 0.000      ; 1.040      ;
; 0.775 ; metastab_3xdff:inst4|freq_control_2[1]             ; metastab_3xdff:inst4|freq_control_sync[1]          ; inst|altpll_component|pll|clk[0] ; inst|altpll_component|pll|clk[0] ; 0.000        ; 0.000      ; 1.041      ;
; 0.775 ; metastab_3xdff:inst4|fw_1[0]                       ; metastab_3xdff:inst4|fw_2[0]                       ; inst|altpll_component|pll|clk[0] ; inst|altpll_component|pll|clk[0] ; 0.000        ; 0.000      ; 1.041      ;
; 0.796 ; metastab_3xdff:inst4|freq_control_1[0]             ; metastab_3xdff:inst4|freq_control_2[0]             ; inst|altpll_component|pll|clk[0] ; inst|altpll_component|pll|clk[0] ; 0.000        ; 0.000      ; 1.062      ;
; 0.800 ; metastab_3xdff:inst4|fw_1[4]                       ; metastab_3xdff:inst4|fw_2[4]                       ; inst|altpll_component|pll|clk[0] ; inst|altpll_component|pll|clk[0] ; 0.000        ; 0.000      ; 1.066      ;
; 0.800 ; metastab_3xdff:inst4|sin_sync_2                    ; metastab_3xdff:inst4|sin_sync                      ; inst|altpll_component|pll|clk[0] ; inst|altpll_component|pll|clk[0] ; 0.000        ; 0.000      ; 1.066      ;
; 0.807 ; metastab_3xdff:inst4|fw_1[1]                       ; metastab_3xdff:inst4|fw_2[1]                       ; inst|altpll_component|pll|clk[0] ; inst|altpll_component|pll|clk[0] ; 0.000        ; 0.000      ; 1.073      ;
; 0.807 ; metastab_3xdff:inst4|fw_2[1]                       ; metastab_3xdff:inst4|fw_sync[1]                    ; inst|altpll_component|pll|clk[0] ; inst|altpll_component|pll|clk[0] ; 0.000        ; 0.000      ; 1.073      ;
; 0.809 ; metastab_3xdff:inst4|fw_2[5]                       ; metastab_3xdff:inst4|fw_sync[5]                    ; inst|altpll_component|pll|clk[0] ; inst|altpll_component|pll|clk[0] ; 0.000        ; 0.000      ; 1.075      ;
; 0.951 ; metastab_3xdff:inst4|freq_control_sync[0]          ; ddfs:inst15|freq_divider_DDFS:f_div_inst|count[6]  ; inst|altpll_component|pll|clk[0] ; inst|altpll_component|pll|clk[0] ; 0.000        ; 0.000      ; 1.217      ;
; 1.105 ; metastab_3xdff:inst4|freq_control_sync[1]          ; ddfs:inst15|freq_divider_DDFS:f_div_inst|count[9]  ; inst|altpll_component|pll|clk[0] ; inst|altpll_component|pll|clk[0] ; 0.000        ; 0.000      ; 1.371      ;
; 1.108 ; metastab_3xdff:inst4|freq_control_sync[1]          ; ddfs:inst15|freq_divider_DDFS:f_div_inst|count[5]  ; inst|altpll_component|pll|clk[0] ; inst|altpll_component|pll|clk[0] ; 0.000        ; 0.000      ; 1.374      ;
; 1.109 ; metastab_3xdff:inst4|freq_control_sync[1]          ; ddfs:inst15|freq_divider_DDFS:f_div_inst|count[0]  ; inst|altpll_component|pll|clk[0] ; inst|altpll_component|pll|clk[0] ; 0.000        ; 0.000      ; 1.375      ;
; 1.198 ; ddfs:inst15|freq_divider_DDFS:f_div_inst|count[8]  ; ddfs:inst15|freq_divider_DDFS:f_div_inst|count[8]  ; inst|altpll_component|pll|clk[0] ; inst|altpll_component|pll|clk[0] ; 0.000        ; 0.000      ; 1.464      ;
; 1.200 ; ddfs:inst15|freq_divider_DDFS:f_div_inst|count[9]  ; ddfs:inst15|freq_divider_DDFS:f_div_inst|count[9]  ; inst|altpll_component|pll|clk[0] ; inst|altpll_component|pll|clk[0] ; 0.000        ; 0.000      ; 1.466      ;
; 1.232 ; ddfs:inst15|freq_divider_DDFS:f_div_inst|count[11] ; ddfs:inst15|freq_divider_DDFS:f_div_inst|count[11] ; inst|altpll_component|pll|clk[0] ; inst|altpll_component|pll|clk[0] ; 0.000        ; 0.000      ; 1.498      ;
; 1.236 ; ddfs:inst15|freq_divider_DDFS:f_div_inst|count[5]  ; ddfs:inst15|freq_divider_DDFS:f_div_inst|count[5]  ; inst|altpll_component|pll|clk[0] ; inst|altpll_component|pll|clk[0] ; 0.000        ; 0.000      ; 1.502      ;
; 1.236 ; ddfs:inst15|freq_divider_DDFS:f_div_inst|count[0]  ; ddfs:inst15|freq_divider_DDFS:f_div_inst|count[0]  ; inst|altpll_component|pll|clk[0] ; inst|altpll_component|pll|clk[0] ; 0.000        ; 0.000      ; 1.502      ;
; 1.239 ; metastab_3xdff:inst4|freq_control_sync[1]          ; ddfs:inst15|freq_divider_DDFS:f_div_inst|count[18] ; inst|altpll_component|pll|clk[0] ; inst|altpll_component|pll|clk[0] ; 0.000        ; 0.011      ; 1.516      ;
; 1.240 ; metastab_3xdff:inst4|freq_control_sync[1]          ; ddfs:inst15|freq_divider_DDFS:f_div_inst|count[17] ; inst|altpll_component|pll|clk[0] ; inst|altpll_component|pll|clk[0] ; 0.000        ; 0.011      ; 1.517      ;
; 1.246 ; metastab_3xdff:inst4|freq_control_sync[2]          ; ddfs:inst15|freq_divider_DDFS:f_div_inst|count[8]  ; inst|altpll_component|pll|clk[0] ; inst|altpll_component|pll|clk[0] ; 0.000        ; 0.000      ; 1.512      ;
; 1.247 ; metastab_3xdff:inst4|freq_control_sync[2]          ; ddfs:inst15|freq_divider_DDFS:f_div_inst|count[0]  ; inst|altpll_component|pll|clk[0] ; inst|altpll_component|pll|clk[0] ; 0.000        ; 0.000      ; 1.513      ;
; 1.269 ; metastab_3xdff:inst4|freq_control_sync[2]          ; ddfs:inst15|freq_divider_DDFS:f_div_inst|count[9]  ; inst|altpll_component|pll|clk[0] ; inst|altpll_component|pll|clk[0] ; 0.000        ; 0.000      ; 1.535      ;
; 1.269 ; metastab_3xdff:inst4|freq_control_sync[2]          ; ddfs:inst15|freq_divider_DDFS:f_div_inst|count[5]  ; inst|altpll_component|pll|clk[0] ; inst|altpll_component|pll|clk[0] ; 0.000        ; 0.000      ; 1.535      ;
; 1.271 ; metastab_3xdff:inst4|freq_control_sync[2]          ; ddfs:inst15|freq_divider_DDFS:f_div_inst|count[1]  ; inst|altpll_component|pll|clk[0] ; inst|altpll_component|pll|clk[0] ; 0.000        ; 0.000      ; 1.537      ;
; 1.330 ; ddfs:inst15|freq_divider_DDFS:f_div_inst|count[1]  ; ddfs:inst15|freq_divider_DDFS:f_div_inst|count[1]  ; inst|altpll_component|pll|clk[0] ; inst|altpll_component|pll|clk[0] ; 0.000        ; 0.000      ; 1.596      ;
; 1.333 ; ddfs:inst15|freq_divider_DDFS:f_div_inst|count[6]  ; ddfs:inst15|freq_divider_DDFS:f_div_inst|count[6]  ; inst|altpll_component|pll|clk[0] ; inst|altpll_component|pll|clk[0] ; 0.000        ; 0.000      ; 1.599      ;
; 1.337 ; ddfs:inst15|freq_divider_DDFS:f_div_inst|count[17] ; ddfs:inst15|freq_divider_DDFS:f_div_inst|count[17] ; inst|altpll_component|pll|clk[0] ; inst|altpll_component|pll|clk[0] ; 0.000        ; 0.000      ; 1.603      ;
; 1.338 ; ddfs:inst15|freq_divider_DDFS:f_div_inst|count[18] ; ddfs:inst15|freq_divider_DDFS:f_div_inst|count[18] ; inst|altpll_component|pll|clk[0] ; inst|altpll_component|pll|clk[0] ; 0.000        ; 0.000      ; 1.604      ;
; 1.341 ; ddfs:inst15|freq_divider_DDFS:f_div_inst|count[12] ; ddfs:inst15|freq_divider_DDFS:f_div_inst|count[12] ; inst|altpll_component|pll|clk[0] ; inst|altpll_component|pll|clk[0] ; 0.000        ; 0.000      ; 1.607      ;
; 1.372 ; metastab_3xdff:inst4|freq_control_sync[1]          ; ddfs:inst15|freq_divider_DDFS:f_div_inst|count[4]  ; inst|altpll_component|pll|clk[0] ; inst|altpll_component|pll|clk[0] ; 0.000        ; 0.011      ; 1.649      ;
; 1.373 ; ddfs:inst15|freq_divider_DDFS:f_div_inst|count[14] ; ddfs:inst15|freq_divider_DDFS:f_div_inst|count[14] ; inst|altpll_component|pll|clk[0] ; inst|altpll_component|pll|clk[0] ; 0.000        ; 0.000      ; 1.639      ;
; 1.400 ; metastab_3xdff:inst4|freq_control_sync[0]          ; ddfs:inst15|freq_divider_DDFS:f_div_inst|count[1]  ; inst|altpll_component|pll|clk[0] ; inst|altpll_component|pll|clk[0] ; 0.000        ; 0.000      ; 1.666      ;
; 1.438 ; metastab_3xdff:inst4|freq_control_sync[2]          ; ddfs:inst15|freq_divider_DDFS:f_div_inst|count[3]  ; inst|altpll_component|pll|clk[0] ; inst|altpll_component|pll|clk[0] ; 0.000        ; 0.011      ; 1.715      ;
; 1.439 ; metastab_3xdff:inst4|freq_control_sync[2]          ; ddfs:inst15|freq_divider_DDFS:f_div_inst|count[15] ; inst|altpll_component|pll|clk[0] ; inst|altpll_component|pll|clk[0] ; 0.000        ; 0.011      ; 1.716      ;
; 1.440 ; metastab_3xdff:inst4|freq_control_sync[2]          ; ddfs:inst15|freq_divider_DDFS:f_div_inst|count[2]  ; inst|altpll_component|pll|clk[0] ; inst|altpll_component|pll|clk[0] ; 0.000        ; 0.011      ; 1.717      ;
; 1.519 ; metastab_3xdff:inst4|freq_control_sync[1]          ; ddfs:inst15|freq_divider_DDFS:f_div_inst|count[16] ; inst|altpll_component|pll|clk[0] ; inst|altpll_component|pll|clk[0] ; 0.000        ; 0.011      ; 1.796      ;
; 1.521 ; metastab_3xdff:inst4|freq_control_sync[2]          ; ddfs:inst15|freq_divider_DDFS:f_div_inst|count[18] ; inst|altpll_component|pll|clk[0] ; inst|altpll_component|pll|clk[0] ; 0.000        ; 0.011      ; 1.798      ;
; 1.521 ; metastab_3xdff:inst4|freq_control_sync[2]          ; ddfs:inst15|freq_divider_DDFS:f_div_inst|count[17] ; inst|altpll_component|pll|clk[0] ; inst|altpll_component|pll|clk[0] ; 0.000        ; 0.011      ; 1.798      ;
; 1.523 ; metastab_3xdff:inst4|freq_control_sync[1]          ; ddfs:inst15|freq_divider_DDFS:f_div_inst|count[13] ; inst|altpll_component|pll|clk[0] ; inst|altpll_component|pll|clk[0] ; 0.000        ; 0.011      ; 1.800      ;
; 1.580 ; ddfs:inst15|freq_divider_DDFS:f_div_inst|count[8]  ; ddfs:inst15|freq_divider_DDFS:f_div_inst|count[9]  ; inst|altpll_component|pll|clk[0] ; inst|altpll_component|pll|clk[0] ; 0.000        ; 0.000      ; 1.846      ;
; 1.607 ; metastab_3xdff:inst4|freq_control_sync[2]          ; ddfs:inst15|freq_divider_DDFS:f_div_inst|count[13] ; inst|altpll_component|pll|clk[0] ; inst|altpll_component|pll|clk[0] ; 0.000        ; 0.011      ; 1.884      ;
; 1.657 ; ddfs:inst15|freq_divider_DDFS:f_div_inst|count[6]  ; ddfs:inst15|freq_divider_DDFS:f_div_inst|count[8]  ; inst|altpll_component|pll|clk[0] ; inst|altpll_component|pll|clk[0] ; 0.000        ; 0.000      ; 1.923      ;
; 1.657 ; metastab_3xdff:inst4|freq_control_sync[0]          ; ddfs:inst15|freq_divider_DDFS:f_div_inst|count[12] ; inst|altpll_component|pll|clk[0] ; inst|altpll_component|pll|clk[0] ; 0.000        ; 0.011      ; 1.934      ;
; 1.671 ; metastab_3xdff:inst4|freq_control_sync[1]          ; ddfs:inst15|freq_divider_DDFS:f_div_inst|count[1]  ; inst|altpll_component|pll|clk[0] ; inst|altpll_component|pll|clk[0] ; 0.000        ; 0.000      ; 1.937      ;
; 1.693 ; metastab_3xdff:inst4|freq_control_sync[1]          ; ddfs:inst15|freq_divider_DDFS:f_div_inst|count[6]  ; inst|altpll_component|pll|clk[0] ; inst|altpll_component|pll|clk[0] ; 0.000        ; 0.000      ; 1.959      ;
; 1.703 ; ddfs:inst15|freq_divider_DDFS:f_div_inst|count[16] ; ddfs:inst15|freq_divider_DDFS:f_div_inst|count[16] ; inst|altpll_component|pll|clk[0] ; inst|altpll_component|pll|clk[0] ; 0.000        ; 0.000      ; 1.969      ;
; 1.706 ; metastab_3xdff:inst4|freq_control_sync[0]          ; ddfs:inst15|freq_divider_DDFS:f_div_inst|count[8]  ; inst|altpll_component|pll|clk[0] ; inst|altpll_component|pll|clk[0] ; 0.000        ; 0.000      ; 1.972      ;
; 1.727 ; ddfs:inst15|freq_divider_DDFS:f_div_inst|count[6]  ; ddfs:inst15|freq_divider_DDFS:f_div_inst|count[9]  ; inst|altpll_component|pll|clk[0] ; inst|altpll_component|pll|clk[0] ; 0.000        ; 0.000      ; 1.993      ;
; 1.732 ; ddfs:inst15|freq_divider_DDFS:f_div_inst|count[9]  ; ddfs:inst15|freq_divider_DDFS:f_div_inst|count[11] ; inst|altpll_component|pll|clk[0] ; inst|altpll_component|pll|clk[0] ; 0.000        ; 0.011      ; 2.009      ;
; 1.751 ; ddfs:inst15|freq_divider_DDFS:f_div_inst|count[5]  ; ddfs:inst15|freq_divider_DDFS:f_div_inst|count[6]  ; inst|altpll_component|pll|clk[0] ; inst|altpll_component|pll|clk[0] ; 0.000        ; 0.000      ; 2.017      ;
; 1.756 ; ddfs:inst15|freq_divider_DDFS:f_div_inst|count[0]  ; ddfs:inst15|freq_divider_DDFS:f_div_inst|count[1]  ; inst|altpll_component|pll|clk[0] ; inst|altpll_component|pll|clk[0] ; 0.000        ; 0.000      ; 2.022      ;
; 1.760 ; ddfs:inst15|freq_divider_DDFS:f_div_inst|count[11] ; ddfs:inst15|freq_divider_DDFS:f_div_inst|count[12] ; inst|altpll_component|pll|clk[0] ; inst|altpll_component|pll|clk[0] ; 0.000        ; 0.000      ; 2.026      ;
; 1.763 ; ddfs:inst15|freq_divider_DDFS:f_div_inst|count[5]  ; ddfs:inst15|freq_divider_DDFS:f_div_inst|count[8]  ; inst|altpll_component|pll|clk[0] ; inst|altpll_component|pll|clk[0] ; 0.000        ; 0.000      ; 2.029      ;
; 1.768 ; ddfs:inst15|freq_divider_DDFS:f_div_inst|count[10] ; ddfs:inst15|freq_divider_DDFS:f_div_inst|count[11] ; inst|altpll_component|pll|clk[0] ; inst|altpll_component|pll|clk[0] ; 0.000        ; 0.000      ; 2.034      ;
; 1.775 ; metastab_3xdff:inst4|freq_control_sync[2]          ; ddfs:inst15|freq_divider_DDFS:f_div_inst|count[12] ; inst|altpll_component|pll|clk[0] ; inst|altpll_component|pll|clk[0] ; 0.000        ; 0.011      ; 2.052      ;
; 1.782 ; metastab_3xdff:inst4|freq_control_sync[2]          ; ddfs:inst15|freq_divider_DDFS:f_div_inst|count[16] ; inst|altpll_component|pll|clk[0] ; inst|altpll_component|pll|clk[0] ; 0.000        ; 0.011      ; 2.059      ;
; 1.783 ; ddfs:inst15|freq_divider_DDFS:f_div_inst|count[8]  ; ddfs:inst15|freq_divider_DDFS:f_div_inst|count[11] ; inst|altpll_component|pll|clk[0] ; inst|altpll_component|pll|clk[0] ; 0.000        ; 0.011      ; 2.060      ;
; 1.789 ; ddfs:inst15|freq_divider_DDFS:f_div_inst|count[18] ; ddfs:inst15|freq_divider_DDFS:f_div_inst|count[10] ; inst|altpll_component|pll|clk[0] ; inst|altpll_component|pll|clk[0] ; 0.000        ; 0.000      ; 2.055      ;
; 1.791 ; ddfs:inst15|freq_divider_DDFS:f_div_inst|count[18] ; ddfs:inst15|freq_divider_DDFS:f_div_inst|count[7]  ; inst|altpll_component|pll|clk[0] ; inst|altpll_component|pll|clk[0] ; 0.000        ; 0.000      ; 2.057      ;
; 1.795 ; ddfs:inst15|freq_divider_DDFS:f_div_inst|count[12] ; ddfs:inst15|freq_divider_DDFS:f_div_inst|count[14] ; inst|altpll_component|pll|clk[0] ; inst|altpll_component|pll|clk[0] ; 0.000        ; 0.000      ; 2.061      ;
; 1.796 ; metastab_3xdff:inst4|freq_control_sync[0]          ; ddfs:inst15|freq_divider_DDFS:f_div_inst|count[3]  ; inst|altpll_component|pll|clk[0] ; inst|altpll_component|pll|clk[0] ; 0.000        ; 0.011      ; 2.073      ;
; 1.796 ; metastab_3xdff:inst4|freq_control_sync[0]          ; ddfs:inst15|freq_divider_DDFS:f_div_inst|count[15] ; inst|altpll_component|pll|clk[0] ; inst|altpll_component|pll|clk[0] ; 0.000        ; 0.011      ; 2.073      ;
; 1.799 ; metastab_3xdff:inst4|freq_control_sync[2]          ; ddfs:inst15|freq_divider_DDFS:f_div_inst|count[6]  ; inst|altpll_component|pll|clk[0] ; inst|altpll_component|pll|clk[0] ; 0.000        ; 0.000      ; 2.065      ;
; 1.813 ; ddfs:inst15|freq_divider_DDFS:f_div_inst|count[17] ; ddfs:inst15|freq_divider_DDFS:f_div_inst|count[18] ; inst|altpll_component|pll|clk[0] ; inst|altpll_component|pll|clk[0] ; 0.000        ; 0.000      ; 2.079      ;
; 1.818 ; metastab_3xdff:inst4|freq_control_sync[0]          ; ddfs:inst15|freq_divider_DDFS:f_div_inst|count[2]  ; inst|altpll_component|pll|clk[0] ; inst|altpll_component|pll|clk[0] ; 0.000        ; 0.011      ; 2.095      ;
; 1.833 ; ddfs:inst15|freq_divider_DDFS:f_div_inst|count[5]  ; ddfs:inst15|freq_divider_DDFS:f_div_inst|count[9]  ; inst|altpll_component|pll|clk[0] ; inst|altpll_component|pll|clk[0] ; 0.000        ; 0.000      ; 2.099      ;
; 1.841 ; ddfs:inst15|freq_divider_DDFS:f_div_inst|count[16] ; ddfs:inst15|freq_divider_DDFS:f_div_inst|count[10] ; inst|altpll_component|pll|clk[0] ; inst|altpll_component|pll|clk[0] ; 0.000        ; 0.000      ; 2.107      ;
; 1.843 ; ddfs:inst15|freq_divider_DDFS:f_div_inst|count[16] ; ddfs:inst15|freq_divider_DDFS:f_div_inst|count[7]  ; inst|altpll_component|pll|clk[0] ; inst|altpll_component|pll|clk[0] ; 0.000        ; 0.000      ; 2.109      ;
; 1.872 ; ddfs:inst15|freq_divider_DDFS:f_div_inst|count[13] ; ddfs:inst15|freq_divider_DDFS:f_div_inst|count[13] ; inst|altpll_component|pll|clk[0] ; inst|altpll_component|pll|clk[0] ; 0.000        ; 0.000      ; 2.138      ;
; 1.882 ; ddfs:inst15|freq_divider_DDFS:f_div_inst|count[1]  ; ddfs:inst15|freq_divider_DDFS:f_div_inst|count[5]  ; inst|altpll_component|pll|clk[0] ; inst|altpll_component|pll|clk[0] ; 0.000        ; 0.000      ; 2.148      ;
; 1.893 ; ddfs:inst15|freq_divider_DDFS:f_div_inst|count[10] ; ddfs:inst15|freq_divider_DDFS:f_div_inst|count[10] ; inst|altpll_component|pll|clk[0] ; inst|altpll_component|pll|clk[0] ; 0.000        ; 0.000      ; 2.159      ;
; 1.899 ; ddfs:inst15|freq_divider_DDFS:f_div_inst|count[14] ; ddfs:inst15|freq_divider_DDFS:f_div_inst|count[17] ; inst|altpll_component|pll|clk[0] ; inst|altpll_component|pll|clk[0] ; 0.000        ; 0.000      ; 2.165      ;
; 1.901 ; metastab_3xdff:inst4|freq_control_sync[1]          ; ddfs:inst15|freq_divider_DDFS:f_div_inst|count[12] ; inst|altpll_component|pll|clk[0] ; inst|altpll_component|pll|clk[0] ; 0.000        ; 0.011      ; 2.178      ;
; 1.902 ; ddfs:inst15|freq_divider_DDFS:f_div_inst|count[11] ; ddfs:inst15|freq_divider_DDFS:f_div_inst|count[14] ; inst|altpll_component|pll|clk[0] ; inst|altpll_component|pll|clk[0] ; 0.000        ; 0.000      ; 2.168      ;
; 1.902 ; ddfs:inst15|freq_divider_DDFS:f_div_inst|count[16] ; ddfs:inst15|freq_divider_DDFS:f_div_inst|count[17] ; inst|altpll_component|pll|clk[0] ; inst|altpll_component|pll|clk[0] ; 0.000        ; 0.000      ; 2.168      ;
; 1.903 ; ddfs:inst15|freq_divider_DDFS:f_div_inst|count[13] ; ddfs:inst15|freq_divider_DDFS:f_div_inst|count[14] ; inst|altpll_component|pll|clk[0] ; inst|altpll_component|pll|clk[0] ; 0.000        ; 0.000      ; 2.169      ;
; 1.919 ; ddfs:inst15|freq_divider_DDFS:f_div_inst|count[17] ; ddfs:inst15|freq_divider_DDFS:f_div_inst|count[10] ; inst|altpll_component|pll|clk[0] ; inst|altpll_component|pll|clk[0] ; 0.000        ; 0.000      ; 2.185      ;
; 1.921 ; ddfs:inst15|freq_divider_DDFS:f_div_inst|count[17] ; ddfs:inst15|freq_divider_DDFS:f_div_inst|count[7]  ; inst|altpll_component|pll|clk[0] ; inst|altpll_component|pll|clk[0] ; 0.000        ; 0.000      ; 2.187      ;
; 1.929 ; metastab_3xdff:inst4|freq_control_sync[0]          ; ddfs:inst15|freq_divider_DDFS:f_div_inst|count[7]  ; inst|altpll_component|pll|clk[0] ; inst|altpll_component|pll|clk[0] ; 0.000        ; 0.011      ; 2.206      ;
; 1.930 ; ddfs:inst15|freq_divider_DDFS:f_div_inst|count[6]  ; ddfs:inst15|freq_divider_DDFS:f_div_inst|count[11] ; inst|altpll_component|pll|clk[0] ; inst|altpll_component|pll|clk[0] ; 0.000        ; 0.011      ; 2.207      ;
; 1.945 ; ddfs:inst15|freq_divider_DDFS:f_div_inst|count[9]  ; ddfs:inst15|freq_divider_DDFS:f_div_inst|count[12] ; inst|altpll_component|pll|clk[0] ; inst|altpll_component|pll|clk[0] ; 0.000        ; 0.011      ; 2.222      ;
+-------+----------------------------------------------------+----------------------------------------------------+----------------------------------+----------------------------------+--------------+------------+------------+


+----------------------------------------------------------------------------------------------------------------------------------------------------------------------------------------------------------------------------------------------------------------------------------------------------+
; Slow Model Hold: 'ddfs:inst15|freq_divider_DDFS:f_div_inst|count[19]'                                                                                                                                                                                                                              ;
+-------+----------------------+------------------------------------------------------------------------------------------------------------------+----------------------------------------------------+----------------------------------------------------+--------------+------------+------------+
; Slack ; From Node            ; To Node                                                                                                          ; Launch Clock                                       ; Latch Clock                                        ; Relationship ; Clock Skew ; Data Delay ;
+-------+----------------------+------------------------------------------------------------------------------------------------------------------+----------------------------------------------------+----------------------------------------------------+--------------+------------+------------+
; 0.705 ; ddfs:inst15|cont[11] ; ddfs:inst15|cont_rt[11]                                                                                          ; ddfs:inst15|freq_divider_DDFS:f_div_inst|count[19] ; ddfs:inst15|freq_divider_DDFS:f_div_inst|count[19] ; 0.000        ; 0.000      ; 0.971      ;
; 1.272 ; ddfs:inst15|cont[11] ; ddfs:inst15|cont[11]                                                                                             ; ddfs:inst15|freq_divider_DDFS:f_div_inst|count[19] ; ddfs:inst15|freq_divider_DDFS:f_div_inst|count[19] ; 0.000        ; 0.000      ; 1.538      ;
; 1.342 ; ddfs:inst15|cont[1]  ; ddfs:inst15|sin_lut:lut_inst|altsyncram:rom_rtl_0|altsyncram_qm81:auto_generated|ram_block1a8~porta_address_reg1 ; ddfs:inst15|freq_divider_DDFS:f_div_inst|count[19] ; ddfs:inst15|freq_divider_DDFS:f_div_inst|count[19] ; 0.000        ; 0.074      ; 1.650      ;
; 1.361 ; ddfs:inst15|cont[1]  ; ddfs:inst15|sin_lut:lut_inst|altsyncram:rom_rtl_0|altsyncram_qm81:auto_generated|ram_block1a4~porta_address_reg1 ; ddfs:inst15|freq_divider_DDFS:f_div_inst|count[19] ; ddfs:inst15|freq_divider_DDFS:f_div_inst|count[19] ; 0.000        ; 0.068      ; 1.663      ;
; 1.367 ; ddfs:inst15|cont[10] ; ddfs:inst15|cont_rt[10]                                                                                          ; ddfs:inst15|freq_divider_DDFS:f_div_inst|count[19] ; ddfs:inst15|freq_divider_DDFS:f_div_inst|count[19] ; 0.000        ; 0.004      ; 1.637      ;
; 1.517 ; ddfs:inst15|cont[10] ; ddfs:inst15|sin_lut:lut_inst|altsyncram:rom_rtl_0|altsyncram_qm81:auto_generated|ram_block1a8~porta_address_reg1 ; ddfs:inst15|freq_divider_DDFS:f_div_inst|count[19] ; ddfs:inst15|freq_divider_DDFS:f_div_inst|count[19] ; 0.000        ; 0.074      ; 1.825      ;
; 1.536 ; ddfs:inst15|cont[10] ; ddfs:inst15|sin_lut:lut_inst|altsyncram:rom_rtl_0|altsyncram_qm81:auto_generated|ram_block1a4~porta_address_reg1 ; ddfs:inst15|freq_divider_DDFS:f_div_inst|count[19] ; ddfs:inst15|freq_divider_DDFS:f_div_inst|count[19] ; 0.000        ; 0.068      ; 1.838      ;
; 1.574 ; ddfs:inst15|cont[9]  ; ddfs:inst15|sin_lut:lut_inst|altsyncram:rom_rtl_0|altsyncram_qm81:auto_generated|ram_block1a4~porta_address_reg9 ; ddfs:inst15|freq_divider_DDFS:f_div_inst|count[19] ; ddfs:inst15|freq_divider_DDFS:f_div_inst|count[19] ; 0.000        ; 0.068      ; 1.876      ;
; 1.609 ; ddfs:inst15|cont[10] ; ddfs:inst15|sin_lut:lut_inst|altsyncram:rom_rtl_0|altsyncram_qm81:auto_generated|ram_block1a1~porta_address_reg4 ; ddfs:inst15|freq_divider_DDFS:f_div_inst|count[19] ; ddfs:inst15|freq_divider_DDFS:f_div_inst|count[19] ; 0.000        ; 0.060      ; 1.903      ;
; 1.614 ; ddfs:inst15|cont[10] ; ddfs:inst15|sin_lut:lut_inst|altsyncram:rom_rtl_0|altsyncram_qm81:auto_generated|ram_block1a4~porta_address_reg4 ; ddfs:inst15|freq_divider_DDFS:f_div_inst|count[19] ; ddfs:inst15|freq_divider_DDFS:f_div_inst|count[19] ; 0.000        ; 0.068      ; 1.916      ;
; 1.617 ; ddfs:inst15|cont[9]  ; ddfs:inst15|sin_lut:lut_inst|altsyncram:rom_rtl_0|altsyncram_qm81:auto_generated|ram_block1a8~porta_address_reg9 ; ddfs:inst15|freq_divider_DDFS:f_div_inst|count[19] ; ddfs:inst15|freq_divider_DDFS:f_div_inst|count[19] ; 0.000        ; 0.074      ; 1.925      ;
; 1.619 ; ddfs:inst15|cont[9]  ; ddfs:inst15|sin_lut:lut_inst|altsyncram:rom_rtl_0|altsyncram_qm81:auto_generated|ram_block1a1~porta_address_reg9 ; ddfs:inst15|freq_divider_DDFS:f_div_inst|count[19] ; ddfs:inst15|freq_divider_DDFS:f_div_inst|count[19] ; 0.000        ; 0.060      ; 1.913      ;
; 1.647 ; ddfs:inst15|cont[4]  ; ddfs:inst15|sin_lut:lut_inst|altsyncram:rom_rtl_0|altsyncram_qm81:auto_generated|ram_block1a1~porta_address_reg4 ; ddfs:inst15|freq_divider_DDFS:f_div_inst|count[19] ; ddfs:inst15|freq_divider_DDFS:f_div_inst|count[19] ; 0.000        ; 0.061      ; 1.942      ;
; 1.652 ; ddfs:inst15|cont[4]  ; ddfs:inst15|sin_lut:lut_inst|altsyncram:rom_rtl_0|altsyncram_qm81:auto_generated|ram_block1a4~porta_address_reg4 ; ddfs:inst15|freq_divider_DDFS:f_div_inst|count[19] ; ddfs:inst15|freq_divider_DDFS:f_div_inst|count[19] ; 0.000        ; 0.069      ; 1.955      ;
; 1.666 ; ddfs:inst15|cont[1]  ; ddfs:inst15|sin_lut:lut_inst|altsyncram:rom_rtl_0|altsyncram_qm81:auto_generated|ram_block1a1~porta_address_reg1 ; ddfs:inst15|freq_divider_DDFS:f_div_inst|count[19] ; ddfs:inst15|freq_divider_DDFS:f_div_inst|count[19] ; 0.000        ; 0.060      ; 1.960      ;
; 1.673 ; ddfs:inst15|cont[11] ; ddfs:inst15|cont[10]                                                                                             ; ddfs:inst15|freq_divider_DDFS:f_div_inst|count[19] ; ddfs:inst15|freq_divider_DDFS:f_div_inst|count[19] ; 0.000        ; -0.004     ; 1.935      ;
; 1.702 ; ddfs:inst15|cont[8]  ; ddfs:inst15|cont[8]                                                                                              ; ddfs:inst15|freq_divider_DDFS:f_div_inst|count[19] ; ddfs:inst15|freq_divider_DDFS:f_div_inst|count[19] ; 0.000        ; 0.000      ; 1.968      ;
; 1.738 ; ddfs:inst15|cont[10] ; ddfs:inst15|sin_lut:lut_inst|altsyncram:rom_rtl_0|altsyncram_qm81:auto_generated|ram_block1a4~porta_address_reg9 ; ddfs:inst15|freq_divider_DDFS:f_div_inst|count[19] ; ddfs:inst15|freq_divider_DDFS:f_div_inst|count[19] ; 0.000        ; 0.068      ; 2.040      ;
; 1.745 ; ddfs:inst15|cont[10] ; ddfs:inst15|sin_lut:lut_inst|altsyncram:rom_rtl_0|altsyncram_qm81:auto_generated|ram_block1a4~porta_address_reg7 ; ddfs:inst15|freq_divider_DDFS:f_div_inst|count[19] ; ddfs:inst15|freq_divider_DDFS:f_div_inst|count[19] ; 0.000        ; 0.068      ; 2.047      ;
; 1.747 ; ddfs:inst15|cont[10] ; ddfs:inst15|sin_lut:lut_inst|altsyncram:rom_rtl_0|altsyncram_qm81:auto_generated|ram_block1a4~porta_address_reg8 ; ddfs:inst15|freq_divider_DDFS:f_div_inst|count[19] ; ddfs:inst15|freq_divider_DDFS:f_div_inst|count[19] ; 0.000        ; 0.068      ; 2.049      ;
; 1.781 ; ddfs:inst15|cont[10] ; ddfs:inst15|sin_lut:lut_inst|altsyncram:rom_rtl_0|altsyncram_qm81:auto_generated|ram_block1a1~porta_address_reg8 ; ddfs:inst15|freq_divider_DDFS:f_div_inst|count[19] ; ddfs:inst15|freq_divider_DDFS:f_div_inst|count[19] ; 0.000        ; 0.060      ; 2.075      ;
; 1.781 ; ddfs:inst15|cont[10] ; ddfs:inst15|sin_lut:lut_inst|altsyncram:rom_rtl_0|altsyncram_qm81:auto_generated|ram_block1a8~porta_address_reg9 ; ddfs:inst15|freq_divider_DDFS:f_div_inst|count[19] ; ddfs:inst15|freq_divider_DDFS:f_div_inst|count[19] ; 0.000        ; 0.074      ; 2.089      ;
; 1.783 ; ddfs:inst15|cont[10] ; ddfs:inst15|sin_lut:lut_inst|altsyncram:rom_rtl_0|altsyncram_qm81:auto_generated|ram_block1a1~porta_address_reg9 ; ddfs:inst15|freq_divider_DDFS:f_div_inst|count[19] ; ddfs:inst15|freq_divider_DDFS:f_div_inst|count[19] ; 0.000        ; 0.060      ; 2.077      ;
; 1.784 ; ddfs:inst15|cont[10] ; ddfs:inst15|sin_lut:lut_inst|altsyncram:rom_rtl_0|altsyncram_qm81:auto_generated|ram_block1a8~porta_address_reg7 ; ddfs:inst15|freq_divider_DDFS:f_div_inst|count[19] ; ddfs:inst15|freq_divider_DDFS:f_div_inst|count[19] ; 0.000        ; 0.074      ; 2.092      ;
; 1.791 ; ddfs:inst15|cont[10] ; ddfs:inst15|sin_lut:lut_inst|altsyncram:rom_rtl_0|altsyncram_qm81:auto_generated|ram_block1a1~porta_address_reg7 ; ddfs:inst15|freq_divider_DDFS:f_div_inst|count[19] ; ddfs:inst15|freq_divider_DDFS:f_div_inst|count[19] ; 0.000        ; 0.060      ; 2.085      ;
; 1.841 ; ddfs:inst15|cont[10] ; ddfs:inst15|sin_lut:lut_inst|altsyncram:rom_rtl_0|altsyncram_qm81:auto_generated|ram_block1a1~porta_address_reg1 ; ddfs:inst15|freq_divider_DDFS:f_div_inst|count[19] ; ddfs:inst15|freq_divider_DDFS:f_div_inst|count[19] ; 0.000        ; 0.060      ; 2.135      ;
; 1.854 ; ddfs:inst15|cont[2]  ; ddfs:inst15|sin_lut:lut_inst|altsyncram:rom_rtl_0|altsyncram_qm81:auto_generated|ram_block1a8~porta_address_reg2 ; ddfs:inst15|freq_divider_DDFS:f_div_inst|count[19] ; ddfs:inst15|freq_divider_DDFS:f_div_inst|count[19] ; 0.000        ; 0.074      ; 2.162      ;
; 1.854 ; ddfs:inst15|cont[10] ; ddfs:inst15|cont[10]                                                                                             ; ddfs:inst15|freq_divider_DDFS:f_div_inst|count[19] ; ddfs:inst15|freq_divider_DDFS:f_div_inst|count[19] ; 0.000        ; 0.000      ; 2.120      ;
; 1.857 ; ddfs:inst15|cont[7]  ; ddfs:inst15|sin_lut:lut_inst|altsyncram:rom_rtl_0|altsyncram_qm81:auto_generated|ram_block1a4~porta_address_reg7 ; ddfs:inst15|freq_divider_DDFS:f_div_inst|count[19] ; ddfs:inst15|freq_divider_DDFS:f_div_inst|count[19] ; 0.000        ; 0.068      ; 2.159      ;
; 1.865 ; ddfs:inst15|cont[8]  ; ddfs:inst15|sin_lut:lut_inst|altsyncram:rom_rtl_0|altsyncram_qm81:auto_generated|ram_block1a4~porta_address_reg8 ; ddfs:inst15|freq_divider_DDFS:f_div_inst|count[19] ; ddfs:inst15|freq_divider_DDFS:f_div_inst|count[19] ; 0.000        ; 0.068      ; 2.167      ;
; 1.885 ; ddfs:inst15|cont[10] ; ddfs:inst15|sin_lut:lut_inst|altsyncram:rom_rtl_0|altsyncram_qm81:auto_generated|ram_block1a8~porta_address_reg4 ; ddfs:inst15|freq_divider_DDFS:f_div_inst|count[19] ; ddfs:inst15|freq_divider_DDFS:f_div_inst|count[19] ; 0.000        ; 0.074      ; 2.193      ;
; 1.886 ; ddfs:inst15|cont[1]  ; ddfs:inst15|cont[1]                                                                                              ; ddfs:inst15|freq_divider_DDFS:f_div_inst|count[19] ; ddfs:inst15|freq_divider_DDFS:f_div_inst|count[19] ; 0.000        ; 0.000      ; 2.152      ;
; 1.890 ; ddfs:inst15|cont[10] ; ddfs:inst15|sin_lut:lut_inst|altsyncram:rom_rtl_0|altsyncram_qm81:auto_generated|ram_block1a8~porta_address_reg5 ; ddfs:inst15|freq_divider_DDFS:f_div_inst|count[19] ; ddfs:inst15|freq_divider_DDFS:f_div_inst|count[19] ; 0.000        ; 0.074      ; 2.198      ;
; 1.896 ; ddfs:inst15|cont[2]  ; ddfs:inst15|cont[2]                                                                                              ; ddfs:inst15|freq_divider_DDFS:f_div_inst|count[19] ; ddfs:inst15|freq_divider_DDFS:f_div_inst|count[19] ; 0.000        ; 0.000      ; 2.162      ;
; 1.896 ; ddfs:inst15|cont[10] ; ddfs:inst15|cont[11]                                                                                             ; ddfs:inst15|freq_divider_DDFS:f_div_inst|count[19] ; ddfs:inst15|freq_divider_DDFS:f_div_inst|count[19] ; 0.000        ; 0.004      ; 2.166      ;
; 1.896 ; ddfs:inst15|cont[7]  ; ddfs:inst15|sin_lut:lut_inst|altsyncram:rom_rtl_0|altsyncram_qm81:auto_generated|ram_block1a8~porta_address_reg7 ; ddfs:inst15|freq_divider_DDFS:f_div_inst|count[19] ; ddfs:inst15|freq_divider_DDFS:f_div_inst|count[19] ; 0.000        ; 0.074      ; 2.204      ;
; 1.899 ; ddfs:inst15|cont[8]  ; ddfs:inst15|sin_lut:lut_inst|altsyncram:rom_rtl_0|altsyncram_qm81:auto_generated|ram_block1a1~porta_address_reg8 ; ddfs:inst15|freq_divider_DDFS:f_div_inst|count[19] ; ddfs:inst15|freq_divider_DDFS:f_div_inst|count[19] ; 0.000        ; 0.060      ; 2.193      ;
; 1.900 ; ddfs:inst15|cont[10] ; ddfs:inst15|sin_lut:lut_inst|altsyncram:rom_rtl_0|altsyncram_qm81:auto_generated|ram_block1a1~porta_address_reg0 ; ddfs:inst15|freq_divider_DDFS:f_div_inst|count[19] ; ddfs:inst15|freq_divider_DDFS:f_div_inst|count[19] ; 0.000        ; 0.060      ; 2.194      ;
; 1.902 ; ddfs:inst15|cont[10] ; ddfs:inst15|sin_lut:lut_inst|altsyncram:rom_rtl_0|altsyncram_qm81:auto_generated|ram_block1a1~porta_address_reg3 ; ddfs:inst15|freq_divider_DDFS:f_div_inst|count[19] ; ddfs:inst15|freq_divider_DDFS:f_div_inst|count[19] ; 0.000        ; 0.060      ; 2.196      ;
; 1.903 ; ddfs:inst15|cont[7]  ; ddfs:inst15|sin_lut:lut_inst|altsyncram:rom_rtl_0|altsyncram_qm81:auto_generated|ram_block1a1~porta_address_reg7 ; ddfs:inst15|freq_divider_DDFS:f_div_inst|count[19] ; ddfs:inst15|freq_divider_DDFS:f_div_inst|count[19] ; 0.000        ; 0.060      ; 2.197      ;
; 1.923 ; ddfs:inst15|cont[4]  ; ddfs:inst15|sin_lut:lut_inst|altsyncram:rom_rtl_0|altsyncram_qm81:auto_generated|ram_block1a8~porta_address_reg4 ; ddfs:inst15|freq_divider_DDFS:f_div_inst|count[19] ; ddfs:inst15|freq_divider_DDFS:f_div_inst|count[19] ; 0.000        ; 0.075      ; 2.232      ;
; 1.931 ; ddfs:inst15|cont[7]  ; ddfs:inst15|cont[7]                                                                                              ; ddfs:inst15|freq_divider_DDFS:f_div_inst|count[19] ; ddfs:inst15|freq_divider_DDFS:f_div_inst|count[19] ; 0.000        ; 0.000      ; 2.197      ;
; 1.932 ; ddfs:inst15|cont[0]  ; ddfs:inst15|sin_lut:lut_inst|altsyncram:rom_rtl_0|altsyncram_qm81:auto_generated|ram_block1a1~porta_address_reg0 ; ddfs:inst15|freq_divider_DDFS:f_div_inst|count[19] ; ddfs:inst15|freq_divider_DDFS:f_div_inst|count[19] ; 0.000        ; 0.061      ; 2.227      ;
; 1.935 ; ddfs:inst15|cont[3]  ; ddfs:inst15|sin_lut:lut_inst|altsyncram:rom_rtl_0|altsyncram_qm81:auto_generated|ram_block1a1~porta_address_reg3 ; ddfs:inst15|freq_divider_DDFS:f_div_inst|count[19] ; ddfs:inst15|freq_divider_DDFS:f_div_inst|count[19] ; 0.000        ; 0.061      ; 2.230      ;
; 1.953 ; ddfs:inst15|cont[5]  ; ddfs:inst15|sin_lut:lut_inst|altsyncram:rom_rtl_0|altsyncram_qm81:auto_generated|ram_block1a8~porta_address_reg5 ; ddfs:inst15|freq_divider_DDFS:f_div_inst|count[19] ; ddfs:inst15|freq_divider_DDFS:f_div_inst|count[19] ; 0.000        ; 0.075      ; 2.262      ;
; 1.980 ; ddfs:inst15|cont[6]  ; ddfs:inst15|cont[6]                                                                                              ; ddfs:inst15|freq_divider_DDFS:f_div_inst|count[19] ; ddfs:inst15|freq_divider_DDFS:f_div_inst|count[19] ; 0.000        ; 0.000      ; 2.246      ;
; 2.007 ; ddfs:inst15|cont[10] ; ddfs:inst15|sin_lut:lut_inst|altsyncram:rom_rtl_0|altsyncram_qm81:auto_generated|ram_block1a8~porta_address_reg2 ; ddfs:inst15|freq_divider_DDFS:f_div_inst|count[19] ; ddfs:inst15|freq_divider_DDFS:f_div_inst|count[19] ; 0.000        ; 0.074      ; 2.315      ;
; 2.059 ; ddfs:inst15|cont[10] ; ddfs:inst15|sin_lut:lut_inst|altsyncram:rom_rtl_0|altsyncram_qm81:auto_generated|ram_block1a8~porta_address_reg6 ; ddfs:inst15|freq_divider_DDFS:f_div_inst|count[19] ; ddfs:inst15|freq_divider_DDFS:f_div_inst|count[19] ; 0.000        ; 0.074      ; 2.367      ;
; 2.085 ; ddfs:inst15|cont[9]  ; ddfs:inst15|cont[9]                                                                                              ; ddfs:inst15|freq_divider_DDFS:f_div_inst|count[19] ; ddfs:inst15|freq_divider_DDFS:f_div_inst|count[19] ; 0.000        ; 0.000      ; 2.351      ;
; 2.112 ; ddfs:inst15|cont[10] ; ddfs:inst15|sin_lut:lut_inst|altsyncram:rom_rtl_0|altsyncram_qm81:auto_generated|ram_block1a8~porta_address_reg8 ; ddfs:inst15|freq_divider_DDFS:f_div_inst|count[19] ; ddfs:inst15|freq_divider_DDFS:f_div_inst|count[19] ; 0.000        ; 0.074      ; 2.420      ;
; 2.160 ; ddfs:inst15|cont[2]  ; ddfs:inst15|sin_lut:lut_inst|altsyncram:rom_rtl_0|altsyncram_qm81:auto_generated|ram_block1a4~porta_address_reg2 ; ddfs:inst15|freq_divider_DDFS:f_div_inst|count[19] ; ddfs:inst15|freq_divider_DDFS:f_div_inst|count[19] ; 0.000        ; 0.068      ; 2.462      ;
; 2.160 ; ddfs:inst15|cont[6]  ; ddfs:inst15|sin_lut:lut_inst|altsyncram:rom_rtl_0|altsyncram_qm81:auto_generated|ram_block1a8~porta_address_reg6 ; ddfs:inst15|freq_divider_DDFS:f_div_inst|count[19] ; ddfs:inst15|freq_divider_DDFS:f_div_inst|count[19] ; 0.000        ; 0.074      ; 2.468      ;
; 2.172 ; ddfs:inst15|cont[10] ; ddfs:inst15|sin_lut:lut_inst|altsyncram:rom_rtl_0|altsyncram_qm81:auto_generated|ram_block1a4~porta_address_reg5 ; ddfs:inst15|freq_divider_DDFS:f_div_inst|count[19] ; ddfs:inst15|freq_divider_DDFS:f_div_inst|count[19] ; 0.000        ; 0.068      ; 2.474      ;
; 2.173 ; ddfs:inst15|cont[10] ; ddfs:inst15|sin_lut:lut_inst|altsyncram:rom_rtl_0|altsyncram_qm81:auto_generated|ram_block1a4~porta_address_reg3 ; ddfs:inst15|freq_divider_DDFS:f_div_inst|count[19] ; ddfs:inst15|freq_divider_DDFS:f_div_inst|count[19] ; 0.000        ; 0.068      ; 2.475      ;
; 2.180 ; ddfs:inst15|cont[0]  ; ddfs:inst15|cont[11]                                                                                             ; ddfs:inst15|freq_divider_DDFS:f_div_inst|count[19] ; ddfs:inst15|freq_divider_DDFS:f_div_inst|count[19] ; 0.000        ; 0.005      ; 2.451      ;
; 2.181 ; ddfs:inst15|cont[2]  ; ddfs:inst15|sin_lut:lut_inst|altsyncram:rom_rtl_0|altsyncram_qm81:auto_generated|ram_block1a1~porta_address_reg2 ; ddfs:inst15|freq_divider_DDFS:f_div_inst|count[19] ; ddfs:inst15|freq_divider_DDFS:f_div_inst|count[19] ; 0.000        ; 0.060      ; 2.475      ;
; 2.182 ; ddfs:inst15|cont[10] ; ddfs:inst15|sin_lut:lut_inst|altsyncram:rom_rtl_0|altsyncram_qm81:auto_generated|ram_block1a4~porta_address_reg0 ; ddfs:inst15|freq_divider_DDFS:f_div_inst|count[19] ; ddfs:inst15|freq_divider_DDFS:f_div_inst|count[19] ; 0.000        ; 0.068      ; 2.484      ;
; 2.190 ; ddfs:inst15|cont[10] ; ddfs:inst15|sin_lut:lut_inst|altsyncram:rom_rtl_0|altsyncram_qm81:auto_generated|ram_block1a8~porta_address_reg3 ; ddfs:inst15|freq_divider_DDFS:f_div_inst|count[19] ; ddfs:inst15|freq_divider_DDFS:f_div_inst|count[19] ; 0.000        ; 0.074      ; 2.498      ;
; 2.191 ; ddfs:inst15|cont[10] ; ddfs:inst15|sin_lut:lut_inst|altsyncram:rom_rtl_0|altsyncram_qm81:auto_generated|ram_block1a8~porta_address_reg0 ; ddfs:inst15|freq_divider_DDFS:f_div_inst|count[19] ; ddfs:inst15|freq_divider_DDFS:f_div_inst|count[19] ; 0.000        ; 0.074      ; 2.499      ;
; 2.195 ; ddfs:inst15|cont[10] ; ddfs:inst15|sin_lut:lut_inst|altsyncram:rom_rtl_0|altsyncram_qm81:auto_generated|ram_block1a1~porta_address_reg5 ; ddfs:inst15|freq_divider_DDFS:f_div_inst|count[19] ; ddfs:inst15|freq_divider_DDFS:f_div_inst|count[19] ; 0.000        ; 0.060      ; 2.489      ;
; 2.206 ; ddfs:inst15|cont[3]  ; ddfs:inst15|cont[3]                                                                                              ; ddfs:inst15|freq_divider_DDFS:f_div_inst|count[19] ; ddfs:inst15|freq_divider_DDFS:f_div_inst|count[19] ; 0.000        ; 0.000      ; 2.472      ;
; 2.206 ; ddfs:inst15|cont[3]  ; ddfs:inst15|sin_lut:lut_inst|altsyncram:rom_rtl_0|altsyncram_qm81:auto_generated|ram_block1a4~porta_address_reg3 ; ddfs:inst15|freq_divider_DDFS:f_div_inst|count[19] ; ddfs:inst15|freq_divider_DDFS:f_div_inst|count[19] ; 0.000        ; 0.069      ; 2.509      ;
; 2.214 ; ddfs:inst15|cont[0]  ; ddfs:inst15|sin_lut:lut_inst|altsyncram:rom_rtl_0|altsyncram_qm81:auto_generated|ram_block1a4~porta_address_reg0 ; ddfs:inst15|freq_divider_DDFS:f_div_inst|count[19] ; ddfs:inst15|freq_divider_DDFS:f_div_inst|count[19] ; 0.000        ; 0.069      ; 2.517      ;
; 2.223 ; ddfs:inst15|cont[3]  ; ddfs:inst15|sin_lut:lut_inst|altsyncram:rom_rtl_0|altsyncram_qm81:auto_generated|ram_block1a8~porta_address_reg3 ; ddfs:inst15|freq_divider_DDFS:f_div_inst|count[19] ; ddfs:inst15|freq_divider_DDFS:f_div_inst|count[19] ; 0.000        ; 0.075      ; 2.532      ;
; 2.223 ; ddfs:inst15|cont[0]  ; ddfs:inst15|sin_lut:lut_inst|altsyncram:rom_rtl_0|altsyncram_qm81:auto_generated|ram_block1a8~porta_address_reg0 ; ddfs:inst15|freq_divider_DDFS:f_div_inst|count[19] ; ddfs:inst15|freq_divider_DDFS:f_div_inst|count[19] ; 0.000        ; 0.075      ; 2.532      ;
; 2.230 ; ddfs:inst15|cont[8]  ; ddfs:inst15|sin_lut:lut_inst|altsyncram:rom_rtl_0|altsyncram_qm81:auto_generated|ram_block1a8~porta_address_reg8 ; ddfs:inst15|freq_divider_DDFS:f_div_inst|count[19] ; ddfs:inst15|freq_divider_DDFS:f_div_inst|count[19] ; 0.000        ; 0.074      ; 2.538      ;
; 2.235 ; ddfs:inst15|cont[5]  ; ddfs:inst15|sin_lut:lut_inst|altsyncram:rom_rtl_0|altsyncram_qm81:auto_generated|ram_block1a4~porta_address_reg5 ; ddfs:inst15|freq_divider_DDFS:f_div_inst|count[19] ; ddfs:inst15|freq_divider_DDFS:f_div_inst|count[19] ; 0.000        ; 0.069      ; 2.538      ;
; 2.236 ; ddfs:inst15|cont[8]  ; ddfs:inst15|cont[9]                                                                                              ; ddfs:inst15|freq_divider_DDFS:f_div_inst|count[19] ; ddfs:inst15|freq_divider_DDFS:f_div_inst|count[19] ; 0.000        ; 0.000      ; 2.502      ;
; 2.258 ; ddfs:inst15|cont[5]  ; ddfs:inst15|sin_lut:lut_inst|altsyncram:rom_rtl_0|altsyncram_qm81:auto_generated|ram_block1a1~porta_address_reg5 ; ddfs:inst15|freq_divider_DDFS:f_div_inst|count[19] ; ddfs:inst15|freq_divider_DDFS:f_div_inst|count[19] ; 0.000        ; 0.061      ; 2.553      ;
; 2.275 ; ddfs:inst15|cont[1]  ; ddfs:inst15|cont[2]                                                                                              ; ddfs:inst15|freq_divider_DDFS:f_div_inst|count[19] ; ddfs:inst15|freq_divider_DDFS:f_div_inst|count[19] ; 0.000        ; 0.000      ; 2.541      ;
; 2.296 ; ddfs:inst15|cont[3]  ; ddfs:inst15|cont[11]                                                                                             ; ddfs:inst15|freq_divider_DDFS:f_div_inst|count[19] ; ddfs:inst15|freq_divider_DDFS:f_div_inst|count[19] ; 0.000        ; 0.005      ; 2.567      ;
; 2.303 ; ddfs:inst15|cont[8]  ; ddfs:inst15|cont[10]                                                                                             ; ddfs:inst15|freq_divider_DDFS:f_div_inst|count[19] ; ddfs:inst15|freq_divider_DDFS:f_div_inst|count[19] ; 0.000        ; 0.000      ; 2.569      ;
; 2.313 ; ddfs:inst15|cont[0]  ; ddfs:inst15|cont[0]                                                                                              ; ddfs:inst15|freq_divider_DDFS:f_div_inst|count[19] ; ddfs:inst15|freq_divider_DDFS:f_div_inst|count[19] ; 0.000        ; 0.000      ; 2.579      ;
; 2.313 ; ddfs:inst15|cont[5]  ; ddfs:inst15|cont[5]                                                                                              ; ddfs:inst15|freq_divider_DDFS:f_div_inst|count[19] ; ddfs:inst15|freq_divider_DDFS:f_div_inst|count[19] ; 0.000        ; 0.000      ; 2.579      ;
; 2.313 ; ddfs:inst15|cont[10] ; ddfs:inst15|sin_lut:lut_inst|altsyncram:rom_rtl_0|altsyncram_qm81:auto_generated|ram_block1a4~porta_address_reg2 ; ddfs:inst15|freq_divider_DDFS:f_div_inst|count[19] ; ddfs:inst15|freq_divider_DDFS:f_div_inst|count[19] ; 0.000        ; 0.068      ; 2.615      ;
; 2.325 ; ddfs:inst15|cont[2]  ; ddfs:inst15|cont[3]                                                                                              ; ddfs:inst15|freq_divider_DDFS:f_div_inst|count[19] ; ddfs:inst15|freq_divider_DDFS:f_div_inst|count[19] ; 0.000        ; -0.001     ; 2.590      ;
; 2.331 ; ddfs:inst15|cont[6]  ; ddfs:inst15|cont[7]                                                                                              ; ddfs:inst15|freq_divider_DDFS:f_div_inst|count[19] ; ddfs:inst15|freq_divider_DDFS:f_div_inst|count[19] ; 0.000        ; 0.000      ; 2.597      ;
; 2.334 ; ddfs:inst15|cont[10] ; ddfs:inst15|sin_lut:lut_inst|altsyncram:rom_rtl_0|altsyncram_qm81:auto_generated|ram_block1a1~porta_address_reg2 ; ddfs:inst15|freq_divider_DDFS:f_div_inst|count[19] ; ddfs:inst15|freq_divider_DDFS:f_div_inst|count[19] ; 0.000        ; 0.060      ; 2.628      ;
; 2.352 ; ddfs:inst15|cont[4]  ; ddfs:inst15|cont[4]                                                                                              ; ddfs:inst15|freq_divider_DDFS:f_div_inst|count[19] ; ddfs:inst15|freq_divider_DDFS:f_div_inst|count[19] ; 0.000        ; 0.000      ; 2.618      ;
; 2.355 ; ddfs:inst15|cont[2]  ; ddfs:inst15|cont[6]                                                                                              ; ddfs:inst15|freq_divider_DDFS:f_div_inst|count[19] ; ddfs:inst15|freq_divider_DDFS:f_div_inst|count[19] ; 0.000        ; 0.000      ; 2.621      ;
; 2.358 ; ddfs:inst15|cont[5]  ; ddfs:inst15|cont[6]                                                                                              ; ddfs:inst15|freq_divider_DDFS:f_div_inst|count[19] ; ddfs:inst15|freq_divider_DDFS:f_div_inst|count[19] ; 0.000        ; 0.001      ; 2.625      ;
; 2.361 ; ddfs:inst15|cont[10] ; ddfs:inst15|sin_lut:lut_inst|altsyncram:rom_rtl_0|altsyncram_qm81:auto_generated|ram_block1a4~porta_address_reg6 ; ddfs:inst15|freq_divider_DDFS:f_div_inst|count[19] ; ddfs:inst15|freq_divider_DDFS:f_div_inst|count[19] ; 0.000        ; 0.068      ; 2.663      ;
; 2.384 ; ddfs:inst15|cont[8]  ; ddfs:inst15|cont[11]                                                                                             ; ddfs:inst15|freq_divider_DDFS:f_div_inst|count[19] ; ddfs:inst15|freq_divider_DDFS:f_div_inst|count[19] ; 0.000        ; 0.004      ; 2.654      ;
; 2.385 ; ddfs:inst15|cont[10] ; ddfs:inst15|sin_lut:lut_inst|altsyncram:rom_rtl_0|altsyncram_qm81:auto_generated|ram_block1a1~porta_address_reg6 ; ddfs:inst15|freq_divider_DDFS:f_div_inst|count[19] ; ddfs:inst15|freq_divider_DDFS:f_div_inst|count[19] ; 0.000        ; 0.060      ; 2.679      ;
; 2.392 ; ddfs:inst15|cont[1]  ; ddfs:inst15|cont[3]                                                                                              ; ddfs:inst15|freq_divider_DDFS:f_div_inst|count[19] ; ddfs:inst15|freq_divider_DDFS:f_div_inst|count[19] ; 0.000        ; -0.001     ; 2.657      ;
; 2.394 ; ddfs:inst15|cont[2]  ; ddfs:inst15|cont[7]                                                                                              ; ddfs:inst15|freq_divider_DDFS:f_div_inst|count[19] ; ddfs:inst15|freq_divider_DDFS:f_div_inst|count[19] ; 0.000        ; 0.000      ; 2.660      ;
; 2.395 ; ddfs:inst15|cont[7]  ; ddfs:inst15|cont[8]                                                                                              ; ddfs:inst15|freq_divider_DDFS:f_div_inst|count[19] ; ddfs:inst15|freq_divider_DDFS:f_div_inst|count[19] ; 0.000        ; 0.000      ; 2.661      ;
; 2.397 ; ddfs:inst15|cont[5]  ; ddfs:inst15|cont[7]                                                                                              ; ddfs:inst15|freq_divider_DDFS:f_div_inst|count[19] ; ddfs:inst15|freq_divider_DDFS:f_div_inst|count[19] ; 0.000        ; 0.001      ; 2.664      ;
; 2.422 ; ddfs:inst15|cont[1]  ; ddfs:inst15|cont[6]                                                                                              ; ddfs:inst15|freq_divider_DDFS:f_div_inst|count[19] ; ddfs:inst15|freq_divider_DDFS:f_div_inst|count[19] ; 0.000        ; 0.000      ; 2.688      ;
; 2.426 ; ddfs:inst15|cont[5]  ; ddfs:inst15|cont[11]                                                                                             ; ddfs:inst15|freq_divider_DDFS:f_div_inst|count[19] ; ddfs:inst15|freq_divider_DDFS:f_div_inst|count[19] ; 0.000        ; 0.005      ; 2.697      ;
; 2.444 ; ddfs:inst15|cont[11] ; ddfs:inst15|cont[0]                                                                                              ; ddfs:inst15|freq_divider_DDFS:f_div_inst|count[19] ; ddfs:inst15|freq_divider_DDFS:f_div_inst|count[19] ; 0.000        ; -0.005     ; 2.705      ;
; 2.449 ; ddfs:inst15|cont[11] ; ddfs:inst15|cont[3]                                                                                              ; ddfs:inst15|freq_divider_DDFS:f_div_inst|count[19] ; ddfs:inst15|freq_divider_DDFS:f_div_inst|count[19] ; 0.000        ; -0.005     ; 2.710      ;
; 2.449 ; ddfs:inst15|cont[11] ; ddfs:inst15|cont[5]                                                                                              ; ddfs:inst15|freq_divider_DDFS:f_div_inst|count[19] ; ddfs:inst15|freq_divider_DDFS:f_div_inst|count[19] ; 0.000        ; -0.005     ; 2.710      ;
; 2.449 ; ddfs:inst15|cont[11] ; ddfs:inst15|cont[4]                                                                                              ; ddfs:inst15|freq_divider_DDFS:f_div_inst|count[19] ; ddfs:inst15|freq_divider_DDFS:f_div_inst|count[19] ; 0.000        ; -0.005     ; 2.710      ;
; 2.461 ; ddfs:inst15|cont[1]  ; ddfs:inst15|cont[7]                                                                                              ; ddfs:inst15|freq_divider_DDFS:f_div_inst|count[19] ; ddfs:inst15|freq_divider_DDFS:f_div_inst|count[19] ; 0.000        ; 0.000      ; 2.727      ;
; 2.462 ; ddfs:inst15|cont[6]  ; ddfs:inst15|sin_lut:lut_inst|altsyncram:rom_rtl_0|altsyncram_qm81:auto_generated|ram_block1a4~porta_address_reg6 ; ddfs:inst15|freq_divider_DDFS:f_div_inst|count[19] ; ddfs:inst15|freq_divider_DDFS:f_div_inst|count[19] ; 0.000        ; 0.068      ; 2.764      ;
; 2.467 ; ddfs:inst15|cont[9]  ; ddfs:inst15|cont[10]                                                                                             ; ddfs:inst15|freq_divider_DDFS:f_div_inst|count[19] ; ddfs:inst15|freq_divider_DDFS:f_div_inst|count[19] ; 0.000        ; 0.000      ; 2.733      ;
; 2.469 ; ddfs:inst15|cont[4]  ; ddfs:inst15|cont[6]                                                                                              ; ddfs:inst15|freq_divider_DDFS:f_div_inst|count[19] ; ddfs:inst15|freq_divider_DDFS:f_div_inst|count[19] ; 0.000        ; 0.001      ; 2.736      ;
; 2.475 ; ddfs:inst15|cont[6]  ; ddfs:inst15|cont[8]                                                                                              ; ddfs:inst15|freq_divider_DDFS:f_div_inst|count[19] ; ddfs:inst15|freq_divider_DDFS:f_div_inst|count[19] ; 0.000        ; 0.000      ; 2.741      ;
; 2.486 ; ddfs:inst15|cont[6]  ; ddfs:inst15|sin_lut:lut_inst|altsyncram:rom_rtl_0|altsyncram_qm81:auto_generated|ram_block1a1~porta_address_reg6 ; ddfs:inst15|freq_divider_DDFS:f_div_inst|count[19] ; ddfs:inst15|freq_divider_DDFS:f_div_inst|count[19] ; 0.000        ; 0.060      ; 2.780      ;
+-------+----------------------+------------------------------------------------------------------------------------------------------------------+----------------------------------------------------+----------------------------------------------------+--------------+------------+------------+


+---------------------------------------------------------------------------------------------------------------------------------------------------------------------------------+
; Slow Model Recovery: 'ddfs:inst15|freq_divider_DDFS:f_div_inst|count[19]'                                                                                                       ;
+--------+------------------------------------+----------------------+--------------+----------------------------------------------------+--------------+------------+------------+
; Slack  ; From Node                          ; To Node              ; Launch Clock ; Latch Clock                                        ; Relationship ; Clock Skew ; Data Delay ;
+--------+------------------------------------+----------------------+--------------+----------------------------------------------------+--------------+------------+------------+
; 17.495 ; metastab_3xdff:inst4|ena_ddfs_sync ; ddfs:inst15|cont[11] ; CLOCK_50     ; ddfs:inst15|freq_divider_DDFS:f_div_inst|count[19] ; 20.000       ; 0.842      ; 3.383      ;
; 17.981 ; metastab_3xdff:inst4|ena_ddfs_sync ; ddfs:inst15|cont[0]  ; CLOCK_50     ; ddfs:inst15|freq_divider_DDFS:f_div_inst|count[19] ; 20.000       ; 0.837      ; 2.892      ;
; 17.981 ; metastab_3xdff:inst4|ena_ddfs_sync ; ddfs:inst15|cont[3]  ; CLOCK_50     ; ddfs:inst15|freq_divider_DDFS:f_div_inst|count[19] ; 20.000       ; 0.837      ; 2.892      ;
; 17.981 ; metastab_3xdff:inst4|ena_ddfs_sync ; ddfs:inst15|cont[4]  ; CLOCK_50     ; ddfs:inst15|freq_divider_DDFS:f_div_inst|count[19] ; 20.000       ; 0.837      ; 2.892      ;
; 17.981 ; metastab_3xdff:inst4|ena_ddfs_sync ; ddfs:inst15|cont[5]  ; CLOCK_50     ; ddfs:inst15|freq_divider_DDFS:f_div_inst|count[19] ; 20.000       ; 0.837      ; 2.892      ;
; 17.992 ; metastab_3xdff:inst4|ena_ddfs_sync ; ddfs:inst15|cont[1]  ; CLOCK_50     ; ddfs:inst15|freq_divider_DDFS:f_div_inst|count[19] ; 20.000       ; 0.838      ; 2.882      ;
; 17.992 ; metastab_3xdff:inst4|ena_ddfs_sync ; ddfs:inst15|cont[2]  ; CLOCK_50     ; ddfs:inst15|freq_divider_DDFS:f_div_inst|count[19] ; 20.000       ; 0.838      ; 2.882      ;
; 17.992 ; metastab_3xdff:inst4|ena_ddfs_sync ; ddfs:inst15|cont[6]  ; CLOCK_50     ; ddfs:inst15|freq_divider_DDFS:f_div_inst|count[19] ; 20.000       ; 0.838      ; 2.882      ;
; 17.992 ; metastab_3xdff:inst4|ena_ddfs_sync ; ddfs:inst15|cont[7]  ; CLOCK_50     ; ddfs:inst15|freq_divider_DDFS:f_div_inst|count[19] ; 20.000       ; 0.838      ; 2.882      ;
; 17.992 ; metastab_3xdff:inst4|ena_ddfs_sync ; ddfs:inst15|cont[8]  ; CLOCK_50     ; ddfs:inst15|freq_divider_DDFS:f_div_inst|count[19] ; 20.000       ; 0.838      ; 2.882      ;
; 17.992 ; metastab_3xdff:inst4|ena_ddfs_sync ; ddfs:inst15|cont[10] ; CLOCK_50     ; ddfs:inst15|freq_divider_DDFS:f_div_inst|count[19] ; 20.000       ; 0.838      ; 2.882      ;
; 17.992 ; metastab_3xdff:inst4|ena_ddfs_sync ; ddfs:inst15|cont[9]  ; CLOCK_50     ; ddfs:inst15|freq_divider_DDFS:f_div_inst|count[19] ; 20.000       ; 0.838      ; 2.882      ;
+--------+------------------------------------+----------------------+--------------+----------------------------------------------------+--------------+------------+------------+


+--------------------------------------------------------------------------------------------------------------------------------------------------------------------------------+
; Slow Model Removal: 'ddfs:inst15|freq_divider_DDFS:f_div_inst|count[19]'                                                                                                       ;
+-------+------------------------------------+----------------------+--------------+----------------------------------------------------+--------------+------------+------------+
; Slack ; From Node                          ; To Node              ; Launch Clock ; Latch Clock                                        ; Relationship ; Clock Skew ; Data Delay ;
+-------+------------------------------------+----------------------+--------------+----------------------------------------------------+--------------+------------+------------+
; 1.778 ; metastab_3xdff:inst4|ena_ddfs_sync ; ddfs:inst15|cont[1]  ; CLOCK_50     ; ddfs:inst15|freq_divider_DDFS:f_div_inst|count[19] ; 0.000        ; 0.838      ; 2.882      ;
; 1.778 ; metastab_3xdff:inst4|ena_ddfs_sync ; ddfs:inst15|cont[2]  ; CLOCK_50     ; ddfs:inst15|freq_divider_DDFS:f_div_inst|count[19] ; 0.000        ; 0.838      ; 2.882      ;
; 1.778 ; metastab_3xdff:inst4|ena_ddfs_sync ; ddfs:inst15|cont[6]  ; CLOCK_50     ; ddfs:inst15|freq_divider_DDFS:f_div_inst|count[19] ; 0.000        ; 0.838      ; 2.882      ;
; 1.778 ; metastab_3xdff:inst4|ena_ddfs_sync ; ddfs:inst15|cont[7]  ; CLOCK_50     ; ddfs:inst15|freq_divider_DDFS:f_div_inst|count[19] ; 0.000        ; 0.838      ; 2.882      ;
; 1.778 ; metastab_3xdff:inst4|ena_ddfs_sync ; ddfs:inst15|cont[8]  ; CLOCK_50     ; ddfs:inst15|freq_divider_DDFS:f_div_inst|count[19] ; 0.000        ; 0.838      ; 2.882      ;
; 1.778 ; metastab_3xdff:inst4|ena_ddfs_sync ; ddfs:inst15|cont[10] ; CLOCK_50     ; ddfs:inst15|freq_divider_DDFS:f_div_inst|count[19] ; 0.000        ; 0.838      ; 2.882      ;
; 1.778 ; metastab_3xdff:inst4|ena_ddfs_sync ; ddfs:inst15|cont[9]  ; CLOCK_50     ; ddfs:inst15|freq_divider_DDFS:f_div_inst|count[19] ; 0.000        ; 0.838      ; 2.882      ;
; 1.789 ; metastab_3xdff:inst4|ena_ddfs_sync ; ddfs:inst15|cont[0]  ; CLOCK_50     ; ddfs:inst15|freq_divider_DDFS:f_div_inst|count[19] ; 0.000        ; 0.837      ; 2.892      ;
; 1.789 ; metastab_3xdff:inst4|ena_ddfs_sync ; ddfs:inst15|cont[3]  ; CLOCK_50     ; ddfs:inst15|freq_divider_DDFS:f_div_inst|count[19] ; 0.000        ; 0.837      ; 2.892      ;
; 1.789 ; metastab_3xdff:inst4|ena_ddfs_sync ; ddfs:inst15|cont[4]  ; CLOCK_50     ; ddfs:inst15|freq_divider_DDFS:f_div_inst|count[19] ; 0.000        ; 0.837      ; 2.892      ;
; 1.789 ; metastab_3xdff:inst4|ena_ddfs_sync ; ddfs:inst15|cont[5]  ; CLOCK_50     ; ddfs:inst15|freq_divider_DDFS:f_div_inst|count[19] ; 0.000        ; 0.837      ; 2.892      ;
; 2.275 ; metastab_3xdff:inst4|ena_ddfs_sync ; ddfs:inst15|cont[11] ; CLOCK_50     ; ddfs:inst15|freq_divider_DDFS:f_div_inst|count[19] ; 0.000        ; 0.842      ; 3.383      ;
+-------+------------------------------------+----------------------+--------------+----------------------------------------------------+--------------+------------+------------+


+---------------------------------------------------------------------------------------------------------------------------------------------------------------+
; Slow Model Minimum Pulse Width: 'inst|altpll_component|pll|clk[0]'                                                                                            ;
+-------+--------------+----------------+------------------+----------------------------------+------------+----------------------------------------------------+
; Slack ; Actual Width ; Required Width ; Type             ; Clock                            ; Clock Edge ; Target                                             ;
+-------+--------------+----------------+------------------+----------------------------------+------------+----------------------------------------------------+
; 4.000 ; 5.000        ; 1.000          ; High Pulse Width ; inst|altpll_component|pll|clk[0] ; Rise       ; ddfs:inst15|freq_divider_DDFS:f_div_inst|count[0]  ;
; 4.000 ; 5.000        ; 1.000          ; Low Pulse Width  ; inst|altpll_component|pll|clk[0] ; Rise       ; ddfs:inst15|freq_divider_DDFS:f_div_inst|count[0]  ;
; 4.000 ; 5.000        ; 1.000          ; High Pulse Width ; inst|altpll_component|pll|clk[0] ; Rise       ; ddfs:inst15|freq_divider_DDFS:f_div_inst|count[10] ;
; 4.000 ; 5.000        ; 1.000          ; Low Pulse Width  ; inst|altpll_component|pll|clk[0] ; Rise       ; ddfs:inst15|freq_divider_DDFS:f_div_inst|count[10] ;
; 4.000 ; 5.000        ; 1.000          ; High Pulse Width ; inst|altpll_component|pll|clk[0] ; Rise       ; ddfs:inst15|freq_divider_DDFS:f_div_inst|count[11] ;
; 4.000 ; 5.000        ; 1.000          ; Low Pulse Width  ; inst|altpll_component|pll|clk[0] ; Rise       ; ddfs:inst15|freq_divider_DDFS:f_div_inst|count[11] ;
; 4.000 ; 5.000        ; 1.000          ; High Pulse Width ; inst|altpll_component|pll|clk[0] ; Rise       ; ddfs:inst15|freq_divider_DDFS:f_div_inst|count[12] ;
; 4.000 ; 5.000        ; 1.000          ; Low Pulse Width  ; inst|altpll_component|pll|clk[0] ; Rise       ; ddfs:inst15|freq_divider_DDFS:f_div_inst|count[12] ;
; 4.000 ; 5.000        ; 1.000          ; High Pulse Width ; inst|altpll_component|pll|clk[0] ; Rise       ; ddfs:inst15|freq_divider_DDFS:f_div_inst|count[13] ;
; 4.000 ; 5.000        ; 1.000          ; Low Pulse Width  ; inst|altpll_component|pll|clk[0] ; Rise       ; ddfs:inst15|freq_divider_DDFS:f_div_inst|count[13] ;
; 4.000 ; 5.000        ; 1.000          ; High Pulse Width ; inst|altpll_component|pll|clk[0] ; Rise       ; ddfs:inst15|freq_divider_DDFS:f_div_inst|count[14] ;
; 4.000 ; 5.000        ; 1.000          ; Low Pulse Width  ; inst|altpll_component|pll|clk[0] ; Rise       ; ddfs:inst15|freq_divider_DDFS:f_div_inst|count[14] ;
; 4.000 ; 5.000        ; 1.000          ; High Pulse Width ; inst|altpll_component|pll|clk[0] ; Rise       ; ddfs:inst15|freq_divider_DDFS:f_div_inst|count[15] ;
; 4.000 ; 5.000        ; 1.000          ; Low Pulse Width  ; inst|altpll_component|pll|clk[0] ; Rise       ; ddfs:inst15|freq_divider_DDFS:f_div_inst|count[15] ;
; 4.000 ; 5.000        ; 1.000          ; High Pulse Width ; inst|altpll_component|pll|clk[0] ; Rise       ; ddfs:inst15|freq_divider_DDFS:f_div_inst|count[16] ;
; 4.000 ; 5.000        ; 1.000          ; Low Pulse Width  ; inst|altpll_component|pll|clk[0] ; Rise       ; ddfs:inst15|freq_divider_DDFS:f_div_inst|count[16] ;
; 4.000 ; 5.000        ; 1.000          ; High Pulse Width ; inst|altpll_component|pll|clk[0] ; Rise       ; ddfs:inst15|freq_divider_DDFS:f_div_inst|count[17] ;
; 4.000 ; 5.000        ; 1.000          ; Low Pulse Width  ; inst|altpll_component|pll|clk[0] ; Rise       ; ddfs:inst15|freq_divider_DDFS:f_div_inst|count[17] ;
; 4.000 ; 5.000        ; 1.000          ; High Pulse Width ; inst|altpll_component|pll|clk[0] ; Rise       ; ddfs:inst15|freq_divider_DDFS:f_div_inst|count[18] ;
; 4.000 ; 5.000        ; 1.000          ; Low Pulse Width  ; inst|altpll_component|pll|clk[0] ; Rise       ; ddfs:inst15|freq_divider_DDFS:f_div_inst|count[18] ;
; 4.000 ; 5.000        ; 1.000          ; High Pulse Width ; inst|altpll_component|pll|clk[0] ; Rise       ; ddfs:inst15|freq_divider_DDFS:f_div_inst|count[19] ;
; 4.000 ; 5.000        ; 1.000          ; Low Pulse Width  ; inst|altpll_component|pll|clk[0] ; Rise       ; ddfs:inst15|freq_divider_DDFS:f_div_inst|count[19] ;
; 4.000 ; 5.000        ; 1.000          ; High Pulse Width ; inst|altpll_component|pll|clk[0] ; Rise       ; ddfs:inst15|freq_divider_DDFS:f_div_inst|count[1]  ;
; 4.000 ; 5.000        ; 1.000          ; Low Pulse Width  ; inst|altpll_component|pll|clk[0] ; Rise       ; ddfs:inst15|freq_divider_DDFS:f_div_inst|count[1]  ;
; 4.000 ; 5.000        ; 1.000          ; High Pulse Width ; inst|altpll_component|pll|clk[0] ; Rise       ; ddfs:inst15|freq_divider_DDFS:f_div_inst|count[2]  ;
; 4.000 ; 5.000        ; 1.000          ; Low Pulse Width  ; inst|altpll_component|pll|clk[0] ; Rise       ; ddfs:inst15|freq_divider_DDFS:f_div_inst|count[2]  ;
; 4.000 ; 5.000        ; 1.000          ; High Pulse Width ; inst|altpll_component|pll|clk[0] ; Rise       ; ddfs:inst15|freq_divider_DDFS:f_div_inst|count[3]  ;
; 4.000 ; 5.000        ; 1.000          ; Low Pulse Width  ; inst|altpll_component|pll|clk[0] ; Rise       ; ddfs:inst15|freq_divider_DDFS:f_div_inst|count[3]  ;
; 4.000 ; 5.000        ; 1.000          ; High Pulse Width ; inst|altpll_component|pll|clk[0] ; Rise       ; ddfs:inst15|freq_divider_DDFS:f_div_inst|count[4]  ;
; 4.000 ; 5.000        ; 1.000          ; Low Pulse Width  ; inst|altpll_component|pll|clk[0] ; Rise       ; ddfs:inst15|freq_divider_DDFS:f_div_inst|count[4]  ;
; 4.000 ; 5.000        ; 1.000          ; High Pulse Width ; inst|altpll_component|pll|clk[0] ; Rise       ; ddfs:inst15|freq_divider_DDFS:f_div_inst|count[5]  ;
; 4.000 ; 5.000        ; 1.000          ; Low Pulse Width  ; inst|altpll_component|pll|clk[0] ; Rise       ; ddfs:inst15|freq_divider_DDFS:f_div_inst|count[5]  ;
; 4.000 ; 5.000        ; 1.000          ; High Pulse Width ; inst|altpll_component|pll|clk[0] ; Rise       ; ddfs:inst15|freq_divider_DDFS:f_div_inst|count[6]  ;
; 4.000 ; 5.000        ; 1.000          ; Low Pulse Width  ; inst|altpll_component|pll|clk[0] ; Rise       ; ddfs:inst15|freq_divider_DDFS:f_div_inst|count[6]  ;
; 4.000 ; 5.000        ; 1.000          ; High Pulse Width ; inst|altpll_component|pll|clk[0] ; Rise       ; ddfs:inst15|freq_divider_DDFS:f_div_inst|count[7]  ;
; 4.000 ; 5.000        ; 1.000          ; Low Pulse Width  ; inst|altpll_component|pll|clk[0] ; Rise       ; ddfs:inst15|freq_divider_DDFS:f_div_inst|count[7]  ;
; 4.000 ; 5.000        ; 1.000          ; High Pulse Width ; inst|altpll_component|pll|clk[0] ; Rise       ; ddfs:inst15|freq_divider_DDFS:f_div_inst|count[8]  ;
; 4.000 ; 5.000        ; 1.000          ; Low Pulse Width  ; inst|altpll_component|pll|clk[0] ; Rise       ; ddfs:inst15|freq_divider_DDFS:f_div_inst|count[8]  ;
; 4.000 ; 5.000        ; 1.000          ; High Pulse Width ; inst|altpll_component|pll|clk[0] ; Rise       ; ddfs:inst15|freq_divider_DDFS:f_div_inst|count[9]  ;
; 4.000 ; 5.000        ; 1.000          ; Low Pulse Width  ; inst|altpll_component|pll|clk[0] ; Rise       ; ddfs:inst15|freq_divider_DDFS:f_div_inst|count[9]  ;
; 4.000 ; 5.000        ; 1.000          ; High Pulse Width ; inst|altpll_component|pll|clk[0] ; Rise       ; metastab_3xdff:inst4|freq_control_1[0]             ;
; 4.000 ; 5.000        ; 1.000          ; Low Pulse Width  ; inst|altpll_component|pll|clk[0] ; Rise       ; metastab_3xdff:inst4|freq_control_1[0]             ;
; 4.000 ; 5.000        ; 1.000          ; High Pulse Width ; inst|altpll_component|pll|clk[0] ; Rise       ; metastab_3xdff:inst4|freq_control_1[1]             ;
; 4.000 ; 5.000        ; 1.000          ; Low Pulse Width  ; inst|altpll_component|pll|clk[0] ; Rise       ; metastab_3xdff:inst4|freq_control_1[1]             ;
; 4.000 ; 5.000        ; 1.000          ; High Pulse Width ; inst|altpll_component|pll|clk[0] ; Rise       ; metastab_3xdff:inst4|freq_control_1[2]             ;
; 4.000 ; 5.000        ; 1.000          ; Low Pulse Width  ; inst|altpll_component|pll|clk[0] ; Rise       ; metastab_3xdff:inst4|freq_control_1[2]             ;
; 4.000 ; 5.000        ; 1.000          ; High Pulse Width ; inst|altpll_component|pll|clk[0] ; Rise       ; metastab_3xdff:inst4|freq_control_2[0]             ;
; 4.000 ; 5.000        ; 1.000          ; Low Pulse Width  ; inst|altpll_component|pll|clk[0] ; Rise       ; metastab_3xdff:inst4|freq_control_2[0]             ;
; 4.000 ; 5.000        ; 1.000          ; High Pulse Width ; inst|altpll_component|pll|clk[0] ; Rise       ; metastab_3xdff:inst4|freq_control_2[1]             ;
; 4.000 ; 5.000        ; 1.000          ; Low Pulse Width  ; inst|altpll_component|pll|clk[0] ; Rise       ; metastab_3xdff:inst4|freq_control_2[1]             ;
; 4.000 ; 5.000        ; 1.000          ; High Pulse Width ; inst|altpll_component|pll|clk[0] ; Rise       ; metastab_3xdff:inst4|freq_control_2[2]             ;
; 4.000 ; 5.000        ; 1.000          ; Low Pulse Width  ; inst|altpll_component|pll|clk[0] ; Rise       ; metastab_3xdff:inst4|freq_control_2[2]             ;
; 4.000 ; 5.000        ; 1.000          ; High Pulse Width ; inst|altpll_component|pll|clk[0] ; Rise       ; metastab_3xdff:inst4|freq_control_sync[0]          ;
; 4.000 ; 5.000        ; 1.000          ; Low Pulse Width  ; inst|altpll_component|pll|clk[0] ; Rise       ; metastab_3xdff:inst4|freq_control_sync[0]          ;
; 4.000 ; 5.000        ; 1.000          ; High Pulse Width ; inst|altpll_component|pll|clk[0] ; Rise       ; metastab_3xdff:inst4|freq_control_sync[1]          ;
; 4.000 ; 5.000        ; 1.000          ; Low Pulse Width  ; inst|altpll_component|pll|clk[0] ; Rise       ; metastab_3xdff:inst4|freq_control_sync[1]          ;
; 4.000 ; 5.000        ; 1.000          ; High Pulse Width ; inst|altpll_component|pll|clk[0] ; Rise       ; metastab_3xdff:inst4|freq_control_sync[2]          ;
; 4.000 ; 5.000        ; 1.000          ; Low Pulse Width  ; inst|altpll_component|pll|clk[0] ; Rise       ; metastab_3xdff:inst4|freq_control_sync[2]          ;
; 4.000 ; 5.000        ; 1.000          ; High Pulse Width ; inst|altpll_component|pll|clk[0] ; Rise       ; metastab_3xdff:inst4|fw_1[0]                       ;
; 4.000 ; 5.000        ; 1.000          ; Low Pulse Width  ; inst|altpll_component|pll|clk[0] ; Rise       ; metastab_3xdff:inst4|fw_1[0]                       ;
; 4.000 ; 5.000        ; 1.000          ; High Pulse Width ; inst|altpll_component|pll|clk[0] ; Rise       ; metastab_3xdff:inst4|fw_1[1]                       ;
; 4.000 ; 5.000        ; 1.000          ; Low Pulse Width  ; inst|altpll_component|pll|clk[0] ; Rise       ; metastab_3xdff:inst4|fw_1[1]                       ;
; 4.000 ; 5.000        ; 1.000          ; High Pulse Width ; inst|altpll_component|pll|clk[0] ; Rise       ; metastab_3xdff:inst4|fw_1[2]                       ;
; 4.000 ; 5.000        ; 1.000          ; Low Pulse Width  ; inst|altpll_component|pll|clk[0] ; Rise       ; metastab_3xdff:inst4|fw_1[2]                       ;
; 4.000 ; 5.000        ; 1.000          ; High Pulse Width ; inst|altpll_component|pll|clk[0] ; Rise       ; metastab_3xdff:inst4|fw_1[3]                       ;
; 4.000 ; 5.000        ; 1.000          ; Low Pulse Width  ; inst|altpll_component|pll|clk[0] ; Rise       ; metastab_3xdff:inst4|fw_1[3]                       ;
; 4.000 ; 5.000        ; 1.000          ; High Pulse Width ; inst|altpll_component|pll|clk[0] ; Rise       ; metastab_3xdff:inst4|fw_1[4]                       ;
; 4.000 ; 5.000        ; 1.000          ; Low Pulse Width  ; inst|altpll_component|pll|clk[0] ; Rise       ; metastab_3xdff:inst4|fw_1[4]                       ;
; 4.000 ; 5.000        ; 1.000          ; High Pulse Width ; inst|altpll_component|pll|clk[0] ; Rise       ; metastab_3xdff:inst4|fw_1[5]                       ;
; 4.000 ; 5.000        ; 1.000          ; Low Pulse Width  ; inst|altpll_component|pll|clk[0] ; Rise       ; metastab_3xdff:inst4|fw_1[5]                       ;
; 4.000 ; 5.000        ; 1.000          ; High Pulse Width ; inst|altpll_component|pll|clk[0] ; Rise       ; metastab_3xdff:inst4|fw_1[6]                       ;
; 4.000 ; 5.000        ; 1.000          ; Low Pulse Width  ; inst|altpll_component|pll|clk[0] ; Rise       ; metastab_3xdff:inst4|fw_1[6]                       ;
; 4.000 ; 5.000        ; 1.000          ; High Pulse Width ; inst|altpll_component|pll|clk[0] ; Rise       ; metastab_3xdff:inst4|fw_2[0]                       ;
; 4.000 ; 5.000        ; 1.000          ; Low Pulse Width  ; inst|altpll_component|pll|clk[0] ; Rise       ; metastab_3xdff:inst4|fw_2[0]                       ;
; 4.000 ; 5.000        ; 1.000          ; High Pulse Width ; inst|altpll_component|pll|clk[0] ; Rise       ; metastab_3xdff:inst4|fw_2[1]                       ;
; 4.000 ; 5.000        ; 1.000          ; Low Pulse Width  ; inst|altpll_component|pll|clk[0] ; Rise       ; metastab_3xdff:inst4|fw_2[1]                       ;
; 4.000 ; 5.000        ; 1.000          ; High Pulse Width ; inst|altpll_component|pll|clk[0] ; Rise       ; metastab_3xdff:inst4|fw_2[2]                       ;
; 4.000 ; 5.000        ; 1.000          ; Low Pulse Width  ; inst|altpll_component|pll|clk[0] ; Rise       ; metastab_3xdff:inst4|fw_2[2]                       ;
; 4.000 ; 5.000        ; 1.000          ; High Pulse Width ; inst|altpll_component|pll|clk[0] ; Rise       ; metastab_3xdff:inst4|fw_2[3]                       ;
; 4.000 ; 5.000        ; 1.000          ; Low Pulse Width  ; inst|altpll_component|pll|clk[0] ; Rise       ; metastab_3xdff:inst4|fw_2[3]                       ;
; 4.000 ; 5.000        ; 1.000          ; High Pulse Width ; inst|altpll_component|pll|clk[0] ; Rise       ; metastab_3xdff:inst4|fw_2[4]                       ;
; 4.000 ; 5.000        ; 1.000          ; Low Pulse Width  ; inst|altpll_component|pll|clk[0] ; Rise       ; metastab_3xdff:inst4|fw_2[4]                       ;
; 4.000 ; 5.000        ; 1.000          ; High Pulse Width ; inst|altpll_component|pll|clk[0] ; Rise       ; metastab_3xdff:inst4|fw_2[5]                       ;
; 4.000 ; 5.000        ; 1.000          ; Low Pulse Width  ; inst|altpll_component|pll|clk[0] ; Rise       ; metastab_3xdff:inst4|fw_2[5]                       ;
; 4.000 ; 5.000        ; 1.000          ; High Pulse Width ; inst|altpll_component|pll|clk[0] ; Rise       ; metastab_3xdff:inst4|fw_2[6]                       ;
; 4.000 ; 5.000        ; 1.000          ; Low Pulse Width  ; inst|altpll_component|pll|clk[0] ; Rise       ; metastab_3xdff:inst4|fw_2[6]                       ;
; 4.000 ; 5.000        ; 1.000          ; High Pulse Width ; inst|altpll_component|pll|clk[0] ; Rise       ; metastab_3xdff:inst4|fw_sync[0]                    ;
; 4.000 ; 5.000        ; 1.000          ; Low Pulse Width  ; inst|altpll_component|pll|clk[0] ; Rise       ; metastab_3xdff:inst4|fw_sync[0]                    ;
; 4.000 ; 5.000        ; 1.000          ; High Pulse Width ; inst|altpll_component|pll|clk[0] ; Rise       ; metastab_3xdff:inst4|fw_sync[1]                    ;
; 4.000 ; 5.000        ; 1.000          ; Low Pulse Width  ; inst|altpll_component|pll|clk[0] ; Rise       ; metastab_3xdff:inst4|fw_sync[1]                    ;
; 4.000 ; 5.000        ; 1.000          ; High Pulse Width ; inst|altpll_component|pll|clk[0] ; Rise       ; metastab_3xdff:inst4|fw_sync[2]                    ;
; 4.000 ; 5.000        ; 1.000          ; Low Pulse Width  ; inst|altpll_component|pll|clk[0] ; Rise       ; metastab_3xdff:inst4|fw_sync[2]                    ;
; 4.000 ; 5.000        ; 1.000          ; High Pulse Width ; inst|altpll_component|pll|clk[0] ; Rise       ; metastab_3xdff:inst4|fw_sync[3]                    ;
; 4.000 ; 5.000        ; 1.000          ; Low Pulse Width  ; inst|altpll_component|pll|clk[0] ; Rise       ; metastab_3xdff:inst4|fw_sync[3]                    ;
; 4.000 ; 5.000        ; 1.000          ; High Pulse Width ; inst|altpll_component|pll|clk[0] ; Rise       ; metastab_3xdff:inst4|fw_sync[4]                    ;
; 4.000 ; 5.000        ; 1.000          ; Low Pulse Width  ; inst|altpll_component|pll|clk[0] ; Rise       ; metastab_3xdff:inst4|fw_sync[4]                    ;
; 4.000 ; 5.000        ; 1.000          ; High Pulse Width ; inst|altpll_component|pll|clk[0] ; Rise       ; metastab_3xdff:inst4|fw_sync[5]                    ;
; 4.000 ; 5.000        ; 1.000          ; Low Pulse Width  ; inst|altpll_component|pll|clk[0] ; Rise       ; metastab_3xdff:inst4|fw_sync[5]                    ;
; 4.000 ; 5.000        ; 1.000          ; High Pulse Width ; inst|altpll_component|pll|clk[0] ; Rise       ; metastab_3xdff:inst4|fw_sync[6]                    ;
; 4.000 ; 5.000        ; 1.000          ; Low Pulse Width  ; inst|altpll_component|pll|clk[0] ; Rise       ; metastab_3xdff:inst4|fw_sync[6]                    ;
+-------+--------------+----------------+------------------+----------------------------------+------------+----------------------------------------------------+


+-----------------------------------------------------------------------------------------------------------------------------------------------------------------------------------------------------------------+
; Slow Model Minimum Pulse Width: 'CLOCK_50'                                                                                                                                                                      ;
+-------+--------------+----------------+------------------+----------+------------+------------------------------------------------------------------------------------------------------------------------------+
; Slack ; Actual Width ; Required Width ; Type             ; Clock    ; Clock Edge ; Target                                                                                                                       ;
+-------+--------------+----------------+------------------+----------+------------+------------------------------------------------------------------------------------------------------------------------------+
; 8.077 ; 10.000       ; 1.923          ; High Pulse Width ; CLOCK_50 ; Rise       ; lcd_driver:inst8|text_lut:text_lut_inst|altsyncram:rom_rtl_0|altsyncram_ap81:auto_generated|ram_block1a0~porta_address_reg0  ;
; 8.077 ; 10.000       ; 1.923          ; Low Pulse Width  ; CLOCK_50 ; Rise       ; lcd_driver:inst8|text_lut:text_lut_inst|altsyncram:rom_rtl_0|altsyncram_ap81:auto_generated|ram_block1a0~porta_address_reg0  ;
; 8.077 ; 10.000       ; 1.923          ; High Pulse Width ; CLOCK_50 ; Rise       ; lcd_driver:inst8|text_lut:text_lut_inst|altsyncram:rom_rtl_0|altsyncram_ap81:auto_generated|ram_block1a0~porta_address_reg1  ;
; 8.077 ; 10.000       ; 1.923          ; Low Pulse Width  ; CLOCK_50 ; Rise       ; lcd_driver:inst8|text_lut:text_lut_inst|altsyncram:rom_rtl_0|altsyncram_ap81:auto_generated|ram_block1a0~porta_address_reg1  ;
; 8.077 ; 10.000       ; 1.923          ; High Pulse Width ; CLOCK_50 ; Rise       ; lcd_driver:inst8|text_lut:text_lut_inst|altsyncram:rom_rtl_0|altsyncram_ap81:auto_generated|ram_block1a0~porta_address_reg10 ;
; 8.077 ; 10.000       ; 1.923          ; Low Pulse Width  ; CLOCK_50 ; Rise       ; lcd_driver:inst8|text_lut:text_lut_inst|altsyncram:rom_rtl_0|altsyncram_ap81:auto_generated|ram_block1a0~porta_address_reg10 ;
; 8.077 ; 10.000       ; 1.923          ; High Pulse Width ; CLOCK_50 ; Rise       ; lcd_driver:inst8|text_lut:text_lut_inst|altsyncram:rom_rtl_0|altsyncram_ap81:auto_generated|ram_block1a0~porta_address_reg2  ;
; 8.077 ; 10.000       ; 1.923          ; Low Pulse Width  ; CLOCK_50 ; Rise       ; lcd_driver:inst8|text_lut:text_lut_inst|altsyncram:rom_rtl_0|altsyncram_ap81:auto_generated|ram_block1a0~porta_address_reg2  ;
; 8.077 ; 10.000       ; 1.923          ; High Pulse Width ; CLOCK_50 ; Rise       ; lcd_driver:inst8|text_lut:text_lut_inst|altsyncram:rom_rtl_0|altsyncram_ap81:auto_generated|ram_block1a0~porta_address_reg3  ;
; 8.077 ; 10.000       ; 1.923          ; Low Pulse Width  ; CLOCK_50 ; Rise       ; lcd_driver:inst8|text_lut:text_lut_inst|altsyncram:rom_rtl_0|altsyncram_ap81:auto_generated|ram_block1a0~porta_address_reg3  ;
; 8.077 ; 10.000       ; 1.923          ; High Pulse Width ; CLOCK_50 ; Rise       ; lcd_driver:inst8|text_lut:text_lut_inst|altsyncram:rom_rtl_0|altsyncram_ap81:auto_generated|ram_block1a0~porta_address_reg4  ;
; 8.077 ; 10.000       ; 1.923          ; Low Pulse Width  ; CLOCK_50 ; Rise       ; lcd_driver:inst8|text_lut:text_lut_inst|altsyncram:rom_rtl_0|altsyncram_ap81:auto_generated|ram_block1a0~porta_address_reg4  ;
; 8.077 ; 10.000       ; 1.923          ; High Pulse Width ; CLOCK_50 ; Rise       ; lcd_driver:inst8|text_lut:text_lut_inst|altsyncram:rom_rtl_0|altsyncram_ap81:auto_generated|ram_block1a0~porta_address_reg5  ;
; 8.077 ; 10.000       ; 1.923          ; Low Pulse Width  ; CLOCK_50 ; Rise       ; lcd_driver:inst8|text_lut:text_lut_inst|altsyncram:rom_rtl_0|altsyncram_ap81:auto_generated|ram_block1a0~porta_address_reg5  ;
; 8.077 ; 10.000       ; 1.923          ; High Pulse Width ; CLOCK_50 ; Rise       ; lcd_driver:inst8|text_lut:text_lut_inst|altsyncram:rom_rtl_0|altsyncram_ap81:auto_generated|ram_block1a0~porta_address_reg6  ;
; 8.077 ; 10.000       ; 1.923          ; Low Pulse Width  ; CLOCK_50 ; Rise       ; lcd_driver:inst8|text_lut:text_lut_inst|altsyncram:rom_rtl_0|altsyncram_ap81:auto_generated|ram_block1a0~porta_address_reg6  ;
; 8.077 ; 10.000       ; 1.923          ; High Pulse Width ; CLOCK_50 ; Rise       ; lcd_driver:inst8|text_lut:text_lut_inst|altsyncram:rom_rtl_0|altsyncram_ap81:auto_generated|ram_block1a0~porta_address_reg7  ;
; 8.077 ; 10.000       ; 1.923          ; Low Pulse Width  ; CLOCK_50 ; Rise       ; lcd_driver:inst8|text_lut:text_lut_inst|altsyncram:rom_rtl_0|altsyncram_ap81:auto_generated|ram_block1a0~porta_address_reg7  ;
; 8.077 ; 10.000       ; 1.923          ; High Pulse Width ; CLOCK_50 ; Rise       ; lcd_driver:inst8|text_lut:text_lut_inst|altsyncram:rom_rtl_0|altsyncram_ap81:auto_generated|ram_block1a0~porta_address_reg8  ;
; 8.077 ; 10.000       ; 1.923          ; Low Pulse Width  ; CLOCK_50 ; Rise       ; lcd_driver:inst8|text_lut:text_lut_inst|altsyncram:rom_rtl_0|altsyncram_ap81:auto_generated|ram_block1a0~porta_address_reg8  ;
; 8.077 ; 10.000       ; 1.923          ; High Pulse Width ; CLOCK_50 ; Rise       ; lcd_driver:inst8|text_lut:text_lut_inst|altsyncram:rom_rtl_0|altsyncram_ap81:auto_generated|ram_block1a0~porta_address_reg9  ;
; 8.077 ; 10.000       ; 1.923          ; Low Pulse Width  ; CLOCK_50 ; Rise       ; lcd_driver:inst8|text_lut:text_lut_inst|altsyncram:rom_rtl_0|altsyncram_ap81:auto_generated|ram_block1a0~porta_address_reg9  ;
; 8.077 ; 10.000       ; 1.923          ; High Pulse Width ; CLOCK_50 ; Rise       ; lcd_driver:inst8|text_lut:text_lut_inst|altsyncram:rom_rtl_0|altsyncram_ap81:auto_generated|ram_block1a1~porta_address_reg0  ;
; 8.077 ; 10.000       ; 1.923          ; Low Pulse Width  ; CLOCK_50 ; Rise       ; lcd_driver:inst8|text_lut:text_lut_inst|altsyncram:rom_rtl_0|altsyncram_ap81:auto_generated|ram_block1a1~porta_address_reg0  ;
; 8.077 ; 10.000       ; 1.923          ; High Pulse Width ; CLOCK_50 ; Rise       ; lcd_driver:inst8|text_lut:text_lut_inst|altsyncram:rom_rtl_0|altsyncram_ap81:auto_generated|ram_block1a1~porta_address_reg1  ;
; 8.077 ; 10.000       ; 1.923          ; Low Pulse Width  ; CLOCK_50 ; Rise       ; lcd_driver:inst8|text_lut:text_lut_inst|altsyncram:rom_rtl_0|altsyncram_ap81:auto_generated|ram_block1a1~porta_address_reg1  ;
; 8.077 ; 10.000       ; 1.923          ; High Pulse Width ; CLOCK_50 ; Rise       ; lcd_driver:inst8|text_lut:text_lut_inst|altsyncram:rom_rtl_0|altsyncram_ap81:auto_generated|ram_block1a1~porta_address_reg10 ;
; 8.077 ; 10.000       ; 1.923          ; Low Pulse Width  ; CLOCK_50 ; Rise       ; lcd_driver:inst8|text_lut:text_lut_inst|altsyncram:rom_rtl_0|altsyncram_ap81:auto_generated|ram_block1a1~porta_address_reg10 ;
; 8.077 ; 10.000       ; 1.923          ; High Pulse Width ; CLOCK_50 ; Rise       ; lcd_driver:inst8|text_lut:text_lut_inst|altsyncram:rom_rtl_0|altsyncram_ap81:auto_generated|ram_block1a1~porta_address_reg2  ;
; 8.077 ; 10.000       ; 1.923          ; Low Pulse Width  ; CLOCK_50 ; Rise       ; lcd_driver:inst8|text_lut:text_lut_inst|altsyncram:rom_rtl_0|altsyncram_ap81:auto_generated|ram_block1a1~porta_address_reg2  ;
; 8.077 ; 10.000       ; 1.923          ; High Pulse Width ; CLOCK_50 ; Rise       ; lcd_driver:inst8|text_lut:text_lut_inst|altsyncram:rom_rtl_0|altsyncram_ap81:auto_generated|ram_block1a1~porta_address_reg3  ;
; 8.077 ; 10.000       ; 1.923          ; Low Pulse Width  ; CLOCK_50 ; Rise       ; lcd_driver:inst8|text_lut:text_lut_inst|altsyncram:rom_rtl_0|altsyncram_ap81:auto_generated|ram_block1a1~porta_address_reg3  ;
; 8.077 ; 10.000       ; 1.923          ; High Pulse Width ; CLOCK_50 ; Rise       ; lcd_driver:inst8|text_lut:text_lut_inst|altsyncram:rom_rtl_0|altsyncram_ap81:auto_generated|ram_block1a1~porta_address_reg4  ;
; 8.077 ; 10.000       ; 1.923          ; Low Pulse Width  ; CLOCK_50 ; Rise       ; lcd_driver:inst8|text_lut:text_lut_inst|altsyncram:rom_rtl_0|altsyncram_ap81:auto_generated|ram_block1a1~porta_address_reg4  ;
; 8.077 ; 10.000       ; 1.923          ; High Pulse Width ; CLOCK_50 ; Rise       ; lcd_driver:inst8|text_lut:text_lut_inst|altsyncram:rom_rtl_0|altsyncram_ap81:auto_generated|ram_block1a1~porta_address_reg5  ;
; 8.077 ; 10.000       ; 1.923          ; Low Pulse Width  ; CLOCK_50 ; Rise       ; lcd_driver:inst8|text_lut:text_lut_inst|altsyncram:rom_rtl_0|altsyncram_ap81:auto_generated|ram_block1a1~porta_address_reg5  ;
; 8.077 ; 10.000       ; 1.923          ; High Pulse Width ; CLOCK_50 ; Rise       ; lcd_driver:inst8|text_lut:text_lut_inst|altsyncram:rom_rtl_0|altsyncram_ap81:auto_generated|ram_block1a1~porta_address_reg6  ;
; 8.077 ; 10.000       ; 1.923          ; Low Pulse Width  ; CLOCK_50 ; Rise       ; lcd_driver:inst8|text_lut:text_lut_inst|altsyncram:rom_rtl_0|altsyncram_ap81:auto_generated|ram_block1a1~porta_address_reg6  ;
; 8.077 ; 10.000       ; 1.923          ; High Pulse Width ; CLOCK_50 ; Rise       ; lcd_driver:inst8|text_lut:text_lut_inst|altsyncram:rom_rtl_0|altsyncram_ap81:auto_generated|ram_block1a1~porta_address_reg7  ;
; 8.077 ; 10.000       ; 1.923          ; Low Pulse Width  ; CLOCK_50 ; Rise       ; lcd_driver:inst8|text_lut:text_lut_inst|altsyncram:rom_rtl_0|altsyncram_ap81:auto_generated|ram_block1a1~porta_address_reg7  ;
; 8.077 ; 10.000       ; 1.923          ; High Pulse Width ; CLOCK_50 ; Rise       ; lcd_driver:inst8|text_lut:text_lut_inst|altsyncram:rom_rtl_0|altsyncram_ap81:auto_generated|ram_block1a1~porta_address_reg8  ;
; 8.077 ; 10.000       ; 1.923          ; Low Pulse Width  ; CLOCK_50 ; Rise       ; lcd_driver:inst8|text_lut:text_lut_inst|altsyncram:rom_rtl_0|altsyncram_ap81:auto_generated|ram_block1a1~porta_address_reg8  ;
; 8.077 ; 10.000       ; 1.923          ; High Pulse Width ; CLOCK_50 ; Rise       ; lcd_driver:inst8|text_lut:text_lut_inst|altsyncram:rom_rtl_0|altsyncram_ap81:auto_generated|ram_block1a1~porta_address_reg9  ;
; 8.077 ; 10.000       ; 1.923          ; Low Pulse Width  ; CLOCK_50 ; Rise       ; lcd_driver:inst8|text_lut:text_lut_inst|altsyncram:rom_rtl_0|altsyncram_ap81:auto_generated|ram_block1a1~porta_address_reg9  ;
; 8.077 ; 10.000       ; 1.923          ; High Pulse Width ; CLOCK_50 ; Rise       ; lcd_driver:inst8|text_lut:text_lut_inst|altsyncram:rom_rtl_0|altsyncram_ap81:auto_generated|ram_block1a3~porta_address_reg0  ;
; 8.077 ; 10.000       ; 1.923          ; Low Pulse Width  ; CLOCK_50 ; Rise       ; lcd_driver:inst8|text_lut:text_lut_inst|altsyncram:rom_rtl_0|altsyncram_ap81:auto_generated|ram_block1a3~porta_address_reg0  ;
; 8.077 ; 10.000       ; 1.923          ; High Pulse Width ; CLOCK_50 ; Rise       ; lcd_driver:inst8|text_lut:text_lut_inst|altsyncram:rom_rtl_0|altsyncram_ap81:auto_generated|ram_block1a3~porta_address_reg1  ;
; 8.077 ; 10.000       ; 1.923          ; Low Pulse Width  ; CLOCK_50 ; Rise       ; lcd_driver:inst8|text_lut:text_lut_inst|altsyncram:rom_rtl_0|altsyncram_ap81:auto_generated|ram_block1a3~porta_address_reg1  ;
; 8.077 ; 10.000       ; 1.923          ; High Pulse Width ; CLOCK_50 ; Rise       ; lcd_driver:inst8|text_lut:text_lut_inst|altsyncram:rom_rtl_0|altsyncram_ap81:auto_generated|ram_block1a3~porta_address_reg10 ;
; 8.077 ; 10.000       ; 1.923          ; Low Pulse Width  ; CLOCK_50 ; Rise       ; lcd_driver:inst8|text_lut:text_lut_inst|altsyncram:rom_rtl_0|altsyncram_ap81:auto_generated|ram_block1a3~porta_address_reg10 ;
; 8.077 ; 10.000       ; 1.923          ; High Pulse Width ; CLOCK_50 ; Rise       ; lcd_driver:inst8|text_lut:text_lut_inst|altsyncram:rom_rtl_0|altsyncram_ap81:auto_generated|ram_block1a3~porta_address_reg2  ;
; 8.077 ; 10.000       ; 1.923          ; Low Pulse Width  ; CLOCK_50 ; Rise       ; lcd_driver:inst8|text_lut:text_lut_inst|altsyncram:rom_rtl_0|altsyncram_ap81:auto_generated|ram_block1a3~porta_address_reg2  ;
; 8.077 ; 10.000       ; 1.923          ; High Pulse Width ; CLOCK_50 ; Rise       ; lcd_driver:inst8|text_lut:text_lut_inst|altsyncram:rom_rtl_0|altsyncram_ap81:auto_generated|ram_block1a3~porta_address_reg3  ;
; 8.077 ; 10.000       ; 1.923          ; Low Pulse Width  ; CLOCK_50 ; Rise       ; lcd_driver:inst8|text_lut:text_lut_inst|altsyncram:rom_rtl_0|altsyncram_ap81:auto_generated|ram_block1a3~porta_address_reg3  ;
; 8.077 ; 10.000       ; 1.923          ; High Pulse Width ; CLOCK_50 ; Rise       ; lcd_driver:inst8|text_lut:text_lut_inst|altsyncram:rom_rtl_0|altsyncram_ap81:auto_generated|ram_block1a3~porta_address_reg4  ;
; 8.077 ; 10.000       ; 1.923          ; Low Pulse Width  ; CLOCK_50 ; Rise       ; lcd_driver:inst8|text_lut:text_lut_inst|altsyncram:rom_rtl_0|altsyncram_ap81:auto_generated|ram_block1a3~porta_address_reg4  ;
; 8.077 ; 10.000       ; 1.923          ; High Pulse Width ; CLOCK_50 ; Rise       ; lcd_driver:inst8|text_lut:text_lut_inst|altsyncram:rom_rtl_0|altsyncram_ap81:auto_generated|ram_block1a3~porta_address_reg5  ;
; 8.077 ; 10.000       ; 1.923          ; Low Pulse Width  ; CLOCK_50 ; Rise       ; lcd_driver:inst8|text_lut:text_lut_inst|altsyncram:rom_rtl_0|altsyncram_ap81:auto_generated|ram_block1a3~porta_address_reg5  ;
; 8.077 ; 10.000       ; 1.923          ; High Pulse Width ; CLOCK_50 ; Rise       ; lcd_driver:inst8|text_lut:text_lut_inst|altsyncram:rom_rtl_0|altsyncram_ap81:auto_generated|ram_block1a3~porta_address_reg6  ;
; 8.077 ; 10.000       ; 1.923          ; Low Pulse Width  ; CLOCK_50 ; Rise       ; lcd_driver:inst8|text_lut:text_lut_inst|altsyncram:rom_rtl_0|altsyncram_ap81:auto_generated|ram_block1a3~porta_address_reg6  ;
; 8.077 ; 10.000       ; 1.923          ; High Pulse Width ; CLOCK_50 ; Rise       ; lcd_driver:inst8|text_lut:text_lut_inst|altsyncram:rom_rtl_0|altsyncram_ap81:auto_generated|ram_block1a3~porta_address_reg7  ;
; 8.077 ; 10.000       ; 1.923          ; Low Pulse Width  ; CLOCK_50 ; Rise       ; lcd_driver:inst8|text_lut:text_lut_inst|altsyncram:rom_rtl_0|altsyncram_ap81:auto_generated|ram_block1a3~porta_address_reg7  ;
; 8.077 ; 10.000       ; 1.923          ; High Pulse Width ; CLOCK_50 ; Rise       ; lcd_driver:inst8|text_lut:text_lut_inst|altsyncram:rom_rtl_0|altsyncram_ap81:auto_generated|ram_block1a3~porta_address_reg8  ;
; 8.077 ; 10.000       ; 1.923          ; Low Pulse Width  ; CLOCK_50 ; Rise       ; lcd_driver:inst8|text_lut:text_lut_inst|altsyncram:rom_rtl_0|altsyncram_ap81:auto_generated|ram_block1a3~porta_address_reg8  ;
; 8.077 ; 10.000       ; 1.923          ; High Pulse Width ; CLOCK_50 ; Rise       ; lcd_driver:inst8|text_lut:text_lut_inst|altsyncram:rom_rtl_0|altsyncram_ap81:auto_generated|ram_block1a3~porta_address_reg9  ;
; 8.077 ; 10.000       ; 1.923          ; Low Pulse Width  ; CLOCK_50 ; Rise       ; lcd_driver:inst8|text_lut:text_lut_inst|altsyncram:rom_rtl_0|altsyncram_ap81:auto_generated|ram_block1a3~porta_address_reg9  ;
; 8.077 ; 10.000       ; 1.923          ; High Pulse Width ; CLOCK_50 ; Rise       ; lcd_driver:inst8|text_lut:text_lut_inst|altsyncram:rom_rtl_0|altsyncram_ap81:auto_generated|ram_block1a5~porta_address_reg0  ;
; 8.077 ; 10.000       ; 1.923          ; Low Pulse Width  ; CLOCK_50 ; Rise       ; lcd_driver:inst8|text_lut:text_lut_inst|altsyncram:rom_rtl_0|altsyncram_ap81:auto_generated|ram_block1a5~porta_address_reg0  ;
; 8.077 ; 10.000       ; 1.923          ; High Pulse Width ; CLOCK_50 ; Rise       ; lcd_driver:inst8|text_lut:text_lut_inst|altsyncram:rom_rtl_0|altsyncram_ap81:auto_generated|ram_block1a5~porta_address_reg1  ;
; 8.077 ; 10.000       ; 1.923          ; Low Pulse Width  ; CLOCK_50 ; Rise       ; lcd_driver:inst8|text_lut:text_lut_inst|altsyncram:rom_rtl_0|altsyncram_ap81:auto_generated|ram_block1a5~porta_address_reg1  ;
; 8.077 ; 10.000       ; 1.923          ; High Pulse Width ; CLOCK_50 ; Rise       ; lcd_driver:inst8|text_lut:text_lut_inst|altsyncram:rom_rtl_0|altsyncram_ap81:auto_generated|ram_block1a5~porta_address_reg10 ;
; 8.077 ; 10.000       ; 1.923          ; Low Pulse Width  ; CLOCK_50 ; Rise       ; lcd_driver:inst8|text_lut:text_lut_inst|altsyncram:rom_rtl_0|altsyncram_ap81:auto_generated|ram_block1a5~porta_address_reg10 ;
; 8.077 ; 10.000       ; 1.923          ; High Pulse Width ; CLOCK_50 ; Rise       ; lcd_driver:inst8|text_lut:text_lut_inst|altsyncram:rom_rtl_0|altsyncram_ap81:auto_generated|ram_block1a5~porta_address_reg2  ;
; 8.077 ; 10.000       ; 1.923          ; Low Pulse Width  ; CLOCK_50 ; Rise       ; lcd_driver:inst8|text_lut:text_lut_inst|altsyncram:rom_rtl_0|altsyncram_ap81:auto_generated|ram_block1a5~porta_address_reg2  ;
; 8.077 ; 10.000       ; 1.923          ; High Pulse Width ; CLOCK_50 ; Rise       ; lcd_driver:inst8|text_lut:text_lut_inst|altsyncram:rom_rtl_0|altsyncram_ap81:auto_generated|ram_block1a5~porta_address_reg3  ;
; 8.077 ; 10.000       ; 1.923          ; Low Pulse Width  ; CLOCK_50 ; Rise       ; lcd_driver:inst8|text_lut:text_lut_inst|altsyncram:rom_rtl_0|altsyncram_ap81:auto_generated|ram_block1a5~porta_address_reg3  ;
; 8.077 ; 10.000       ; 1.923          ; High Pulse Width ; CLOCK_50 ; Rise       ; lcd_driver:inst8|text_lut:text_lut_inst|altsyncram:rom_rtl_0|altsyncram_ap81:auto_generated|ram_block1a5~porta_address_reg4  ;
; 8.077 ; 10.000       ; 1.923          ; Low Pulse Width  ; CLOCK_50 ; Rise       ; lcd_driver:inst8|text_lut:text_lut_inst|altsyncram:rom_rtl_0|altsyncram_ap81:auto_generated|ram_block1a5~porta_address_reg4  ;
; 8.077 ; 10.000       ; 1.923          ; High Pulse Width ; CLOCK_50 ; Rise       ; lcd_driver:inst8|text_lut:text_lut_inst|altsyncram:rom_rtl_0|altsyncram_ap81:auto_generated|ram_block1a5~porta_address_reg5  ;
; 8.077 ; 10.000       ; 1.923          ; Low Pulse Width  ; CLOCK_50 ; Rise       ; lcd_driver:inst8|text_lut:text_lut_inst|altsyncram:rom_rtl_0|altsyncram_ap81:auto_generated|ram_block1a5~porta_address_reg5  ;
; 8.077 ; 10.000       ; 1.923          ; High Pulse Width ; CLOCK_50 ; Rise       ; lcd_driver:inst8|text_lut:text_lut_inst|altsyncram:rom_rtl_0|altsyncram_ap81:auto_generated|ram_block1a5~porta_address_reg6  ;
; 8.077 ; 10.000       ; 1.923          ; Low Pulse Width  ; CLOCK_50 ; Rise       ; lcd_driver:inst8|text_lut:text_lut_inst|altsyncram:rom_rtl_0|altsyncram_ap81:auto_generated|ram_block1a5~porta_address_reg6  ;
; 8.077 ; 10.000       ; 1.923          ; High Pulse Width ; CLOCK_50 ; Rise       ; lcd_driver:inst8|text_lut:text_lut_inst|altsyncram:rom_rtl_0|altsyncram_ap81:auto_generated|ram_block1a5~porta_address_reg7  ;
; 8.077 ; 10.000       ; 1.923          ; Low Pulse Width  ; CLOCK_50 ; Rise       ; lcd_driver:inst8|text_lut:text_lut_inst|altsyncram:rom_rtl_0|altsyncram_ap81:auto_generated|ram_block1a5~porta_address_reg7  ;
; 8.077 ; 10.000       ; 1.923          ; High Pulse Width ; CLOCK_50 ; Rise       ; lcd_driver:inst8|text_lut:text_lut_inst|altsyncram:rom_rtl_0|altsyncram_ap81:auto_generated|ram_block1a5~porta_address_reg8  ;
; 8.077 ; 10.000       ; 1.923          ; Low Pulse Width  ; CLOCK_50 ; Rise       ; lcd_driver:inst8|text_lut:text_lut_inst|altsyncram:rom_rtl_0|altsyncram_ap81:auto_generated|ram_block1a5~porta_address_reg8  ;
; 8.077 ; 10.000       ; 1.923          ; High Pulse Width ; CLOCK_50 ; Rise       ; lcd_driver:inst8|text_lut:text_lut_inst|altsyncram:rom_rtl_0|altsyncram_ap81:auto_generated|ram_block1a5~porta_address_reg9  ;
; 8.077 ; 10.000       ; 1.923          ; Low Pulse Width  ; CLOCK_50 ; Rise       ; lcd_driver:inst8|text_lut:text_lut_inst|altsyncram:rom_rtl_0|altsyncram_ap81:auto_generated|ram_block1a5~porta_address_reg9  ;
; 8.077 ; 10.000       ; 1.923          ; High Pulse Width ; CLOCK_50 ; Rise       ; lcd_driver:inst8|text_lut:text_lut_inst|altsyncram:rom_rtl_0|altsyncram_ap81:auto_generated|ram_block1a7~porta_address_reg0  ;
; 8.077 ; 10.000       ; 1.923          ; Low Pulse Width  ; CLOCK_50 ; Rise       ; lcd_driver:inst8|text_lut:text_lut_inst|altsyncram:rom_rtl_0|altsyncram_ap81:auto_generated|ram_block1a7~porta_address_reg0  ;
; 8.077 ; 10.000       ; 1.923          ; High Pulse Width ; CLOCK_50 ; Rise       ; lcd_driver:inst8|text_lut:text_lut_inst|altsyncram:rom_rtl_0|altsyncram_ap81:auto_generated|ram_block1a7~porta_address_reg1  ;
; 8.077 ; 10.000       ; 1.923          ; Low Pulse Width  ; CLOCK_50 ; Rise       ; lcd_driver:inst8|text_lut:text_lut_inst|altsyncram:rom_rtl_0|altsyncram_ap81:auto_generated|ram_block1a7~porta_address_reg1  ;
; 8.077 ; 10.000       ; 1.923          ; High Pulse Width ; CLOCK_50 ; Rise       ; lcd_driver:inst8|text_lut:text_lut_inst|altsyncram:rom_rtl_0|altsyncram_ap81:auto_generated|ram_block1a7~porta_address_reg10 ;
; 8.077 ; 10.000       ; 1.923          ; Low Pulse Width  ; CLOCK_50 ; Rise       ; lcd_driver:inst8|text_lut:text_lut_inst|altsyncram:rom_rtl_0|altsyncram_ap81:auto_generated|ram_block1a7~porta_address_reg10 ;
; 8.077 ; 10.000       ; 1.923          ; High Pulse Width ; CLOCK_50 ; Rise       ; lcd_driver:inst8|text_lut:text_lut_inst|altsyncram:rom_rtl_0|altsyncram_ap81:auto_generated|ram_block1a7~porta_address_reg2  ;
; 8.077 ; 10.000       ; 1.923          ; Low Pulse Width  ; CLOCK_50 ; Rise       ; lcd_driver:inst8|text_lut:text_lut_inst|altsyncram:rom_rtl_0|altsyncram_ap81:auto_generated|ram_block1a7~porta_address_reg2  ;
; 8.077 ; 10.000       ; 1.923          ; High Pulse Width ; CLOCK_50 ; Rise       ; lcd_driver:inst8|text_lut:text_lut_inst|altsyncram:rom_rtl_0|altsyncram_ap81:auto_generated|ram_block1a7~porta_address_reg3  ;
; 8.077 ; 10.000       ; 1.923          ; Low Pulse Width  ; CLOCK_50 ; Rise       ; lcd_driver:inst8|text_lut:text_lut_inst|altsyncram:rom_rtl_0|altsyncram_ap81:auto_generated|ram_block1a7~porta_address_reg3  ;
; 8.077 ; 10.000       ; 1.923          ; High Pulse Width ; CLOCK_50 ; Rise       ; lcd_driver:inst8|text_lut:text_lut_inst|altsyncram:rom_rtl_0|altsyncram_ap81:auto_generated|ram_block1a7~porta_address_reg4  ;
; 8.077 ; 10.000       ; 1.923          ; Low Pulse Width  ; CLOCK_50 ; Rise       ; lcd_driver:inst8|text_lut:text_lut_inst|altsyncram:rom_rtl_0|altsyncram_ap81:auto_generated|ram_block1a7~porta_address_reg4  ;
+-------+--------------+----------------+------------------+----------+------------+------------------------------------------------------------------------------------------------------------------------------+


+------------------------------------------------------------------------------------------------------------------------------------------------------------------------------------------------------------------------------------------------+
; Slow Model Minimum Pulse Width: 'ddfs:inst15|freq_divider_DDFS:f_div_inst|count[19]'                                                                                                                                                           ;
+--------+--------------+----------------+------------------+----------------------------------------------------+------------+------------------------------------------------------------------------------------------------------------------+
; Slack  ; Actual Width ; Required Width ; Type             ; Clock                                              ; Clock Edge ; Target                                                                                                           ;
+--------+--------------+----------------+------------------+----------------------------------------------------+------------+------------------------------------------------------------------------------------------------------------------+
; 8.077  ; 10.000       ; 1.923          ; High Pulse Width ; ddfs:inst15|freq_divider_DDFS:f_div_inst|count[19] ; Rise       ; ddfs:inst15|sin_lut:lut_inst|altsyncram:rom_rtl_0|altsyncram_qm81:auto_generated|ram_block1a1~porta_address_reg0 ;
; 8.077  ; 10.000       ; 1.923          ; Low Pulse Width  ; ddfs:inst15|freq_divider_DDFS:f_div_inst|count[19] ; Rise       ; ddfs:inst15|sin_lut:lut_inst|altsyncram:rom_rtl_0|altsyncram_qm81:auto_generated|ram_block1a1~porta_address_reg0 ;
; 8.077  ; 10.000       ; 1.923          ; High Pulse Width ; ddfs:inst15|freq_divider_DDFS:f_div_inst|count[19] ; Rise       ; ddfs:inst15|sin_lut:lut_inst|altsyncram:rom_rtl_0|altsyncram_qm81:auto_generated|ram_block1a1~porta_address_reg1 ;
; 8.077  ; 10.000       ; 1.923          ; Low Pulse Width  ; ddfs:inst15|freq_divider_DDFS:f_div_inst|count[19] ; Rise       ; ddfs:inst15|sin_lut:lut_inst|altsyncram:rom_rtl_0|altsyncram_qm81:auto_generated|ram_block1a1~porta_address_reg1 ;
; 8.077  ; 10.000       ; 1.923          ; High Pulse Width ; ddfs:inst15|freq_divider_DDFS:f_div_inst|count[19] ; Rise       ; ddfs:inst15|sin_lut:lut_inst|altsyncram:rom_rtl_0|altsyncram_qm81:auto_generated|ram_block1a1~porta_address_reg2 ;
; 8.077  ; 10.000       ; 1.923          ; Low Pulse Width  ; ddfs:inst15|freq_divider_DDFS:f_div_inst|count[19] ; Rise       ; ddfs:inst15|sin_lut:lut_inst|altsyncram:rom_rtl_0|altsyncram_qm81:auto_generated|ram_block1a1~porta_address_reg2 ;
; 8.077  ; 10.000       ; 1.923          ; High Pulse Width ; ddfs:inst15|freq_divider_DDFS:f_div_inst|count[19] ; Rise       ; ddfs:inst15|sin_lut:lut_inst|altsyncram:rom_rtl_0|altsyncram_qm81:auto_generated|ram_block1a1~porta_address_reg3 ;
; 8.077  ; 10.000       ; 1.923          ; Low Pulse Width  ; ddfs:inst15|freq_divider_DDFS:f_div_inst|count[19] ; Rise       ; ddfs:inst15|sin_lut:lut_inst|altsyncram:rom_rtl_0|altsyncram_qm81:auto_generated|ram_block1a1~porta_address_reg3 ;
; 8.077  ; 10.000       ; 1.923          ; High Pulse Width ; ddfs:inst15|freq_divider_DDFS:f_div_inst|count[19] ; Rise       ; ddfs:inst15|sin_lut:lut_inst|altsyncram:rom_rtl_0|altsyncram_qm81:auto_generated|ram_block1a1~porta_address_reg4 ;
; 8.077  ; 10.000       ; 1.923          ; Low Pulse Width  ; ddfs:inst15|freq_divider_DDFS:f_div_inst|count[19] ; Rise       ; ddfs:inst15|sin_lut:lut_inst|altsyncram:rom_rtl_0|altsyncram_qm81:auto_generated|ram_block1a1~porta_address_reg4 ;
; 8.077  ; 10.000       ; 1.923          ; High Pulse Width ; ddfs:inst15|freq_divider_DDFS:f_div_inst|count[19] ; Rise       ; ddfs:inst15|sin_lut:lut_inst|altsyncram:rom_rtl_0|altsyncram_qm81:auto_generated|ram_block1a1~porta_address_reg5 ;
; 8.077  ; 10.000       ; 1.923          ; Low Pulse Width  ; ddfs:inst15|freq_divider_DDFS:f_div_inst|count[19] ; Rise       ; ddfs:inst15|sin_lut:lut_inst|altsyncram:rom_rtl_0|altsyncram_qm81:auto_generated|ram_block1a1~porta_address_reg5 ;
; 8.077  ; 10.000       ; 1.923          ; High Pulse Width ; ddfs:inst15|freq_divider_DDFS:f_div_inst|count[19] ; Rise       ; ddfs:inst15|sin_lut:lut_inst|altsyncram:rom_rtl_0|altsyncram_qm81:auto_generated|ram_block1a1~porta_address_reg6 ;
; 8.077  ; 10.000       ; 1.923          ; Low Pulse Width  ; ddfs:inst15|freq_divider_DDFS:f_div_inst|count[19] ; Rise       ; ddfs:inst15|sin_lut:lut_inst|altsyncram:rom_rtl_0|altsyncram_qm81:auto_generated|ram_block1a1~porta_address_reg6 ;
; 8.077  ; 10.000       ; 1.923          ; High Pulse Width ; ddfs:inst15|freq_divider_DDFS:f_div_inst|count[19] ; Rise       ; ddfs:inst15|sin_lut:lut_inst|altsyncram:rom_rtl_0|altsyncram_qm81:auto_generated|ram_block1a1~porta_address_reg7 ;
; 8.077  ; 10.000       ; 1.923          ; Low Pulse Width  ; ddfs:inst15|freq_divider_DDFS:f_div_inst|count[19] ; Rise       ; ddfs:inst15|sin_lut:lut_inst|altsyncram:rom_rtl_0|altsyncram_qm81:auto_generated|ram_block1a1~porta_address_reg7 ;
; 8.077  ; 10.000       ; 1.923          ; High Pulse Width ; ddfs:inst15|freq_divider_DDFS:f_div_inst|count[19] ; Rise       ; ddfs:inst15|sin_lut:lut_inst|altsyncram:rom_rtl_0|altsyncram_qm81:auto_generated|ram_block1a1~porta_address_reg8 ;
; 8.077  ; 10.000       ; 1.923          ; Low Pulse Width  ; ddfs:inst15|freq_divider_DDFS:f_div_inst|count[19] ; Rise       ; ddfs:inst15|sin_lut:lut_inst|altsyncram:rom_rtl_0|altsyncram_qm81:auto_generated|ram_block1a1~porta_address_reg8 ;
; 8.077  ; 10.000       ; 1.923          ; High Pulse Width ; ddfs:inst15|freq_divider_DDFS:f_div_inst|count[19] ; Rise       ; ddfs:inst15|sin_lut:lut_inst|altsyncram:rom_rtl_0|altsyncram_qm81:auto_generated|ram_block1a1~porta_address_reg9 ;
; 8.077  ; 10.000       ; 1.923          ; Low Pulse Width  ; ddfs:inst15|freq_divider_DDFS:f_div_inst|count[19] ; Rise       ; ddfs:inst15|sin_lut:lut_inst|altsyncram:rom_rtl_0|altsyncram_qm81:auto_generated|ram_block1a1~porta_address_reg9 ;
; 8.077  ; 10.000       ; 1.923          ; High Pulse Width ; ddfs:inst15|freq_divider_DDFS:f_div_inst|count[19] ; Rise       ; ddfs:inst15|sin_lut:lut_inst|altsyncram:rom_rtl_0|altsyncram_qm81:auto_generated|ram_block1a4~porta_address_reg0 ;
; 8.077  ; 10.000       ; 1.923          ; Low Pulse Width  ; ddfs:inst15|freq_divider_DDFS:f_div_inst|count[19] ; Rise       ; ddfs:inst15|sin_lut:lut_inst|altsyncram:rom_rtl_0|altsyncram_qm81:auto_generated|ram_block1a4~porta_address_reg0 ;
; 8.077  ; 10.000       ; 1.923          ; High Pulse Width ; ddfs:inst15|freq_divider_DDFS:f_div_inst|count[19] ; Rise       ; ddfs:inst15|sin_lut:lut_inst|altsyncram:rom_rtl_0|altsyncram_qm81:auto_generated|ram_block1a4~porta_address_reg1 ;
; 8.077  ; 10.000       ; 1.923          ; Low Pulse Width  ; ddfs:inst15|freq_divider_DDFS:f_div_inst|count[19] ; Rise       ; ddfs:inst15|sin_lut:lut_inst|altsyncram:rom_rtl_0|altsyncram_qm81:auto_generated|ram_block1a4~porta_address_reg1 ;
; 8.077  ; 10.000       ; 1.923          ; High Pulse Width ; ddfs:inst15|freq_divider_DDFS:f_div_inst|count[19] ; Rise       ; ddfs:inst15|sin_lut:lut_inst|altsyncram:rom_rtl_0|altsyncram_qm81:auto_generated|ram_block1a4~porta_address_reg2 ;
; 8.077  ; 10.000       ; 1.923          ; Low Pulse Width  ; ddfs:inst15|freq_divider_DDFS:f_div_inst|count[19] ; Rise       ; ddfs:inst15|sin_lut:lut_inst|altsyncram:rom_rtl_0|altsyncram_qm81:auto_generated|ram_block1a4~porta_address_reg2 ;
; 8.077  ; 10.000       ; 1.923          ; High Pulse Width ; ddfs:inst15|freq_divider_DDFS:f_div_inst|count[19] ; Rise       ; ddfs:inst15|sin_lut:lut_inst|altsyncram:rom_rtl_0|altsyncram_qm81:auto_generated|ram_block1a4~porta_address_reg3 ;
; 8.077  ; 10.000       ; 1.923          ; Low Pulse Width  ; ddfs:inst15|freq_divider_DDFS:f_div_inst|count[19] ; Rise       ; ddfs:inst15|sin_lut:lut_inst|altsyncram:rom_rtl_0|altsyncram_qm81:auto_generated|ram_block1a4~porta_address_reg3 ;
; 8.077  ; 10.000       ; 1.923          ; High Pulse Width ; ddfs:inst15|freq_divider_DDFS:f_div_inst|count[19] ; Rise       ; ddfs:inst15|sin_lut:lut_inst|altsyncram:rom_rtl_0|altsyncram_qm81:auto_generated|ram_block1a4~porta_address_reg4 ;
; 8.077  ; 10.000       ; 1.923          ; Low Pulse Width  ; ddfs:inst15|freq_divider_DDFS:f_div_inst|count[19] ; Rise       ; ddfs:inst15|sin_lut:lut_inst|altsyncram:rom_rtl_0|altsyncram_qm81:auto_generated|ram_block1a4~porta_address_reg4 ;
; 8.077  ; 10.000       ; 1.923          ; High Pulse Width ; ddfs:inst15|freq_divider_DDFS:f_div_inst|count[19] ; Rise       ; ddfs:inst15|sin_lut:lut_inst|altsyncram:rom_rtl_0|altsyncram_qm81:auto_generated|ram_block1a4~porta_address_reg5 ;
; 8.077  ; 10.000       ; 1.923          ; Low Pulse Width  ; ddfs:inst15|freq_divider_DDFS:f_div_inst|count[19] ; Rise       ; ddfs:inst15|sin_lut:lut_inst|altsyncram:rom_rtl_0|altsyncram_qm81:auto_generated|ram_block1a4~porta_address_reg5 ;
; 8.077  ; 10.000       ; 1.923          ; High Pulse Width ; ddfs:inst15|freq_divider_DDFS:f_div_inst|count[19] ; Rise       ; ddfs:inst15|sin_lut:lut_inst|altsyncram:rom_rtl_0|altsyncram_qm81:auto_generated|ram_block1a4~porta_address_reg6 ;
; 8.077  ; 10.000       ; 1.923          ; Low Pulse Width  ; ddfs:inst15|freq_divider_DDFS:f_div_inst|count[19] ; Rise       ; ddfs:inst15|sin_lut:lut_inst|altsyncram:rom_rtl_0|altsyncram_qm81:auto_generated|ram_block1a4~porta_address_reg6 ;
; 8.077  ; 10.000       ; 1.923          ; High Pulse Width ; ddfs:inst15|freq_divider_DDFS:f_div_inst|count[19] ; Rise       ; ddfs:inst15|sin_lut:lut_inst|altsyncram:rom_rtl_0|altsyncram_qm81:auto_generated|ram_block1a4~porta_address_reg7 ;
; 8.077  ; 10.000       ; 1.923          ; Low Pulse Width  ; ddfs:inst15|freq_divider_DDFS:f_div_inst|count[19] ; Rise       ; ddfs:inst15|sin_lut:lut_inst|altsyncram:rom_rtl_0|altsyncram_qm81:auto_generated|ram_block1a4~porta_address_reg7 ;
; 8.077  ; 10.000       ; 1.923          ; High Pulse Width ; ddfs:inst15|freq_divider_DDFS:f_div_inst|count[19] ; Rise       ; ddfs:inst15|sin_lut:lut_inst|altsyncram:rom_rtl_0|altsyncram_qm81:auto_generated|ram_block1a4~porta_address_reg8 ;
; 8.077  ; 10.000       ; 1.923          ; Low Pulse Width  ; ddfs:inst15|freq_divider_DDFS:f_div_inst|count[19] ; Rise       ; ddfs:inst15|sin_lut:lut_inst|altsyncram:rom_rtl_0|altsyncram_qm81:auto_generated|ram_block1a4~porta_address_reg8 ;
; 8.077  ; 10.000       ; 1.923          ; High Pulse Width ; ddfs:inst15|freq_divider_DDFS:f_div_inst|count[19] ; Rise       ; ddfs:inst15|sin_lut:lut_inst|altsyncram:rom_rtl_0|altsyncram_qm81:auto_generated|ram_block1a4~porta_address_reg9 ;
; 8.077  ; 10.000       ; 1.923          ; Low Pulse Width  ; ddfs:inst15|freq_divider_DDFS:f_div_inst|count[19] ; Rise       ; ddfs:inst15|sin_lut:lut_inst|altsyncram:rom_rtl_0|altsyncram_qm81:auto_generated|ram_block1a4~porta_address_reg9 ;
; 8.077  ; 10.000       ; 1.923          ; High Pulse Width ; ddfs:inst15|freq_divider_DDFS:f_div_inst|count[19] ; Rise       ; ddfs:inst15|sin_lut:lut_inst|altsyncram:rom_rtl_0|altsyncram_qm81:auto_generated|ram_block1a8~porta_address_reg0 ;
; 8.077  ; 10.000       ; 1.923          ; Low Pulse Width  ; ddfs:inst15|freq_divider_DDFS:f_div_inst|count[19] ; Rise       ; ddfs:inst15|sin_lut:lut_inst|altsyncram:rom_rtl_0|altsyncram_qm81:auto_generated|ram_block1a8~porta_address_reg0 ;
; 8.077  ; 10.000       ; 1.923          ; High Pulse Width ; ddfs:inst15|freq_divider_DDFS:f_div_inst|count[19] ; Rise       ; ddfs:inst15|sin_lut:lut_inst|altsyncram:rom_rtl_0|altsyncram_qm81:auto_generated|ram_block1a8~porta_address_reg1 ;
; 8.077  ; 10.000       ; 1.923          ; Low Pulse Width  ; ddfs:inst15|freq_divider_DDFS:f_div_inst|count[19] ; Rise       ; ddfs:inst15|sin_lut:lut_inst|altsyncram:rom_rtl_0|altsyncram_qm81:auto_generated|ram_block1a8~porta_address_reg1 ;
; 8.077  ; 10.000       ; 1.923          ; High Pulse Width ; ddfs:inst15|freq_divider_DDFS:f_div_inst|count[19] ; Rise       ; ddfs:inst15|sin_lut:lut_inst|altsyncram:rom_rtl_0|altsyncram_qm81:auto_generated|ram_block1a8~porta_address_reg2 ;
; 8.077  ; 10.000       ; 1.923          ; Low Pulse Width  ; ddfs:inst15|freq_divider_DDFS:f_div_inst|count[19] ; Rise       ; ddfs:inst15|sin_lut:lut_inst|altsyncram:rom_rtl_0|altsyncram_qm81:auto_generated|ram_block1a8~porta_address_reg2 ;
; 8.077  ; 10.000       ; 1.923          ; High Pulse Width ; ddfs:inst15|freq_divider_DDFS:f_div_inst|count[19] ; Rise       ; ddfs:inst15|sin_lut:lut_inst|altsyncram:rom_rtl_0|altsyncram_qm81:auto_generated|ram_block1a8~porta_address_reg3 ;
; 8.077  ; 10.000       ; 1.923          ; Low Pulse Width  ; ddfs:inst15|freq_divider_DDFS:f_div_inst|count[19] ; Rise       ; ddfs:inst15|sin_lut:lut_inst|altsyncram:rom_rtl_0|altsyncram_qm81:auto_generated|ram_block1a8~porta_address_reg3 ;
; 8.077  ; 10.000       ; 1.923          ; High Pulse Width ; ddfs:inst15|freq_divider_DDFS:f_div_inst|count[19] ; Rise       ; ddfs:inst15|sin_lut:lut_inst|altsyncram:rom_rtl_0|altsyncram_qm81:auto_generated|ram_block1a8~porta_address_reg4 ;
; 8.077  ; 10.000       ; 1.923          ; Low Pulse Width  ; ddfs:inst15|freq_divider_DDFS:f_div_inst|count[19] ; Rise       ; ddfs:inst15|sin_lut:lut_inst|altsyncram:rom_rtl_0|altsyncram_qm81:auto_generated|ram_block1a8~porta_address_reg4 ;
; 8.077  ; 10.000       ; 1.923          ; High Pulse Width ; ddfs:inst15|freq_divider_DDFS:f_div_inst|count[19] ; Rise       ; ddfs:inst15|sin_lut:lut_inst|altsyncram:rom_rtl_0|altsyncram_qm81:auto_generated|ram_block1a8~porta_address_reg5 ;
; 8.077  ; 10.000       ; 1.923          ; Low Pulse Width  ; ddfs:inst15|freq_divider_DDFS:f_div_inst|count[19] ; Rise       ; ddfs:inst15|sin_lut:lut_inst|altsyncram:rom_rtl_0|altsyncram_qm81:auto_generated|ram_block1a8~porta_address_reg5 ;
; 8.077  ; 10.000       ; 1.923          ; High Pulse Width ; ddfs:inst15|freq_divider_DDFS:f_div_inst|count[19] ; Rise       ; ddfs:inst15|sin_lut:lut_inst|altsyncram:rom_rtl_0|altsyncram_qm81:auto_generated|ram_block1a8~porta_address_reg6 ;
; 8.077  ; 10.000       ; 1.923          ; Low Pulse Width  ; ddfs:inst15|freq_divider_DDFS:f_div_inst|count[19] ; Rise       ; ddfs:inst15|sin_lut:lut_inst|altsyncram:rom_rtl_0|altsyncram_qm81:auto_generated|ram_block1a8~porta_address_reg6 ;
; 8.077  ; 10.000       ; 1.923          ; High Pulse Width ; ddfs:inst15|freq_divider_DDFS:f_div_inst|count[19] ; Rise       ; ddfs:inst15|sin_lut:lut_inst|altsyncram:rom_rtl_0|altsyncram_qm81:auto_generated|ram_block1a8~porta_address_reg7 ;
; 8.077  ; 10.000       ; 1.923          ; Low Pulse Width  ; ddfs:inst15|freq_divider_DDFS:f_div_inst|count[19] ; Rise       ; ddfs:inst15|sin_lut:lut_inst|altsyncram:rom_rtl_0|altsyncram_qm81:auto_generated|ram_block1a8~porta_address_reg7 ;
; 8.077  ; 10.000       ; 1.923          ; High Pulse Width ; ddfs:inst15|freq_divider_DDFS:f_div_inst|count[19] ; Rise       ; ddfs:inst15|sin_lut:lut_inst|altsyncram:rom_rtl_0|altsyncram_qm81:auto_generated|ram_block1a8~porta_address_reg8 ;
; 8.077  ; 10.000       ; 1.923          ; Low Pulse Width  ; ddfs:inst15|freq_divider_DDFS:f_div_inst|count[19] ; Rise       ; ddfs:inst15|sin_lut:lut_inst|altsyncram:rom_rtl_0|altsyncram_qm81:auto_generated|ram_block1a8~porta_address_reg8 ;
; 8.077  ; 10.000       ; 1.923          ; High Pulse Width ; ddfs:inst15|freq_divider_DDFS:f_div_inst|count[19] ; Rise       ; ddfs:inst15|sin_lut:lut_inst|altsyncram:rom_rtl_0|altsyncram_qm81:auto_generated|ram_block1a8~porta_address_reg9 ;
; 8.077  ; 10.000       ; 1.923          ; Low Pulse Width  ; ddfs:inst15|freq_divider_DDFS:f_div_inst|count[19] ; Rise       ; ddfs:inst15|sin_lut:lut_inst|altsyncram:rom_rtl_0|altsyncram_qm81:auto_generated|ram_block1a8~porta_address_reg9 ;
; 9.000  ; 10.000       ; 1.000          ; High Pulse Width ; ddfs:inst15|freq_divider_DDFS:f_div_inst|count[19] ; Rise       ; ddfs:inst15|cont[0]                                                                                              ;
; 9.000  ; 10.000       ; 1.000          ; Low Pulse Width  ; ddfs:inst15|freq_divider_DDFS:f_div_inst|count[19] ; Rise       ; ddfs:inst15|cont[0]                                                                                              ;
; 9.000  ; 10.000       ; 1.000          ; High Pulse Width ; ddfs:inst15|freq_divider_DDFS:f_div_inst|count[19] ; Rise       ; ddfs:inst15|cont[10]                                                                                             ;
; 9.000  ; 10.000       ; 1.000          ; Low Pulse Width  ; ddfs:inst15|freq_divider_DDFS:f_div_inst|count[19] ; Rise       ; ddfs:inst15|cont[10]                                                                                             ;
; 9.000  ; 10.000       ; 1.000          ; High Pulse Width ; ddfs:inst15|freq_divider_DDFS:f_div_inst|count[19] ; Rise       ; ddfs:inst15|cont[11]                                                                                             ;
; 9.000  ; 10.000       ; 1.000          ; Low Pulse Width  ; ddfs:inst15|freq_divider_DDFS:f_div_inst|count[19] ; Rise       ; ddfs:inst15|cont[11]                                                                                             ;
; 9.000  ; 10.000       ; 1.000          ; High Pulse Width ; ddfs:inst15|freq_divider_DDFS:f_div_inst|count[19] ; Rise       ; ddfs:inst15|cont[1]                                                                                              ;
; 9.000  ; 10.000       ; 1.000          ; Low Pulse Width  ; ddfs:inst15|freq_divider_DDFS:f_div_inst|count[19] ; Rise       ; ddfs:inst15|cont[1]                                                                                              ;
; 9.000  ; 10.000       ; 1.000          ; High Pulse Width ; ddfs:inst15|freq_divider_DDFS:f_div_inst|count[19] ; Rise       ; ddfs:inst15|cont[2]                                                                                              ;
; 9.000  ; 10.000       ; 1.000          ; Low Pulse Width  ; ddfs:inst15|freq_divider_DDFS:f_div_inst|count[19] ; Rise       ; ddfs:inst15|cont[2]                                                                                              ;
; 9.000  ; 10.000       ; 1.000          ; High Pulse Width ; ddfs:inst15|freq_divider_DDFS:f_div_inst|count[19] ; Rise       ; ddfs:inst15|cont[3]                                                                                              ;
; 9.000  ; 10.000       ; 1.000          ; Low Pulse Width  ; ddfs:inst15|freq_divider_DDFS:f_div_inst|count[19] ; Rise       ; ddfs:inst15|cont[3]                                                                                              ;
; 9.000  ; 10.000       ; 1.000          ; High Pulse Width ; ddfs:inst15|freq_divider_DDFS:f_div_inst|count[19] ; Rise       ; ddfs:inst15|cont[4]                                                                                              ;
; 9.000  ; 10.000       ; 1.000          ; Low Pulse Width  ; ddfs:inst15|freq_divider_DDFS:f_div_inst|count[19] ; Rise       ; ddfs:inst15|cont[4]                                                                                              ;
; 9.000  ; 10.000       ; 1.000          ; High Pulse Width ; ddfs:inst15|freq_divider_DDFS:f_div_inst|count[19] ; Rise       ; ddfs:inst15|cont[5]                                                                                              ;
; 9.000  ; 10.000       ; 1.000          ; Low Pulse Width  ; ddfs:inst15|freq_divider_DDFS:f_div_inst|count[19] ; Rise       ; ddfs:inst15|cont[5]                                                                                              ;
; 9.000  ; 10.000       ; 1.000          ; High Pulse Width ; ddfs:inst15|freq_divider_DDFS:f_div_inst|count[19] ; Rise       ; ddfs:inst15|cont[6]                                                                                              ;
; 9.000  ; 10.000       ; 1.000          ; Low Pulse Width  ; ddfs:inst15|freq_divider_DDFS:f_div_inst|count[19] ; Rise       ; ddfs:inst15|cont[6]                                                                                              ;
; 9.000  ; 10.000       ; 1.000          ; High Pulse Width ; ddfs:inst15|freq_divider_DDFS:f_div_inst|count[19] ; Rise       ; ddfs:inst15|cont[7]                                                                                              ;
; 9.000  ; 10.000       ; 1.000          ; Low Pulse Width  ; ddfs:inst15|freq_divider_DDFS:f_div_inst|count[19] ; Rise       ; ddfs:inst15|cont[7]                                                                                              ;
; 9.000  ; 10.000       ; 1.000          ; High Pulse Width ; ddfs:inst15|freq_divider_DDFS:f_div_inst|count[19] ; Rise       ; ddfs:inst15|cont[8]                                                                                              ;
; 9.000  ; 10.000       ; 1.000          ; Low Pulse Width  ; ddfs:inst15|freq_divider_DDFS:f_div_inst|count[19] ; Rise       ; ddfs:inst15|cont[8]                                                                                              ;
; 9.000  ; 10.000       ; 1.000          ; High Pulse Width ; ddfs:inst15|freq_divider_DDFS:f_div_inst|count[19] ; Rise       ; ddfs:inst15|cont[9]                                                                                              ;
; 9.000  ; 10.000       ; 1.000          ; Low Pulse Width  ; ddfs:inst15|freq_divider_DDFS:f_div_inst|count[19] ; Rise       ; ddfs:inst15|cont[9]                                                                                              ;
; 9.000  ; 10.000       ; 1.000          ; High Pulse Width ; ddfs:inst15|freq_divider_DDFS:f_div_inst|count[19] ; Rise       ; ddfs:inst15|cont_rt[10]                                                                                          ;
; 9.000  ; 10.000       ; 1.000          ; Low Pulse Width  ; ddfs:inst15|freq_divider_DDFS:f_div_inst|count[19] ; Rise       ; ddfs:inst15|cont_rt[10]                                                                                          ;
; 9.000  ; 10.000       ; 1.000          ; High Pulse Width ; ddfs:inst15|freq_divider_DDFS:f_div_inst|count[19] ; Rise       ; ddfs:inst15|cont_rt[11]                                                                                          ;
; 9.000  ; 10.000       ; 1.000          ; Low Pulse Width  ; ddfs:inst15|freq_divider_DDFS:f_div_inst|count[19] ; Rise       ; ddfs:inst15|cont_rt[11]                                                                                          ;
; 10.000 ; 10.000       ; 0.000          ; High Pulse Width ; ddfs:inst15|freq_divider_DDFS:f_div_inst|count[19] ; Rise       ; inst15|cont[0]|clk                                                                                               ;
; 10.000 ; 10.000       ; 0.000          ; Low Pulse Width  ; ddfs:inst15|freq_divider_DDFS:f_div_inst|count[19] ; Rise       ; inst15|cont[0]|clk                                                                                               ;
; 10.000 ; 10.000       ; 0.000          ; High Pulse Width ; ddfs:inst15|freq_divider_DDFS:f_div_inst|count[19] ; Rise       ; inst15|cont[10]|clk                                                                                              ;
; 10.000 ; 10.000       ; 0.000          ; Low Pulse Width  ; ddfs:inst15|freq_divider_DDFS:f_div_inst|count[19] ; Rise       ; inst15|cont[10]|clk                                                                                              ;
; 10.000 ; 10.000       ; 0.000          ; High Pulse Width ; ddfs:inst15|freq_divider_DDFS:f_div_inst|count[19] ; Rise       ; inst15|cont[11]|clk                                                                                              ;
; 10.000 ; 10.000       ; 0.000          ; Low Pulse Width  ; ddfs:inst15|freq_divider_DDFS:f_div_inst|count[19] ; Rise       ; inst15|cont[11]|clk                                                                                              ;
; 10.000 ; 10.000       ; 0.000          ; High Pulse Width ; ddfs:inst15|freq_divider_DDFS:f_div_inst|count[19] ; Rise       ; inst15|cont[1]|clk                                                                                               ;
; 10.000 ; 10.000       ; 0.000          ; Low Pulse Width  ; ddfs:inst15|freq_divider_DDFS:f_div_inst|count[19] ; Rise       ; inst15|cont[1]|clk                                                                                               ;
; 10.000 ; 10.000       ; 0.000          ; High Pulse Width ; ddfs:inst15|freq_divider_DDFS:f_div_inst|count[19] ; Rise       ; inst15|cont[2]|clk                                                                                               ;
; 10.000 ; 10.000       ; 0.000          ; Low Pulse Width  ; ddfs:inst15|freq_divider_DDFS:f_div_inst|count[19] ; Rise       ; inst15|cont[2]|clk                                                                                               ;
; 10.000 ; 10.000       ; 0.000          ; High Pulse Width ; ddfs:inst15|freq_divider_DDFS:f_div_inst|count[19] ; Rise       ; inst15|cont[3]|clk                                                                                               ;
; 10.000 ; 10.000       ; 0.000          ; Low Pulse Width  ; ddfs:inst15|freq_divider_DDFS:f_div_inst|count[19] ; Rise       ; inst15|cont[3]|clk                                                                                               ;
+--------+--------------+----------------+------------------+----------------------------------------------------+------------+------------------------------------------------------------------------------------------------------------------+


+------------------------------------------------------------------------------------------------------------------------------------------------------------------------------------------+
; Slow Model Minimum Pulse Width: 'keypad_freq_sel_module:inst1|freq_divider_keypad_module:freq_div|q'                                                                                     ;
+-------+--------------+----------------+------------------+--------------------------------------------------------------------+------------+---------------------------------------------+
; Slack ; Actual Width ; Required Width ; Type             ; Clock                                                              ; Clock Edge ; Target                                      ;
+-------+--------------+----------------+------------------+--------------------------------------------------------------------+------------+---------------------------------------------+
; 9.000 ; 10.000       ; 1.000          ; High Pulse Width ; keypad_freq_sel_module:inst1|freq_divider_keypad_module:freq_div|q ; Rise       ; keypad_freq_sel_module:inst1|BCD_1[0]       ;
; 9.000 ; 10.000       ; 1.000          ; Low Pulse Width  ; keypad_freq_sel_module:inst1|freq_divider_keypad_module:freq_div|q ; Rise       ; keypad_freq_sel_module:inst1|BCD_1[0]       ;
; 9.000 ; 10.000       ; 1.000          ; High Pulse Width ; keypad_freq_sel_module:inst1|freq_divider_keypad_module:freq_div|q ; Rise       ; keypad_freq_sel_module:inst1|BCD_1[1]       ;
; 9.000 ; 10.000       ; 1.000          ; Low Pulse Width  ; keypad_freq_sel_module:inst1|freq_divider_keypad_module:freq_div|q ; Rise       ; keypad_freq_sel_module:inst1|BCD_1[1]       ;
; 9.000 ; 10.000       ; 1.000          ; High Pulse Width ; keypad_freq_sel_module:inst1|freq_divider_keypad_module:freq_div|q ; Rise       ; keypad_freq_sel_module:inst1|BCD_1[2]       ;
; 9.000 ; 10.000       ; 1.000          ; Low Pulse Width  ; keypad_freq_sel_module:inst1|freq_divider_keypad_module:freq_div|q ; Rise       ; keypad_freq_sel_module:inst1|BCD_1[2]       ;
; 9.000 ; 10.000       ; 1.000          ; High Pulse Width ; keypad_freq_sel_module:inst1|freq_divider_keypad_module:freq_div|q ; Rise       ; keypad_freq_sel_module:inst1|BCD_1[3]       ;
; 9.000 ; 10.000       ; 1.000          ; Low Pulse Width  ; keypad_freq_sel_module:inst1|freq_divider_keypad_module:freq_div|q ; Rise       ; keypad_freq_sel_module:inst1|BCD_1[3]       ;
; 9.000 ; 10.000       ; 1.000          ; High Pulse Width ; keypad_freq_sel_module:inst1|freq_divider_keypad_module:freq_div|q ; Rise       ; keypad_freq_sel_module:inst1|BCD_2[0]       ;
; 9.000 ; 10.000       ; 1.000          ; Low Pulse Width  ; keypad_freq_sel_module:inst1|freq_divider_keypad_module:freq_div|q ; Rise       ; keypad_freq_sel_module:inst1|BCD_2[0]       ;
; 9.000 ; 10.000       ; 1.000          ; High Pulse Width ; keypad_freq_sel_module:inst1|freq_divider_keypad_module:freq_div|q ; Rise       ; keypad_freq_sel_module:inst1|BCD_2[1]       ;
; 9.000 ; 10.000       ; 1.000          ; Low Pulse Width  ; keypad_freq_sel_module:inst1|freq_divider_keypad_module:freq_div|q ; Rise       ; keypad_freq_sel_module:inst1|BCD_2[1]       ;
; 9.000 ; 10.000       ; 1.000          ; High Pulse Width ; keypad_freq_sel_module:inst1|freq_divider_keypad_module:freq_div|q ; Rise       ; keypad_freq_sel_module:inst1|BCD_2[2]       ;
; 9.000 ; 10.000       ; 1.000          ; Low Pulse Width  ; keypad_freq_sel_module:inst1|freq_divider_keypad_module:freq_div|q ; Rise       ; keypad_freq_sel_module:inst1|BCD_2[2]       ;
; 9.000 ; 10.000       ; 1.000          ; High Pulse Width ; keypad_freq_sel_module:inst1|freq_divider_keypad_module:freq_div|q ; Rise       ; keypad_freq_sel_module:inst1|BCD_2[3]       ;
; 9.000 ; 10.000       ; 1.000          ; Low Pulse Width  ; keypad_freq_sel_module:inst1|freq_divider_keypad_module:freq_div|q ; Rise       ; keypad_freq_sel_module:inst1|BCD_2[3]       ;
; 9.000 ; 10.000       ; 1.000          ; High Pulse Width ; keypad_freq_sel_module:inst1|freq_divider_keypad_module:freq_div|q ; Rise       ; keypad_freq_sel_module:inst1|BCD_3[0]       ;
; 9.000 ; 10.000       ; 1.000          ; Low Pulse Width  ; keypad_freq_sel_module:inst1|freq_divider_keypad_module:freq_div|q ; Rise       ; keypad_freq_sel_module:inst1|BCD_3[0]       ;
; 9.000 ; 10.000       ; 1.000          ; High Pulse Width ; keypad_freq_sel_module:inst1|freq_divider_keypad_module:freq_div|q ; Rise       ; keypad_freq_sel_module:inst1|BCD_3[1]       ;
; 9.000 ; 10.000       ; 1.000          ; Low Pulse Width  ; keypad_freq_sel_module:inst1|freq_divider_keypad_module:freq_div|q ; Rise       ; keypad_freq_sel_module:inst1|BCD_3[1]       ;
; 9.000 ; 10.000       ; 1.000          ; High Pulse Width ; keypad_freq_sel_module:inst1|freq_divider_keypad_module:freq_div|q ; Rise       ; keypad_freq_sel_module:inst1|BCD_3[2]       ;
; 9.000 ; 10.000       ; 1.000          ; Low Pulse Width  ; keypad_freq_sel_module:inst1|freq_divider_keypad_module:freq_div|q ; Rise       ; keypad_freq_sel_module:inst1|BCD_3[2]       ;
; 9.000 ; 10.000       ; 1.000          ; High Pulse Width ; keypad_freq_sel_module:inst1|freq_divider_keypad_module:freq_div|q ; Rise       ; keypad_freq_sel_module:inst1|BCD_3[3]       ;
; 9.000 ; 10.000       ; 1.000          ; Low Pulse Width  ; keypad_freq_sel_module:inst1|freq_divider_keypad_module:freq_div|q ; Rise       ; keypad_freq_sel_module:inst1|BCD_3[3]       ;
; 9.000 ; 10.000       ; 1.000          ; High Pulse Width ; keypad_freq_sel_module:inst1|freq_divider_keypad_module:freq_div|q ; Rise       ; keypad_freq_sel_module:inst1|BCD_4[0]       ;
; 9.000 ; 10.000       ; 1.000          ; Low Pulse Width  ; keypad_freq_sel_module:inst1|freq_divider_keypad_module:freq_div|q ; Rise       ; keypad_freq_sel_module:inst1|BCD_4[0]       ;
; 9.000 ; 10.000       ; 1.000          ; High Pulse Width ; keypad_freq_sel_module:inst1|freq_divider_keypad_module:freq_div|q ; Rise       ; keypad_freq_sel_module:inst1|BCD_4[1]       ;
; 9.000 ; 10.000       ; 1.000          ; Low Pulse Width  ; keypad_freq_sel_module:inst1|freq_divider_keypad_module:freq_div|q ; Rise       ; keypad_freq_sel_module:inst1|BCD_4[1]       ;
; 9.000 ; 10.000       ; 1.000          ; High Pulse Width ; keypad_freq_sel_module:inst1|freq_divider_keypad_module:freq_div|q ; Rise       ; keypad_freq_sel_module:inst1|BCD_4[2]       ;
; 9.000 ; 10.000       ; 1.000          ; Low Pulse Width  ; keypad_freq_sel_module:inst1|freq_divider_keypad_module:freq_div|q ; Rise       ; keypad_freq_sel_module:inst1|BCD_4[2]       ;
; 9.000 ; 10.000       ; 1.000          ; High Pulse Width ; keypad_freq_sel_module:inst1|freq_divider_keypad_module:freq_div|q ; Rise       ; keypad_freq_sel_module:inst1|BCD_4[3]       ;
; 9.000 ; 10.000       ; 1.000          ; Low Pulse Width  ; keypad_freq_sel_module:inst1|freq_divider_keypad_module:freq_div|q ; Rise       ; keypad_freq_sel_module:inst1|BCD_4[3]       ;
; 9.000 ; 10.000       ; 1.000          ; High Pulse Width ; keypad_freq_sel_module:inst1|freq_divider_keypad_module:freq_div|q ; Rise       ; keypad_freq_sel_module:inst1|BCD_5[0]       ;
; 9.000 ; 10.000       ; 1.000          ; Low Pulse Width  ; keypad_freq_sel_module:inst1|freq_divider_keypad_module:freq_div|q ; Rise       ; keypad_freq_sel_module:inst1|BCD_5[0]       ;
; 9.000 ; 10.000       ; 1.000          ; High Pulse Width ; keypad_freq_sel_module:inst1|freq_divider_keypad_module:freq_div|q ; Rise       ; keypad_freq_sel_module:inst1|BCD_5[1]       ;
; 9.000 ; 10.000       ; 1.000          ; Low Pulse Width  ; keypad_freq_sel_module:inst1|freq_divider_keypad_module:freq_div|q ; Rise       ; keypad_freq_sel_module:inst1|BCD_5[1]       ;
; 9.000 ; 10.000       ; 1.000          ; High Pulse Width ; keypad_freq_sel_module:inst1|freq_divider_keypad_module:freq_div|q ; Rise       ; keypad_freq_sel_module:inst1|BCD_5[2]       ;
; 9.000 ; 10.000       ; 1.000          ; Low Pulse Width  ; keypad_freq_sel_module:inst1|freq_divider_keypad_module:freq_div|q ; Rise       ; keypad_freq_sel_module:inst1|BCD_5[2]       ;
; 9.000 ; 10.000       ; 1.000          ; High Pulse Width ; keypad_freq_sel_module:inst1|freq_divider_keypad_module:freq_div|q ; Rise       ; keypad_freq_sel_module:inst1|BCD_5[3]       ;
; 9.000 ; 10.000       ; 1.000          ; Low Pulse Width  ; keypad_freq_sel_module:inst1|freq_divider_keypad_module:freq_div|q ; Rise       ; keypad_freq_sel_module:inst1|BCD_5[3]       ;
; 9.000 ; 10.000       ; 1.000          ; High Pulse Width ; keypad_freq_sel_module:inst1|freq_divider_keypad_module:freq_div|q ; Rise       ; keypad_freq_sel_module:inst1|BCD_6[0]       ;
; 9.000 ; 10.000       ; 1.000          ; Low Pulse Width  ; keypad_freq_sel_module:inst1|freq_divider_keypad_module:freq_div|q ; Rise       ; keypad_freq_sel_module:inst1|BCD_6[0]       ;
; 9.000 ; 10.000       ; 1.000          ; High Pulse Width ; keypad_freq_sel_module:inst1|freq_divider_keypad_module:freq_div|q ; Rise       ; keypad_freq_sel_module:inst1|BCD_6[1]       ;
; 9.000 ; 10.000       ; 1.000          ; Low Pulse Width  ; keypad_freq_sel_module:inst1|freq_divider_keypad_module:freq_div|q ; Rise       ; keypad_freq_sel_module:inst1|BCD_6[1]       ;
; 9.000 ; 10.000       ; 1.000          ; High Pulse Width ; keypad_freq_sel_module:inst1|freq_divider_keypad_module:freq_div|q ; Rise       ; keypad_freq_sel_module:inst1|BCD_6[2]       ;
; 9.000 ; 10.000       ; 1.000          ; Low Pulse Width  ; keypad_freq_sel_module:inst1|freq_divider_keypad_module:freq_div|q ; Rise       ; keypad_freq_sel_module:inst1|BCD_6[2]       ;
; 9.000 ; 10.000       ; 1.000          ; High Pulse Width ; keypad_freq_sel_module:inst1|freq_divider_keypad_module:freq_div|q ; Rise       ; keypad_freq_sel_module:inst1|BCD_6[3]       ;
; 9.000 ; 10.000       ; 1.000          ; Low Pulse Width  ; keypad_freq_sel_module:inst1|freq_divider_keypad_module:freq_div|q ; Rise       ; keypad_freq_sel_module:inst1|BCD_6[3]       ;
; 9.000 ; 10.000       ; 1.000          ; High Pulse Width ; keypad_freq_sel_module:inst1|freq_divider_keypad_module:freq_div|q ; Rise       ; keypad_freq_sel_module:inst1|BCD_7[0]       ;
; 9.000 ; 10.000       ; 1.000          ; Low Pulse Width  ; keypad_freq_sel_module:inst1|freq_divider_keypad_module:freq_div|q ; Rise       ; keypad_freq_sel_module:inst1|BCD_7[0]       ;
; 9.000 ; 10.000       ; 1.000          ; High Pulse Width ; keypad_freq_sel_module:inst1|freq_divider_keypad_module:freq_div|q ; Rise       ; keypad_freq_sel_module:inst1|BCD_7[1]       ;
; 9.000 ; 10.000       ; 1.000          ; Low Pulse Width  ; keypad_freq_sel_module:inst1|freq_divider_keypad_module:freq_div|q ; Rise       ; keypad_freq_sel_module:inst1|BCD_7[1]       ;
; 9.000 ; 10.000       ; 1.000          ; High Pulse Width ; keypad_freq_sel_module:inst1|freq_divider_keypad_module:freq_div|q ; Rise       ; keypad_freq_sel_module:inst1|BCD_7[2]       ;
; 9.000 ; 10.000       ; 1.000          ; Low Pulse Width  ; keypad_freq_sel_module:inst1|freq_divider_keypad_module:freq_div|q ; Rise       ; keypad_freq_sel_module:inst1|BCD_7[2]       ;
; 9.000 ; 10.000       ; 1.000          ; High Pulse Width ; keypad_freq_sel_module:inst1|freq_divider_keypad_module:freq_div|q ; Rise       ; keypad_freq_sel_module:inst1|BCD_7[3]       ;
; 9.000 ; 10.000       ; 1.000          ; Low Pulse Width  ; keypad_freq_sel_module:inst1|freq_divider_keypad_module:freq_div|q ; Rise       ; keypad_freq_sel_module:inst1|BCD_7[3]       ;
; 9.000 ; 10.000       ; 1.000          ; High Pulse Width ; keypad_freq_sel_module:inst1|freq_divider_keypad_module:freq_div|q ; Rise       ; keypad_freq_sel_module:inst1|button_pressed ;
; 9.000 ; 10.000       ; 1.000          ; Low Pulse Width  ; keypad_freq_sel_module:inst1|freq_divider_keypad_module:freq_div|q ; Rise       ; keypad_freq_sel_module:inst1|button_pressed ;
; 9.000 ; 10.000       ; 1.000          ; High Pulse Width ; keypad_freq_sel_module:inst1|freq_divider_keypad_module:freq_div|q ; Rise       ; keypad_freq_sel_module:inst1|cont[0]        ;
; 9.000 ; 10.000       ; 1.000          ; Low Pulse Width  ; keypad_freq_sel_module:inst1|freq_divider_keypad_module:freq_div|q ; Rise       ; keypad_freq_sel_module:inst1|cont[0]        ;
; 9.000 ; 10.000       ; 1.000          ; High Pulse Width ; keypad_freq_sel_module:inst1|freq_divider_keypad_module:freq_div|q ; Rise       ; keypad_freq_sel_module:inst1|cont[10]       ;
; 9.000 ; 10.000       ; 1.000          ; Low Pulse Width  ; keypad_freq_sel_module:inst1|freq_divider_keypad_module:freq_div|q ; Rise       ; keypad_freq_sel_module:inst1|cont[10]       ;
; 9.000 ; 10.000       ; 1.000          ; High Pulse Width ; keypad_freq_sel_module:inst1|freq_divider_keypad_module:freq_div|q ; Rise       ; keypad_freq_sel_module:inst1|cont[11]       ;
; 9.000 ; 10.000       ; 1.000          ; Low Pulse Width  ; keypad_freq_sel_module:inst1|freq_divider_keypad_module:freq_div|q ; Rise       ; keypad_freq_sel_module:inst1|cont[11]       ;
; 9.000 ; 10.000       ; 1.000          ; High Pulse Width ; keypad_freq_sel_module:inst1|freq_divider_keypad_module:freq_div|q ; Rise       ; keypad_freq_sel_module:inst1|cont[12]       ;
; 9.000 ; 10.000       ; 1.000          ; Low Pulse Width  ; keypad_freq_sel_module:inst1|freq_divider_keypad_module:freq_div|q ; Rise       ; keypad_freq_sel_module:inst1|cont[12]       ;
; 9.000 ; 10.000       ; 1.000          ; High Pulse Width ; keypad_freq_sel_module:inst1|freq_divider_keypad_module:freq_div|q ; Rise       ; keypad_freq_sel_module:inst1|cont[13]       ;
; 9.000 ; 10.000       ; 1.000          ; Low Pulse Width  ; keypad_freq_sel_module:inst1|freq_divider_keypad_module:freq_div|q ; Rise       ; keypad_freq_sel_module:inst1|cont[13]       ;
; 9.000 ; 10.000       ; 1.000          ; High Pulse Width ; keypad_freq_sel_module:inst1|freq_divider_keypad_module:freq_div|q ; Rise       ; keypad_freq_sel_module:inst1|cont[14]       ;
; 9.000 ; 10.000       ; 1.000          ; Low Pulse Width  ; keypad_freq_sel_module:inst1|freq_divider_keypad_module:freq_div|q ; Rise       ; keypad_freq_sel_module:inst1|cont[14]       ;
; 9.000 ; 10.000       ; 1.000          ; High Pulse Width ; keypad_freq_sel_module:inst1|freq_divider_keypad_module:freq_div|q ; Rise       ; keypad_freq_sel_module:inst1|cont[15]       ;
; 9.000 ; 10.000       ; 1.000          ; Low Pulse Width  ; keypad_freq_sel_module:inst1|freq_divider_keypad_module:freq_div|q ; Rise       ; keypad_freq_sel_module:inst1|cont[15]       ;
; 9.000 ; 10.000       ; 1.000          ; High Pulse Width ; keypad_freq_sel_module:inst1|freq_divider_keypad_module:freq_div|q ; Rise       ; keypad_freq_sel_module:inst1|cont[16]       ;
; 9.000 ; 10.000       ; 1.000          ; Low Pulse Width  ; keypad_freq_sel_module:inst1|freq_divider_keypad_module:freq_div|q ; Rise       ; keypad_freq_sel_module:inst1|cont[16]       ;
; 9.000 ; 10.000       ; 1.000          ; High Pulse Width ; keypad_freq_sel_module:inst1|freq_divider_keypad_module:freq_div|q ; Rise       ; keypad_freq_sel_module:inst1|cont[17]       ;
; 9.000 ; 10.000       ; 1.000          ; Low Pulse Width  ; keypad_freq_sel_module:inst1|freq_divider_keypad_module:freq_div|q ; Rise       ; keypad_freq_sel_module:inst1|cont[17]       ;
; 9.000 ; 10.000       ; 1.000          ; High Pulse Width ; keypad_freq_sel_module:inst1|freq_divider_keypad_module:freq_div|q ; Rise       ; keypad_freq_sel_module:inst1|cont[18]       ;
; 9.000 ; 10.000       ; 1.000          ; Low Pulse Width  ; keypad_freq_sel_module:inst1|freq_divider_keypad_module:freq_div|q ; Rise       ; keypad_freq_sel_module:inst1|cont[18]       ;
; 9.000 ; 10.000       ; 1.000          ; High Pulse Width ; keypad_freq_sel_module:inst1|freq_divider_keypad_module:freq_div|q ; Rise       ; keypad_freq_sel_module:inst1|cont[19]       ;
; 9.000 ; 10.000       ; 1.000          ; Low Pulse Width  ; keypad_freq_sel_module:inst1|freq_divider_keypad_module:freq_div|q ; Rise       ; keypad_freq_sel_module:inst1|cont[19]       ;
; 9.000 ; 10.000       ; 1.000          ; High Pulse Width ; keypad_freq_sel_module:inst1|freq_divider_keypad_module:freq_div|q ; Rise       ; keypad_freq_sel_module:inst1|cont[1]        ;
; 9.000 ; 10.000       ; 1.000          ; Low Pulse Width  ; keypad_freq_sel_module:inst1|freq_divider_keypad_module:freq_div|q ; Rise       ; keypad_freq_sel_module:inst1|cont[1]        ;
; 9.000 ; 10.000       ; 1.000          ; High Pulse Width ; keypad_freq_sel_module:inst1|freq_divider_keypad_module:freq_div|q ; Rise       ; keypad_freq_sel_module:inst1|cont[20]       ;
; 9.000 ; 10.000       ; 1.000          ; Low Pulse Width  ; keypad_freq_sel_module:inst1|freq_divider_keypad_module:freq_div|q ; Rise       ; keypad_freq_sel_module:inst1|cont[20]       ;
; 9.000 ; 10.000       ; 1.000          ; High Pulse Width ; keypad_freq_sel_module:inst1|freq_divider_keypad_module:freq_div|q ; Rise       ; keypad_freq_sel_module:inst1|cont[21]       ;
; 9.000 ; 10.000       ; 1.000          ; Low Pulse Width  ; keypad_freq_sel_module:inst1|freq_divider_keypad_module:freq_div|q ; Rise       ; keypad_freq_sel_module:inst1|cont[21]       ;
; 9.000 ; 10.000       ; 1.000          ; High Pulse Width ; keypad_freq_sel_module:inst1|freq_divider_keypad_module:freq_div|q ; Rise       ; keypad_freq_sel_module:inst1|cont[22]       ;
; 9.000 ; 10.000       ; 1.000          ; Low Pulse Width  ; keypad_freq_sel_module:inst1|freq_divider_keypad_module:freq_div|q ; Rise       ; keypad_freq_sel_module:inst1|cont[22]       ;
; 9.000 ; 10.000       ; 1.000          ; High Pulse Width ; keypad_freq_sel_module:inst1|freq_divider_keypad_module:freq_div|q ; Rise       ; keypad_freq_sel_module:inst1|cont[23]       ;
; 9.000 ; 10.000       ; 1.000          ; Low Pulse Width  ; keypad_freq_sel_module:inst1|freq_divider_keypad_module:freq_div|q ; Rise       ; keypad_freq_sel_module:inst1|cont[23]       ;
; 9.000 ; 10.000       ; 1.000          ; High Pulse Width ; keypad_freq_sel_module:inst1|freq_divider_keypad_module:freq_div|q ; Rise       ; keypad_freq_sel_module:inst1|cont[24]       ;
; 9.000 ; 10.000       ; 1.000          ; Low Pulse Width  ; keypad_freq_sel_module:inst1|freq_divider_keypad_module:freq_div|q ; Rise       ; keypad_freq_sel_module:inst1|cont[24]       ;
; 9.000 ; 10.000       ; 1.000          ; High Pulse Width ; keypad_freq_sel_module:inst1|freq_divider_keypad_module:freq_div|q ; Rise       ; keypad_freq_sel_module:inst1|cont[25]       ;
; 9.000 ; 10.000       ; 1.000          ; Low Pulse Width  ; keypad_freq_sel_module:inst1|freq_divider_keypad_module:freq_div|q ; Rise       ; keypad_freq_sel_module:inst1|cont[25]       ;
; 9.000 ; 10.000       ; 1.000          ; High Pulse Width ; keypad_freq_sel_module:inst1|freq_divider_keypad_module:freq_div|q ; Rise       ; keypad_freq_sel_module:inst1|cont[26]       ;
; 9.000 ; 10.000       ; 1.000          ; Low Pulse Width  ; keypad_freq_sel_module:inst1|freq_divider_keypad_module:freq_div|q ; Rise       ; keypad_freq_sel_module:inst1|cont[26]       ;
; 9.000 ; 10.000       ; 1.000          ; High Pulse Width ; keypad_freq_sel_module:inst1|freq_divider_keypad_module:freq_div|q ; Rise       ; keypad_freq_sel_module:inst1|cont[27]       ;
; 9.000 ; 10.000       ; 1.000          ; Low Pulse Width  ; keypad_freq_sel_module:inst1|freq_divider_keypad_module:freq_div|q ; Rise       ; keypad_freq_sel_module:inst1|cont[27]       ;
; 9.000 ; 10.000       ; 1.000          ; High Pulse Width ; keypad_freq_sel_module:inst1|freq_divider_keypad_module:freq_div|q ; Rise       ; keypad_freq_sel_module:inst1|cont[28]       ;
; 9.000 ; 10.000       ; 1.000          ; Low Pulse Width  ; keypad_freq_sel_module:inst1|freq_divider_keypad_module:freq_div|q ; Rise       ; keypad_freq_sel_module:inst1|cont[28]       ;
+-------+--------------+----------------+------------------+--------------------------------------------------------------------+------------+---------------------------------------------+


+---------------------------------------------------------------------------------------------------------------------------------------------------------------------------------------+
; Clock to Output Times                                                                                                                                                                 ;
+--------------+--------------------------------------------------------------------+--------+--------+------------+--------------------------------------------------------------------+
; Data Port    ; Clock Port                                                         ; Rise   ; Fall   ; Clock Edge ; Clock Reference                                                    ;
+--------------+--------------------------------------------------------------------+--------+--------+------------+--------------------------------------------------------------------+
; LCD_DATA[*]  ; CLOCK_50                                                           ; 10.871 ; 10.871 ; Rise       ; CLOCK_50                                                           ;
;  LCD_DATA[0] ; CLOCK_50                                                           ; 10.767 ; 10.767 ; Rise       ; CLOCK_50                                                           ;
;  LCD_DATA[1] ; CLOCK_50                                                           ; 10.747 ; 10.747 ; Rise       ; CLOCK_50                                                           ;
;  LCD_DATA[2] ; CLOCK_50                                                           ; 10.871 ; 10.871 ; Rise       ; CLOCK_50                                                           ;
;  LCD_DATA[3] ; CLOCK_50                                                           ; 10.438 ; 10.438 ; Rise       ; CLOCK_50                                                           ;
;  LCD_DATA[4] ; CLOCK_50                                                           ; 10.763 ; 10.763 ; Rise       ; CLOCK_50                                                           ;
;  LCD_DATA[5] ; CLOCK_50                                                           ; 10.585 ; 10.585 ; Rise       ; CLOCK_50                                                           ;
;  LCD_DATA[6] ; CLOCK_50                                                           ; 10.435 ; 10.435 ; Rise       ; CLOCK_50                                                           ;
;  LCD_DATA[7] ; CLOCK_50                                                           ; 10.870 ; 10.870 ; Rise       ; CLOCK_50                                                           ;
; LCD_EN       ; CLOCK_50                                                           ; 8.242  ; 8.242  ; Rise       ; CLOCK_50                                                           ;
; LCD_RS       ; CLOCK_50                                                           ; 10.278 ; 10.278 ; Rise       ; CLOCK_50                                                           ;
; VGA_CLK      ; ddfs:inst15|freq_divider_DDFS:f_div_inst|count[19]                 ; 5.424  ;        ; Rise       ; ddfs:inst15|freq_divider_DDFS:f_div_inst|count[19]                 ;
; VGA_R[*]     ; ddfs:inst15|freq_divider_DDFS:f_div_inst|count[19]                 ; 14.707 ; 14.707 ; Rise       ; ddfs:inst15|freq_divider_DDFS:f_div_inst|count[19]                 ;
;  VGA_R[0]    ; ddfs:inst15|freq_divider_DDFS:f_div_inst|count[19]                 ; 13.653 ; 13.653 ; Rise       ; ddfs:inst15|freq_divider_DDFS:f_div_inst|count[19]                 ;
;  VGA_R[1]    ; ddfs:inst15|freq_divider_DDFS:f_div_inst|count[19]                 ; 13.970 ; 13.970 ; Rise       ; ddfs:inst15|freq_divider_DDFS:f_div_inst|count[19]                 ;
;  VGA_R[2]    ; ddfs:inst15|freq_divider_DDFS:f_div_inst|count[19]                 ; 13.951 ; 13.951 ; Rise       ; ddfs:inst15|freq_divider_DDFS:f_div_inst|count[19]                 ;
;  VGA_R[3]    ; ddfs:inst15|freq_divider_DDFS:f_div_inst|count[19]                 ; 13.879 ; 13.879 ; Rise       ; ddfs:inst15|freq_divider_DDFS:f_div_inst|count[19]                 ;
;  VGA_R[4]    ; ddfs:inst15|freq_divider_DDFS:f_div_inst|count[19]                 ; 14.019 ; 14.019 ; Rise       ; ddfs:inst15|freq_divider_DDFS:f_div_inst|count[19]                 ;
;  VGA_R[5]    ; ddfs:inst15|freq_divider_DDFS:f_div_inst|count[19]                 ; 14.269 ; 14.269 ; Rise       ; ddfs:inst15|freq_divider_DDFS:f_div_inst|count[19]                 ;
;  VGA_R[6]    ; ddfs:inst15|freq_divider_DDFS:f_div_inst|count[19]                 ; 14.409 ; 14.409 ; Rise       ; ddfs:inst15|freq_divider_DDFS:f_div_inst|count[19]                 ;
;  VGA_R[7]    ; ddfs:inst15|freq_divider_DDFS:f_div_inst|count[19]                 ; 14.492 ; 14.492 ; Rise       ; ddfs:inst15|freq_divider_DDFS:f_div_inst|count[19]                 ;
;  VGA_R[8]    ; ddfs:inst15|freq_divider_DDFS:f_div_inst|count[19]                 ; 14.306 ; 14.306 ; Rise       ; ddfs:inst15|freq_divider_DDFS:f_div_inst|count[19]                 ;
;  VGA_R[9]    ; ddfs:inst15|freq_divider_DDFS:f_div_inst|count[19]                 ; 14.707 ; 14.707 ; Rise       ; ddfs:inst15|freq_divider_DDFS:f_div_inst|count[19]                 ;
; VGA_CLK      ; ddfs:inst15|freq_divider_DDFS:f_div_inst|count[19]                 ;        ; 5.424  ; Fall       ; ddfs:inst15|freq_divider_DDFS:f_div_inst|count[19]                 ;
; GPIO_1[*]    ; keypad_freq_sel_module:inst1|freq_divider_keypad_module:freq_div|q ; 10.791 ; 10.791 ; Rise       ; keypad_freq_sel_module:inst1|freq_divider_keypad_module:freq_div|q ;
;  GPIO_1[0]   ; keypad_freq_sel_module:inst1|freq_divider_keypad_module:freq_div|q ; 9.723  ; 9.723  ; Rise       ; keypad_freq_sel_module:inst1|freq_divider_keypad_module:freq_div|q ;
;  GPIO_1[1]   ; keypad_freq_sel_module:inst1|freq_divider_keypad_module:freq_div|q ; 10.769 ; 10.769 ; Rise       ; keypad_freq_sel_module:inst1|freq_divider_keypad_module:freq_div|q ;
;  GPIO_1[2]   ; keypad_freq_sel_module:inst1|freq_divider_keypad_module:freq_div|q ; 9.729  ; 9.729  ; Rise       ; keypad_freq_sel_module:inst1|freq_divider_keypad_module:freq_div|q ;
;  GPIO_1[3]   ; keypad_freq_sel_module:inst1|freq_divider_keypad_module:freq_div|q ; 10.791 ; 10.791 ; Rise       ; keypad_freq_sel_module:inst1|freq_divider_keypad_module:freq_div|q ;
+--------------+--------------------------------------------------------------------+--------+--------+------------+--------------------------------------------------------------------+


+-------------------------------------------------------------------------------------------------------------------------------------------------------------------------------------+
; Minimum Clock to Output Times                                                                                                                                                       ;
+--------------+--------------------------------------------------------------------+-------+-------+------------+--------------------------------------------------------------------+
; Data Port    ; Clock Port                                                         ; Rise  ; Fall  ; Clock Edge ; Clock Reference                                                    ;
+--------------+--------------------------------------------------------------------+-------+-------+------------+--------------------------------------------------------------------+
; LCD_DATA[*]  ; CLOCK_50                                                           ; 7.361 ; 7.361 ; Rise       ; CLOCK_50                                                           ;
;  LCD_DATA[0] ; CLOCK_50                                                           ; 7.885 ; 7.885 ; Rise       ; CLOCK_50                                                           ;
;  LCD_DATA[1] ; CLOCK_50                                                           ; 7.884 ; 7.884 ; Rise       ; CLOCK_50                                                           ;
;  LCD_DATA[2] ; CLOCK_50                                                           ; 8.003 ; 8.003 ; Rise       ; CLOCK_50                                                           ;
;  LCD_DATA[3] ; CLOCK_50                                                           ; 7.889 ; 7.889 ; Rise       ; CLOCK_50                                                           ;
;  LCD_DATA[4] ; CLOCK_50                                                           ; 7.381 ; 7.381 ; Rise       ; CLOCK_50                                                           ;
;  LCD_DATA[5] ; CLOCK_50                                                           ; 7.361 ; 7.361 ; Rise       ; CLOCK_50                                                           ;
;  LCD_DATA[6] ; CLOCK_50                                                           ; 7.397 ; 7.397 ; Rise       ; CLOCK_50                                                           ;
;  LCD_DATA[7] ; CLOCK_50                                                           ; 7.512 ; 7.512 ; Rise       ; CLOCK_50                                                           ;
; LCD_EN       ; CLOCK_50                                                           ; 7.466 ; 7.466 ; Rise       ; CLOCK_50                                                           ;
; LCD_RS       ; CLOCK_50                                                           ; 7.269 ; 7.269 ; Rise       ; CLOCK_50                                                           ;
; VGA_CLK      ; ddfs:inst15|freq_divider_DDFS:f_div_inst|count[19]                 ; 5.424 ;       ; Rise       ; ddfs:inst15|freq_divider_DDFS:f_div_inst|count[19]                 ;
; VGA_R[*]     ; ddfs:inst15|freq_divider_DDFS:f_div_inst|count[19]                 ; 8.200 ; 8.200 ; Rise       ; ddfs:inst15|freq_divider_DDFS:f_div_inst|count[19]                 ;
;  VGA_R[0]    ; ddfs:inst15|freq_divider_DDFS:f_div_inst|count[19]                 ; 9.513 ; 9.513 ; Rise       ; ddfs:inst15|freq_divider_DDFS:f_div_inst|count[19]                 ;
;  VGA_R[1]    ; ddfs:inst15|freq_divider_DDFS:f_div_inst|count[19]                 ; 9.493 ; 9.493 ; Rise       ; ddfs:inst15|freq_divider_DDFS:f_div_inst|count[19]                 ;
;  VGA_R[2]    ; ddfs:inst15|freq_divider_DDFS:f_div_inst|count[19]                 ; 9.296 ; 9.296 ; Rise       ; ddfs:inst15|freq_divider_DDFS:f_div_inst|count[19]                 ;
;  VGA_R[3]    ; ddfs:inst15|freq_divider_DDFS:f_div_inst|count[19]                 ; 9.707 ; 9.707 ; Rise       ; ddfs:inst15|freq_divider_DDFS:f_div_inst|count[19]                 ;
;  VGA_R[4]    ; ddfs:inst15|freq_divider_DDFS:f_div_inst|count[19]                 ; 9.488 ; 9.488 ; Rise       ; ddfs:inst15|freq_divider_DDFS:f_div_inst|count[19]                 ;
;  VGA_R[5]    ; ddfs:inst15|freq_divider_DDFS:f_div_inst|count[19]                 ; 9.777 ; 9.777 ; Rise       ; ddfs:inst15|freq_divider_DDFS:f_div_inst|count[19]                 ;
;  VGA_R[6]    ; ddfs:inst15|freq_divider_DDFS:f_div_inst|count[19]                 ; 9.747 ; 9.747 ; Rise       ; ddfs:inst15|freq_divider_DDFS:f_div_inst|count[19]                 ;
;  VGA_R[7]    ; ddfs:inst15|freq_divider_DDFS:f_div_inst|count[19]                 ; 9.762 ; 9.762 ; Rise       ; ddfs:inst15|freq_divider_DDFS:f_div_inst|count[19]                 ;
;  VGA_R[8]    ; ddfs:inst15|freq_divider_DDFS:f_div_inst|count[19]                 ; 9.644 ; 9.644 ; Rise       ; ddfs:inst15|freq_divider_DDFS:f_div_inst|count[19]                 ;
;  VGA_R[9]    ; ddfs:inst15|freq_divider_DDFS:f_div_inst|count[19]                 ; 8.200 ; 8.200 ; Rise       ; ddfs:inst15|freq_divider_DDFS:f_div_inst|count[19]                 ;
; VGA_CLK      ; ddfs:inst15|freq_divider_DDFS:f_div_inst|count[19]                 ;       ; 5.424 ; Fall       ; ddfs:inst15|freq_divider_DDFS:f_div_inst|count[19]                 ;
; GPIO_1[*]    ; keypad_freq_sel_module:inst1|freq_divider_keypad_module:freq_div|q ; 7.583 ; 7.583 ; Rise       ; keypad_freq_sel_module:inst1|freq_divider_keypad_module:freq_div|q ;
;  GPIO_1[0]   ; keypad_freq_sel_module:inst1|freq_divider_keypad_module:freq_div|q ; 7.758 ; 7.758 ; Rise       ; keypad_freq_sel_module:inst1|freq_divider_keypad_module:freq_div|q ;
;  GPIO_1[1]   ; keypad_freq_sel_module:inst1|freq_divider_keypad_module:freq_div|q ; 7.583 ; 7.583 ; Rise       ; keypad_freq_sel_module:inst1|freq_divider_keypad_module:freq_div|q ;
;  GPIO_1[2]   ; keypad_freq_sel_module:inst1|freq_divider_keypad_module:freq_div|q ; 7.765 ; 7.765 ; Rise       ; keypad_freq_sel_module:inst1|freq_divider_keypad_module:freq_div|q ;
;  GPIO_1[3]   ; keypad_freq_sel_module:inst1|freq_divider_keypad_module:freq_div|q ; 7.607 ; 7.607 ; Rise       ; keypad_freq_sel_module:inst1|freq_divider_keypad_module:freq_div|q ;
+--------------+--------------------------------------------------------------------+-------+-------+------------+--------------------------------------------------------------------+


+--------------------------------------------------------------------------------------------+
; Fast Model Setup Summary                                                                   ;
+--------------------------------------------------------------------+-------+---------------+
; Clock                                                              ; Slack ; End Point TNS ;
+--------------------------------------------------------------------+-------+---------------+
; ddfs:inst15|freq_divider_DDFS:f_div_inst|count[19]                 ; 5.108 ; 0.000         ;
; inst|altpll_component|pll|clk[0]                                   ; 6.898 ; 0.000         ;
; CLOCK_50                                                           ; 8.786 ; 0.000         ;
; keypad_freq_sel_module:inst1|freq_divider_keypad_module:freq_div|q ; 9.525 ; 0.000         ;
+--------------------------------------------------------------------+-------+---------------+


+--------------------------------------------------------------------------------------------+
; Fast Model Hold Summary                                                                    ;
+--------------------------------------------------------------------+-------+---------------+
; Clock                                                              ; Slack ; End Point TNS ;
+--------------------------------------------------------------------+-------+---------------+
; CLOCK_50                                                           ; 0.215 ; 0.000         ;
; keypad_freq_sel_module:inst1|freq_divider_keypad_module:freq_div|q ; 0.215 ; 0.000         ;
; inst|altpll_component|pll|clk[0]                                   ; 0.312 ; 0.000         ;
; ddfs:inst15|freq_divider_DDFS:f_div_inst|count[19]                 ; 0.349 ; 0.000         ;
+--------------------------------------------------------------------+-------+---------------+


+-----------------------------------------------------------------------------+
; Fast Model Recovery Summary                                                 ;
+----------------------------------------------------+--------+---------------+
; Clock                                              ; Slack  ; End Point TNS ;
+----------------------------------------------------+--------+---------------+
; ddfs:inst15|freq_divider_DDFS:f_div_inst|count[19] ; 18.691 ; 0.000         ;
+----------------------------------------------------+--------+---------------+


+----------------------------------------------------------------------------+
; Fast Model Removal Summary                                                 ;
+----------------------------------------------------+-------+---------------+
; Clock                                              ; Slack ; End Point TNS ;
+----------------------------------------------------+-------+---------------+
; ddfs:inst15|freq_divider_DDFS:f_div_inst|count[19] ; 0.977 ; 0.000         ;
+----------------------------------------------------+-------+---------------+


+--------------------------------------------------------------------------------------------+
; Fast Model Minimum Pulse Width Summary                                                     ;
+--------------------------------------------------------------------+-------+---------------+
; Clock                                                              ; Slack ; End Point TNS ;
+--------------------------------------------------------------------+-------+---------------+
; inst|altpll_component|pll|clk[0]                                   ; 4.000 ; 0.000         ;
; CLOCK_50                                                           ; 8.077 ; 0.000         ;
; ddfs:inst15|freq_divider_DDFS:f_div_inst|count[19]                 ; 8.077 ; 0.000         ;
; keypad_freq_sel_module:inst1|freq_divider_keypad_module:freq_div|q ; 9.000 ; 0.000         ;
+--------------------------------------------------------------------+-------+---------------+


+-----------------------------------------------------------------------------------------------------------------------------------------------------------------------------------------------------------------------------------------------------------------------------------------+
; Fast Model Setup: 'ddfs:inst15|freq_divider_DDFS:f_div_inst|count[19]'                                                                                                                                                                                                                  ;
+--------+------------------------------------------------------------------------------------------------------------------+----------+----------------------------------------------------+----------------------------------------------------+--------------+------------+------------+
; Slack  ; From Node                                                                                                        ; To Node  ; Launch Clock                                       ; Latch Clock                                        ; Relationship ; Clock Skew ; Data Delay ;
+--------+------------------------------------------------------------------------------------------------------------------+----------+----------------------------------------------------+----------------------------------------------------+--------------+------------+------------+
; 5.108  ; ddfs:inst15|freq_divider_DDFS:f_div_inst|count[19]                                                               ; VGA_CLK  ; ddfs:inst15|freq_divider_DDFS:f_div_inst|count[19] ; ddfs:inst15|freq_divider_DDFS:f_div_inst|count[19] ; 10.000       ; 0.000      ; 3.033      ;
; 10.017 ; ddfs:inst15|sin_lut:lut_inst|altsyncram:rom_rtl_0|altsyncram_qm81:auto_generated|ram_block1a1~porta_address_reg0 ; VGA_R[9] ; ddfs:inst15|freq_divider_DDFS:f_div_inst|count[19] ; ddfs:inst15|freq_divider_DDFS:f_div_inst|count[19] ; 20.000       ; -2.091     ; 5.892      ;
; 10.017 ; ddfs:inst15|sin_lut:lut_inst|altsyncram:rom_rtl_0|altsyncram_qm81:auto_generated|ram_block1a1~porta_address_reg1 ; VGA_R[9] ; ddfs:inst15|freq_divider_DDFS:f_div_inst|count[19] ; ddfs:inst15|freq_divider_DDFS:f_div_inst|count[19] ; 20.000       ; -2.091     ; 5.892      ;
; 10.017 ; ddfs:inst15|sin_lut:lut_inst|altsyncram:rom_rtl_0|altsyncram_qm81:auto_generated|ram_block1a1~porta_address_reg2 ; VGA_R[9] ; ddfs:inst15|freq_divider_DDFS:f_div_inst|count[19] ; ddfs:inst15|freq_divider_DDFS:f_div_inst|count[19] ; 20.000       ; -2.091     ; 5.892      ;
; 10.017 ; ddfs:inst15|sin_lut:lut_inst|altsyncram:rom_rtl_0|altsyncram_qm81:auto_generated|ram_block1a1~porta_address_reg3 ; VGA_R[9] ; ddfs:inst15|freq_divider_DDFS:f_div_inst|count[19] ; ddfs:inst15|freq_divider_DDFS:f_div_inst|count[19] ; 20.000       ; -2.091     ; 5.892      ;
; 10.017 ; ddfs:inst15|sin_lut:lut_inst|altsyncram:rom_rtl_0|altsyncram_qm81:auto_generated|ram_block1a1~porta_address_reg4 ; VGA_R[9] ; ddfs:inst15|freq_divider_DDFS:f_div_inst|count[19] ; ddfs:inst15|freq_divider_DDFS:f_div_inst|count[19] ; 20.000       ; -2.091     ; 5.892      ;
; 10.017 ; ddfs:inst15|sin_lut:lut_inst|altsyncram:rom_rtl_0|altsyncram_qm81:auto_generated|ram_block1a1~porta_address_reg5 ; VGA_R[9] ; ddfs:inst15|freq_divider_DDFS:f_div_inst|count[19] ; ddfs:inst15|freq_divider_DDFS:f_div_inst|count[19] ; 20.000       ; -2.091     ; 5.892      ;
; 10.017 ; ddfs:inst15|sin_lut:lut_inst|altsyncram:rom_rtl_0|altsyncram_qm81:auto_generated|ram_block1a1~porta_address_reg6 ; VGA_R[9] ; ddfs:inst15|freq_divider_DDFS:f_div_inst|count[19] ; ddfs:inst15|freq_divider_DDFS:f_div_inst|count[19] ; 20.000       ; -2.091     ; 5.892      ;
; 10.017 ; ddfs:inst15|sin_lut:lut_inst|altsyncram:rom_rtl_0|altsyncram_qm81:auto_generated|ram_block1a1~porta_address_reg7 ; VGA_R[9] ; ddfs:inst15|freq_divider_DDFS:f_div_inst|count[19] ; ddfs:inst15|freq_divider_DDFS:f_div_inst|count[19] ; 20.000       ; -2.091     ; 5.892      ;
; 10.017 ; ddfs:inst15|sin_lut:lut_inst|altsyncram:rom_rtl_0|altsyncram_qm81:auto_generated|ram_block1a1~porta_address_reg8 ; VGA_R[9] ; ddfs:inst15|freq_divider_DDFS:f_div_inst|count[19] ; ddfs:inst15|freq_divider_DDFS:f_div_inst|count[19] ; 20.000       ; -2.091     ; 5.892      ;
; 10.017 ; ddfs:inst15|sin_lut:lut_inst|altsyncram:rom_rtl_0|altsyncram_qm81:auto_generated|ram_block1a1~porta_address_reg9 ; VGA_R[9] ; ddfs:inst15|freq_divider_DDFS:f_div_inst|count[19] ; ddfs:inst15|freq_divider_DDFS:f_div_inst|count[19] ; 20.000       ; -2.091     ; 5.892      ;
; 10.122 ; ddfs:inst15|sin_lut:lut_inst|altsyncram:rom_rtl_0|altsyncram_qm81:auto_generated|ram_block1a1~porta_address_reg0 ; VGA_R[7] ; ddfs:inst15|freq_divider_DDFS:f_div_inst|count[19] ; ddfs:inst15|freq_divider_DDFS:f_div_inst|count[19] ; 20.000       ; -2.091     ; 5.787      ;
; 10.122 ; ddfs:inst15|sin_lut:lut_inst|altsyncram:rom_rtl_0|altsyncram_qm81:auto_generated|ram_block1a1~porta_address_reg1 ; VGA_R[7] ; ddfs:inst15|freq_divider_DDFS:f_div_inst|count[19] ; ddfs:inst15|freq_divider_DDFS:f_div_inst|count[19] ; 20.000       ; -2.091     ; 5.787      ;
; 10.122 ; ddfs:inst15|sin_lut:lut_inst|altsyncram:rom_rtl_0|altsyncram_qm81:auto_generated|ram_block1a1~porta_address_reg2 ; VGA_R[7] ; ddfs:inst15|freq_divider_DDFS:f_div_inst|count[19] ; ddfs:inst15|freq_divider_DDFS:f_div_inst|count[19] ; 20.000       ; -2.091     ; 5.787      ;
; 10.122 ; ddfs:inst15|sin_lut:lut_inst|altsyncram:rom_rtl_0|altsyncram_qm81:auto_generated|ram_block1a1~porta_address_reg3 ; VGA_R[7] ; ddfs:inst15|freq_divider_DDFS:f_div_inst|count[19] ; ddfs:inst15|freq_divider_DDFS:f_div_inst|count[19] ; 20.000       ; -2.091     ; 5.787      ;
; 10.122 ; ddfs:inst15|sin_lut:lut_inst|altsyncram:rom_rtl_0|altsyncram_qm81:auto_generated|ram_block1a1~porta_address_reg4 ; VGA_R[7] ; ddfs:inst15|freq_divider_DDFS:f_div_inst|count[19] ; ddfs:inst15|freq_divider_DDFS:f_div_inst|count[19] ; 20.000       ; -2.091     ; 5.787      ;
; 10.122 ; ddfs:inst15|sin_lut:lut_inst|altsyncram:rom_rtl_0|altsyncram_qm81:auto_generated|ram_block1a1~porta_address_reg5 ; VGA_R[7] ; ddfs:inst15|freq_divider_DDFS:f_div_inst|count[19] ; ddfs:inst15|freq_divider_DDFS:f_div_inst|count[19] ; 20.000       ; -2.091     ; 5.787      ;
; 10.122 ; ddfs:inst15|sin_lut:lut_inst|altsyncram:rom_rtl_0|altsyncram_qm81:auto_generated|ram_block1a1~porta_address_reg6 ; VGA_R[7] ; ddfs:inst15|freq_divider_DDFS:f_div_inst|count[19] ; ddfs:inst15|freq_divider_DDFS:f_div_inst|count[19] ; 20.000       ; -2.091     ; 5.787      ;
; 10.122 ; ddfs:inst15|sin_lut:lut_inst|altsyncram:rom_rtl_0|altsyncram_qm81:auto_generated|ram_block1a1~porta_address_reg7 ; VGA_R[7] ; ddfs:inst15|freq_divider_DDFS:f_div_inst|count[19] ; ddfs:inst15|freq_divider_DDFS:f_div_inst|count[19] ; 20.000       ; -2.091     ; 5.787      ;
; 10.122 ; ddfs:inst15|sin_lut:lut_inst|altsyncram:rom_rtl_0|altsyncram_qm81:auto_generated|ram_block1a1~porta_address_reg8 ; VGA_R[7] ; ddfs:inst15|freq_divider_DDFS:f_div_inst|count[19] ; ddfs:inst15|freq_divider_DDFS:f_div_inst|count[19] ; 20.000       ; -2.091     ; 5.787      ;
; 10.122 ; ddfs:inst15|sin_lut:lut_inst|altsyncram:rom_rtl_0|altsyncram_qm81:auto_generated|ram_block1a1~porta_address_reg9 ; VGA_R[7] ; ddfs:inst15|freq_divider_DDFS:f_div_inst|count[19] ; ddfs:inst15|freq_divider_DDFS:f_div_inst|count[19] ; 20.000       ; -2.091     ; 5.787      ;
; 10.165 ; ddfs:inst15|sin_lut:lut_inst|altsyncram:rom_rtl_0|altsyncram_qm81:auto_generated|ram_block1a1~porta_address_reg0 ; VGA_R[6] ; ddfs:inst15|freq_divider_DDFS:f_div_inst|count[19] ; ddfs:inst15|freq_divider_DDFS:f_div_inst|count[19] ; 20.000       ; -2.091     ; 5.744      ;
; 10.165 ; ddfs:inst15|sin_lut:lut_inst|altsyncram:rom_rtl_0|altsyncram_qm81:auto_generated|ram_block1a1~porta_address_reg1 ; VGA_R[6] ; ddfs:inst15|freq_divider_DDFS:f_div_inst|count[19] ; ddfs:inst15|freq_divider_DDFS:f_div_inst|count[19] ; 20.000       ; -2.091     ; 5.744      ;
; 10.165 ; ddfs:inst15|sin_lut:lut_inst|altsyncram:rom_rtl_0|altsyncram_qm81:auto_generated|ram_block1a1~porta_address_reg2 ; VGA_R[6] ; ddfs:inst15|freq_divider_DDFS:f_div_inst|count[19] ; ddfs:inst15|freq_divider_DDFS:f_div_inst|count[19] ; 20.000       ; -2.091     ; 5.744      ;
; 10.165 ; ddfs:inst15|sin_lut:lut_inst|altsyncram:rom_rtl_0|altsyncram_qm81:auto_generated|ram_block1a1~porta_address_reg3 ; VGA_R[6] ; ddfs:inst15|freq_divider_DDFS:f_div_inst|count[19] ; ddfs:inst15|freq_divider_DDFS:f_div_inst|count[19] ; 20.000       ; -2.091     ; 5.744      ;
; 10.165 ; ddfs:inst15|sin_lut:lut_inst|altsyncram:rom_rtl_0|altsyncram_qm81:auto_generated|ram_block1a1~porta_address_reg4 ; VGA_R[6] ; ddfs:inst15|freq_divider_DDFS:f_div_inst|count[19] ; ddfs:inst15|freq_divider_DDFS:f_div_inst|count[19] ; 20.000       ; -2.091     ; 5.744      ;
; 10.165 ; ddfs:inst15|sin_lut:lut_inst|altsyncram:rom_rtl_0|altsyncram_qm81:auto_generated|ram_block1a1~porta_address_reg5 ; VGA_R[6] ; ddfs:inst15|freq_divider_DDFS:f_div_inst|count[19] ; ddfs:inst15|freq_divider_DDFS:f_div_inst|count[19] ; 20.000       ; -2.091     ; 5.744      ;
; 10.165 ; ddfs:inst15|sin_lut:lut_inst|altsyncram:rom_rtl_0|altsyncram_qm81:auto_generated|ram_block1a1~porta_address_reg6 ; VGA_R[6] ; ddfs:inst15|freq_divider_DDFS:f_div_inst|count[19] ; ddfs:inst15|freq_divider_DDFS:f_div_inst|count[19] ; 20.000       ; -2.091     ; 5.744      ;
; 10.165 ; ddfs:inst15|sin_lut:lut_inst|altsyncram:rom_rtl_0|altsyncram_qm81:auto_generated|ram_block1a1~porta_address_reg7 ; VGA_R[6] ; ddfs:inst15|freq_divider_DDFS:f_div_inst|count[19] ; ddfs:inst15|freq_divider_DDFS:f_div_inst|count[19] ; 20.000       ; -2.091     ; 5.744      ;
; 10.165 ; ddfs:inst15|sin_lut:lut_inst|altsyncram:rom_rtl_0|altsyncram_qm81:auto_generated|ram_block1a1~porta_address_reg8 ; VGA_R[6] ; ddfs:inst15|freq_divider_DDFS:f_div_inst|count[19] ; ddfs:inst15|freq_divider_DDFS:f_div_inst|count[19] ; 20.000       ; -2.091     ; 5.744      ;
; 10.165 ; ddfs:inst15|sin_lut:lut_inst|altsyncram:rom_rtl_0|altsyncram_qm81:auto_generated|ram_block1a1~porta_address_reg9 ; VGA_R[6] ; ddfs:inst15|freq_divider_DDFS:f_div_inst|count[19] ; ddfs:inst15|freq_divider_DDFS:f_div_inst|count[19] ; 20.000       ; -2.091     ; 5.744      ;
; 10.217 ; ddfs:inst15|sin_lut:lut_inst|altsyncram:rom_rtl_0|altsyncram_qm81:auto_generated|ram_block1a1~porta_address_reg0 ; VGA_R[8] ; ddfs:inst15|freq_divider_DDFS:f_div_inst|count[19] ; ddfs:inst15|freq_divider_DDFS:f_div_inst|count[19] ; 20.000       ; -2.091     ; 5.692      ;
; 10.217 ; ddfs:inst15|sin_lut:lut_inst|altsyncram:rom_rtl_0|altsyncram_qm81:auto_generated|ram_block1a1~porta_address_reg1 ; VGA_R[8] ; ddfs:inst15|freq_divider_DDFS:f_div_inst|count[19] ; ddfs:inst15|freq_divider_DDFS:f_div_inst|count[19] ; 20.000       ; -2.091     ; 5.692      ;
; 10.217 ; ddfs:inst15|sin_lut:lut_inst|altsyncram:rom_rtl_0|altsyncram_qm81:auto_generated|ram_block1a1~porta_address_reg2 ; VGA_R[8] ; ddfs:inst15|freq_divider_DDFS:f_div_inst|count[19] ; ddfs:inst15|freq_divider_DDFS:f_div_inst|count[19] ; 20.000       ; -2.091     ; 5.692      ;
; 10.217 ; ddfs:inst15|sin_lut:lut_inst|altsyncram:rom_rtl_0|altsyncram_qm81:auto_generated|ram_block1a1~porta_address_reg3 ; VGA_R[8] ; ddfs:inst15|freq_divider_DDFS:f_div_inst|count[19] ; ddfs:inst15|freq_divider_DDFS:f_div_inst|count[19] ; 20.000       ; -2.091     ; 5.692      ;
; 10.217 ; ddfs:inst15|sin_lut:lut_inst|altsyncram:rom_rtl_0|altsyncram_qm81:auto_generated|ram_block1a1~porta_address_reg4 ; VGA_R[8] ; ddfs:inst15|freq_divider_DDFS:f_div_inst|count[19] ; ddfs:inst15|freq_divider_DDFS:f_div_inst|count[19] ; 20.000       ; -2.091     ; 5.692      ;
; 10.217 ; ddfs:inst15|sin_lut:lut_inst|altsyncram:rom_rtl_0|altsyncram_qm81:auto_generated|ram_block1a1~porta_address_reg5 ; VGA_R[8] ; ddfs:inst15|freq_divider_DDFS:f_div_inst|count[19] ; ddfs:inst15|freq_divider_DDFS:f_div_inst|count[19] ; 20.000       ; -2.091     ; 5.692      ;
; 10.217 ; ddfs:inst15|sin_lut:lut_inst|altsyncram:rom_rtl_0|altsyncram_qm81:auto_generated|ram_block1a1~porta_address_reg6 ; VGA_R[8] ; ddfs:inst15|freq_divider_DDFS:f_div_inst|count[19] ; ddfs:inst15|freq_divider_DDFS:f_div_inst|count[19] ; 20.000       ; -2.091     ; 5.692      ;
; 10.217 ; ddfs:inst15|sin_lut:lut_inst|altsyncram:rom_rtl_0|altsyncram_qm81:auto_generated|ram_block1a1~porta_address_reg7 ; VGA_R[8] ; ddfs:inst15|freq_divider_DDFS:f_div_inst|count[19] ; ddfs:inst15|freq_divider_DDFS:f_div_inst|count[19] ; 20.000       ; -2.091     ; 5.692      ;
; 10.217 ; ddfs:inst15|sin_lut:lut_inst|altsyncram:rom_rtl_0|altsyncram_qm81:auto_generated|ram_block1a1~porta_address_reg8 ; VGA_R[8] ; ddfs:inst15|freq_divider_DDFS:f_div_inst|count[19] ; ddfs:inst15|freq_divider_DDFS:f_div_inst|count[19] ; 20.000       ; -2.091     ; 5.692      ;
; 10.217 ; ddfs:inst15|sin_lut:lut_inst|altsyncram:rom_rtl_0|altsyncram_qm81:auto_generated|ram_block1a1~porta_address_reg9 ; VGA_R[8] ; ddfs:inst15|freq_divider_DDFS:f_div_inst|count[19] ; ddfs:inst15|freq_divider_DDFS:f_div_inst|count[19] ; 20.000       ; -2.091     ; 5.692      ;
; 10.229 ; ddfs:inst15|sin_lut:lut_inst|altsyncram:rom_rtl_0|altsyncram_qm81:auto_generated|ram_block1a4~porta_address_reg0 ; VGA_R[9] ; ddfs:inst15|freq_divider_DDFS:f_div_inst|count[19] ; ddfs:inst15|freq_divider_DDFS:f_div_inst|count[19] ; 20.000       ; -2.098     ; 5.673      ;
; 10.229 ; ddfs:inst15|sin_lut:lut_inst|altsyncram:rom_rtl_0|altsyncram_qm81:auto_generated|ram_block1a4~porta_address_reg1 ; VGA_R[9] ; ddfs:inst15|freq_divider_DDFS:f_div_inst|count[19] ; ddfs:inst15|freq_divider_DDFS:f_div_inst|count[19] ; 20.000       ; -2.098     ; 5.673      ;
; 10.229 ; ddfs:inst15|sin_lut:lut_inst|altsyncram:rom_rtl_0|altsyncram_qm81:auto_generated|ram_block1a4~porta_address_reg2 ; VGA_R[9] ; ddfs:inst15|freq_divider_DDFS:f_div_inst|count[19] ; ddfs:inst15|freq_divider_DDFS:f_div_inst|count[19] ; 20.000       ; -2.098     ; 5.673      ;
; 10.229 ; ddfs:inst15|sin_lut:lut_inst|altsyncram:rom_rtl_0|altsyncram_qm81:auto_generated|ram_block1a4~porta_address_reg3 ; VGA_R[9] ; ddfs:inst15|freq_divider_DDFS:f_div_inst|count[19] ; ddfs:inst15|freq_divider_DDFS:f_div_inst|count[19] ; 20.000       ; -2.098     ; 5.673      ;
; 10.229 ; ddfs:inst15|sin_lut:lut_inst|altsyncram:rom_rtl_0|altsyncram_qm81:auto_generated|ram_block1a4~porta_address_reg4 ; VGA_R[9] ; ddfs:inst15|freq_divider_DDFS:f_div_inst|count[19] ; ddfs:inst15|freq_divider_DDFS:f_div_inst|count[19] ; 20.000       ; -2.098     ; 5.673      ;
; 10.229 ; ddfs:inst15|sin_lut:lut_inst|altsyncram:rom_rtl_0|altsyncram_qm81:auto_generated|ram_block1a4~porta_address_reg5 ; VGA_R[9] ; ddfs:inst15|freq_divider_DDFS:f_div_inst|count[19] ; ddfs:inst15|freq_divider_DDFS:f_div_inst|count[19] ; 20.000       ; -2.098     ; 5.673      ;
; 10.229 ; ddfs:inst15|sin_lut:lut_inst|altsyncram:rom_rtl_0|altsyncram_qm81:auto_generated|ram_block1a4~porta_address_reg6 ; VGA_R[9] ; ddfs:inst15|freq_divider_DDFS:f_div_inst|count[19] ; ddfs:inst15|freq_divider_DDFS:f_div_inst|count[19] ; 20.000       ; -2.098     ; 5.673      ;
; 10.229 ; ddfs:inst15|sin_lut:lut_inst|altsyncram:rom_rtl_0|altsyncram_qm81:auto_generated|ram_block1a4~porta_address_reg7 ; VGA_R[9] ; ddfs:inst15|freq_divider_DDFS:f_div_inst|count[19] ; ddfs:inst15|freq_divider_DDFS:f_div_inst|count[19] ; 20.000       ; -2.098     ; 5.673      ;
; 10.229 ; ddfs:inst15|sin_lut:lut_inst|altsyncram:rom_rtl_0|altsyncram_qm81:auto_generated|ram_block1a4~porta_address_reg8 ; VGA_R[9] ; ddfs:inst15|freq_divider_DDFS:f_div_inst|count[19] ; ddfs:inst15|freq_divider_DDFS:f_div_inst|count[19] ; 20.000       ; -2.098     ; 5.673      ;
; 10.229 ; ddfs:inst15|sin_lut:lut_inst|altsyncram:rom_rtl_0|altsyncram_qm81:auto_generated|ram_block1a4~porta_address_reg9 ; VGA_R[9] ; ddfs:inst15|freq_divider_DDFS:f_div_inst|count[19] ; ddfs:inst15|freq_divider_DDFS:f_div_inst|count[19] ; 20.000       ; -2.098     ; 5.673      ;
; 10.234 ; ddfs:inst15|sin_lut:lut_inst|altsyncram:rom_rtl_0|altsyncram_qm81:auto_generated|ram_block1a1~porta_address_reg0 ; VGA_R[5] ; ddfs:inst15|freq_divider_DDFS:f_div_inst|count[19] ; ddfs:inst15|freq_divider_DDFS:f_div_inst|count[19] ; 20.000       ; -2.091     ; 5.675      ;
; 10.234 ; ddfs:inst15|sin_lut:lut_inst|altsyncram:rom_rtl_0|altsyncram_qm81:auto_generated|ram_block1a1~porta_address_reg1 ; VGA_R[5] ; ddfs:inst15|freq_divider_DDFS:f_div_inst|count[19] ; ddfs:inst15|freq_divider_DDFS:f_div_inst|count[19] ; 20.000       ; -2.091     ; 5.675      ;
; 10.234 ; ddfs:inst15|sin_lut:lut_inst|altsyncram:rom_rtl_0|altsyncram_qm81:auto_generated|ram_block1a1~porta_address_reg2 ; VGA_R[5] ; ddfs:inst15|freq_divider_DDFS:f_div_inst|count[19] ; ddfs:inst15|freq_divider_DDFS:f_div_inst|count[19] ; 20.000       ; -2.091     ; 5.675      ;
; 10.234 ; ddfs:inst15|sin_lut:lut_inst|altsyncram:rom_rtl_0|altsyncram_qm81:auto_generated|ram_block1a1~porta_address_reg3 ; VGA_R[5] ; ddfs:inst15|freq_divider_DDFS:f_div_inst|count[19] ; ddfs:inst15|freq_divider_DDFS:f_div_inst|count[19] ; 20.000       ; -2.091     ; 5.675      ;
; 10.234 ; ddfs:inst15|sin_lut:lut_inst|altsyncram:rom_rtl_0|altsyncram_qm81:auto_generated|ram_block1a1~porta_address_reg4 ; VGA_R[5] ; ddfs:inst15|freq_divider_DDFS:f_div_inst|count[19] ; ddfs:inst15|freq_divider_DDFS:f_div_inst|count[19] ; 20.000       ; -2.091     ; 5.675      ;
; 10.234 ; ddfs:inst15|sin_lut:lut_inst|altsyncram:rom_rtl_0|altsyncram_qm81:auto_generated|ram_block1a1~porta_address_reg5 ; VGA_R[5] ; ddfs:inst15|freq_divider_DDFS:f_div_inst|count[19] ; ddfs:inst15|freq_divider_DDFS:f_div_inst|count[19] ; 20.000       ; -2.091     ; 5.675      ;
; 10.234 ; ddfs:inst15|sin_lut:lut_inst|altsyncram:rom_rtl_0|altsyncram_qm81:auto_generated|ram_block1a1~porta_address_reg6 ; VGA_R[5] ; ddfs:inst15|freq_divider_DDFS:f_div_inst|count[19] ; ddfs:inst15|freq_divider_DDFS:f_div_inst|count[19] ; 20.000       ; -2.091     ; 5.675      ;
; 10.234 ; ddfs:inst15|sin_lut:lut_inst|altsyncram:rom_rtl_0|altsyncram_qm81:auto_generated|ram_block1a1~porta_address_reg7 ; VGA_R[5] ; ddfs:inst15|freq_divider_DDFS:f_div_inst|count[19] ; ddfs:inst15|freq_divider_DDFS:f_div_inst|count[19] ; 20.000       ; -2.091     ; 5.675      ;
; 10.234 ; ddfs:inst15|sin_lut:lut_inst|altsyncram:rom_rtl_0|altsyncram_qm81:auto_generated|ram_block1a1~porta_address_reg8 ; VGA_R[5] ; ddfs:inst15|freq_divider_DDFS:f_div_inst|count[19] ; ddfs:inst15|freq_divider_DDFS:f_div_inst|count[19] ; 20.000       ; -2.091     ; 5.675      ;
; 10.234 ; ddfs:inst15|sin_lut:lut_inst|altsyncram:rom_rtl_0|altsyncram_qm81:auto_generated|ram_block1a1~porta_address_reg9 ; VGA_R[5] ; ddfs:inst15|freq_divider_DDFS:f_div_inst|count[19] ; ddfs:inst15|freq_divider_DDFS:f_div_inst|count[19] ; 20.000       ; -2.091     ; 5.675      ;
; 10.322 ; ddfs:inst15|sin_lut:lut_inst|altsyncram:rom_rtl_0|altsyncram_qm81:auto_generated|ram_block1a8~porta_address_reg0 ; VGA_R[9] ; ddfs:inst15|freq_divider_DDFS:f_div_inst|count[19] ; ddfs:inst15|freq_divider_DDFS:f_div_inst|count[19] ; 20.000       ; -2.104     ; 5.574      ;
; 10.322 ; ddfs:inst15|sin_lut:lut_inst|altsyncram:rom_rtl_0|altsyncram_qm81:auto_generated|ram_block1a8~porta_address_reg1 ; VGA_R[9] ; ddfs:inst15|freq_divider_DDFS:f_div_inst|count[19] ; ddfs:inst15|freq_divider_DDFS:f_div_inst|count[19] ; 20.000       ; -2.104     ; 5.574      ;
; 10.322 ; ddfs:inst15|sin_lut:lut_inst|altsyncram:rom_rtl_0|altsyncram_qm81:auto_generated|ram_block1a8~porta_address_reg2 ; VGA_R[9] ; ddfs:inst15|freq_divider_DDFS:f_div_inst|count[19] ; ddfs:inst15|freq_divider_DDFS:f_div_inst|count[19] ; 20.000       ; -2.104     ; 5.574      ;
; 10.322 ; ddfs:inst15|sin_lut:lut_inst|altsyncram:rom_rtl_0|altsyncram_qm81:auto_generated|ram_block1a8~porta_address_reg3 ; VGA_R[9] ; ddfs:inst15|freq_divider_DDFS:f_div_inst|count[19] ; ddfs:inst15|freq_divider_DDFS:f_div_inst|count[19] ; 20.000       ; -2.104     ; 5.574      ;
; 10.322 ; ddfs:inst15|sin_lut:lut_inst|altsyncram:rom_rtl_0|altsyncram_qm81:auto_generated|ram_block1a8~porta_address_reg4 ; VGA_R[9] ; ddfs:inst15|freq_divider_DDFS:f_div_inst|count[19] ; ddfs:inst15|freq_divider_DDFS:f_div_inst|count[19] ; 20.000       ; -2.104     ; 5.574      ;
; 10.322 ; ddfs:inst15|sin_lut:lut_inst|altsyncram:rom_rtl_0|altsyncram_qm81:auto_generated|ram_block1a8~porta_address_reg5 ; VGA_R[9] ; ddfs:inst15|freq_divider_DDFS:f_div_inst|count[19] ; ddfs:inst15|freq_divider_DDFS:f_div_inst|count[19] ; 20.000       ; -2.104     ; 5.574      ;
; 10.322 ; ddfs:inst15|sin_lut:lut_inst|altsyncram:rom_rtl_0|altsyncram_qm81:auto_generated|ram_block1a8~porta_address_reg6 ; VGA_R[9] ; ddfs:inst15|freq_divider_DDFS:f_div_inst|count[19] ; ddfs:inst15|freq_divider_DDFS:f_div_inst|count[19] ; 20.000       ; -2.104     ; 5.574      ;
; 10.322 ; ddfs:inst15|sin_lut:lut_inst|altsyncram:rom_rtl_0|altsyncram_qm81:auto_generated|ram_block1a8~porta_address_reg7 ; VGA_R[9] ; ddfs:inst15|freq_divider_DDFS:f_div_inst|count[19] ; ddfs:inst15|freq_divider_DDFS:f_div_inst|count[19] ; 20.000       ; -2.104     ; 5.574      ;
; 10.322 ; ddfs:inst15|sin_lut:lut_inst|altsyncram:rom_rtl_0|altsyncram_qm81:auto_generated|ram_block1a8~porta_address_reg8 ; VGA_R[9] ; ddfs:inst15|freq_divider_DDFS:f_div_inst|count[19] ; ddfs:inst15|freq_divider_DDFS:f_div_inst|count[19] ; 20.000       ; -2.104     ; 5.574      ;
; 10.322 ; ddfs:inst15|sin_lut:lut_inst|altsyncram:rom_rtl_0|altsyncram_qm81:auto_generated|ram_block1a8~porta_address_reg9 ; VGA_R[9] ; ddfs:inst15|freq_divider_DDFS:f_div_inst|count[19] ; ddfs:inst15|freq_divider_DDFS:f_div_inst|count[19] ; 20.000       ; -2.104     ; 5.574      ;
; 10.334 ; ddfs:inst15|sin_lut:lut_inst|altsyncram:rom_rtl_0|altsyncram_qm81:auto_generated|ram_block1a4~porta_address_reg0 ; VGA_R[7] ; ddfs:inst15|freq_divider_DDFS:f_div_inst|count[19] ; ddfs:inst15|freq_divider_DDFS:f_div_inst|count[19] ; 20.000       ; -2.098     ; 5.568      ;
; 10.334 ; ddfs:inst15|sin_lut:lut_inst|altsyncram:rom_rtl_0|altsyncram_qm81:auto_generated|ram_block1a4~porta_address_reg1 ; VGA_R[7] ; ddfs:inst15|freq_divider_DDFS:f_div_inst|count[19] ; ddfs:inst15|freq_divider_DDFS:f_div_inst|count[19] ; 20.000       ; -2.098     ; 5.568      ;
; 10.334 ; ddfs:inst15|sin_lut:lut_inst|altsyncram:rom_rtl_0|altsyncram_qm81:auto_generated|ram_block1a4~porta_address_reg2 ; VGA_R[7] ; ddfs:inst15|freq_divider_DDFS:f_div_inst|count[19] ; ddfs:inst15|freq_divider_DDFS:f_div_inst|count[19] ; 20.000       ; -2.098     ; 5.568      ;
; 10.334 ; ddfs:inst15|sin_lut:lut_inst|altsyncram:rom_rtl_0|altsyncram_qm81:auto_generated|ram_block1a4~porta_address_reg3 ; VGA_R[7] ; ddfs:inst15|freq_divider_DDFS:f_div_inst|count[19] ; ddfs:inst15|freq_divider_DDFS:f_div_inst|count[19] ; 20.000       ; -2.098     ; 5.568      ;
; 10.334 ; ddfs:inst15|sin_lut:lut_inst|altsyncram:rom_rtl_0|altsyncram_qm81:auto_generated|ram_block1a4~porta_address_reg4 ; VGA_R[7] ; ddfs:inst15|freq_divider_DDFS:f_div_inst|count[19] ; ddfs:inst15|freq_divider_DDFS:f_div_inst|count[19] ; 20.000       ; -2.098     ; 5.568      ;
; 10.334 ; ddfs:inst15|sin_lut:lut_inst|altsyncram:rom_rtl_0|altsyncram_qm81:auto_generated|ram_block1a4~porta_address_reg5 ; VGA_R[7] ; ddfs:inst15|freq_divider_DDFS:f_div_inst|count[19] ; ddfs:inst15|freq_divider_DDFS:f_div_inst|count[19] ; 20.000       ; -2.098     ; 5.568      ;
; 10.334 ; ddfs:inst15|sin_lut:lut_inst|altsyncram:rom_rtl_0|altsyncram_qm81:auto_generated|ram_block1a4~porta_address_reg6 ; VGA_R[7] ; ddfs:inst15|freq_divider_DDFS:f_div_inst|count[19] ; ddfs:inst15|freq_divider_DDFS:f_div_inst|count[19] ; 20.000       ; -2.098     ; 5.568      ;
; 10.334 ; ddfs:inst15|sin_lut:lut_inst|altsyncram:rom_rtl_0|altsyncram_qm81:auto_generated|ram_block1a4~porta_address_reg7 ; VGA_R[7] ; ddfs:inst15|freq_divider_DDFS:f_div_inst|count[19] ; ddfs:inst15|freq_divider_DDFS:f_div_inst|count[19] ; 20.000       ; -2.098     ; 5.568      ;
; 10.334 ; ddfs:inst15|sin_lut:lut_inst|altsyncram:rom_rtl_0|altsyncram_qm81:auto_generated|ram_block1a4~porta_address_reg8 ; VGA_R[7] ; ddfs:inst15|freq_divider_DDFS:f_div_inst|count[19] ; ddfs:inst15|freq_divider_DDFS:f_div_inst|count[19] ; 20.000       ; -2.098     ; 5.568      ;
; 10.334 ; ddfs:inst15|sin_lut:lut_inst|altsyncram:rom_rtl_0|altsyncram_qm81:auto_generated|ram_block1a4~porta_address_reg9 ; VGA_R[7] ; ddfs:inst15|freq_divider_DDFS:f_div_inst|count[19] ; ddfs:inst15|freq_divider_DDFS:f_div_inst|count[19] ; 20.000       ; -2.098     ; 5.568      ;
; 10.370 ; ddfs:inst15|sin_lut:lut_inst|altsyncram:rom_rtl_0|altsyncram_qm81:auto_generated|ram_block1a1~porta_address_reg0 ; VGA_R[4] ; ddfs:inst15|freq_divider_DDFS:f_div_inst|count[19] ; ddfs:inst15|freq_divider_DDFS:f_div_inst|count[19] ; 20.000       ; -2.091     ; 5.539      ;
; 10.370 ; ddfs:inst15|sin_lut:lut_inst|altsyncram:rom_rtl_0|altsyncram_qm81:auto_generated|ram_block1a1~porta_address_reg1 ; VGA_R[4] ; ddfs:inst15|freq_divider_DDFS:f_div_inst|count[19] ; ddfs:inst15|freq_divider_DDFS:f_div_inst|count[19] ; 20.000       ; -2.091     ; 5.539      ;
; 10.370 ; ddfs:inst15|sin_lut:lut_inst|altsyncram:rom_rtl_0|altsyncram_qm81:auto_generated|ram_block1a1~porta_address_reg2 ; VGA_R[4] ; ddfs:inst15|freq_divider_DDFS:f_div_inst|count[19] ; ddfs:inst15|freq_divider_DDFS:f_div_inst|count[19] ; 20.000       ; -2.091     ; 5.539      ;
; 10.370 ; ddfs:inst15|sin_lut:lut_inst|altsyncram:rom_rtl_0|altsyncram_qm81:auto_generated|ram_block1a1~porta_address_reg3 ; VGA_R[4] ; ddfs:inst15|freq_divider_DDFS:f_div_inst|count[19] ; ddfs:inst15|freq_divider_DDFS:f_div_inst|count[19] ; 20.000       ; -2.091     ; 5.539      ;
; 10.370 ; ddfs:inst15|sin_lut:lut_inst|altsyncram:rom_rtl_0|altsyncram_qm81:auto_generated|ram_block1a1~porta_address_reg4 ; VGA_R[4] ; ddfs:inst15|freq_divider_DDFS:f_div_inst|count[19] ; ddfs:inst15|freq_divider_DDFS:f_div_inst|count[19] ; 20.000       ; -2.091     ; 5.539      ;
; 10.370 ; ddfs:inst15|sin_lut:lut_inst|altsyncram:rom_rtl_0|altsyncram_qm81:auto_generated|ram_block1a1~porta_address_reg5 ; VGA_R[4] ; ddfs:inst15|freq_divider_DDFS:f_div_inst|count[19] ; ddfs:inst15|freq_divider_DDFS:f_div_inst|count[19] ; 20.000       ; -2.091     ; 5.539      ;
; 10.370 ; ddfs:inst15|sin_lut:lut_inst|altsyncram:rom_rtl_0|altsyncram_qm81:auto_generated|ram_block1a1~porta_address_reg6 ; VGA_R[4] ; ddfs:inst15|freq_divider_DDFS:f_div_inst|count[19] ; ddfs:inst15|freq_divider_DDFS:f_div_inst|count[19] ; 20.000       ; -2.091     ; 5.539      ;
; 10.370 ; ddfs:inst15|sin_lut:lut_inst|altsyncram:rom_rtl_0|altsyncram_qm81:auto_generated|ram_block1a1~porta_address_reg7 ; VGA_R[4] ; ddfs:inst15|freq_divider_DDFS:f_div_inst|count[19] ; ddfs:inst15|freq_divider_DDFS:f_div_inst|count[19] ; 20.000       ; -2.091     ; 5.539      ;
; 10.370 ; ddfs:inst15|sin_lut:lut_inst|altsyncram:rom_rtl_0|altsyncram_qm81:auto_generated|ram_block1a1~porta_address_reg8 ; VGA_R[4] ; ddfs:inst15|freq_divider_DDFS:f_div_inst|count[19] ; ddfs:inst15|freq_divider_DDFS:f_div_inst|count[19] ; 20.000       ; -2.091     ; 5.539      ;
; 10.370 ; ddfs:inst15|sin_lut:lut_inst|altsyncram:rom_rtl_0|altsyncram_qm81:auto_generated|ram_block1a1~porta_address_reg9 ; VGA_R[4] ; ddfs:inst15|freq_divider_DDFS:f_div_inst|count[19] ; ddfs:inst15|freq_divider_DDFS:f_div_inst|count[19] ; 20.000       ; -2.091     ; 5.539      ;
; 10.377 ; ddfs:inst15|sin_lut:lut_inst|altsyncram:rom_rtl_0|altsyncram_qm81:auto_generated|ram_block1a4~porta_address_reg0 ; VGA_R[6] ; ddfs:inst15|freq_divider_DDFS:f_div_inst|count[19] ; ddfs:inst15|freq_divider_DDFS:f_div_inst|count[19] ; 20.000       ; -2.098     ; 5.525      ;
; 10.377 ; ddfs:inst15|sin_lut:lut_inst|altsyncram:rom_rtl_0|altsyncram_qm81:auto_generated|ram_block1a4~porta_address_reg1 ; VGA_R[6] ; ddfs:inst15|freq_divider_DDFS:f_div_inst|count[19] ; ddfs:inst15|freq_divider_DDFS:f_div_inst|count[19] ; 20.000       ; -2.098     ; 5.525      ;
; 10.377 ; ddfs:inst15|sin_lut:lut_inst|altsyncram:rom_rtl_0|altsyncram_qm81:auto_generated|ram_block1a4~porta_address_reg2 ; VGA_R[6] ; ddfs:inst15|freq_divider_DDFS:f_div_inst|count[19] ; ddfs:inst15|freq_divider_DDFS:f_div_inst|count[19] ; 20.000       ; -2.098     ; 5.525      ;
; 10.377 ; ddfs:inst15|sin_lut:lut_inst|altsyncram:rom_rtl_0|altsyncram_qm81:auto_generated|ram_block1a4~porta_address_reg3 ; VGA_R[6] ; ddfs:inst15|freq_divider_DDFS:f_div_inst|count[19] ; ddfs:inst15|freq_divider_DDFS:f_div_inst|count[19] ; 20.000       ; -2.098     ; 5.525      ;
; 10.377 ; ddfs:inst15|sin_lut:lut_inst|altsyncram:rom_rtl_0|altsyncram_qm81:auto_generated|ram_block1a4~porta_address_reg4 ; VGA_R[6] ; ddfs:inst15|freq_divider_DDFS:f_div_inst|count[19] ; ddfs:inst15|freq_divider_DDFS:f_div_inst|count[19] ; 20.000       ; -2.098     ; 5.525      ;
; 10.377 ; ddfs:inst15|sin_lut:lut_inst|altsyncram:rom_rtl_0|altsyncram_qm81:auto_generated|ram_block1a4~porta_address_reg5 ; VGA_R[6] ; ddfs:inst15|freq_divider_DDFS:f_div_inst|count[19] ; ddfs:inst15|freq_divider_DDFS:f_div_inst|count[19] ; 20.000       ; -2.098     ; 5.525      ;
; 10.377 ; ddfs:inst15|sin_lut:lut_inst|altsyncram:rom_rtl_0|altsyncram_qm81:auto_generated|ram_block1a4~porta_address_reg6 ; VGA_R[6] ; ddfs:inst15|freq_divider_DDFS:f_div_inst|count[19] ; ddfs:inst15|freq_divider_DDFS:f_div_inst|count[19] ; 20.000       ; -2.098     ; 5.525      ;
; 10.377 ; ddfs:inst15|sin_lut:lut_inst|altsyncram:rom_rtl_0|altsyncram_qm81:auto_generated|ram_block1a4~porta_address_reg7 ; VGA_R[6] ; ddfs:inst15|freq_divider_DDFS:f_div_inst|count[19] ; ddfs:inst15|freq_divider_DDFS:f_div_inst|count[19] ; 20.000       ; -2.098     ; 5.525      ;
; 10.377 ; ddfs:inst15|sin_lut:lut_inst|altsyncram:rom_rtl_0|altsyncram_qm81:auto_generated|ram_block1a4~porta_address_reg8 ; VGA_R[6] ; ddfs:inst15|freq_divider_DDFS:f_div_inst|count[19] ; ddfs:inst15|freq_divider_DDFS:f_div_inst|count[19] ; 20.000       ; -2.098     ; 5.525      ;
+--------+------------------------------------------------------------------------------------------------------------------+----------+----------------------------------------------------+----------------------------------------------------+--------------+------------+------------+


+-------------------------------------------------------------------------------------------------------------------------------------------------------------------------------------------------------------------------------+
; Fast Model Setup: 'inst|altpll_component|pll|clk[0]'                                                                                                                                                                          ;
+-------+---------------------------------------------------+----------------------------------------------------+----------------------------------+----------------------------------+--------------+------------+------------+
; Slack ; From Node                                         ; To Node                                            ; Launch Clock                     ; Latch Clock                      ; Relationship ; Clock Skew ; Data Delay ;
+-------+---------------------------------------------------+----------------------------------------------------+----------------------------------+----------------------------------+--------------+------------+------------+
; 6.898 ; metastab_3xdff:inst4|freq_control_sync[1]         ; ddfs:inst15|freq_divider_DDFS:f_div_inst|count[1]  ; inst|altpll_component|pll|clk[0] ; inst|altpll_component|pll|clk[0] ; 10.000       ; 0.002      ; 3.136      ;
; 6.899 ; metastab_3xdff:inst4|freq_control_sync[1]         ; ddfs:inst15|freq_divider_DDFS:f_div_inst|count[6]  ; inst|altpll_component|pll|clk[0] ; inst|altpll_component|pll|clk[0] ; 10.000       ; 0.002      ; 3.135      ;
; 6.900 ; metastab_3xdff:inst4|freq_control_sync[1]         ; ddfs:inst15|freq_divider_DDFS:f_div_inst|count[0]  ; inst|altpll_component|pll|clk[0] ; inst|altpll_component|pll|clk[0] ; 10.000       ; 0.002      ; 3.134      ;
; 6.900 ; metastab_3xdff:inst4|freq_control_sync[1]         ; ddfs:inst15|freq_divider_DDFS:f_div_inst|count[5]  ; inst|altpll_component|pll|clk[0] ; inst|altpll_component|pll|clk[0] ; 10.000       ; 0.002      ; 3.134      ;
; 6.900 ; metastab_3xdff:inst4|freq_control_sync[1]         ; ddfs:inst15|freq_divider_DDFS:f_div_inst|count[9]  ; inst|altpll_component|pll|clk[0] ; inst|altpll_component|pll|clk[0] ; 10.000       ; 0.002      ; 3.134      ;
; 6.978 ; metastab_3xdff:inst4|freq_control_sync[1]         ; ddfs:inst15|freq_divider_DDFS:f_div_inst|count[8]  ; inst|altpll_component|pll|clk[0] ; inst|altpll_component|pll|clk[0] ; 10.000       ; 0.002      ; 3.056      ;
; 6.980 ; metastab_3xdff:inst4|freq_control_sync[2]         ; ddfs:inst15|freq_divider_DDFS:f_div_inst|count[1]  ; inst|altpll_component|pll|clk[0] ; inst|altpll_component|pll|clk[0] ; 10.000       ; 0.002      ; 3.054      ;
; 6.981 ; metastab_3xdff:inst4|freq_control_sync[2]         ; ddfs:inst15|freq_divider_DDFS:f_div_inst|count[6]  ; inst|altpll_component|pll|clk[0] ; inst|altpll_component|pll|clk[0] ; 10.000       ; 0.002      ; 3.053      ;
; 6.982 ; metastab_3xdff:inst4|freq_control_sync[2]         ; ddfs:inst15|freq_divider_DDFS:f_div_inst|count[0]  ; inst|altpll_component|pll|clk[0] ; inst|altpll_component|pll|clk[0] ; 10.000       ; 0.002      ; 3.052      ;
; 6.982 ; metastab_3xdff:inst4|freq_control_sync[2]         ; ddfs:inst15|freq_divider_DDFS:f_div_inst|count[5]  ; inst|altpll_component|pll|clk[0] ; inst|altpll_component|pll|clk[0] ; 10.000       ; 0.002      ; 3.052      ;
; 6.982 ; metastab_3xdff:inst4|freq_control_sync[2]         ; ddfs:inst15|freq_divider_DDFS:f_div_inst|count[9]  ; inst|altpll_component|pll|clk[0] ; inst|altpll_component|pll|clk[0] ; 10.000       ; 0.002      ; 3.052      ;
; 7.030 ; metastab_3xdff:inst4|freq_control_sync[0]         ; ddfs:inst15|freq_divider_DDFS:f_div_inst|count[1]  ; inst|altpll_component|pll|clk[0] ; inst|altpll_component|pll|clk[0] ; 10.000       ; 0.002      ; 3.004      ;
; 7.031 ; metastab_3xdff:inst4|freq_control_sync[0]         ; ddfs:inst15|freq_divider_DDFS:f_div_inst|count[6]  ; inst|altpll_component|pll|clk[0] ; inst|altpll_component|pll|clk[0] ; 10.000       ; 0.002      ; 3.003      ;
; 7.032 ; metastab_3xdff:inst4|freq_control_sync[0]         ; ddfs:inst15|freq_divider_DDFS:f_div_inst|count[0]  ; inst|altpll_component|pll|clk[0] ; inst|altpll_component|pll|clk[0] ; 10.000       ; 0.002      ; 3.002      ;
; 7.032 ; metastab_3xdff:inst4|freq_control_sync[0]         ; ddfs:inst15|freq_divider_DDFS:f_div_inst|count[5]  ; inst|altpll_component|pll|clk[0] ; inst|altpll_component|pll|clk[0] ; 10.000       ; 0.002      ; 3.002      ;
; 7.032 ; metastab_3xdff:inst4|freq_control_sync[0]         ; ddfs:inst15|freq_divider_DDFS:f_div_inst|count[9]  ; inst|altpll_component|pll|clk[0] ; inst|altpll_component|pll|clk[0] ; 10.000       ; 0.002      ; 3.002      ;
; 7.060 ; metastab_3xdff:inst4|freq_control_sync[2]         ; ddfs:inst15|freq_divider_DDFS:f_div_inst|count[8]  ; inst|altpll_component|pll|clk[0] ; inst|altpll_component|pll|clk[0] ; 10.000       ; 0.002      ; 2.974      ;
; 7.079 ; metastab_3xdff:inst4|freq_control_sync[1]         ; ddfs:inst15|freq_divider_DDFS:f_div_inst|count[18] ; inst|altpll_component|pll|clk[0] ; inst|altpll_component|pll|clk[0] ; 10.000       ; 0.013      ; 2.966      ;
; 7.080 ; metastab_3xdff:inst4|freq_control_sync[1]         ; ddfs:inst15|freq_divider_DDFS:f_div_inst|count[17] ; inst|altpll_component|pll|clk[0] ; inst|altpll_component|pll|clk[0] ; 10.000       ; 0.013      ; 2.965      ;
; 7.110 ; metastab_3xdff:inst4|freq_control_sync[0]         ; ddfs:inst15|freq_divider_DDFS:f_div_inst|count[8]  ; inst|altpll_component|pll|clk[0] ; inst|altpll_component|pll|clk[0] ; 10.000       ; 0.002      ; 2.924      ;
; 7.160 ; metastab_3xdff:inst4|freq_control_sync[1]         ; ddfs:inst15|freq_divider_DDFS:f_div_inst|count[4]  ; inst|altpll_component|pll|clk[0] ; inst|altpll_component|pll|clk[0] ; 10.000       ; 0.013      ; 2.885      ;
; 7.161 ; metastab_3xdff:inst4|freq_control_sync[2]         ; ddfs:inst15|freq_divider_DDFS:f_div_inst|count[18] ; inst|altpll_component|pll|clk[0] ; inst|altpll_component|pll|clk[0] ; 10.000       ; 0.013      ; 2.884      ;
; 7.162 ; metastab_3xdff:inst4|freq_control_sync[2]         ; ddfs:inst15|freq_divider_DDFS:f_div_inst|count[17] ; inst|altpll_component|pll|clk[0] ; inst|altpll_component|pll|clk[0] ; 10.000       ; 0.013      ; 2.883      ;
; 7.208 ; metastab_3xdff:inst4|freq_control_sync[1]         ; ddfs:inst15|freq_divider_DDFS:f_div_inst|count[2]  ; inst|altpll_component|pll|clk[0] ; inst|altpll_component|pll|clk[0] ; 10.000       ; 0.012      ; 2.836      ;
; 7.209 ; metastab_3xdff:inst4|freq_control_sync[1]         ; ddfs:inst15|freq_divider_DDFS:f_div_inst|count[15] ; inst|altpll_component|pll|clk[0] ; inst|altpll_component|pll|clk[0] ; 10.000       ; 0.012      ; 2.835      ;
; 7.210 ; metastab_3xdff:inst4|freq_control_sync[1]         ; ddfs:inst15|freq_divider_DDFS:f_div_inst|count[3]  ; inst|altpll_component|pll|clk[0] ; inst|altpll_component|pll|clk[0] ; 10.000       ; 0.012      ; 2.834      ;
; 7.211 ; metastab_3xdff:inst4|freq_control_sync[0]         ; ddfs:inst15|freq_divider_DDFS:f_div_inst|count[18] ; inst|altpll_component|pll|clk[0] ; inst|altpll_component|pll|clk[0] ; 10.000       ; 0.013      ; 2.834      ;
; 7.212 ; metastab_3xdff:inst4|freq_control_sync[0]         ; ddfs:inst15|freq_divider_DDFS:f_div_inst|count[17] ; inst|altpll_component|pll|clk[0] ; inst|altpll_component|pll|clk[0] ; 10.000       ; 0.013      ; 2.833      ;
; 7.240 ; metastab_3xdff:inst4|freq_control_sync[1]         ; ddfs:inst15|freq_divider_DDFS:f_div_inst|count[11] ; inst|altpll_component|pll|clk[0] ; inst|altpll_component|pll|clk[0] ; 10.000       ; 0.013      ; 2.805      ;
; 7.242 ; metastab_3xdff:inst4|freq_control_sync[2]         ; ddfs:inst15|freq_divider_DDFS:f_div_inst|count[4]  ; inst|altpll_component|pll|clk[0] ; inst|altpll_component|pll|clk[0] ; 10.000       ; 0.013      ; 2.803      ;
; 7.271 ; metastab_3xdff:inst4|freq_control_sync[1]         ; ddfs:inst15|freq_divider_DDFS:f_div_inst|count[12] ; inst|altpll_component|pll|clk[0] ; inst|altpll_component|pll|clk[0] ; 10.000       ; 0.013      ; 2.774      ;
; 7.272 ; metastab_3xdff:inst4|freq_control_sync[1]         ; ddfs:inst15|freq_divider_DDFS:f_div_inst|count[14] ; inst|altpll_component|pll|clk[0] ; inst|altpll_component|pll|clk[0] ; 10.000       ; 0.013      ; 2.773      ;
; 7.289 ; metastab_3xdff:inst4|freq_control_sync[1]         ; ddfs:inst15|freq_divider_DDFS:f_div_inst|count[13] ; inst|altpll_component|pll|clk[0] ; inst|altpll_component|pll|clk[0] ; 10.000       ; 0.012      ; 2.755      ;
; 7.289 ; metastab_3xdff:inst4|freq_control_sync[1]         ; ddfs:inst15|freq_divider_DDFS:f_div_inst|count[16] ; inst|altpll_component|pll|clk[0] ; inst|altpll_component|pll|clk[0] ; 10.000       ; 0.012      ; 2.755      ;
; 7.290 ; metastab_3xdff:inst4|freq_control_sync[2]         ; ddfs:inst15|freq_divider_DDFS:f_div_inst|count[2]  ; inst|altpll_component|pll|clk[0] ; inst|altpll_component|pll|clk[0] ; 10.000       ; 0.012      ; 2.754      ;
; 7.291 ; metastab_3xdff:inst4|freq_control_sync[2]         ; ddfs:inst15|freq_divider_DDFS:f_div_inst|count[15] ; inst|altpll_component|pll|clk[0] ; inst|altpll_component|pll|clk[0] ; 10.000       ; 0.012      ; 2.753      ;
; 7.292 ; metastab_3xdff:inst4|freq_control_sync[0]         ; ddfs:inst15|freq_divider_DDFS:f_div_inst|count[4]  ; inst|altpll_component|pll|clk[0] ; inst|altpll_component|pll|clk[0] ; 10.000       ; 0.013      ; 2.753      ;
; 7.292 ; metastab_3xdff:inst4|freq_control_sync[2]         ; ddfs:inst15|freq_divider_DDFS:f_div_inst|count[3]  ; inst|altpll_component|pll|clk[0] ; inst|altpll_component|pll|clk[0] ; 10.000       ; 0.012      ; 2.752      ;
; 7.322 ; metastab_3xdff:inst4|freq_control_sync[2]         ; ddfs:inst15|freq_divider_DDFS:f_div_inst|count[11] ; inst|altpll_component|pll|clk[0] ; inst|altpll_component|pll|clk[0] ; 10.000       ; 0.013      ; 2.723      ;
; 7.340 ; metastab_3xdff:inst4|freq_control_sync[0]         ; ddfs:inst15|freq_divider_DDFS:f_div_inst|count[2]  ; inst|altpll_component|pll|clk[0] ; inst|altpll_component|pll|clk[0] ; 10.000       ; 0.012      ; 2.704      ;
; 7.341 ; metastab_3xdff:inst4|freq_control_sync[0]         ; ddfs:inst15|freq_divider_DDFS:f_div_inst|count[15] ; inst|altpll_component|pll|clk[0] ; inst|altpll_component|pll|clk[0] ; 10.000       ; 0.012      ; 2.703      ;
; 7.342 ; metastab_3xdff:inst4|freq_control_sync[0]         ; ddfs:inst15|freq_divider_DDFS:f_div_inst|count[3]  ; inst|altpll_component|pll|clk[0] ; inst|altpll_component|pll|clk[0] ; 10.000       ; 0.012      ; 2.702      ;
; 7.343 ; metastab_3xdff:inst4|freq_control_sync[1]         ; ddfs:inst15|freq_divider_DDFS:f_div_inst|count[19] ; inst|altpll_component|pll|clk[0] ; inst|altpll_component|pll|clk[0] ; 10.000       ; 0.012      ; 2.701      ;
; 7.353 ; metastab_3xdff:inst4|freq_control_sync[2]         ; ddfs:inst15|freq_divider_DDFS:f_div_inst|count[12] ; inst|altpll_component|pll|clk[0] ; inst|altpll_component|pll|clk[0] ; 10.000       ; 0.013      ; 2.692      ;
; 7.354 ; metastab_3xdff:inst4|freq_control_sync[2]         ; ddfs:inst15|freq_divider_DDFS:f_div_inst|count[14] ; inst|altpll_component|pll|clk[0] ; inst|altpll_component|pll|clk[0] ; 10.000       ; 0.013      ; 2.691      ;
; 7.371 ; metastab_3xdff:inst4|freq_control_sync[2]         ; ddfs:inst15|freq_divider_DDFS:f_div_inst|count[13] ; inst|altpll_component|pll|clk[0] ; inst|altpll_component|pll|clk[0] ; 10.000       ; 0.012      ; 2.673      ;
; 7.371 ; metastab_3xdff:inst4|freq_control_sync[2]         ; ddfs:inst15|freq_divider_DDFS:f_div_inst|count[16] ; inst|altpll_component|pll|clk[0] ; inst|altpll_component|pll|clk[0] ; 10.000       ; 0.012      ; 2.673      ;
; 7.372 ; metastab_3xdff:inst4|freq_control_sync[0]         ; ddfs:inst15|freq_divider_DDFS:f_div_inst|count[11] ; inst|altpll_component|pll|clk[0] ; inst|altpll_component|pll|clk[0] ; 10.000       ; 0.013      ; 2.673      ;
; 7.403 ; metastab_3xdff:inst4|freq_control_sync[0]         ; ddfs:inst15|freq_divider_DDFS:f_div_inst|count[12] ; inst|altpll_component|pll|clk[0] ; inst|altpll_component|pll|clk[0] ; 10.000       ; 0.013      ; 2.642      ;
; 7.404 ; metastab_3xdff:inst4|freq_control_sync[0]         ; ddfs:inst15|freq_divider_DDFS:f_div_inst|count[14] ; inst|altpll_component|pll|clk[0] ; inst|altpll_component|pll|clk[0] ; 10.000       ; 0.013      ; 2.641      ;
; 7.421 ; metastab_3xdff:inst4|freq_control_sync[0]         ; ddfs:inst15|freq_divider_DDFS:f_div_inst|count[13] ; inst|altpll_component|pll|clk[0] ; inst|altpll_component|pll|clk[0] ; 10.000       ; 0.012      ; 2.623      ;
; 7.421 ; metastab_3xdff:inst4|freq_control_sync[0]         ; ddfs:inst15|freq_divider_DDFS:f_div_inst|count[16] ; inst|altpll_component|pll|clk[0] ; inst|altpll_component|pll|clk[0] ; 10.000       ; 0.012      ; 2.623      ;
; 7.425 ; metastab_3xdff:inst4|freq_control_sync[2]         ; ddfs:inst15|freq_divider_DDFS:f_div_inst|count[19] ; inst|altpll_component|pll|clk[0] ; inst|altpll_component|pll|clk[0] ; 10.000       ; 0.012      ; 2.619      ;
; 7.444 ; metastab_3xdff:inst4|freq_control_sync[1]         ; ddfs:inst15|freq_divider_DDFS:f_div_inst|count[10] ; inst|altpll_component|pll|clk[0] ; inst|altpll_component|pll|clk[0] ; 10.000       ; 0.012      ; 2.600      ;
; 7.463 ; metastab_3xdff:inst4|freq_control_sync[1]         ; ddfs:inst15|freq_divider_DDFS:f_div_inst|count[7]  ; inst|altpll_component|pll|clk[0] ; inst|altpll_component|pll|clk[0] ; 10.000       ; 0.012      ; 2.581      ;
; 7.475 ; metastab_3xdff:inst4|freq_control_sync[0]         ; ddfs:inst15|freq_divider_DDFS:f_div_inst|count[19] ; inst|altpll_component|pll|clk[0] ; inst|altpll_component|pll|clk[0] ; 10.000       ; 0.012      ; 2.569      ;
; 7.526 ; metastab_3xdff:inst4|freq_control_sync[2]         ; ddfs:inst15|freq_divider_DDFS:f_div_inst|count[10] ; inst|altpll_component|pll|clk[0] ; inst|altpll_component|pll|clk[0] ; 10.000       ; 0.012      ; 2.518      ;
; 7.545 ; metastab_3xdff:inst4|freq_control_sync[2]         ; ddfs:inst15|freq_divider_DDFS:f_div_inst|count[7]  ; inst|altpll_component|pll|clk[0] ; inst|altpll_component|pll|clk[0] ; 10.000       ; 0.012      ; 2.499      ;
; 7.576 ; metastab_3xdff:inst4|freq_control_sync[0]         ; ddfs:inst15|freq_divider_DDFS:f_div_inst|count[10] ; inst|altpll_component|pll|clk[0] ; inst|altpll_component|pll|clk[0] ; 10.000       ; 0.012      ; 2.468      ;
; 7.595 ; metastab_3xdff:inst4|freq_control_sync[0]         ; ddfs:inst15|freq_divider_DDFS:f_div_inst|count[7]  ; inst|altpll_component|pll|clk[0] ; inst|altpll_component|pll|clk[0] ; 10.000       ; 0.012      ; 2.449      ;
; 7.720 ; ddfs:inst15|freq_divider_DDFS:f_div_inst|count[4] ; ddfs:inst15|freq_divider_DDFS:f_div_inst|count[1]  ; inst|altpll_component|pll|clk[0] ; inst|altpll_component|pll|clk[0] ; 10.000       ; -0.011     ; 2.301      ;
; 7.721 ; ddfs:inst15|freq_divider_DDFS:f_div_inst|count[4] ; ddfs:inst15|freq_divider_DDFS:f_div_inst|count[6]  ; inst|altpll_component|pll|clk[0] ; inst|altpll_component|pll|clk[0] ; 10.000       ; -0.011     ; 2.300      ;
; 7.722 ; ddfs:inst15|freq_divider_DDFS:f_div_inst|count[4] ; ddfs:inst15|freq_divider_DDFS:f_div_inst|count[0]  ; inst|altpll_component|pll|clk[0] ; inst|altpll_component|pll|clk[0] ; 10.000       ; -0.011     ; 2.299      ;
; 7.722 ; ddfs:inst15|freq_divider_DDFS:f_div_inst|count[4] ; ddfs:inst15|freq_divider_DDFS:f_div_inst|count[5]  ; inst|altpll_component|pll|clk[0] ; inst|altpll_component|pll|clk[0] ; 10.000       ; -0.011     ; 2.299      ;
; 7.722 ; ddfs:inst15|freq_divider_DDFS:f_div_inst|count[4] ; ddfs:inst15|freq_divider_DDFS:f_div_inst|count[9]  ; inst|altpll_component|pll|clk[0] ; inst|altpll_component|pll|clk[0] ; 10.000       ; -0.011     ; 2.299      ;
; 7.733 ; ddfs:inst15|freq_divider_DDFS:f_div_inst|count[2] ; ddfs:inst15|freq_divider_DDFS:f_div_inst|count[1]  ; inst|altpll_component|pll|clk[0] ; inst|altpll_component|pll|clk[0] ; 10.000       ; -0.010     ; 2.289      ;
; 7.734 ; ddfs:inst15|freq_divider_DDFS:f_div_inst|count[2] ; ddfs:inst15|freq_divider_DDFS:f_div_inst|count[6]  ; inst|altpll_component|pll|clk[0] ; inst|altpll_component|pll|clk[0] ; 10.000       ; -0.010     ; 2.288      ;
; 7.735 ; ddfs:inst15|freq_divider_DDFS:f_div_inst|count[2] ; ddfs:inst15|freq_divider_DDFS:f_div_inst|count[0]  ; inst|altpll_component|pll|clk[0] ; inst|altpll_component|pll|clk[0] ; 10.000       ; -0.010     ; 2.287      ;
; 7.735 ; ddfs:inst15|freq_divider_DDFS:f_div_inst|count[2] ; ddfs:inst15|freq_divider_DDFS:f_div_inst|count[5]  ; inst|altpll_component|pll|clk[0] ; inst|altpll_component|pll|clk[0] ; 10.000       ; -0.010     ; 2.287      ;
; 7.735 ; ddfs:inst15|freq_divider_DDFS:f_div_inst|count[2] ; ddfs:inst15|freq_divider_DDFS:f_div_inst|count[9]  ; inst|altpll_component|pll|clk[0] ; inst|altpll_component|pll|clk[0] ; 10.000       ; -0.010     ; 2.287      ;
; 7.763 ; ddfs:inst15|freq_divider_DDFS:f_div_inst|count[0] ; ddfs:inst15|freq_divider_DDFS:f_div_inst|count[1]  ; inst|altpll_component|pll|clk[0] ; inst|altpll_component|pll|clk[0] ; 10.000       ; 0.000      ; 2.269      ;
; 7.764 ; ddfs:inst15|freq_divider_DDFS:f_div_inst|count[0] ; ddfs:inst15|freq_divider_DDFS:f_div_inst|count[6]  ; inst|altpll_component|pll|clk[0] ; inst|altpll_component|pll|clk[0] ; 10.000       ; 0.000      ; 2.268      ;
; 7.765 ; ddfs:inst15|freq_divider_DDFS:f_div_inst|count[0] ; ddfs:inst15|freq_divider_DDFS:f_div_inst|count[0]  ; inst|altpll_component|pll|clk[0] ; inst|altpll_component|pll|clk[0] ; 10.000       ; 0.000      ; 2.267      ;
; 7.765 ; ddfs:inst15|freq_divider_DDFS:f_div_inst|count[0] ; ddfs:inst15|freq_divider_DDFS:f_div_inst|count[5]  ; inst|altpll_component|pll|clk[0] ; inst|altpll_component|pll|clk[0] ; 10.000       ; 0.000      ; 2.267      ;
; 7.765 ; ddfs:inst15|freq_divider_DDFS:f_div_inst|count[0] ; ddfs:inst15|freq_divider_DDFS:f_div_inst|count[9]  ; inst|altpll_component|pll|clk[0] ; inst|altpll_component|pll|clk[0] ; 10.000       ; 0.000      ; 2.267      ;
; 7.784 ; ddfs:inst15|freq_divider_DDFS:f_div_inst|count[3] ; ddfs:inst15|freq_divider_DDFS:f_div_inst|count[1]  ; inst|altpll_component|pll|clk[0] ; inst|altpll_component|pll|clk[0] ; 10.000       ; -0.010     ; 2.238      ;
; 7.785 ; ddfs:inst15|freq_divider_DDFS:f_div_inst|count[3] ; ddfs:inst15|freq_divider_DDFS:f_div_inst|count[6]  ; inst|altpll_component|pll|clk[0] ; inst|altpll_component|pll|clk[0] ; 10.000       ; -0.010     ; 2.237      ;
; 7.786 ; ddfs:inst15|freq_divider_DDFS:f_div_inst|count[3] ; ddfs:inst15|freq_divider_DDFS:f_div_inst|count[0]  ; inst|altpll_component|pll|clk[0] ; inst|altpll_component|pll|clk[0] ; 10.000       ; -0.010     ; 2.236      ;
; 7.786 ; ddfs:inst15|freq_divider_DDFS:f_div_inst|count[3] ; ddfs:inst15|freq_divider_DDFS:f_div_inst|count[5]  ; inst|altpll_component|pll|clk[0] ; inst|altpll_component|pll|clk[0] ; 10.000       ; -0.010     ; 2.236      ;
; 7.786 ; ddfs:inst15|freq_divider_DDFS:f_div_inst|count[3] ; ddfs:inst15|freq_divider_DDFS:f_div_inst|count[9]  ; inst|altpll_component|pll|clk[0] ; inst|altpll_component|pll|clk[0] ; 10.000       ; -0.010     ; 2.236      ;
; 7.800 ; ddfs:inst15|freq_divider_DDFS:f_div_inst|count[7] ; ddfs:inst15|freq_divider_DDFS:f_div_inst|count[1]  ; inst|altpll_component|pll|clk[0] ; inst|altpll_component|pll|clk[0] ; 10.000       ; -0.010     ; 2.222      ;
; 7.800 ; ddfs:inst15|freq_divider_DDFS:f_div_inst|count[4] ; ddfs:inst15|freq_divider_DDFS:f_div_inst|count[8]  ; inst|altpll_component|pll|clk[0] ; inst|altpll_component|pll|clk[0] ; 10.000       ; -0.011     ; 2.221      ;
; 7.801 ; ddfs:inst15|freq_divider_DDFS:f_div_inst|count[7] ; ddfs:inst15|freq_divider_DDFS:f_div_inst|count[6]  ; inst|altpll_component|pll|clk[0] ; inst|altpll_component|pll|clk[0] ; 10.000       ; -0.010     ; 2.221      ;
; 7.801 ; ddfs:inst15|freq_divider_DDFS:f_div_inst|count[1] ; ddfs:inst15|freq_divider_DDFS:f_div_inst|count[1]  ; inst|altpll_component|pll|clk[0] ; inst|altpll_component|pll|clk[0] ; 10.000       ; 0.000      ; 2.231      ;
; 7.802 ; ddfs:inst15|freq_divider_DDFS:f_div_inst|count[7] ; ddfs:inst15|freq_divider_DDFS:f_div_inst|count[0]  ; inst|altpll_component|pll|clk[0] ; inst|altpll_component|pll|clk[0] ; 10.000       ; -0.010     ; 2.220      ;
; 7.802 ; ddfs:inst15|freq_divider_DDFS:f_div_inst|count[7] ; ddfs:inst15|freq_divider_DDFS:f_div_inst|count[5]  ; inst|altpll_component|pll|clk[0] ; inst|altpll_component|pll|clk[0] ; 10.000       ; -0.010     ; 2.220      ;
; 7.802 ; ddfs:inst15|freq_divider_DDFS:f_div_inst|count[7] ; ddfs:inst15|freq_divider_DDFS:f_div_inst|count[9]  ; inst|altpll_component|pll|clk[0] ; inst|altpll_component|pll|clk[0] ; 10.000       ; -0.010     ; 2.220      ;
; 7.802 ; ddfs:inst15|freq_divider_DDFS:f_div_inst|count[1] ; ddfs:inst15|freq_divider_DDFS:f_div_inst|count[6]  ; inst|altpll_component|pll|clk[0] ; inst|altpll_component|pll|clk[0] ; 10.000       ; 0.000      ; 2.230      ;
; 7.803 ; ddfs:inst15|freq_divider_DDFS:f_div_inst|count[1] ; ddfs:inst15|freq_divider_DDFS:f_div_inst|count[0]  ; inst|altpll_component|pll|clk[0] ; inst|altpll_component|pll|clk[0] ; 10.000       ; 0.000      ; 2.229      ;
; 7.803 ; ddfs:inst15|freq_divider_DDFS:f_div_inst|count[1] ; ddfs:inst15|freq_divider_DDFS:f_div_inst|count[5]  ; inst|altpll_component|pll|clk[0] ; inst|altpll_component|pll|clk[0] ; 10.000       ; 0.000      ; 2.229      ;
; 7.803 ; ddfs:inst15|freq_divider_DDFS:f_div_inst|count[1] ; ddfs:inst15|freq_divider_DDFS:f_div_inst|count[9]  ; inst|altpll_component|pll|clk[0] ; inst|altpll_component|pll|clk[0] ; 10.000       ; 0.000      ; 2.229      ;
; 7.813 ; ddfs:inst15|freq_divider_DDFS:f_div_inst|count[2] ; ddfs:inst15|freq_divider_DDFS:f_div_inst|count[8]  ; inst|altpll_component|pll|clk[0] ; inst|altpll_component|pll|clk[0] ; 10.000       ; -0.010     ; 2.209      ;
; 7.843 ; ddfs:inst15|freq_divider_DDFS:f_div_inst|count[0] ; ddfs:inst15|freq_divider_DDFS:f_div_inst|count[8]  ; inst|altpll_component|pll|clk[0] ; inst|altpll_component|pll|clk[0] ; 10.000       ; 0.000      ; 2.189      ;
; 7.864 ; ddfs:inst15|freq_divider_DDFS:f_div_inst|count[3] ; ddfs:inst15|freq_divider_DDFS:f_div_inst|count[8]  ; inst|altpll_component|pll|clk[0] ; inst|altpll_component|pll|clk[0] ; 10.000       ; -0.010     ; 2.158      ;
; 7.880 ; ddfs:inst15|freq_divider_DDFS:f_div_inst|count[7] ; ddfs:inst15|freq_divider_DDFS:f_div_inst|count[8]  ; inst|altpll_component|pll|clk[0] ; inst|altpll_component|pll|clk[0] ; 10.000       ; -0.010     ; 2.142      ;
; 7.881 ; ddfs:inst15|freq_divider_DDFS:f_div_inst|count[1] ; ddfs:inst15|freq_divider_DDFS:f_div_inst|count[8]  ; inst|altpll_component|pll|clk[0] ; inst|altpll_component|pll|clk[0] ; 10.000       ; 0.000      ; 2.151      ;
; 7.901 ; ddfs:inst15|freq_divider_DDFS:f_div_inst|count[4] ; ddfs:inst15|freq_divider_DDFS:f_div_inst|count[18] ; inst|altpll_component|pll|clk[0] ; inst|altpll_component|pll|clk[0] ; 10.000       ; 0.000      ; 2.131      ;
; 7.902 ; ddfs:inst15|freq_divider_DDFS:f_div_inst|count[4] ; ddfs:inst15|freq_divider_DDFS:f_div_inst|count[17] ; inst|altpll_component|pll|clk[0] ; inst|altpll_component|pll|clk[0] ; 10.000       ; 0.000      ; 2.130      ;
; 7.907 ; ddfs:inst15|freq_divider_DDFS:f_div_inst|count[2] ; ddfs:inst15|freq_divider_DDFS:f_div_inst|count[19] ; inst|altpll_component|pll|clk[0] ; inst|altpll_component|pll|clk[0] ; 10.000       ; 0.000      ; 2.125      ;
; 7.914 ; ddfs:inst15|freq_divider_DDFS:f_div_inst|count[2] ; ddfs:inst15|freq_divider_DDFS:f_div_inst|count[18] ; inst|altpll_component|pll|clk[0] ; inst|altpll_component|pll|clk[0] ; 10.000       ; 0.001      ; 2.119      ;
+-------+---------------------------------------------------+----------------------------------------------------+----------------------------------+----------------------------------+--------------+------------+------------+


+---------------------------------------------------------------------------------------------------------------------------------------------------------------------------------------------------------------------------+
; Fast Model Setup: 'CLOCK_50'                                                                                                                                                                                              ;
+--------+------------------------------------------------------------------------------------------------------------------------------+-------------+--------------+-------------+--------------+------------+------------+
; Slack  ; From Node                                                                                                                    ; To Node     ; Launch Clock ; Latch Clock ; Relationship ; Clock Skew ; Data Delay ;
+--------+------------------------------------------------------------------------------------------------------------------------------+-------------+--------------+-------------+--------------+------------+------------+
; 8.786  ; lcd_driver:inst8|text_lut:text_lut_inst|altsyncram:rom_rtl_0|altsyncram_ap81:auto_generated|ram_block1a1~porta_address_reg0  ; LCD_DATA[2] ; CLOCK_50     ; CLOCK_50    ; 20.000       ; -1.715     ; 4.499      ;
; 8.786  ; lcd_driver:inst8|text_lut:text_lut_inst|altsyncram:rom_rtl_0|altsyncram_ap81:auto_generated|ram_block1a1~porta_address_reg1  ; LCD_DATA[2] ; CLOCK_50     ; CLOCK_50    ; 20.000       ; -1.715     ; 4.499      ;
; 8.786  ; lcd_driver:inst8|text_lut:text_lut_inst|altsyncram:rom_rtl_0|altsyncram_ap81:auto_generated|ram_block1a1~porta_address_reg2  ; LCD_DATA[2] ; CLOCK_50     ; CLOCK_50    ; 20.000       ; -1.715     ; 4.499      ;
; 8.786  ; lcd_driver:inst8|text_lut:text_lut_inst|altsyncram:rom_rtl_0|altsyncram_ap81:auto_generated|ram_block1a1~porta_address_reg3  ; LCD_DATA[2] ; CLOCK_50     ; CLOCK_50    ; 20.000       ; -1.715     ; 4.499      ;
; 8.786  ; lcd_driver:inst8|text_lut:text_lut_inst|altsyncram:rom_rtl_0|altsyncram_ap81:auto_generated|ram_block1a1~porta_address_reg4  ; LCD_DATA[2] ; CLOCK_50     ; CLOCK_50    ; 20.000       ; -1.715     ; 4.499      ;
; 8.786  ; lcd_driver:inst8|text_lut:text_lut_inst|altsyncram:rom_rtl_0|altsyncram_ap81:auto_generated|ram_block1a1~porta_address_reg5  ; LCD_DATA[2] ; CLOCK_50     ; CLOCK_50    ; 20.000       ; -1.715     ; 4.499      ;
; 8.786  ; lcd_driver:inst8|text_lut:text_lut_inst|altsyncram:rom_rtl_0|altsyncram_ap81:auto_generated|ram_block1a1~porta_address_reg6  ; LCD_DATA[2] ; CLOCK_50     ; CLOCK_50    ; 20.000       ; -1.715     ; 4.499      ;
; 8.786  ; lcd_driver:inst8|text_lut:text_lut_inst|altsyncram:rom_rtl_0|altsyncram_ap81:auto_generated|ram_block1a1~porta_address_reg7  ; LCD_DATA[2] ; CLOCK_50     ; CLOCK_50    ; 20.000       ; -1.715     ; 4.499      ;
; 8.786  ; lcd_driver:inst8|text_lut:text_lut_inst|altsyncram:rom_rtl_0|altsyncram_ap81:auto_generated|ram_block1a1~porta_address_reg8  ; LCD_DATA[2] ; CLOCK_50     ; CLOCK_50    ; 20.000       ; -1.715     ; 4.499      ;
; 8.786  ; lcd_driver:inst8|text_lut:text_lut_inst|altsyncram:rom_rtl_0|altsyncram_ap81:auto_generated|ram_block1a1~porta_address_reg9  ; LCD_DATA[2] ; CLOCK_50     ; CLOCK_50    ; 20.000       ; -1.715     ; 4.499      ;
; 8.786  ; lcd_driver:inst8|text_lut:text_lut_inst|altsyncram:rom_rtl_0|altsyncram_ap81:auto_generated|ram_block1a1~porta_address_reg10 ; LCD_DATA[2] ; CLOCK_50     ; CLOCK_50    ; 20.000       ; -1.715     ; 4.499      ;
; 8.788  ; lcd_driver:inst8|text_lut:text_lut_inst|altsyncram:rom_rtl_0|altsyncram_ap81:auto_generated|ram_block1a7~porta_address_reg0  ; LCD_DATA[7] ; CLOCK_50     ; CLOCK_50    ; 20.000       ; -1.709     ; 4.503      ;
; 8.788  ; lcd_driver:inst8|text_lut:text_lut_inst|altsyncram:rom_rtl_0|altsyncram_ap81:auto_generated|ram_block1a7~porta_address_reg1  ; LCD_DATA[7] ; CLOCK_50     ; CLOCK_50    ; 20.000       ; -1.709     ; 4.503      ;
; 8.788  ; lcd_driver:inst8|text_lut:text_lut_inst|altsyncram:rom_rtl_0|altsyncram_ap81:auto_generated|ram_block1a7~porta_address_reg2  ; LCD_DATA[7] ; CLOCK_50     ; CLOCK_50    ; 20.000       ; -1.709     ; 4.503      ;
; 8.788  ; lcd_driver:inst8|text_lut:text_lut_inst|altsyncram:rom_rtl_0|altsyncram_ap81:auto_generated|ram_block1a7~porta_address_reg3  ; LCD_DATA[7] ; CLOCK_50     ; CLOCK_50    ; 20.000       ; -1.709     ; 4.503      ;
; 8.788  ; lcd_driver:inst8|text_lut:text_lut_inst|altsyncram:rom_rtl_0|altsyncram_ap81:auto_generated|ram_block1a7~porta_address_reg4  ; LCD_DATA[7] ; CLOCK_50     ; CLOCK_50    ; 20.000       ; -1.709     ; 4.503      ;
; 8.788  ; lcd_driver:inst8|text_lut:text_lut_inst|altsyncram:rom_rtl_0|altsyncram_ap81:auto_generated|ram_block1a7~porta_address_reg5  ; LCD_DATA[7] ; CLOCK_50     ; CLOCK_50    ; 20.000       ; -1.709     ; 4.503      ;
; 8.788  ; lcd_driver:inst8|text_lut:text_lut_inst|altsyncram:rom_rtl_0|altsyncram_ap81:auto_generated|ram_block1a7~porta_address_reg6  ; LCD_DATA[7] ; CLOCK_50     ; CLOCK_50    ; 20.000       ; -1.709     ; 4.503      ;
; 8.788  ; lcd_driver:inst8|text_lut:text_lut_inst|altsyncram:rom_rtl_0|altsyncram_ap81:auto_generated|ram_block1a7~porta_address_reg7  ; LCD_DATA[7] ; CLOCK_50     ; CLOCK_50    ; 20.000       ; -1.709     ; 4.503      ;
; 8.788  ; lcd_driver:inst8|text_lut:text_lut_inst|altsyncram:rom_rtl_0|altsyncram_ap81:auto_generated|ram_block1a7~porta_address_reg8  ; LCD_DATA[7] ; CLOCK_50     ; CLOCK_50    ; 20.000       ; -1.709     ; 4.503      ;
; 8.788  ; lcd_driver:inst8|text_lut:text_lut_inst|altsyncram:rom_rtl_0|altsyncram_ap81:auto_generated|ram_block1a7~porta_address_reg9  ; LCD_DATA[7] ; CLOCK_50     ; CLOCK_50    ; 20.000       ; -1.709     ; 4.503      ;
; 8.788  ; lcd_driver:inst8|text_lut:text_lut_inst|altsyncram:rom_rtl_0|altsyncram_ap81:auto_generated|ram_block1a7~porta_address_reg10 ; LCD_DATA[7] ; CLOCK_50     ; CLOCK_50    ; 20.000       ; -1.709     ; 4.503      ;
; 8.834  ; lcd_driver:inst8|text_lut:text_lut_inst|altsyncram:rom_rtl_0|altsyncram_ap81:auto_generated|ram_block1a0~porta_address_reg0  ; LCD_DATA[0] ; CLOCK_50     ; CLOCK_50    ; 20.000       ; -1.720     ; 4.446      ;
; 8.834  ; lcd_driver:inst8|text_lut:text_lut_inst|altsyncram:rom_rtl_0|altsyncram_ap81:auto_generated|ram_block1a0~porta_address_reg1  ; LCD_DATA[0] ; CLOCK_50     ; CLOCK_50    ; 20.000       ; -1.720     ; 4.446      ;
; 8.834  ; lcd_driver:inst8|text_lut:text_lut_inst|altsyncram:rom_rtl_0|altsyncram_ap81:auto_generated|ram_block1a0~porta_address_reg2  ; LCD_DATA[0] ; CLOCK_50     ; CLOCK_50    ; 20.000       ; -1.720     ; 4.446      ;
; 8.834  ; lcd_driver:inst8|text_lut:text_lut_inst|altsyncram:rom_rtl_0|altsyncram_ap81:auto_generated|ram_block1a0~porta_address_reg3  ; LCD_DATA[0] ; CLOCK_50     ; CLOCK_50    ; 20.000       ; -1.720     ; 4.446      ;
; 8.834  ; lcd_driver:inst8|text_lut:text_lut_inst|altsyncram:rom_rtl_0|altsyncram_ap81:auto_generated|ram_block1a0~porta_address_reg4  ; LCD_DATA[0] ; CLOCK_50     ; CLOCK_50    ; 20.000       ; -1.720     ; 4.446      ;
; 8.834  ; lcd_driver:inst8|text_lut:text_lut_inst|altsyncram:rom_rtl_0|altsyncram_ap81:auto_generated|ram_block1a0~porta_address_reg5  ; LCD_DATA[0] ; CLOCK_50     ; CLOCK_50    ; 20.000       ; -1.720     ; 4.446      ;
; 8.834  ; lcd_driver:inst8|text_lut:text_lut_inst|altsyncram:rom_rtl_0|altsyncram_ap81:auto_generated|ram_block1a0~porta_address_reg6  ; LCD_DATA[0] ; CLOCK_50     ; CLOCK_50    ; 20.000       ; -1.720     ; 4.446      ;
; 8.834  ; lcd_driver:inst8|text_lut:text_lut_inst|altsyncram:rom_rtl_0|altsyncram_ap81:auto_generated|ram_block1a0~porta_address_reg7  ; LCD_DATA[0] ; CLOCK_50     ; CLOCK_50    ; 20.000       ; -1.720     ; 4.446      ;
; 8.834  ; lcd_driver:inst8|text_lut:text_lut_inst|altsyncram:rom_rtl_0|altsyncram_ap81:auto_generated|ram_block1a0~porta_address_reg8  ; LCD_DATA[0] ; CLOCK_50     ; CLOCK_50    ; 20.000       ; -1.720     ; 4.446      ;
; 8.834  ; lcd_driver:inst8|text_lut:text_lut_inst|altsyncram:rom_rtl_0|altsyncram_ap81:auto_generated|ram_block1a0~porta_address_reg9  ; LCD_DATA[0] ; CLOCK_50     ; CLOCK_50    ; 20.000       ; -1.720     ; 4.446      ;
; 8.834  ; lcd_driver:inst8|text_lut:text_lut_inst|altsyncram:rom_rtl_0|altsyncram_ap81:auto_generated|ram_block1a0~porta_address_reg10 ; LCD_DATA[0] ; CLOCK_50     ; CLOCK_50    ; 20.000       ; -1.720     ; 4.446      ;
; 8.850  ; lcd_driver:inst8|text_lut:text_lut_inst|altsyncram:rom_rtl_0|altsyncram_ap81:auto_generated|ram_block1a1~porta_address_reg0  ; LCD_DATA[1] ; CLOCK_50     ; CLOCK_50    ; 20.000       ; -1.715     ; 4.435      ;
; 8.850  ; lcd_driver:inst8|text_lut:text_lut_inst|altsyncram:rom_rtl_0|altsyncram_ap81:auto_generated|ram_block1a1~porta_address_reg1  ; LCD_DATA[1] ; CLOCK_50     ; CLOCK_50    ; 20.000       ; -1.715     ; 4.435      ;
; 8.850  ; lcd_driver:inst8|text_lut:text_lut_inst|altsyncram:rom_rtl_0|altsyncram_ap81:auto_generated|ram_block1a1~porta_address_reg2  ; LCD_DATA[1] ; CLOCK_50     ; CLOCK_50    ; 20.000       ; -1.715     ; 4.435      ;
; 8.850  ; lcd_driver:inst8|text_lut:text_lut_inst|altsyncram:rom_rtl_0|altsyncram_ap81:auto_generated|ram_block1a1~porta_address_reg3  ; LCD_DATA[1] ; CLOCK_50     ; CLOCK_50    ; 20.000       ; -1.715     ; 4.435      ;
; 8.850  ; lcd_driver:inst8|text_lut:text_lut_inst|altsyncram:rom_rtl_0|altsyncram_ap81:auto_generated|ram_block1a1~porta_address_reg4  ; LCD_DATA[1] ; CLOCK_50     ; CLOCK_50    ; 20.000       ; -1.715     ; 4.435      ;
; 8.850  ; lcd_driver:inst8|text_lut:text_lut_inst|altsyncram:rom_rtl_0|altsyncram_ap81:auto_generated|ram_block1a1~porta_address_reg5  ; LCD_DATA[1] ; CLOCK_50     ; CLOCK_50    ; 20.000       ; -1.715     ; 4.435      ;
; 8.850  ; lcd_driver:inst8|text_lut:text_lut_inst|altsyncram:rom_rtl_0|altsyncram_ap81:auto_generated|ram_block1a1~porta_address_reg6  ; LCD_DATA[1] ; CLOCK_50     ; CLOCK_50    ; 20.000       ; -1.715     ; 4.435      ;
; 8.850  ; lcd_driver:inst8|text_lut:text_lut_inst|altsyncram:rom_rtl_0|altsyncram_ap81:auto_generated|ram_block1a1~porta_address_reg7  ; LCD_DATA[1] ; CLOCK_50     ; CLOCK_50    ; 20.000       ; -1.715     ; 4.435      ;
; 8.850  ; lcd_driver:inst8|text_lut:text_lut_inst|altsyncram:rom_rtl_0|altsyncram_ap81:auto_generated|ram_block1a1~porta_address_reg8  ; LCD_DATA[1] ; CLOCK_50     ; CLOCK_50    ; 20.000       ; -1.715     ; 4.435      ;
; 8.850  ; lcd_driver:inst8|text_lut:text_lut_inst|altsyncram:rom_rtl_0|altsyncram_ap81:auto_generated|ram_block1a1~porta_address_reg9  ; LCD_DATA[1] ; CLOCK_50     ; CLOCK_50    ; 20.000       ; -1.715     ; 4.435      ;
; 8.850  ; lcd_driver:inst8|text_lut:text_lut_inst|altsyncram:rom_rtl_0|altsyncram_ap81:auto_generated|ram_block1a1~porta_address_reg10 ; LCD_DATA[1] ; CLOCK_50     ; CLOCK_50    ; 20.000       ; -1.715     ; 4.435      ;
; 8.853  ; lcd_driver:inst8|text_lut:text_lut_inst|altsyncram:rom_rtl_0|altsyncram_ap81:auto_generated|ram_block1a3~porta_address_reg0  ; LCD_DATA[4] ; CLOCK_50     ; CLOCK_50    ; 20.000       ; -1.702     ; 4.445      ;
; 8.853  ; lcd_driver:inst8|text_lut:text_lut_inst|altsyncram:rom_rtl_0|altsyncram_ap81:auto_generated|ram_block1a3~porta_address_reg1  ; LCD_DATA[4] ; CLOCK_50     ; CLOCK_50    ; 20.000       ; -1.702     ; 4.445      ;
; 8.853  ; lcd_driver:inst8|text_lut:text_lut_inst|altsyncram:rom_rtl_0|altsyncram_ap81:auto_generated|ram_block1a3~porta_address_reg2  ; LCD_DATA[4] ; CLOCK_50     ; CLOCK_50    ; 20.000       ; -1.702     ; 4.445      ;
; 8.853  ; lcd_driver:inst8|text_lut:text_lut_inst|altsyncram:rom_rtl_0|altsyncram_ap81:auto_generated|ram_block1a3~porta_address_reg3  ; LCD_DATA[4] ; CLOCK_50     ; CLOCK_50    ; 20.000       ; -1.702     ; 4.445      ;
; 8.853  ; lcd_driver:inst8|text_lut:text_lut_inst|altsyncram:rom_rtl_0|altsyncram_ap81:auto_generated|ram_block1a3~porta_address_reg4  ; LCD_DATA[4] ; CLOCK_50     ; CLOCK_50    ; 20.000       ; -1.702     ; 4.445      ;
; 8.853  ; lcd_driver:inst8|text_lut:text_lut_inst|altsyncram:rom_rtl_0|altsyncram_ap81:auto_generated|ram_block1a3~porta_address_reg5  ; LCD_DATA[4] ; CLOCK_50     ; CLOCK_50    ; 20.000       ; -1.702     ; 4.445      ;
; 8.853  ; lcd_driver:inst8|text_lut:text_lut_inst|altsyncram:rom_rtl_0|altsyncram_ap81:auto_generated|ram_block1a3~porta_address_reg6  ; LCD_DATA[4] ; CLOCK_50     ; CLOCK_50    ; 20.000       ; -1.702     ; 4.445      ;
; 8.853  ; lcd_driver:inst8|text_lut:text_lut_inst|altsyncram:rom_rtl_0|altsyncram_ap81:auto_generated|ram_block1a3~porta_address_reg7  ; LCD_DATA[4] ; CLOCK_50     ; CLOCK_50    ; 20.000       ; -1.702     ; 4.445      ;
; 8.853  ; lcd_driver:inst8|text_lut:text_lut_inst|altsyncram:rom_rtl_0|altsyncram_ap81:auto_generated|ram_block1a3~porta_address_reg8  ; LCD_DATA[4] ; CLOCK_50     ; CLOCK_50    ; 20.000       ; -1.702     ; 4.445      ;
; 8.853  ; lcd_driver:inst8|text_lut:text_lut_inst|altsyncram:rom_rtl_0|altsyncram_ap81:auto_generated|ram_block1a3~porta_address_reg9  ; LCD_DATA[4] ; CLOCK_50     ; CLOCK_50    ; 20.000       ; -1.702     ; 4.445      ;
; 8.853  ; lcd_driver:inst8|text_lut:text_lut_inst|altsyncram:rom_rtl_0|altsyncram_ap81:auto_generated|ram_block1a3~porta_address_reg10 ; LCD_DATA[4] ; CLOCK_50     ; CLOCK_50    ; 20.000       ; -1.702     ; 4.445      ;
; 8.939  ; lcd_driver:inst8|text_lut:text_lut_inst|altsyncram:rom_rtl_0|altsyncram_ap81:auto_generated|ram_block1a5~porta_address_reg0  ; LCD_DATA[5] ; CLOCK_50     ; CLOCK_50    ; 20.000       ; -1.693     ; 4.368      ;
; 8.939  ; lcd_driver:inst8|text_lut:text_lut_inst|altsyncram:rom_rtl_0|altsyncram_ap81:auto_generated|ram_block1a5~porta_address_reg1  ; LCD_DATA[5] ; CLOCK_50     ; CLOCK_50    ; 20.000       ; -1.693     ; 4.368      ;
; 8.939  ; lcd_driver:inst8|text_lut:text_lut_inst|altsyncram:rom_rtl_0|altsyncram_ap81:auto_generated|ram_block1a5~porta_address_reg2  ; LCD_DATA[5] ; CLOCK_50     ; CLOCK_50    ; 20.000       ; -1.693     ; 4.368      ;
; 8.939  ; lcd_driver:inst8|text_lut:text_lut_inst|altsyncram:rom_rtl_0|altsyncram_ap81:auto_generated|ram_block1a5~porta_address_reg3  ; LCD_DATA[5] ; CLOCK_50     ; CLOCK_50    ; 20.000       ; -1.693     ; 4.368      ;
; 8.939  ; lcd_driver:inst8|text_lut:text_lut_inst|altsyncram:rom_rtl_0|altsyncram_ap81:auto_generated|ram_block1a5~porta_address_reg4  ; LCD_DATA[5] ; CLOCK_50     ; CLOCK_50    ; 20.000       ; -1.693     ; 4.368      ;
; 8.939  ; lcd_driver:inst8|text_lut:text_lut_inst|altsyncram:rom_rtl_0|altsyncram_ap81:auto_generated|ram_block1a5~porta_address_reg5  ; LCD_DATA[5] ; CLOCK_50     ; CLOCK_50    ; 20.000       ; -1.693     ; 4.368      ;
; 8.939  ; lcd_driver:inst8|text_lut:text_lut_inst|altsyncram:rom_rtl_0|altsyncram_ap81:auto_generated|ram_block1a5~porta_address_reg6  ; LCD_DATA[5] ; CLOCK_50     ; CLOCK_50    ; 20.000       ; -1.693     ; 4.368      ;
; 8.939  ; lcd_driver:inst8|text_lut:text_lut_inst|altsyncram:rom_rtl_0|altsyncram_ap81:auto_generated|ram_block1a5~porta_address_reg7  ; LCD_DATA[5] ; CLOCK_50     ; CLOCK_50    ; 20.000       ; -1.693     ; 4.368      ;
; 8.939  ; lcd_driver:inst8|text_lut:text_lut_inst|altsyncram:rom_rtl_0|altsyncram_ap81:auto_generated|ram_block1a5~porta_address_reg8  ; LCD_DATA[5] ; CLOCK_50     ; CLOCK_50    ; 20.000       ; -1.693     ; 4.368      ;
; 8.939  ; lcd_driver:inst8|text_lut:text_lut_inst|altsyncram:rom_rtl_0|altsyncram_ap81:auto_generated|ram_block1a5~porta_address_reg9  ; LCD_DATA[5] ; CLOCK_50     ; CLOCK_50    ; 20.000       ; -1.693     ; 4.368      ;
; 8.939  ; lcd_driver:inst8|text_lut:text_lut_inst|altsyncram:rom_rtl_0|altsyncram_ap81:auto_generated|ram_block1a5~porta_address_reg10 ; LCD_DATA[5] ; CLOCK_50     ; CLOCK_50    ; 20.000       ; -1.693     ; 4.368      ;
; 8.994  ; lcd_driver:inst8|text_lut:text_lut_inst|altsyncram:rom_rtl_0|altsyncram_ap81:auto_generated|ram_block1a3~porta_address_reg0  ; LCD_DATA[3] ; CLOCK_50     ; CLOCK_50    ; 20.000       ; -1.702     ; 4.304      ;
; 8.994  ; lcd_driver:inst8|text_lut:text_lut_inst|altsyncram:rom_rtl_0|altsyncram_ap81:auto_generated|ram_block1a3~porta_address_reg1  ; LCD_DATA[3] ; CLOCK_50     ; CLOCK_50    ; 20.000       ; -1.702     ; 4.304      ;
; 8.994  ; lcd_driver:inst8|text_lut:text_lut_inst|altsyncram:rom_rtl_0|altsyncram_ap81:auto_generated|ram_block1a3~porta_address_reg2  ; LCD_DATA[3] ; CLOCK_50     ; CLOCK_50    ; 20.000       ; -1.702     ; 4.304      ;
; 8.994  ; lcd_driver:inst8|text_lut:text_lut_inst|altsyncram:rom_rtl_0|altsyncram_ap81:auto_generated|ram_block1a3~porta_address_reg3  ; LCD_DATA[3] ; CLOCK_50     ; CLOCK_50    ; 20.000       ; -1.702     ; 4.304      ;
; 8.994  ; lcd_driver:inst8|text_lut:text_lut_inst|altsyncram:rom_rtl_0|altsyncram_ap81:auto_generated|ram_block1a3~porta_address_reg4  ; LCD_DATA[3] ; CLOCK_50     ; CLOCK_50    ; 20.000       ; -1.702     ; 4.304      ;
; 8.994  ; lcd_driver:inst8|text_lut:text_lut_inst|altsyncram:rom_rtl_0|altsyncram_ap81:auto_generated|ram_block1a3~porta_address_reg5  ; LCD_DATA[3] ; CLOCK_50     ; CLOCK_50    ; 20.000       ; -1.702     ; 4.304      ;
; 8.994  ; lcd_driver:inst8|text_lut:text_lut_inst|altsyncram:rom_rtl_0|altsyncram_ap81:auto_generated|ram_block1a3~porta_address_reg6  ; LCD_DATA[3] ; CLOCK_50     ; CLOCK_50    ; 20.000       ; -1.702     ; 4.304      ;
; 8.994  ; lcd_driver:inst8|text_lut:text_lut_inst|altsyncram:rom_rtl_0|altsyncram_ap81:auto_generated|ram_block1a3~porta_address_reg7  ; LCD_DATA[3] ; CLOCK_50     ; CLOCK_50    ; 20.000       ; -1.702     ; 4.304      ;
; 8.994  ; lcd_driver:inst8|text_lut:text_lut_inst|altsyncram:rom_rtl_0|altsyncram_ap81:auto_generated|ram_block1a3~porta_address_reg8  ; LCD_DATA[3] ; CLOCK_50     ; CLOCK_50    ; 20.000       ; -1.702     ; 4.304      ;
; 8.994  ; lcd_driver:inst8|text_lut:text_lut_inst|altsyncram:rom_rtl_0|altsyncram_ap81:auto_generated|ram_block1a3~porta_address_reg9  ; LCD_DATA[3] ; CLOCK_50     ; CLOCK_50    ; 20.000       ; -1.702     ; 4.304      ;
; 8.994  ; lcd_driver:inst8|text_lut:text_lut_inst|altsyncram:rom_rtl_0|altsyncram_ap81:auto_generated|ram_block1a3~porta_address_reg10 ; LCD_DATA[3] ; CLOCK_50     ; CLOCK_50    ; 20.000       ; -1.702     ; 4.304      ;
; 8.999  ; lcd_driver:inst8|text_lut:text_lut_inst|altsyncram:rom_rtl_0|altsyncram_ap81:auto_generated|ram_block1a5~porta_address_reg0  ; LCD_DATA[6] ; CLOCK_50     ; CLOCK_50    ; 20.000       ; -1.693     ; 4.308      ;
; 8.999  ; lcd_driver:inst8|text_lut:text_lut_inst|altsyncram:rom_rtl_0|altsyncram_ap81:auto_generated|ram_block1a5~porta_address_reg1  ; LCD_DATA[6] ; CLOCK_50     ; CLOCK_50    ; 20.000       ; -1.693     ; 4.308      ;
; 8.999  ; lcd_driver:inst8|text_lut:text_lut_inst|altsyncram:rom_rtl_0|altsyncram_ap81:auto_generated|ram_block1a5~porta_address_reg2  ; LCD_DATA[6] ; CLOCK_50     ; CLOCK_50    ; 20.000       ; -1.693     ; 4.308      ;
; 8.999  ; lcd_driver:inst8|text_lut:text_lut_inst|altsyncram:rom_rtl_0|altsyncram_ap81:auto_generated|ram_block1a5~porta_address_reg3  ; LCD_DATA[6] ; CLOCK_50     ; CLOCK_50    ; 20.000       ; -1.693     ; 4.308      ;
; 8.999  ; lcd_driver:inst8|text_lut:text_lut_inst|altsyncram:rom_rtl_0|altsyncram_ap81:auto_generated|ram_block1a5~porta_address_reg4  ; LCD_DATA[6] ; CLOCK_50     ; CLOCK_50    ; 20.000       ; -1.693     ; 4.308      ;
; 8.999  ; lcd_driver:inst8|text_lut:text_lut_inst|altsyncram:rom_rtl_0|altsyncram_ap81:auto_generated|ram_block1a5~porta_address_reg5  ; LCD_DATA[6] ; CLOCK_50     ; CLOCK_50    ; 20.000       ; -1.693     ; 4.308      ;
; 8.999  ; lcd_driver:inst8|text_lut:text_lut_inst|altsyncram:rom_rtl_0|altsyncram_ap81:auto_generated|ram_block1a5~porta_address_reg6  ; LCD_DATA[6] ; CLOCK_50     ; CLOCK_50    ; 20.000       ; -1.693     ; 4.308      ;
; 8.999  ; lcd_driver:inst8|text_lut:text_lut_inst|altsyncram:rom_rtl_0|altsyncram_ap81:auto_generated|ram_block1a5~porta_address_reg7  ; LCD_DATA[6] ; CLOCK_50     ; CLOCK_50    ; 20.000       ; -1.693     ; 4.308      ;
; 8.999  ; lcd_driver:inst8|text_lut:text_lut_inst|altsyncram:rom_rtl_0|altsyncram_ap81:auto_generated|ram_block1a5~porta_address_reg8  ; LCD_DATA[6] ; CLOCK_50     ; CLOCK_50    ; 20.000       ; -1.693     ; 4.308      ;
; 8.999  ; lcd_driver:inst8|text_lut:text_lut_inst|altsyncram:rom_rtl_0|altsyncram_ap81:auto_generated|ram_block1a5~porta_address_reg9  ; LCD_DATA[6] ; CLOCK_50     ; CLOCK_50    ; 20.000       ; -1.693     ; 4.308      ;
; 8.999  ; lcd_driver:inst8|text_lut:text_lut_inst|altsyncram:rom_rtl_0|altsyncram_ap81:auto_generated|ram_block1a5~porta_address_reg10 ; LCD_DATA[6] ; CLOCK_50     ; CLOCK_50    ; 20.000       ; -1.693     ; 4.308      ;
; 9.058  ; lcd_driver:inst8|text_lut:text_lut_inst|altsyncram:rom_rtl_0|altsyncram_ap81:auto_generated|ram_block1a7~porta_address_reg0  ; LCD_RS      ; CLOCK_50     ; CLOCK_50    ; 20.000       ; -1.709     ; 4.233      ;
; 9.058  ; lcd_driver:inst8|text_lut:text_lut_inst|altsyncram:rom_rtl_0|altsyncram_ap81:auto_generated|ram_block1a7~porta_address_reg1  ; LCD_RS      ; CLOCK_50     ; CLOCK_50    ; 20.000       ; -1.709     ; 4.233      ;
; 9.058  ; lcd_driver:inst8|text_lut:text_lut_inst|altsyncram:rom_rtl_0|altsyncram_ap81:auto_generated|ram_block1a7~porta_address_reg2  ; LCD_RS      ; CLOCK_50     ; CLOCK_50    ; 20.000       ; -1.709     ; 4.233      ;
; 9.058  ; lcd_driver:inst8|text_lut:text_lut_inst|altsyncram:rom_rtl_0|altsyncram_ap81:auto_generated|ram_block1a7~porta_address_reg3  ; LCD_RS      ; CLOCK_50     ; CLOCK_50    ; 20.000       ; -1.709     ; 4.233      ;
; 9.058  ; lcd_driver:inst8|text_lut:text_lut_inst|altsyncram:rom_rtl_0|altsyncram_ap81:auto_generated|ram_block1a7~porta_address_reg4  ; LCD_RS      ; CLOCK_50     ; CLOCK_50    ; 20.000       ; -1.709     ; 4.233      ;
; 9.058  ; lcd_driver:inst8|text_lut:text_lut_inst|altsyncram:rom_rtl_0|altsyncram_ap81:auto_generated|ram_block1a7~porta_address_reg5  ; LCD_RS      ; CLOCK_50     ; CLOCK_50    ; 20.000       ; -1.709     ; 4.233      ;
; 9.058  ; lcd_driver:inst8|text_lut:text_lut_inst|altsyncram:rom_rtl_0|altsyncram_ap81:auto_generated|ram_block1a7~porta_address_reg6  ; LCD_RS      ; CLOCK_50     ; CLOCK_50    ; 20.000       ; -1.709     ; 4.233      ;
; 9.058  ; lcd_driver:inst8|text_lut:text_lut_inst|altsyncram:rom_rtl_0|altsyncram_ap81:auto_generated|ram_block1a7~porta_address_reg7  ; LCD_RS      ; CLOCK_50     ; CLOCK_50    ; 20.000       ; -1.709     ; 4.233      ;
; 9.058  ; lcd_driver:inst8|text_lut:text_lut_inst|altsyncram:rom_rtl_0|altsyncram_ap81:auto_generated|ram_block1a7~porta_address_reg8  ; LCD_RS      ; CLOCK_50     ; CLOCK_50    ; 20.000       ; -1.709     ; 4.233      ;
; 9.058  ; lcd_driver:inst8|text_lut:text_lut_inst|altsyncram:rom_rtl_0|altsyncram_ap81:auto_generated|ram_block1a7~porta_address_reg9  ; LCD_RS      ; CLOCK_50     ; CLOCK_50    ; 20.000       ; -1.709     ; 4.233      ;
; 9.058  ; lcd_driver:inst8|text_lut:text_lut_inst|altsyncram:rom_rtl_0|altsyncram_ap81:auto_generated|ram_block1a7~porta_address_reg10 ; LCD_RS      ; CLOCK_50     ; CLOCK_50    ; 20.000       ; -1.709     ; 4.233      ;
; 10.507 ; lcd_driver:inst8|state.WAIT_BUTTON_SHORT                                                                                     ; LCD_DATA[0] ; CLOCK_50     ; CLOCK_50    ; 20.000       ; -1.627     ; 2.866      ;
+--------+------------------------------------------------------------------------------------------------------------------------------+-------------+--------------+-------------+--------------+------------+------------+


+---------------------------------------------------------------------------------------------------------------------------------------------------------------------------------------------------------------------------------------------------------------------------------+
; Fast Model Setup: 'keypad_freq_sel_module:inst1|freq_divider_keypad_module:freq_div|q'                                                                                                                                                                                          ;
+--------+-------------------------------------------------------------------------+-----------+--------------------------------------------------------------------+--------------------------------------------------------------------+--------------+------------+------------+
; Slack  ; From Node                                                               ; To Node   ; Launch Clock                                                       ; Latch Clock                                                        ; Relationship ; Clock Skew ; Data Delay ;
+--------+-------------------------------------------------------------------------+-----------+--------------------------------------------------------------------+--------------------------------------------------------------------+--------------+------------+------------+
; 9.525  ; keypad_freq_sel_module:inst1|keypad_module:keypad_mod_inst|i_column[18] ; GPIO_1[3] ; keypad_freq_sel_module:inst1|freq_divider_keypad_module:freq_div|q ; keypad_freq_sel_module:inst1|freq_divider_keypad_module:freq_div|q ; 20.000       ; -1.705     ; 3.770      ;
; 9.529  ; keypad_freq_sel_module:inst1|keypad_module:keypad_mod_inst|i_column[18] ; GPIO_1[1] ; keypad_freq_sel_module:inst1|freq_divider_keypad_module:freq_div|q ; keypad_freq_sel_module:inst1|freq_divider_keypad_module:freq_div|q ; 20.000       ; -1.705     ; 3.766      ;
; 9.572  ; keypad_freq_sel_module:inst1|keypad_module:keypad_mod_inst|i_column[25] ; GPIO_1[3] ; keypad_freq_sel_module:inst1|freq_divider_keypad_module:freq_div|q ; keypad_freq_sel_module:inst1|freq_divider_keypad_module:freq_div|q ; 20.000       ; -1.705     ; 3.723      ;
; 9.572  ; keypad_freq_sel_module:inst1|keypad_module:keypad_mod_inst|i_column[25] ; GPIO_1[1] ; keypad_freq_sel_module:inst1|freq_divider_keypad_module:freq_div|q ; keypad_freq_sel_module:inst1|freq_divider_keypad_module:freq_div|q ; 20.000       ; -1.705     ; 3.723      ;
; 9.577  ; keypad_freq_sel_module:inst1|keypad_module:keypad_mod_inst|i_column[8]  ; GPIO_1[3] ; keypad_freq_sel_module:inst1|freq_divider_keypad_module:freq_div|q ; keypad_freq_sel_module:inst1|freq_divider_keypad_module:freq_div|q ; 20.000       ; -1.702     ; 3.721      ;
; 9.581  ; keypad_freq_sel_module:inst1|keypad_module:keypad_mod_inst|i_column[8]  ; GPIO_1[1] ; keypad_freq_sel_module:inst1|freq_divider_keypad_module:freq_div|q ; keypad_freq_sel_module:inst1|freq_divider_keypad_module:freq_div|q ; 20.000       ; -1.702     ; 3.717      ;
; 9.588  ; keypad_freq_sel_module:inst1|keypad_module:keypad_mod_inst|i_column[19] ; GPIO_1[3] ; keypad_freq_sel_module:inst1|freq_divider_keypad_module:freq_div|q ; keypad_freq_sel_module:inst1|freq_divider_keypad_module:freq_div|q ; 20.000       ; -1.705     ; 3.707      ;
; 9.592  ; keypad_freq_sel_module:inst1|keypad_module:keypad_mod_inst|i_column[19] ; GPIO_1[1] ; keypad_freq_sel_module:inst1|freq_divider_keypad_module:freq_div|q ; keypad_freq_sel_module:inst1|freq_divider_keypad_module:freq_div|q ; 20.000       ; -1.705     ; 3.703      ;
; 9.595  ; keypad_freq_sel_module:inst1|keypad_module:keypad_mod_inst|i_column[14] ; GPIO_1[3] ; keypad_freq_sel_module:inst1|freq_divider_keypad_module:freq_div|q ; keypad_freq_sel_module:inst1|freq_divider_keypad_module:freq_div|q ; 20.000       ; -1.702     ; 3.703      ;
; 9.597  ; keypad_freq_sel_module:inst1|keypad_module:keypad_mod_inst|i_column[24] ; GPIO_1[3] ; keypad_freq_sel_module:inst1|freq_divider_keypad_module:freq_div|q ; keypad_freq_sel_module:inst1|freq_divider_keypad_module:freq_div|q ; 20.000       ; -1.705     ; 3.698      ;
; 9.597  ; keypad_freq_sel_module:inst1|keypad_module:keypad_mod_inst|i_column[24] ; GPIO_1[1] ; keypad_freq_sel_module:inst1|freq_divider_keypad_module:freq_div|q ; keypad_freq_sel_module:inst1|freq_divider_keypad_module:freq_div|q ; 20.000       ; -1.705     ; 3.698      ;
; 9.599  ; keypad_freq_sel_module:inst1|keypad_module:keypad_mod_inst|i_column[14] ; GPIO_1[1] ; keypad_freq_sel_module:inst1|freq_divider_keypad_module:freq_div|q ; keypad_freq_sel_module:inst1|freq_divider_keypad_module:freq_div|q ; 20.000       ; -1.702     ; 3.699      ;
; 9.601  ; keypad_freq_sel_module:inst1|keypad_module:keypad_mod_inst|i_column[17] ; GPIO_1[3] ; keypad_freq_sel_module:inst1|freq_divider_keypad_module:freq_div|q ; keypad_freq_sel_module:inst1|freq_divider_keypad_module:freq_div|q ; 20.000       ; -1.705     ; 3.694      ;
; 9.605  ; keypad_freq_sel_module:inst1|keypad_module:keypad_mod_inst|i_column[17] ; GPIO_1[1] ; keypad_freq_sel_module:inst1|freq_divider_keypad_module:freq_div|q ; keypad_freq_sel_module:inst1|freq_divider_keypad_module:freq_div|q ; 20.000       ; -1.705     ; 3.690      ;
; 9.674  ; keypad_freq_sel_module:inst1|keypad_module:keypad_mod_inst|i_column[26] ; GPIO_1[3] ; keypad_freq_sel_module:inst1|freq_divider_keypad_module:freq_div|q ; keypad_freq_sel_module:inst1|freq_divider_keypad_module:freq_div|q ; 20.000       ; -1.705     ; 3.621      ;
; 9.674  ; keypad_freq_sel_module:inst1|keypad_module:keypad_mod_inst|i_column[26] ; GPIO_1[1] ; keypad_freq_sel_module:inst1|freq_divider_keypad_module:freq_div|q ; keypad_freq_sel_module:inst1|freq_divider_keypad_module:freq_div|q ; 20.000       ; -1.705     ; 3.621      ;
; 9.685  ; keypad_freq_sel_module:inst1|keypad_module:keypad_mod_inst|i_column[9]  ; GPIO_1[3] ; keypad_freq_sel_module:inst1|freq_divider_keypad_module:freq_div|q ; keypad_freq_sel_module:inst1|freq_divider_keypad_module:freq_div|q ; 20.000       ; -1.702     ; 3.613      ;
; 9.689  ; keypad_freq_sel_module:inst1|keypad_module:keypad_mod_inst|i_column[9]  ; GPIO_1[1] ; keypad_freq_sel_module:inst1|freq_divider_keypad_module:freq_div|q ; keypad_freq_sel_module:inst1|freq_divider_keypad_module:freq_div|q ; 20.000       ; -1.702     ; 3.609      ;
; 9.702  ; keypad_freq_sel_module:inst1|keypad_module:keypad_mod_inst|i_column[13] ; GPIO_1[3] ; keypad_freq_sel_module:inst1|freq_divider_keypad_module:freq_div|q ; keypad_freq_sel_module:inst1|freq_divider_keypad_module:freq_div|q ; 20.000       ; -1.702     ; 3.596      ;
; 9.706  ; keypad_freq_sel_module:inst1|keypad_module:keypad_mod_inst|i_column[13] ; GPIO_1[1] ; keypad_freq_sel_module:inst1|freq_divider_keypad_module:freq_div|q ; keypad_freq_sel_module:inst1|freq_divider_keypad_module:freq_div|q ; 20.000       ; -1.702     ; 3.592      ;
; 9.727  ; keypad_freq_sel_module:inst1|keypad_module:keypad_mod_inst|i_column[1]  ; GPIO_1[3] ; keypad_freq_sel_module:inst1|freq_divider_keypad_module:freq_div|q ; keypad_freq_sel_module:inst1|freq_divider_keypad_module:freq_div|q ; 20.000       ; -1.702     ; 3.571      ;
; 9.731  ; keypad_freq_sel_module:inst1|keypad_module:keypad_mod_inst|i_column[6]  ; GPIO_1[3] ; keypad_freq_sel_module:inst1|freq_divider_keypad_module:freq_div|q ; keypad_freq_sel_module:inst1|freq_divider_keypad_module:freq_div|q ; 20.000       ; -1.702     ; 3.567      ;
; 9.731  ; keypad_freq_sel_module:inst1|keypad_module:keypad_mod_inst|i_column[1]  ; GPIO_1[1] ; keypad_freq_sel_module:inst1|freq_divider_keypad_module:freq_div|q ; keypad_freq_sel_module:inst1|freq_divider_keypad_module:freq_div|q ; 20.000       ; -1.702     ; 3.567      ;
; 9.735  ; keypad_freq_sel_module:inst1|keypad_module:keypad_mod_inst|i_column[6]  ; GPIO_1[1] ; keypad_freq_sel_module:inst1|freq_divider_keypad_module:freq_div|q ; keypad_freq_sel_module:inst1|freq_divider_keypad_module:freq_div|q ; 20.000       ; -1.702     ; 3.563      ;
; 9.755  ; keypad_freq_sel_module:inst1|keypad_module:keypad_mod_inst|i_column[10] ; GPIO_1[3] ; keypad_freq_sel_module:inst1|freq_divider_keypad_module:freq_div|q ; keypad_freq_sel_module:inst1|freq_divider_keypad_module:freq_div|q ; 20.000       ; -1.702     ; 3.543      ;
; 9.759  ; keypad_freq_sel_module:inst1|keypad_module:keypad_mod_inst|i_column[10] ; GPIO_1[1] ; keypad_freq_sel_module:inst1|freq_divider_keypad_module:freq_div|q ; keypad_freq_sel_module:inst1|freq_divider_keypad_module:freq_div|q ; 20.000       ; -1.702     ; 3.539      ;
; 9.771  ; keypad_freq_sel_module:inst1|keypad_module:keypad_mod_inst|i_column[16] ; GPIO_1[3] ; keypad_freq_sel_module:inst1|freq_divider_keypad_module:freq_div|q ; keypad_freq_sel_module:inst1|freq_divider_keypad_module:freq_div|q ; 20.000       ; -1.705     ; 3.524      ;
; 9.775  ; keypad_freq_sel_module:inst1|keypad_module:keypad_mod_inst|i_column[16] ; GPIO_1[1] ; keypad_freq_sel_module:inst1|freq_divider_keypad_module:freq_div|q ; keypad_freq_sel_module:inst1|freq_divider_keypad_module:freq_div|q ; 20.000       ; -1.705     ; 3.520      ;
; 9.775  ; keypad_freq_sel_module:inst1|keypad_module:keypad_mod_inst|i_column[22] ; GPIO_1[3] ; keypad_freq_sel_module:inst1|freq_divider_keypad_module:freq_div|q ; keypad_freq_sel_module:inst1|freq_divider_keypad_module:freq_div|q ; 20.000       ; -1.705     ; 3.520      ;
; 9.775  ; keypad_freq_sel_module:inst1|keypad_module:keypad_mod_inst|i_column[22] ; GPIO_1[1] ; keypad_freq_sel_module:inst1|freq_divider_keypad_module:freq_div|q ; keypad_freq_sel_module:inst1|freq_divider_keypad_module:freq_div|q ; 20.000       ; -1.705     ; 3.520      ;
; 9.783  ; keypad_freq_sel_module:inst1|keypad_module:keypad_mod_inst|i_column[0]  ; GPIO_1[3] ; keypad_freq_sel_module:inst1|freq_divider_keypad_module:freq_div|q ; keypad_freq_sel_module:inst1|freq_divider_keypad_module:freq_div|q ; 20.000       ; -1.702     ; 3.515      ;
; 9.784  ; keypad_freq_sel_module:inst1|keypad_module:keypad_mod_inst|i_column[15] ; GPIO_1[3] ; keypad_freq_sel_module:inst1|freq_divider_keypad_module:freq_div|q ; keypad_freq_sel_module:inst1|freq_divider_keypad_module:freq_div|q ; 20.000       ; -1.702     ; 3.514      ;
; 9.785  ; keypad_freq_sel_module:inst1|keypad_module:keypad_mod_inst|i_column[28] ; GPIO_1[3] ; keypad_freq_sel_module:inst1|freq_divider_keypad_module:freq_div|q ; keypad_freq_sel_module:inst1|freq_divider_keypad_module:freq_div|q ; 20.000       ; -1.705     ; 3.510      ;
; 9.785  ; keypad_freq_sel_module:inst1|keypad_module:keypad_mod_inst|i_column[28] ; GPIO_1[1] ; keypad_freq_sel_module:inst1|freq_divider_keypad_module:freq_div|q ; keypad_freq_sel_module:inst1|freq_divider_keypad_module:freq_div|q ; 20.000       ; -1.705     ; 3.510      ;
; 9.787  ; keypad_freq_sel_module:inst1|keypad_module:keypad_mod_inst|i_column[0]  ; GPIO_1[1] ; keypad_freq_sel_module:inst1|freq_divider_keypad_module:freq_div|q ; keypad_freq_sel_module:inst1|freq_divider_keypad_module:freq_div|q ; 20.000       ; -1.702     ; 3.511      ;
; 9.788  ; keypad_freq_sel_module:inst1|keypad_module:keypad_mod_inst|i_column[15] ; GPIO_1[1] ; keypad_freq_sel_module:inst1|freq_divider_keypad_module:freq_div|q ; keypad_freq_sel_module:inst1|freq_divider_keypad_module:freq_div|q ; 20.000       ; -1.702     ; 3.510      ;
; 9.793  ; keypad_freq_sel_module:inst1|keypad_module:keypad_mod_inst|i_column[3]  ; GPIO_1[3] ; keypad_freq_sel_module:inst1|freq_divider_keypad_module:freq_div|q ; keypad_freq_sel_module:inst1|freq_divider_keypad_module:freq_div|q ; 20.000       ; -1.702     ; 3.505      ;
; 9.797  ; keypad_freq_sel_module:inst1|keypad_module:keypad_mod_inst|i_column[3]  ; GPIO_1[1] ; keypad_freq_sel_module:inst1|freq_divider_keypad_module:freq_div|q ; keypad_freq_sel_module:inst1|freq_divider_keypad_module:freq_div|q ; 20.000       ; -1.702     ; 3.501      ;
; 9.798  ; keypad_freq_sel_module:inst1|keypad_module:keypad_mod_inst|i_column[4]  ; GPIO_1[3] ; keypad_freq_sel_module:inst1|freq_divider_keypad_module:freq_div|q ; keypad_freq_sel_module:inst1|freq_divider_keypad_module:freq_div|q ; 20.000       ; -1.702     ; 3.500      ;
; 9.802  ; keypad_freq_sel_module:inst1|keypad_module:keypad_mod_inst|i_column[4]  ; GPIO_1[1] ; keypad_freq_sel_module:inst1|freq_divider_keypad_module:freq_div|q ; keypad_freq_sel_module:inst1|freq_divider_keypad_module:freq_div|q ; 20.000       ; -1.702     ; 3.496      ;
; 9.812  ; keypad_freq_sel_module:inst1|keypad_module:keypad_mod_inst|i_column[11] ; GPIO_1[3] ; keypad_freq_sel_module:inst1|freq_divider_keypad_module:freq_div|q ; keypad_freq_sel_module:inst1|freq_divider_keypad_module:freq_div|q ; 20.000       ; -1.702     ; 3.486      ;
; 9.816  ; keypad_freq_sel_module:inst1|keypad_module:keypad_mod_inst|i_column[11] ; GPIO_1[1] ; keypad_freq_sel_module:inst1|freq_divider_keypad_module:freq_div|q ; keypad_freq_sel_module:inst1|freq_divider_keypad_module:freq_div|q ; 20.000       ; -1.702     ; 3.482      ;
; 9.818  ; keypad_freq_sel_module:inst1|keypad_module:keypad_mod_inst|i_column[27] ; GPIO_1[3] ; keypad_freq_sel_module:inst1|freq_divider_keypad_module:freq_div|q ; keypad_freq_sel_module:inst1|freq_divider_keypad_module:freq_div|q ; 20.000       ; -1.705     ; 3.477      ;
; 9.818  ; keypad_freq_sel_module:inst1|keypad_module:keypad_mod_inst|i_column[27] ; GPIO_1[1] ; keypad_freq_sel_module:inst1|freq_divider_keypad_module:freq_div|q ; keypad_freq_sel_module:inst1|freq_divider_keypad_module:freq_div|q ; 20.000       ; -1.705     ; 3.477      ;
; 9.822  ; keypad_freq_sel_module:inst1|keypad_module:keypad_mod_inst|i_column[7]  ; GPIO_1[3] ; keypad_freq_sel_module:inst1|freq_divider_keypad_module:freq_div|q ; keypad_freq_sel_module:inst1|freq_divider_keypad_module:freq_div|q ; 20.000       ; -1.702     ; 3.476      ;
; 9.825  ; keypad_freq_sel_module:inst1|keypad_module:keypad_mod_inst|i_column[12] ; GPIO_1[3] ; keypad_freq_sel_module:inst1|freq_divider_keypad_module:freq_div|q ; keypad_freq_sel_module:inst1|freq_divider_keypad_module:freq_div|q ; 20.000       ; -1.702     ; 3.473      ;
; 9.826  ; keypad_freq_sel_module:inst1|keypad_module:keypad_mod_inst|i_column[7]  ; GPIO_1[1] ; keypad_freq_sel_module:inst1|freq_divider_keypad_module:freq_div|q ; keypad_freq_sel_module:inst1|freq_divider_keypad_module:freq_div|q ; 20.000       ; -1.702     ; 3.472      ;
; 9.829  ; keypad_freq_sel_module:inst1|keypad_module:keypad_mod_inst|i_column[12] ; GPIO_1[1] ; keypad_freq_sel_module:inst1|freq_divider_keypad_module:freq_div|q ; keypad_freq_sel_module:inst1|freq_divider_keypad_module:freq_div|q ; 20.000       ; -1.702     ; 3.469      ;
; 9.846  ; keypad_freq_sel_module:inst1|keypad_module:keypad_mod_inst|i_column[21] ; GPIO_1[3] ; keypad_freq_sel_module:inst1|freq_divider_keypad_module:freq_div|q ; keypad_freq_sel_module:inst1|freq_divider_keypad_module:freq_div|q ; 20.000       ; -1.705     ; 3.449      ;
; 9.846  ; keypad_freq_sel_module:inst1|keypad_module:keypad_mod_inst|i_column[21] ; GPIO_1[1] ; keypad_freq_sel_module:inst1|freq_divider_keypad_module:freq_div|q ; keypad_freq_sel_module:inst1|freq_divider_keypad_module:freq_div|q ; 20.000       ; -1.705     ; 3.449      ;
; 9.857  ; keypad_freq_sel_module:inst1|keypad_module:keypad_mod_inst|i_column[30] ; GPIO_1[3] ; keypad_freq_sel_module:inst1|freq_divider_keypad_module:freq_div|q ; keypad_freq_sel_module:inst1|freq_divider_keypad_module:freq_div|q ; 20.000       ; -1.705     ; 3.438      ;
; 9.857  ; keypad_freq_sel_module:inst1|keypad_module:keypad_mod_inst|i_column[30] ; GPIO_1[1] ; keypad_freq_sel_module:inst1|freq_divider_keypad_module:freq_div|q ; keypad_freq_sel_module:inst1|freq_divider_keypad_module:freq_div|q ; 20.000       ; -1.705     ; 3.438      ;
; 9.869  ; keypad_freq_sel_module:inst1|keypad_module:keypad_mod_inst|i_column[23] ; GPIO_1[3] ; keypad_freq_sel_module:inst1|freq_divider_keypad_module:freq_div|q ; keypad_freq_sel_module:inst1|freq_divider_keypad_module:freq_div|q ; 20.000       ; -1.705     ; 3.426      ;
; 9.869  ; keypad_freq_sel_module:inst1|keypad_module:keypad_mod_inst|i_column[23] ; GPIO_1[1] ; keypad_freq_sel_module:inst1|freq_divider_keypad_module:freq_div|q ; keypad_freq_sel_module:inst1|freq_divider_keypad_module:freq_div|q ; 20.000       ; -1.705     ; 3.426      ;
; 9.943  ; keypad_freq_sel_module:inst1|keypad_module:keypad_mod_inst|i_column[5]  ; GPIO_1[3] ; keypad_freq_sel_module:inst1|freq_divider_keypad_module:freq_div|q ; keypad_freq_sel_module:inst1|freq_divider_keypad_module:freq_div|q ; 20.000       ; -1.702     ; 3.355      ;
; 9.947  ; keypad_freq_sel_module:inst1|keypad_module:keypad_mod_inst|i_column[29] ; GPIO_1[3] ; keypad_freq_sel_module:inst1|freq_divider_keypad_module:freq_div|q ; keypad_freq_sel_module:inst1|freq_divider_keypad_module:freq_div|q ; 20.000       ; -1.705     ; 3.348      ;
; 9.947  ; keypad_freq_sel_module:inst1|keypad_module:keypad_mod_inst|i_column[29] ; GPIO_1[1] ; keypad_freq_sel_module:inst1|freq_divider_keypad_module:freq_div|q ; keypad_freq_sel_module:inst1|freq_divider_keypad_module:freq_div|q ; 20.000       ; -1.705     ; 3.348      ;
; 9.947  ; keypad_freq_sel_module:inst1|keypad_module:keypad_mod_inst|i_column[5]  ; GPIO_1[1] ; keypad_freq_sel_module:inst1|freq_divider_keypad_module:freq_div|q ; keypad_freq_sel_module:inst1|freq_divider_keypad_module:freq_div|q ; 20.000       ; -1.702     ; 3.351      ;
; 9.954  ; keypad_freq_sel_module:inst1|keypad_module:keypad_mod_inst|i_column[2]  ; GPIO_1[3] ; keypad_freq_sel_module:inst1|freq_divider_keypad_module:freq_div|q ; keypad_freq_sel_module:inst1|freq_divider_keypad_module:freq_div|q ; 20.000       ; -1.702     ; 3.344      ;
; 9.958  ; keypad_freq_sel_module:inst1|keypad_module:keypad_mod_inst|i_column[2]  ; GPIO_1[1] ; keypad_freq_sel_module:inst1|freq_divider_keypad_module:freq_div|q ; keypad_freq_sel_module:inst1|freq_divider_keypad_module:freq_div|q ; 20.000       ; -1.702     ; 3.340      ;
; 9.983  ; keypad_freq_sel_module:inst1|keypad_module:keypad_mod_inst|i_column[18] ; GPIO_1[0] ; keypad_freq_sel_module:inst1|freq_divider_keypad_module:freq_div|q ; keypad_freq_sel_module:inst1|freq_divider_keypad_module:freq_div|q ; 20.000       ; -1.705     ; 3.312      ;
; 9.987  ; keypad_freq_sel_module:inst1|keypad_module:keypad_mod_inst|i_column[18] ; GPIO_1[2] ; keypad_freq_sel_module:inst1|freq_divider_keypad_module:freq_div|q ; keypad_freq_sel_module:inst1|freq_divider_keypad_module:freq_div|q ; 20.000       ; -1.705     ; 3.308      ;
; 9.993  ; keypad_freq_sel_module:inst1|keypad_module:keypad_mod_inst|i_column[20] ; GPIO_1[3] ; keypad_freq_sel_module:inst1|freq_divider_keypad_module:freq_div|q ; keypad_freq_sel_module:inst1|freq_divider_keypad_module:freq_div|q ; 20.000       ; -1.705     ; 3.302      ;
; 9.993  ; keypad_freq_sel_module:inst1|keypad_module:keypad_mod_inst|i_column[20] ; GPIO_1[1] ; keypad_freq_sel_module:inst1|freq_divider_keypad_module:freq_div|q ; keypad_freq_sel_module:inst1|freq_divider_keypad_module:freq_div|q ; 20.000       ; -1.705     ; 3.302      ;
; 10.035 ; keypad_freq_sel_module:inst1|keypad_module:keypad_mod_inst|i_column[8]  ; GPIO_1[0] ; keypad_freq_sel_module:inst1|freq_divider_keypad_module:freq_div|q ; keypad_freq_sel_module:inst1|freq_divider_keypad_module:freq_div|q ; 20.000       ; -1.702     ; 3.263      ;
; 10.039 ; keypad_freq_sel_module:inst1|keypad_module:keypad_mod_inst|i_column[8]  ; GPIO_1[2] ; keypad_freq_sel_module:inst1|freq_divider_keypad_module:freq_div|q ; keypad_freq_sel_module:inst1|freq_divider_keypad_module:freq_div|q ; 20.000       ; -1.702     ; 3.259      ;
; 10.046 ; keypad_freq_sel_module:inst1|keypad_module:keypad_mod_inst|i_column[19] ; GPIO_1[0] ; keypad_freq_sel_module:inst1|freq_divider_keypad_module:freq_div|q ; keypad_freq_sel_module:inst1|freq_divider_keypad_module:freq_div|q ; 20.000       ; -1.705     ; 3.249      ;
; 10.050 ; keypad_freq_sel_module:inst1|keypad_module:keypad_mod_inst|i_column[19] ; GPIO_1[2] ; keypad_freq_sel_module:inst1|freq_divider_keypad_module:freq_div|q ; keypad_freq_sel_module:inst1|freq_divider_keypad_module:freq_div|q ; 20.000       ; -1.705     ; 3.245      ;
; 10.053 ; keypad_freq_sel_module:inst1|keypad_module:keypad_mod_inst|i_column[14] ; GPIO_1[0] ; keypad_freq_sel_module:inst1|freq_divider_keypad_module:freq_div|q ; keypad_freq_sel_module:inst1|freq_divider_keypad_module:freq_div|q ; 20.000       ; -1.702     ; 3.245      ;
; 10.057 ; keypad_freq_sel_module:inst1|keypad_module:keypad_mod_inst|i_column[14] ; GPIO_1[2] ; keypad_freq_sel_module:inst1|freq_divider_keypad_module:freq_div|q ; keypad_freq_sel_module:inst1|freq_divider_keypad_module:freq_div|q ; 20.000       ; -1.702     ; 3.241      ;
; 10.059 ; keypad_freq_sel_module:inst1|keypad_module:keypad_mod_inst|i_column[17] ; GPIO_1[0] ; keypad_freq_sel_module:inst1|freq_divider_keypad_module:freq_div|q ; keypad_freq_sel_module:inst1|freq_divider_keypad_module:freq_div|q ; 20.000       ; -1.705     ; 3.236      ;
; 10.063 ; keypad_freq_sel_module:inst1|keypad_module:keypad_mod_inst|i_column[17] ; GPIO_1[2] ; keypad_freq_sel_module:inst1|freq_divider_keypad_module:freq_div|q ; keypad_freq_sel_module:inst1|freq_divider_keypad_module:freq_div|q ; 20.000       ; -1.705     ; 3.232      ;
; 10.086 ; keypad_freq_sel_module:inst1|keypad_module:keypad_mod_inst|i_column[25] ; GPIO_1[0] ; keypad_freq_sel_module:inst1|freq_divider_keypad_module:freq_div|q ; keypad_freq_sel_module:inst1|freq_divider_keypad_module:freq_div|q ; 20.000       ; -1.705     ; 3.209      ;
; 10.090 ; keypad_freq_sel_module:inst1|keypad_module:keypad_mod_inst|i_column[25] ; GPIO_1[2] ; keypad_freq_sel_module:inst1|freq_divider_keypad_module:freq_div|q ; keypad_freq_sel_module:inst1|freq_divider_keypad_module:freq_div|q ; 20.000       ; -1.705     ; 3.205      ;
; 10.111 ; keypad_freq_sel_module:inst1|keypad_module:keypad_mod_inst|i_column[24] ; GPIO_1[0] ; keypad_freq_sel_module:inst1|freq_divider_keypad_module:freq_div|q ; keypad_freq_sel_module:inst1|freq_divider_keypad_module:freq_div|q ; 20.000       ; -1.705     ; 3.184      ;
; 10.115 ; keypad_freq_sel_module:inst1|keypad_module:keypad_mod_inst|i_column[24] ; GPIO_1[2] ; keypad_freq_sel_module:inst1|freq_divider_keypad_module:freq_div|q ; keypad_freq_sel_module:inst1|freq_divider_keypad_module:freq_div|q ; 20.000       ; -1.705     ; 3.180      ;
; 10.143 ; keypad_freq_sel_module:inst1|keypad_module:keypad_mod_inst|i_column[9]  ; GPIO_1[0] ; keypad_freq_sel_module:inst1|freq_divider_keypad_module:freq_div|q ; keypad_freq_sel_module:inst1|freq_divider_keypad_module:freq_div|q ; 20.000       ; -1.702     ; 3.155      ;
; 10.147 ; keypad_freq_sel_module:inst1|keypad_module:keypad_mod_inst|i_column[9]  ; GPIO_1[2] ; keypad_freq_sel_module:inst1|freq_divider_keypad_module:freq_div|q ; keypad_freq_sel_module:inst1|freq_divider_keypad_module:freq_div|q ; 20.000       ; -1.702     ; 3.151      ;
; 10.160 ; keypad_freq_sel_module:inst1|keypad_module:keypad_mod_inst|i_column[13] ; GPIO_1[0] ; keypad_freq_sel_module:inst1|freq_divider_keypad_module:freq_div|q ; keypad_freq_sel_module:inst1|freq_divider_keypad_module:freq_div|q ; 20.000       ; -1.702     ; 3.138      ;
; 10.164 ; keypad_freq_sel_module:inst1|keypad_module:keypad_mod_inst|i_column[13] ; GPIO_1[2] ; keypad_freq_sel_module:inst1|freq_divider_keypad_module:freq_div|q ; keypad_freq_sel_module:inst1|freq_divider_keypad_module:freq_div|q ; 20.000       ; -1.702     ; 3.134      ;
; 10.185 ; keypad_freq_sel_module:inst1|keypad_module:keypad_mod_inst|i_column[1]  ; GPIO_1[0] ; keypad_freq_sel_module:inst1|freq_divider_keypad_module:freq_div|q ; keypad_freq_sel_module:inst1|freq_divider_keypad_module:freq_div|q ; 20.000       ; -1.702     ; 3.113      ;
; 10.188 ; keypad_freq_sel_module:inst1|keypad_module:keypad_mod_inst|i_column[26] ; GPIO_1[0] ; keypad_freq_sel_module:inst1|freq_divider_keypad_module:freq_div|q ; keypad_freq_sel_module:inst1|freq_divider_keypad_module:freq_div|q ; 20.000       ; -1.705     ; 3.107      ;
; 10.189 ; keypad_freq_sel_module:inst1|keypad_module:keypad_mod_inst|i_column[6]  ; GPIO_1[0] ; keypad_freq_sel_module:inst1|freq_divider_keypad_module:freq_div|q ; keypad_freq_sel_module:inst1|freq_divider_keypad_module:freq_div|q ; 20.000       ; -1.702     ; 3.109      ;
; 10.189 ; keypad_freq_sel_module:inst1|keypad_module:keypad_mod_inst|i_column[1]  ; GPIO_1[2] ; keypad_freq_sel_module:inst1|freq_divider_keypad_module:freq_div|q ; keypad_freq_sel_module:inst1|freq_divider_keypad_module:freq_div|q ; 20.000       ; -1.702     ; 3.109      ;
; 10.192 ; keypad_freq_sel_module:inst1|keypad_module:keypad_mod_inst|i_column[26] ; GPIO_1[2] ; keypad_freq_sel_module:inst1|freq_divider_keypad_module:freq_div|q ; keypad_freq_sel_module:inst1|freq_divider_keypad_module:freq_div|q ; 20.000       ; -1.705     ; 3.103      ;
; 10.193 ; keypad_freq_sel_module:inst1|keypad_module:keypad_mod_inst|i_column[6]  ; GPIO_1[2] ; keypad_freq_sel_module:inst1|freq_divider_keypad_module:freq_div|q ; keypad_freq_sel_module:inst1|freq_divider_keypad_module:freq_div|q ; 20.000       ; -1.702     ; 3.105      ;
; 10.213 ; keypad_freq_sel_module:inst1|keypad_module:keypad_mod_inst|i_column[10] ; GPIO_1[0] ; keypad_freq_sel_module:inst1|freq_divider_keypad_module:freq_div|q ; keypad_freq_sel_module:inst1|freq_divider_keypad_module:freq_div|q ; 20.000       ; -1.702     ; 3.085      ;
; 10.217 ; keypad_freq_sel_module:inst1|keypad_module:keypad_mod_inst|i_column[10] ; GPIO_1[2] ; keypad_freq_sel_module:inst1|freq_divider_keypad_module:freq_div|q ; keypad_freq_sel_module:inst1|freq_divider_keypad_module:freq_div|q ; 20.000       ; -1.702     ; 3.081      ;
; 10.229 ; keypad_freq_sel_module:inst1|keypad_module:keypad_mod_inst|i_column[16] ; GPIO_1[0] ; keypad_freq_sel_module:inst1|freq_divider_keypad_module:freq_div|q ; keypad_freq_sel_module:inst1|freq_divider_keypad_module:freq_div|q ; 20.000       ; -1.705     ; 3.066      ;
; 10.233 ; keypad_freq_sel_module:inst1|keypad_module:keypad_mod_inst|i_column[16] ; GPIO_1[2] ; keypad_freq_sel_module:inst1|freq_divider_keypad_module:freq_div|q ; keypad_freq_sel_module:inst1|freq_divider_keypad_module:freq_div|q ; 20.000       ; -1.705     ; 3.062      ;
; 10.241 ; keypad_freq_sel_module:inst1|keypad_module:keypad_mod_inst|i_column[0]  ; GPIO_1[0] ; keypad_freq_sel_module:inst1|freq_divider_keypad_module:freq_div|q ; keypad_freq_sel_module:inst1|freq_divider_keypad_module:freq_div|q ; 20.000       ; -1.702     ; 3.057      ;
; 10.242 ; keypad_freq_sel_module:inst1|keypad_module:keypad_mod_inst|i_column[15] ; GPIO_1[0] ; keypad_freq_sel_module:inst1|freq_divider_keypad_module:freq_div|q ; keypad_freq_sel_module:inst1|freq_divider_keypad_module:freq_div|q ; 20.000       ; -1.702     ; 3.056      ;
; 10.245 ; keypad_freq_sel_module:inst1|keypad_module:keypad_mod_inst|i_column[0]  ; GPIO_1[2] ; keypad_freq_sel_module:inst1|freq_divider_keypad_module:freq_div|q ; keypad_freq_sel_module:inst1|freq_divider_keypad_module:freq_div|q ; 20.000       ; -1.702     ; 3.053      ;
; 10.246 ; keypad_freq_sel_module:inst1|keypad_module:keypad_mod_inst|i_column[15] ; GPIO_1[2] ; keypad_freq_sel_module:inst1|freq_divider_keypad_module:freq_div|q ; keypad_freq_sel_module:inst1|freq_divider_keypad_module:freq_div|q ; 20.000       ; -1.702     ; 3.052      ;
; 10.251 ; keypad_freq_sel_module:inst1|keypad_module:keypad_mod_inst|i_column[3]  ; GPIO_1[0] ; keypad_freq_sel_module:inst1|freq_divider_keypad_module:freq_div|q ; keypad_freq_sel_module:inst1|freq_divider_keypad_module:freq_div|q ; 20.000       ; -1.702     ; 3.047      ;
; 10.255 ; keypad_freq_sel_module:inst1|keypad_module:keypad_mod_inst|i_column[3]  ; GPIO_1[2] ; keypad_freq_sel_module:inst1|freq_divider_keypad_module:freq_div|q ; keypad_freq_sel_module:inst1|freq_divider_keypad_module:freq_div|q ; 20.000       ; -1.702     ; 3.043      ;
; 10.256 ; keypad_freq_sel_module:inst1|keypad_module:keypad_mod_inst|i_column[4]  ; GPIO_1[0] ; keypad_freq_sel_module:inst1|freq_divider_keypad_module:freq_div|q ; keypad_freq_sel_module:inst1|freq_divider_keypad_module:freq_div|q ; 20.000       ; -1.702     ; 3.042      ;
; 10.260 ; keypad_freq_sel_module:inst1|keypad_module:keypad_mod_inst|i_column[4]  ; GPIO_1[2] ; keypad_freq_sel_module:inst1|freq_divider_keypad_module:freq_div|q ; keypad_freq_sel_module:inst1|freq_divider_keypad_module:freq_div|q ; 20.000       ; -1.702     ; 3.038      ;
; 10.270 ; keypad_freq_sel_module:inst1|keypad_module:keypad_mod_inst|i_column[11] ; GPIO_1[0] ; keypad_freq_sel_module:inst1|freq_divider_keypad_module:freq_div|q ; keypad_freq_sel_module:inst1|freq_divider_keypad_module:freq_div|q ; 20.000       ; -1.702     ; 3.028      ;
; 10.274 ; keypad_freq_sel_module:inst1|keypad_module:keypad_mod_inst|i_column[11] ; GPIO_1[2] ; keypad_freq_sel_module:inst1|freq_divider_keypad_module:freq_div|q ; keypad_freq_sel_module:inst1|freq_divider_keypad_module:freq_div|q ; 20.000       ; -1.702     ; 3.024      ;
+--------+-------------------------------------------------------------------------+-----------+--------------------------------------------------------------------+--------------------------------------------------------------------+--------------+------------+------------+


+---------------------------------------------------------------------------------------------------------------------------------------------------------------------------------------------------------------------------------------+
; Fast Model Hold: 'CLOCK_50'                                                                                                                                                                                                           ;
+-------+----------------------------------------------------------------------------+----------------------------------------------------------------------------+--------------+-------------+--------------+------------+------------+
; Slack ; From Node                                                                  ; To Node                                                                    ; Launch Clock ; Latch Clock ; Relationship ; Clock Skew ; Data Delay ;
+-------+----------------------------------------------------------------------------+----------------------------------------------------------------------------+--------------+-------------+--------------+------------+------------+
; 0.215 ; lcd_driver:inst8|btn_counter[0]                                            ; lcd_driver:inst8|btn_counter[0]                                            ; CLOCK_50     ; CLOCK_50    ; 0.000        ; 0.000      ; 0.367      ;
; 0.215 ; lcd_driver:inst8|state.WAIT_BUTTON_RELEASE                                 ; lcd_driver:inst8|state.WAIT_BUTTON_RELEASE                                 ; CLOCK_50     ; CLOCK_50    ; 0.000        ; 0.000      ; 0.367      ;
; 0.215 ; lcd_driver:inst8|sub_state_f[0]                                            ; lcd_driver:inst8|sub_state_f[0]                                            ; CLOCK_50     ; CLOCK_50    ; 0.000        ; 0.000      ; 0.367      ;
; 0.215 ; lcd_driver:inst8|sub_state_f[1]                                            ; lcd_driver:inst8|sub_state_f[1]                                            ; CLOCK_50     ; CLOCK_50    ; 0.000        ; 0.000      ; 0.367      ;
; 0.215 ; lcd_driver:inst8|state_f.SETUP                                             ; lcd_driver:inst8|state_f.SETUP                                             ; CLOCK_50     ; CLOCK_50    ; 0.000        ; 0.000      ; 0.367      ;
; 0.215 ; lcd_driver:inst8|lcd_data_freq[7]                                          ; lcd_driver:inst8|lcd_data_freq[7]                                          ; CLOCK_50     ; CLOCK_50    ; 0.000        ; 0.000      ; 0.367      ;
; 0.215 ; lcd_driver:inst8|state.DONE                                                ; lcd_driver:inst8|state.DONE                                                ; CLOCK_50     ; CLOCK_50    ; 0.000        ; 0.000      ; 0.367      ;
; 0.215 ; lcd_driver:inst8|state.WAIT                                                ; lcd_driver:inst8|state.WAIT                                                ; CLOCK_50     ; CLOCK_50    ; 0.000        ; 0.000      ; 0.367      ;
; 0.215 ; lcd_driver:inst8|lcd_en_freq                                               ; lcd_driver:inst8|lcd_en_freq                                               ; CLOCK_50     ; CLOCK_50    ; 0.000        ; 0.000      ; 0.367      ;
; 0.215 ; lcd_driver:inst8|lcd_en_cntr                                               ; lcd_driver:inst8|lcd_en_cntr                                               ; CLOCK_50     ; CLOCK_50    ; 0.000        ; 0.000      ; 0.367      ;
; 0.215 ; lcd_driver:inst8|lcd_rs_freq                                               ; lcd_driver:inst8|lcd_rs_freq                                               ; CLOCK_50     ; CLOCK_50    ; 0.000        ; 0.000      ; 0.367      ;
; 0.215 ; lcd_driver:inst8|btn_pressed                                               ; lcd_driver:inst8|btn_pressed                                               ; CLOCK_50     ; CLOCK_50    ; 0.000        ; 0.000      ; 0.367      ;
; 0.215 ; lcd_driver:inst8|sub_state.PAGE0                                           ; lcd_driver:inst8|sub_state.PAGE0                                           ; CLOCK_50     ; CLOCK_50    ; 0.000        ; 0.000      ; 0.367      ;
; 0.215 ; lcd_driver:inst8|sub_state.PAGE1                                           ; lcd_driver:inst8|sub_state.PAGE1                                           ; CLOCK_50     ; CLOCK_50    ; 0.000        ; 0.000      ; 0.367      ;
; 0.215 ; lcd_driver:inst8|n_index[0]                                                ; lcd_driver:inst8|n_index[0]                                                ; CLOCK_50     ; CLOCK_50    ; 0.000        ; 0.000      ; 0.367      ;
; 0.215 ; lcd_driver:inst8|n_index[1]                                                ; lcd_driver:inst8|n_index[1]                                                ; CLOCK_50     ; CLOCK_50    ; 0.000        ; 0.000      ; 0.367      ;
; 0.215 ; lcd_driver:inst8|n_index[2]                                                ; lcd_driver:inst8|n_index[2]                                                ; CLOCK_50     ; CLOCK_50    ; 0.000        ; 0.000      ; 0.367      ;
; 0.215 ; lcd_driver:inst8|state_f.WAIT_EXEC                                         ; lcd_driver:inst8|state_f.WAIT_EXEC                                         ; CLOCK_50     ; CLOCK_50    ; 0.000        ; 0.000      ; 0.367      ;
; 0.215 ; lcd_driver:inst8|state_f.WRITE_DATA                                        ; lcd_driver:inst8|state_f.WRITE_DATA                                        ; CLOCK_50     ; CLOCK_50    ; 0.000        ; 0.000      ; 0.367      ;
; 0.215 ; lcd_driver:inst8|n_index[3]                                                ; lcd_driver:inst8|n_index[3]                                                ; CLOCK_50     ; CLOCK_50    ; 0.000        ; 0.000      ; 0.367      ;
; 0.215 ; lcd_driver:inst8|state.WRITE_DATA                                          ; lcd_driver:inst8|state.WRITE_DATA                                          ; CLOCK_50     ; CLOCK_50    ; 0.000        ; 0.000      ; 0.367      ;
; 0.215 ; lcd_driver:inst8|state.POWER_ON                                            ; lcd_driver:inst8|state.POWER_ON                                            ; CLOCK_50     ; CLOCK_50    ; 0.000        ; 0.000      ; 0.367      ;
; 0.215 ; lcd_driver:inst8|state.WAIT_EXEC                                           ; lcd_driver:inst8|state.WAIT_EXEC                                           ; CLOCK_50     ; CLOCK_50    ; 0.000        ; 0.000      ; 0.367      ;
; 0.215 ; lcd_driver:inst8|state.PAGE_SELECT                                         ; lcd_driver:inst8|state.PAGE_SELECT                                         ; CLOCK_50     ; CLOCK_50    ; 0.000        ; 0.000      ; 0.367      ;
; 0.215 ; lcd_driver:inst8|sub_state.PAGE_ERROR                                      ; lcd_driver:inst8|sub_state.PAGE_ERROR                                      ; CLOCK_50     ; CLOCK_50    ; 0.000        ; 0.000      ; 0.367      ;
; 0.215 ; lcd_driver:inst8|sub_state.PAGE2                                           ; lcd_driver:inst8|sub_state.PAGE2                                           ; CLOCK_50     ; CLOCK_50    ; 0.000        ; 0.000      ; 0.367      ;
; 0.238 ; metastab_3xdff:inst4|bcd_freq_sync_1[6]                                    ; metastab_3xdff:inst4|bcd_freq_sync_2[6]                                    ; CLOCK_50     ; CLOCK_50    ; 0.000        ; 0.000      ; 0.390      ;
; 0.240 ; lcd_driver:inst8|n_index[3]                                                ; lcd_driver:inst8|state_f.HZ_DISPLAY                                        ; CLOCK_50     ; CLOCK_50    ; 0.000        ; 0.000      ; 0.392      ;
; 0.240 ; metastab_3xdff:inst4|bcd_freq_sync_2[17]                                   ; metastab_3xdff:inst4|bcd_freq_sync[17]                                     ; CLOCK_50     ; CLOCK_50    ; 0.000        ; 0.000      ; 0.392      ;
; 0.241 ; metastab_3xdff:inst4|bcd_freq_sync_2[11]                                   ; metastab_3xdff:inst4|bcd_freq_sync[11]                                     ; CLOCK_50     ; CLOCK_50    ; 0.000        ; 0.000      ; 0.393      ;
; 0.242 ; lcd_driver:inst8|state.WRITE_DATA                                          ; lcd_driver:inst8|lcd_en_cntr                                               ; CLOCK_50     ; CLOCK_50    ; 0.000        ; 0.000      ; 0.394      ;
; 0.242 ; metastab_3xdff:inst4|prev_1                                                ; metastab_3xdff:inst4|prev_2                                                ; CLOCK_50     ; CLOCK_50    ; 0.000        ; 0.000      ; 0.394      ;
; 0.242 ; metastab_3xdff:inst4|next_2                                                ; metastab_3xdff:inst4|next_sync                                             ; CLOCK_50     ; CLOCK_50    ; 0.000        ; 0.000      ; 0.394      ;
; 0.242 ; metastab_3xdff:inst4|bcd_freq_sync_1[5]                                    ; metastab_3xdff:inst4|bcd_freq_sync_2[5]                                    ; CLOCK_50     ; CLOCK_50    ; 0.000        ; 0.000      ; 0.394      ;
; 0.242 ; metastab_3xdff:inst4|bcd_freq_sync_2[20]                                   ; metastab_3xdff:inst4|bcd_freq_sync[20]                                     ; CLOCK_50     ; CLOCK_50    ; 0.000        ; 0.000      ; 0.394      ;
; 0.243 ; keypad_freq_sel_module:inst1|freq_divider_keypad_module:freq_div|count[31] ; keypad_freq_sel_module:inst1|freq_divider_keypad_module:freq_div|count[31] ; CLOCK_50     ; CLOCK_50    ; 0.000        ; 0.000      ; 0.395      ;
; 0.243 ; lcd_driver:inst8|counter_f[31]                                             ; lcd_driver:inst8|counter_f[31]                                             ; CLOCK_50     ; CLOCK_50    ; 0.000        ; 0.000      ; 0.395      ;
; 0.243 ; lcd_driver:inst8|counter[31]                                               ; lcd_driver:inst8|counter[31]                                               ; CLOCK_50     ; CLOCK_50    ; 0.000        ; 0.000      ; 0.395      ;
; 0.245 ; lcd_driver:inst8|char_index[5]                                             ; lcd_driver:inst8|char_index[5]                                             ; CLOCK_50     ; CLOCK_50    ; 0.000        ; 0.000      ; 0.397      ;
; 0.273 ; lcd_driver:inst8|n_index[0]                                                ; lcd_driver:inst8|n_index[2]                                                ; CLOCK_50     ; CLOCK_50    ; 0.000        ; 0.000      ; 0.425      ;
; 0.298 ; lcd_driver:inst8|state.WAIT                                                ; lcd_driver:inst8|state.SETUP                                               ; CLOCK_50     ; CLOCK_50    ; 0.000        ; 0.000      ; 0.450      ;
; 0.314 ; metastab_3xdff:inst4|bcd_freq_sync_1[18]                                   ; metastab_3xdff:inst4|bcd_freq_sync_2[18]                                   ; CLOCK_50     ; CLOCK_50    ; 0.000        ; 0.000      ; 0.466      ;
; 0.314 ; metastab_3xdff:inst4|bcd_freq_sync_2[22]                                   ; metastab_3xdff:inst4|bcd_freq_sync[22]                                     ; CLOCK_50     ; CLOCK_50    ; 0.000        ; 0.000      ; 0.466      ;
; 0.315 ; metastab_3xdff:inst4|bcd_freq_sync_2[14]                                   ; metastab_3xdff:inst4|bcd_freq_sync[14]                                     ; CLOCK_50     ; CLOCK_50    ; 0.000        ; 0.000      ; 0.467      ;
; 0.315 ; metastab_3xdff:inst4|bcd_freq_sync_1[13]                                   ; metastab_3xdff:inst4|bcd_freq_sync_2[13]                                   ; CLOCK_50     ; CLOCK_50    ; 0.000        ; 0.000      ; 0.467      ;
; 0.316 ; metastab_3xdff:inst4|bcd_freq_sync_1[11]                                   ; metastab_3xdff:inst4|bcd_freq_sync_2[11]                                   ; CLOCK_50     ; CLOCK_50    ; 0.000        ; 0.000      ; 0.468      ;
; 0.316 ; metastab_3xdff:inst4|mirror_x_sync_keypad_1                                ; metastab_3xdff:inst4|mirror_x_sync_keypad_2                                ; CLOCK_50     ; CLOCK_50    ; 0.000        ; 0.000      ; 0.468      ;
; 0.317 ; metastab_3xdff:inst4|prev_2                                                ; metastab_3xdff:inst4|prev_sync                                             ; CLOCK_50     ; CLOCK_50    ; 0.000        ; 0.000      ; 0.469      ;
; 0.317 ; metastab_3xdff:inst4|bcd_freq_sync_1[15]                                   ; metastab_3xdff:inst4|bcd_freq_sync_2[15]                                   ; CLOCK_50     ; CLOCK_50    ; 0.000        ; 0.000      ; 0.469      ;
; 0.317 ; metastab_3xdff:inst4|bcd_freq_sync_2[27]                                   ; metastab_3xdff:inst4|bcd_freq_sync[27]                                     ; CLOCK_50     ; CLOCK_50    ; 0.000        ; 0.000      ; 0.469      ;
; 0.317 ; metastab_3xdff:inst4|bcd_freq_sync_2[4]                                    ; metastab_3xdff:inst4|bcd_freq_sync[4]                                      ; CLOCK_50     ; CLOCK_50    ; 0.000        ; 0.000      ; 0.469      ;
; 0.318 ; metastab_3xdff:inst4|bcd_freq_sync_1[7]                                    ; metastab_3xdff:inst4|bcd_freq_sync_2[7]                                    ; CLOCK_50     ; CLOCK_50    ; 0.000        ; 0.000      ; 0.470      ;
; 0.319 ; metastab_3xdff:inst4|next_1                                                ; metastab_3xdff:inst4|next_2                                                ; CLOCK_50     ; CLOCK_50    ; 0.000        ; 0.000      ; 0.471      ;
; 0.319 ; metastab_3xdff:inst4|bcd_freq_sync_2[0]                                    ; metastab_3xdff:inst4|bcd_freq_sync[0]                                      ; CLOCK_50     ; CLOCK_50    ; 0.000        ; 0.000      ; 0.471      ;
; 0.321 ; metastab_3xdff:inst4|bcd_freq_sync_1[14]                                   ; metastab_3xdff:inst4|bcd_freq_sync_2[14]                                   ; CLOCK_50     ; CLOCK_50    ; 0.000        ; 0.000      ; 0.473      ;
; 0.322 ; metastab_3xdff:inst4|bcd_freq_sync_2[15]                                   ; metastab_3xdff:inst4|bcd_freq_sync[15]                                     ; CLOCK_50     ; CLOCK_50    ; 0.000        ; 0.000      ; 0.474      ;
; 0.322 ; metastab_3xdff:inst4|bcd_freq_sync_1[1]                                    ; metastab_3xdff:inst4|bcd_freq_sync_2[1]                                    ; CLOCK_50     ; CLOCK_50    ; 0.000        ; 0.000      ; 0.474      ;
; 0.353 ; lcd_driver:inst8|counter_f[0]                                              ; lcd_driver:inst8|counter_f[0]                                              ; CLOCK_50     ; CLOCK_50    ; 0.000        ; 0.000      ; 0.505      ;
; 0.353 ; lcd_driver:inst8|counter[0]                                                ; lcd_driver:inst8|counter[0]                                                ; CLOCK_50     ; CLOCK_50    ; 0.000        ; 0.000      ; 0.505      ;
; 0.355 ; keypad_freq_sel_module:inst1|freq_divider_keypad_module:freq_div|count[16] ; keypad_freq_sel_module:inst1|freq_divider_keypad_module:freq_div|count[16] ; CLOCK_50     ; CLOCK_50    ; 0.000        ; 0.000      ; 0.507      ;
; 0.355 ; lcd_driver:inst8|counter_f[16]                                             ; lcd_driver:inst8|counter_f[16]                                             ; CLOCK_50     ; CLOCK_50    ; 0.000        ; 0.000      ; 0.507      ;
; 0.355 ; lcd_driver:inst8|counter[16]                                               ; lcd_driver:inst8|counter[16]                                               ; CLOCK_50     ; CLOCK_50    ; 0.000        ; 0.000      ; 0.507      ;
; 0.355 ; lcd_driver:inst8|state_f.CHECK_AND_WAIT                                    ; lcd_driver:inst8|lcd_rs_freq                                               ; CLOCK_50     ; CLOCK_50    ; 0.000        ; 0.000      ; 0.507      ;
; 0.357 ; keypad_freq_sel_module:inst1|freq_divider_keypad_module:freq_div|count[1]  ; keypad_freq_sel_module:inst1|freq_divider_keypad_module:freq_div|count[1]  ; CLOCK_50     ; CLOCK_50    ; 0.000        ; 0.000      ; 0.509      ;
; 0.357 ; lcd_driver:inst8|counter_f[1]                                              ; lcd_driver:inst8|counter_f[1]                                              ; CLOCK_50     ; CLOCK_50    ; 0.000        ; 0.000      ; 0.509      ;
; 0.357 ; lcd_driver:inst8|counter[1]                                                ; lcd_driver:inst8|counter[1]                                                ; CLOCK_50     ; CLOCK_50    ; 0.000        ; 0.000      ; 0.509      ;
; 0.358 ; keypad_freq_sel_module:inst1|freq_divider_keypad_module:freq_div|count[2]  ; keypad_freq_sel_module:inst1|freq_divider_keypad_module:freq_div|count[2]  ; CLOCK_50     ; CLOCK_50    ; 0.000        ; 0.000      ; 0.510      ;
; 0.358 ; keypad_freq_sel_module:inst1|freq_divider_keypad_module:freq_div|count[4]  ; keypad_freq_sel_module:inst1|freq_divider_keypad_module:freq_div|count[4]  ; CLOCK_50     ; CLOCK_50    ; 0.000        ; 0.000      ; 0.510      ;
; 0.358 ; keypad_freq_sel_module:inst1|freq_divider_keypad_module:freq_div|count[11] ; keypad_freq_sel_module:inst1|freq_divider_keypad_module:freq_div|count[11] ; CLOCK_50     ; CLOCK_50    ; 0.000        ; 0.000      ; 0.510      ;
; 0.358 ; lcd_driver:inst8|counter_f[2]                                              ; lcd_driver:inst8|counter_f[2]                                              ; CLOCK_50     ; CLOCK_50    ; 0.000        ; 0.000      ; 0.510      ;
; 0.358 ; lcd_driver:inst8|counter[2]                                                ; lcd_driver:inst8|counter[2]                                                ; CLOCK_50     ; CLOCK_50    ; 0.000        ; 0.000      ; 0.510      ;
; 0.359 ; keypad_freq_sel_module:inst1|freq_divider_keypad_module:freq_div|count[17] ; keypad_freq_sel_module:inst1|freq_divider_keypad_module:freq_div|count[17] ; CLOCK_50     ; CLOCK_50    ; 0.000        ; 0.000      ; 0.511      ;
; 0.359 ; lcd_driver:inst8|counter_f[17]                                             ; lcd_driver:inst8|counter_f[17]                                             ; CLOCK_50     ; CLOCK_50    ; 0.000        ; 0.000      ; 0.511      ;
; 0.359 ; lcd_driver:inst8|counter[17]                                               ; lcd_driver:inst8|counter[17]                                               ; CLOCK_50     ; CLOCK_50    ; 0.000        ; 0.000      ; 0.511      ;
; 0.360 ; keypad_freq_sel_module:inst1|freq_divider_keypad_module:freq_div|count[18] ; keypad_freq_sel_module:inst1|freq_divider_keypad_module:freq_div|count[18] ; CLOCK_50     ; CLOCK_50    ; 0.000        ; 0.000      ; 0.512      ;
; 0.360 ; keypad_freq_sel_module:inst1|freq_divider_keypad_module:freq_div|count[25] ; keypad_freq_sel_module:inst1|freq_divider_keypad_module:freq_div|count[25] ; CLOCK_50     ; CLOCK_50    ; 0.000        ; 0.000      ; 0.512      ;
; 0.360 ; keypad_freq_sel_module:inst1|freq_divider_keypad_module:freq_div|count[27] ; keypad_freq_sel_module:inst1|freq_divider_keypad_module:freq_div|count[27] ; CLOCK_50     ; CLOCK_50    ; 0.000        ; 0.000      ; 0.512      ;
; 0.360 ; lcd_driver:inst8|counter_f[9]                                              ; lcd_driver:inst8|counter_f[9]                                              ; CLOCK_50     ; CLOCK_50    ; 0.000        ; 0.000      ; 0.512      ;
; 0.360 ; lcd_driver:inst8|counter_f[11]                                             ; lcd_driver:inst8|counter_f[11]                                             ; CLOCK_50     ; CLOCK_50    ; 0.000        ; 0.000      ; 0.512      ;
; 0.360 ; lcd_driver:inst8|counter_f[18]                                             ; lcd_driver:inst8|counter_f[18]                                             ; CLOCK_50     ; CLOCK_50    ; 0.000        ; 0.000      ; 0.512      ;
; 0.360 ; lcd_driver:inst8|counter_f[25]                                             ; lcd_driver:inst8|counter_f[25]                                             ; CLOCK_50     ; CLOCK_50    ; 0.000        ; 0.000      ; 0.512      ;
; 0.360 ; lcd_driver:inst8|counter_f[27]                                             ; lcd_driver:inst8|counter_f[27]                                             ; CLOCK_50     ; CLOCK_50    ; 0.000        ; 0.000      ; 0.512      ;
; 0.360 ; lcd_driver:inst8|counter[9]                                                ; lcd_driver:inst8|counter[9]                                                ; CLOCK_50     ; CLOCK_50    ; 0.000        ; 0.000      ; 0.512      ;
; 0.360 ; lcd_driver:inst8|counter[18]                                               ; lcd_driver:inst8|counter[18]                                               ; CLOCK_50     ; CLOCK_50    ; 0.000        ; 0.000      ; 0.512      ;
; 0.360 ; lcd_driver:inst8|counter[25]                                               ; lcd_driver:inst8|counter[25]                                               ; CLOCK_50     ; CLOCK_50    ; 0.000        ; 0.000      ; 0.512      ;
; 0.360 ; lcd_driver:inst8|counter[27]                                               ; lcd_driver:inst8|counter[27]                                               ; CLOCK_50     ; CLOCK_50    ; 0.000        ; 0.000      ; 0.512      ;
; 0.360 ; metastab_3xdff:inst4|bcd_freq_sync_2[7]                                    ; metastab_3xdff:inst4|bcd_freq_sync[7]                                      ; CLOCK_50     ; CLOCK_50    ; 0.000        ; 0.000      ; 0.512      ;
; 0.360 ; metastab_3xdff:inst4|bcd_freq_sync_2[2]                                    ; metastab_3xdff:inst4|bcd_freq_sync[2]                                      ; CLOCK_50     ; CLOCK_50    ; 0.000        ; 0.000      ; 0.512      ;
; 0.361 ; keypad_freq_sel_module:inst1|freq_divider_keypad_module:freq_div|count[13] ; keypad_freq_sel_module:inst1|freq_divider_keypad_module:freq_div|count[13] ; CLOCK_50     ; CLOCK_50    ; 0.000        ; 0.000      ; 0.513      ;
; 0.361 ; keypad_freq_sel_module:inst1|freq_divider_keypad_module:freq_div|count[14] ; keypad_freq_sel_module:inst1|freq_divider_keypad_module:freq_div|count[14] ; CLOCK_50     ; CLOCK_50    ; 0.000        ; 0.000      ; 0.513      ;
; 0.361 ; keypad_freq_sel_module:inst1|freq_divider_keypad_module:freq_div|count[15] ; keypad_freq_sel_module:inst1|freq_divider_keypad_module:freq_div|count[15] ; CLOCK_50     ; CLOCK_50    ; 0.000        ; 0.000      ; 0.513      ;
; 0.361 ; keypad_freq_sel_module:inst1|freq_divider_keypad_module:freq_div|count[20] ; keypad_freq_sel_module:inst1|freq_divider_keypad_module:freq_div|count[20] ; CLOCK_50     ; CLOCK_50    ; 0.000        ; 0.000      ; 0.513      ;
; 0.361 ; keypad_freq_sel_module:inst1|freq_divider_keypad_module:freq_div|count[23] ; keypad_freq_sel_module:inst1|freq_divider_keypad_module:freq_div|count[23] ; CLOCK_50     ; CLOCK_50    ; 0.000        ; 0.000      ; 0.513      ;
; 0.361 ; keypad_freq_sel_module:inst1|freq_divider_keypad_module:freq_div|count[29] ; keypad_freq_sel_module:inst1|freq_divider_keypad_module:freq_div|count[29] ; CLOCK_50     ; CLOCK_50    ; 0.000        ; 0.000      ; 0.513      ;
; 0.361 ; keypad_freq_sel_module:inst1|freq_divider_keypad_module:freq_div|count[30] ; keypad_freq_sel_module:inst1|freq_divider_keypad_module:freq_div|count[30] ; CLOCK_50     ; CLOCK_50    ; 0.000        ; 0.000      ; 0.513      ;
; 0.361 ; lcd_driver:inst8|counter_f[4]                                              ; lcd_driver:inst8|counter_f[4]                                              ; CLOCK_50     ; CLOCK_50    ; 0.000        ; 0.000      ; 0.513      ;
; 0.361 ; lcd_driver:inst8|counter_f[7]                                              ; lcd_driver:inst8|counter_f[7]                                              ; CLOCK_50     ; CLOCK_50    ; 0.000        ; 0.000      ; 0.513      ;
; 0.361 ; lcd_driver:inst8|counter_f[13]                                             ; lcd_driver:inst8|counter_f[13]                                             ; CLOCK_50     ; CLOCK_50    ; 0.000        ; 0.000      ; 0.513      ;
; 0.361 ; lcd_driver:inst8|counter_f[14]                                             ; lcd_driver:inst8|counter_f[14]                                             ; CLOCK_50     ; CLOCK_50    ; 0.000        ; 0.000      ; 0.513      ;
; 0.361 ; lcd_driver:inst8|counter_f[15]                                             ; lcd_driver:inst8|counter_f[15]                                             ; CLOCK_50     ; CLOCK_50    ; 0.000        ; 0.000      ; 0.513      ;
+-------+----------------------------------------------------------------------------+----------------------------------------------------------------------------+--------------+-------------+--------------+------------+------------+


+------------------------------------------------------------------------------------------------------------------------------------------------------------------------------------------------------------------------------------------------------------------------------------------------------------------------------------------------------+
; Fast Model Hold: 'keypad_freq_sel_module:inst1|freq_divider_keypad_module:freq_div|q'                                                                                                                                                                                                                                                                ;
+-------+-----------------------------------------------------------------------------+-----------------------------------------------------------------------------+--------------------------------------------------------------------+--------------------------------------------------------------------+--------------+------------+------------+
; Slack ; From Node                                                                   ; To Node                                                                     ; Launch Clock                                                       ; Latch Clock                                                        ; Relationship ; Clock Skew ; Data Delay ;
+-------+-----------------------------------------------------------------------------+-----------------------------------------------------------------------------+--------------------------------------------------------------------+--------------------------------------------------------------------+--------------+------------+------------+
; 0.215 ; keypad_freq_sel_module:inst1|debounced_keypad_pressed                       ; keypad_freq_sel_module:inst1|debounced_keypad_pressed                       ; keypad_freq_sel_module:inst1|freq_divider_keypad_module:freq_div|q ; keypad_freq_sel_module:inst1|freq_divider_keypad_module:freq_div|q ; 0.000        ; 0.000      ; 0.367      ;
; 0.215 ; keypad_freq_sel_module:inst1|button_pressed                                 ; keypad_freq_sel_module:inst1|button_pressed                                 ; keypad_freq_sel_module:inst1|freq_divider_keypad_module:freq_div|q ; keypad_freq_sel_module:inst1|freq_divider_keypad_module:freq_div|q ; 0.000        ; 0.000      ; 0.367      ;
; 0.215 ; keypad_freq_sel_module:inst1|prev_page                                      ; keypad_freq_sel_module:inst1|prev_page                                      ; keypad_freq_sel_module:inst1|freq_divider_keypad_module:freq_div|q ; keypad_freq_sel_module:inst1|freq_divider_keypad_module:freq_div|q ; 0.000        ; 0.000      ; 0.367      ;
; 0.215 ; keypad_freq_sel_module:inst1|next_page                                      ; keypad_freq_sel_module:inst1|next_page                                      ; keypad_freq_sel_module:inst1|freq_divider_keypad_module:freq_div|q ; keypad_freq_sel_module:inst1|freq_divider_keypad_module:freq_div|q ; 0.000        ; 0.000      ; 0.367      ;
; 0.215 ; keypad_freq_sel_module:inst1|digit_counter[2]                               ; keypad_freq_sel_module:inst1|digit_counter[2]                               ; keypad_freq_sel_module:inst1|freq_divider_keypad_module:freq_div|q ; keypad_freq_sel_module:inst1|freq_divider_keypad_module:freq_div|q ; 0.000        ; 0.000      ; 0.367      ;
; 0.215 ; keypad_freq_sel_module:inst1|freq_1[3]                                      ; keypad_freq_sel_module:inst1|freq_1[3]                                      ; keypad_freq_sel_module:inst1|freq_divider_keypad_module:freq_div|q ; keypad_freq_sel_module:inst1|freq_divider_keypad_module:freq_div|q ; 0.000        ; 0.000      ; 0.367      ;
; 0.215 ; keypad_freq_sel_module:inst1|freq_1[2]                                      ; keypad_freq_sel_module:inst1|freq_1[2]                                      ; keypad_freq_sel_module:inst1|freq_divider_keypad_module:freq_div|q ; keypad_freq_sel_module:inst1|freq_divider_keypad_module:freq_div|q ; 0.000        ; 0.000      ; 0.367      ;
; 0.215 ; keypad_freq_sel_module:inst1|freq_1[1]                                      ; keypad_freq_sel_module:inst1|freq_1[1]                                      ; keypad_freq_sel_module:inst1|freq_divider_keypad_module:freq_div|q ; keypad_freq_sel_module:inst1|freq_divider_keypad_module:freq_div|q ; 0.000        ; 0.000      ; 0.367      ;
; 0.215 ; keypad_freq_sel_module:inst1|freq_1[0]                                      ; keypad_freq_sel_module:inst1|freq_1[0]                                      ; keypad_freq_sel_module:inst1|freq_divider_keypad_module:freq_div|q ; keypad_freq_sel_module:inst1|freq_divider_keypad_module:freq_div|q ; 0.000        ; 0.000      ; 0.367      ;
; 0.215 ; keypad_freq_sel_module:inst1|sel_A                                          ; keypad_freq_sel_module:inst1|sel_A                                          ; keypad_freq_sel_module:inst1|freq_divider_keypad_module:freq_div|q ; keypad_freq_sel_module:inst1|freq_divider_keypad_module:freq_div|q ; 0.000        ; 0.000      ; 0.367      ;
; 0.215 ; keypad_freq_sel_module:inst1|keypad_module:keypad_mod_inst|tmp_out_keys[1]  ; keypad_freq_sel_module:inst1|keypad_module:keypad_mod_inst|tmp_out_keys[1]  ; keypad_freq_sel_module:inst1|freq_divider_keypad_module:freq_div|q ; keypad_freq_sel_module:inst1|freq_divider_keypad_module:freq_div|q ; 0.000        ; 0.000      ; 0.367      ;
; 0.215 ; keypad_freq_sel_module:inst1|keypad_module:keypad_mod_inst|tmp_out_keys[0]  ; keypad_freq_sel_module:inst1|keypad_module:keypad_mod_inst|tmp_out_keys[0]  ; keypad_freq_sel_module:inst1|freq_divider_keypad_module:freq_div|q ; keypad_freq_sel_module:inst1|freq_divider_keypad_module:freq_div|q ; 0.000        ; 0.000      ; 0.367      ;
; 0.215 ; keypad_freq_sel_module:inst1|keypad_module:keypad_mod_inst|tmp_out_keys[3]  ; keypad_freq_sel_module:inst1|keypad_module:keypad_mod_inst|tmp_out_keys[3]  ; keypad_freq_sel_module:inst1|freq_divider_keypad_module:freq_div|q ; keypad_freq_sel_module:inst1|freq_divider_keypad_module:freq_div|q ; 0.000        ; 0.000      ; 0.367      ;
; 0.215 ; keypad_freq_sel_module:inst1|keypad_module:keypad_mod_inst|tmp_out_keys[15] ; keypad_freq_sel_module:inst1|keypad_module:keypad_mod_inst|tmp_out_keys[15] ; keypad_freq_sel_module:inst1|freq_divider_keypad_module:freq_div|q ; keypad_freq_sel_module:inst1|freq_divider_keypad_module:freq_div|q ; 0.000        ; 0.000      ; 0.367      ;
; 0.215 ; keypad_freq_sel_module:inst1|keypad_module:keypad_mod_inst|tmp_out_keys[4]  ; keypad_freq_sel_module:inst1|keypad_module:keypad_mod_inst|tmp_out_keys[4]  ; keypad_freq_sel_module:inst1|freq_divider_keypad_module:freq_div|q ; keypad_freq_sel_module:inst1|freq_divider_keypad_module:freq_div|q ; 0.000        ; 0.000      ; 0.367      ;
; 0.215 ; keypad_freq_sel_module:inst1|keypad_module:keypad_mod_inst|tmp_out_keys[11] ; keypad_freq_sel_module:inst1|keypad_module:keypad_mod_inst|tmp_out_keys[11] ; keypad_freq_sel_module:inst1|freq_divider_keypad_module:freq_div|q ; keypad_freq_sel_module:inst1|freq_divider_keypad_module:freq_div|q ; 0.000        ; 0.000      ; 0.367      ;
; 0.215 ; keypad_freq_sel_module:inst1|keypad_module:keypad_mod_inst|tmp_out_keys[9]  ; keypad_freq_sel_module:inst1|keypad_module:keypad_mod_inst|tmp_out_keys[9]  ; keypad_freq_sel_module:inst1|freq_divider_keypad_module:freq_div|q ; keypad_freq_sel_module:inst1|freq_divider_keypad_module:freq_div|q ; 0.000        ; 0.000      ; 0.367      ;
; 0.215 ; keypad_freq_sel_module:inst1|keypad_module:keypad_mod_inst|tmp_out_keys[12] ; keypad_freq_sel_module:inst1|keypad_module:keypad_mod_inst|tmp_out_keys[12] ; keypad_freq_sel_module:inst1|freq_divider_keypad_module:freq_div|q ; keypad_freq_sel_module:inst1|freq_divider_keypad_module:freq_div|q ; 0.000        ; 0.000      ; 0.367      ;
; 0.215 ; keypad_freq_sel_module:inst1|keypad_module:keypad_mod_inst|tmp_out_keys[13] ; keypad_freq_sel_module:inst1|keypad_module:keypad_mod_inst|tmp_out_keys[13] ; keypad_freq_sel_module:inst1|freq_divider_keypad_module:freq_div|q ; keypad_freq_sel_module:inst1|freq_divider_keypad_module:freq_div|q ; 0.000        ; 0.000      ; 0.367      ;
; 0.215 ; keypad_freq_sel_module:inst1|keypad_module:keypad_mod_inst|tmp_out_keys[8]  ; keypad_freq_sel_module:inst1|keypad_module:keypad_mod_inst|tmp_out_keys[8]  ; keypad_freq_sel_module:inst1|freq_divider_keypad_module:freq_div|q ; keypad_freq_sel_module:inst1|freq_divider_keypad_module:freq_div|q ; 0.000        ; 0.000      ; 0.367      ;
; 0.215 ; keypad_freq_sel_module:inst1|keypad_module:keypad_mod_inst|tmp_out_keys[7]  ; keypad_freq_sel_module:inst1|keypad_module:keypad_mod_inst|tmp_out_keys[7]  ; keypad_freq_sel_module:inst1|freq_divider_keypad_module:freq_div|q ; keypad_freq_sel_module:inst1|freq_divider_keypad_module:freq_div|q ; 0.000        ; 0.000      ; 0.367      ;
; 0.215 ; keypad_freq_sel_module:inst1|keypad_module:keypad_mod_inst|tmp_out_keys[14] ; keypad_freq_sel_module:inst1|keypad_module:keypad_mod_inst|tmp_out_keys[14] ; keypad_freq_sel_module:inst1|freq_divider_keypad_module:freq_div|q ; keypad_freq_sel_module:inst1|freq_divider_keypad_module:freq_div|q ; 0.000        ; 0.000      ; 0.367      ;
; 0.215 ; keypad_freq_sel_module:inst1|keypad_module:keypad_mod_inst|tmp_out_keys[10] ; keypad_freq_sel_module:inst1|keypad_module:keypad_mod_inst|tmp_out_keys[10] ; keypad_freq_sel_module:inst1|freq_divider_keypad_module:freq_div|q ; keypad_freq_sel_module:inst1|freq_divider_keypad_module:freq_div|q ; 0.000        ; 0.000      ; 0.367      ;
; 0.215 ; keypad_freq_sel_module:inst1|keypad_module:keypad_mod_inst|tmp_out_keys[6]  ; keypad_freq_sel_module:inst1|keypad_module:keypad_mod_inst|tmp_out_keys[6]  ; keypad_freq_sel_module:inst1|freq_divider_keypad_module:freq_div|q ; keypad_freq_sel_module:inst1|freq_divider_keypad_module:freq_div|q ; 0.000        ; 0.000      ; 0.367      ;
; 0.215 ; keypad_freq_sel_module:inst1|keypad_module:keypad_mod_inst|tmp_out_keys[5]  ; keypad_freq_sel_module:inst1|keypad_module:keypad_mod_inst|tmp_out_keys[5]  ; keypad_freq_sel_module:inst1|freq_divider_keypad_module:freq_div|q ; keypad_freq_sel_module:inst1|freq_divider_keypad_module:freq_div|q ; 0.000        ; 0.000      ; 0.367      ;
; 0.215 ; keypad_freq_sel_module:inst1|keypad_module:keypad_mod_inst|tmp_out_keys[2]  ; keypad_freq_sel_module:inst1|keypad_module:keypad_mod_inst|tmp_out_keys[2]  ; keypad_freq_sel_module:inst1|freq_divider_keypad_module:freq_div|q ; keypad_freq_sel_module:inst1|freq_divider_keypad_module:freq_div|q ; 0.000        ; 0.000      ; 0.367      ;
; 0.215 ; keypad_freq_sel_module:inst1|number_not_sel                                 ; keypad_freq_sel_module:inst1|number_not_sel                                 ; keypad_freq_sel_module:inst1|freq_divider_keypad_module:freq_div|q ; keypad_freq_sel_module:inst1|freq_divider_keypad_module:freq_div|q ; 0.000        ; 0.000      ; 0.367      ;
; 0.243 ; keypad_freq_sel_module:inst1|cont[31]                                       ; keypad_freq_sel_module:inst1|cont[31]                                       ; keypad_freq_sel_module:inst1|freq_divider_keypad_module:freq_div|q ; keypad_freq_sel_module:inst1|freq_divider_keypad_module:freq_div|q ; 0.000        ; 0.000      ; 0.395      ;
; 0.246 ; keypad_freq_sel_module:inst1|keypad_module:keypad_mod_inst|i_column[31]     ; keypad_freq_sel_module:inst1|keypad_module:keypad_mod_inst|i_column[31]     ; keypad_freq_sel_module:inst1|freq_divider_keypad_module:freq_div|q ; keypad_freq_sel_module:inst1|freq_divider_keypad_module:freq_div|q ; 0.000        ; 0.000      ; 0.398      ;
; 0.264 ; keypad_freq_sel_module:inst1|debounced_keypad_pressed                       ; keypad_freq_sel_module:inst1|prev_page                                      ; keypad_freq_sel_module:inst1|freq_divider_keypad_module:freq_div|q ; keypad_freq_sel_module:inst1|freq_divider_keypad_module:freq_div|q ; 0.000        ; 0.000      ; 0.416      ;
; 0.266 ; keypad_freq_sel_module:inst1|debounced_keypad_pressed                       ; keypad_freq_sel_module:inst1|next_page                                      ; keypad_freq_sel_module:inst1|freq_divider_keypad_module:freq_div|q ; keypad_freq_sel_module:inst1|freq_divider_keypad_module:freq_div|q ; 0.000        ; 0.000      ; 0.418      ;
; 0.274 ; keypad_freq_sel_module:inst1|digit_counter[1]                               ; keypad_freq_sel_module:inst1|digit_counter_BCD[1]                           ; keypad_freq_sel_module:inst1|freq_divider_keypad_module:freq_div|q ; keypad_freq_sel_module:inst1|freq_divider_keypad_module:freq_div|q ; 0.000        ; 0.000      ; 0.426      ;
; 0.319 ; keypad_freq_sel_module:inst1|freq_5[3]                                      ; keypad_freq_sel_module:inst1|freq_4[3]                                      ; keypad_freq_sel_module:inst1|freq_divider_keypad_module:freq_div|q ; keypad_freq_sel_module:inst1|freq_divider_keypad_module:freq_div|q ; 0.000        ; 0.000      ; 0.471      ;
; 0.328 ; keypad_freq_sel_module:inst1|freq_4[2]                                      ; keypad_freq_sel_module:inst1|freq_5[2]                                      ; keypad_freq_sel_module:inst1|freq_divider_keypad_module:freq_div|q ; keypad_freq_sel_module:inst1|freq_divider_keypad_module:freq_div|q ; 0.000        ; 0.000      ; 0.480      ;
; 0.329 ; keypad_freq_sel_module:inst1|freq_2[3]                                      ; keypad_freq_sel_module:inst1|freq_3[3]                                      ; keypad_freq_sel_module:inst1|freq_divider_keypad_module:freq_div|q ; keypad_freq_sel_module:inst1|freq_divider_keypad_module:freq_div|q ; 0.000        ; 0.000      ; 0.481      ;
; 0.329 ; keypad_freq_sel_module:inst1|freq_2[2]                                      ; keypad_freq_sel_module:inst1|freq_3[2]                                      ; keypad_freq_sel_module:inst1|freq_divider_keypad_module:freq_div|q ; keypad_freq_sel_module:inst1|freq_divider_keypad_module:freq_div|q ; 0.000        ; 0.000      ; 0.481      ;
; 0.331 ; keypad_freq_sel_module:inst1|freq_7[3]                                      ; keypad_freq_sel_module:inst1|BCD_7[3]                                       ; keypad_freq_sel_module:inst1|freq_divider_keypad_module:freq_div|q ; keypad_freq_sel_module:inst1|freq_divider_keypad_module:freq_div|q ; 0.000        ; -0.001     ; 0.482      ;
; 0.334 ; keypad_freq_sel_module:inst1|freq_4[1]                                      ; keypad_freq_sel_module:inst1|freq_5[1]                                      ; keypad_freq_sel_module:inst1|freq_divider_keypad_module:freq_div|q ; keypad_freq_sel_module:inst1|freq_divider_keypad_module:freq_div|q ; 0.000        ; 0.000      ; 0.486      ;
; 0.349 ; keypad_freq_sel_module:inst1|freq_3[0]                                      ; keypad_freq_sel_module:inst1|BCD_3[0]                                       ; keypad_freq_sel_module:inst1|freq_divider_keypad_module:freq_div|q ; keypad_freq_sel_module:inst1|freq_divider_keypad_module:freq_div|q ; 0.000        ; 0.000      ; 0.501      ;
; 0.353 ; keypad_freq_sel_module:inst1|cont[0]                                        ; keypad_freq_sel_module:inst1|cont[0]                                        ; keypad_freq_sel_module:inst1|freq_divider_keypad_module:freq_div|q ; keypad_freq_sel_module:inst1|freq_divider_keypad_module:freq_div|q ; 0.000        ; 0.000      ; 0.505      ;
; 0.355 ; keypad_freq_sel_module:inst1|keypad_module:keypad_mod_inst|i_column[16]     ; keypad_freq_sel_module:inst1|keypad_module:keypad_mod_inst|i_column[16]     ; keypad_freq_sel_module:inst1|freq_divider_keypad_module:freq_div|q ; keypad_freq_sel_module:inst1|freq_divider_keypad_module:freq_div|q ; 0.000        ; 0.000      ; 0.507      ;
; 0.355 ; keypad_freq_sel_module:inst1|cont[16]                                       ; keypad_freq_sel_module:inst1|cont[16]                                       ; keypad_freq_sel_module:inst1|freq_divider_keypad_module:freq_div|q ; keypad_freq_sel_module:inst1|freq_divider_keypad_module:freq_div|q ; 0.000        ; 0.000      ; 0.507      ;
; 0.357 ; keypad_freq_sel_module:inst1|cont[1]                                        ; keypad_freq_sel_module:inst1|cont[1]                                        ; keypad_freq_sel_module:inst1|freq_divider_keypad_module:freq_div|q ; keypad_freq_sel_module:inst1|freq_divider_keypad_module:freq_div|q ; 0.000        ; 0.000      ; 0.509      ;
; 0.358 ; keypad_freq_sel_module:inst1|keypad_module:keypad_mod_inst|i_column[0]      ; keypad_freq_sel_module:inst1|keypad_module:keypad_mod_inst|i_column[0]      ; keypad_freq_sel_module:inst1|freq_divider_keypad_module:freq_div|q ; keypad_freq_sel_module:inst1|freq_divider_keypad_module:freq_div|q ; 0.000        ; 0.000      ; 0.510      ;
; 0.358 ; keypad_freq_sel_module:inst1|cont[2]                                        ; keypad_freq_sel_module:inst1|cont[2]                                        ; keypad_freq_sel_module:inst1|freq_divider_keypad_module:freq_div|q ; keypad_freq_sel_module:inst1|freq_divider_keypad_module:freq_div|q ; 0.000        ; 0.000      ; 0.510      ;
; 0.359 ; keypad_freq_sel_module:inst1|keypad_module:keypad_mod_inst|i_column[1]      ; keypad_freq_sel_module:inst1|keypad_module:keypad_mod_inst|i_column[1]      ; keypad_freq_sel_module:inst1|freq_divider_keypad_module:freq_div|q ; keypad_freq_sel_module:inst1|freq_divider_keypad_module:freq_div|q ; 0.000        ; 0.000      ; 0.511      ;
; 0.359 ; keypad_freq_sel_module:inst1|keypad_module:keypad_mod_inst|i_column[17]     ; keypad_freq_sel_module:inst1|keypad_module:keypad_mod_inst|i_column[17]     ; keypad_freq_sel_module:inst1|freq_divider_keypad_module:freq_div|q ; keypad_freq_sel_module:inst1|freq_divider_keypad_module:freq_div|q ; 0.000        ; 0.000      ; 0.511      ;
; 0.359 ; keypad_freq_sel_module:inst1|cont[17]                                       ; keypad_freq_sel_module:inst1|cont[17]                                       ; keypad_freq_sel_module:inst1|freq_divider_keypad_module:freq_div|q ; keypad_freq_sel_module:inst1|freq_divider_keypad_module:freq_div|q ; 0.000        ; 0.000      ; 0.511      ;
; 0.359 ; keypad_freq_sel_module:inst1|freq_3[1]                                      ; keypad_freq_sel_module:inst1|BCD_3[1]                                       ; keypad_freq_sel_module:inst1|freq_divider_keypad_module:freq_div|q ; keypad_freq_sel_module:inst1|freq_divider_keypad_module:freq_div|q ; 0.000        ; 0.000      ; 0.511      ;
; 0.360 ; keypad_freq_sel_module:inst1|keypad_module:keypad_mod_inst|i_column[9]      ; keypad_freq_sel_module:inst1|keypad_module:keypad_mod_inst|i_column[9]      ; keypad_freq_sel_module:inst1|freq_divider_keypad_module:freq_div|q ; keypad_freq_sel_module:inst1|freq_divider_keypad_module:freq_div|q ; 0.000        ; 0.000      ; 0.512      ;
; 0.360 ; keypad_freq_sel_module:inst1|keypad_module:keypad_mod_inst|i_column[11]     ; keypad_freq_sel_module:inst1|keypad_module:keypad_mod_inst|i_column[11]     ; keypad_freq_sel_module:inst1|freq_divider_keypad_module:freq_div|q ; keypad_freq_sel_module:inst1|freq_divider_keypad_module:freq_div|q ; 0.000        ; 0.000      ; 0.512      ;
; 0.360 ; keypad_freq_sel_module:inst1|keypad_module:keypad_mod_inst|i_column[18]     ; keypad_freq_sel_module:inst1|keypad_module:keypad_mod_inst|i_column[18]     ; keypad_freq_sel_module:inst1|freq_divider_keypad_module:freq_div|q ; keypad_freq_sel_module:inst1|freq_divider_keypad_module:freq_div|q ; 0.000        ; 0.000      ; 0.512      ;
; 0.360 ; keypad_freq_sel_module:inst1|keypad_module:keypad_mod_inst|i_column[25]     ; keypad_freq_sel_module:inst1|keypad_module:keypad_mod_inst|i_column[25]     ; keypad_freq_sel_module:inst1|freq_divider_keypad_module:freq_div|q ; keypad_freq_sel_module:inst1|freq_divider_keypad_module:freq_div|q ; 0.000        ; 0.000      ; 0.512      ;
; 0.360 ; keypad_freq_sel_module:inst1|keypad_module:keypad_mod_inst|i_column[27]     ; keypad_freq_sel_module:inst1|keypad_module:keypad_mod_inst|i_column[27]     ; keypad_freq_sel_module:inst1|freq_divider_keypad_module:freq_div|q ; keypad_freq_sel_module:inst1|freq_divider_keypad_module:freq_div|q ; 0.000        ; 0.000      ; 0.512      ;
; 0.360 ; keypad_freq_sel_module:inst1|cont[9]                                        ; keypad_freq_sel_module:inst1|cont[9]                                        ; keypad_freq_sel_module:inst1|freq_divider_keypad_module:freq_div|q ; keypad_freq_sel_module:inst1|freq_divider_keypad_module:freq_div|q ; 0.000        ; 0.000      ; 0.512      ;
; 0.360 ; keypad_freq_sel_module:inst1|cont[11]                                       ; keypad_freq_sel_module:inst1|cont[11]                                       ; keypad_freq_sel_module:inst1|freq_divider_keypad_module:freq_div|q ; keypad_freq_sel_module:inst1|freq_divider_keypad_module:freq_div|q ; 0.000        ; 0.000      ; 0.512      ;
; 0.360 ; keypad_freq_sel_module:inst1|cont[18]                                       ; keypad_freq_sel_module:inst1|cont[18]                                       ; keypad_freq_sel_module:inst1|freq_divider_keypad_module:freq_div|q ; keypad_freq_sel_module:inst1|freq_divider_keypad_module:freq_div|q ; 0.000        ; 0.000      ; 0.512      ;
; 0.360 ; keypad_freq_sel_module:inst1|cont[25]                                       ; keypad_freq_sel_module:inst1|cont[25]                                       ; keypad_freq_sel_module:inst1|freq_divider_keypad_module:freq_div|q ; keypad_freq_sel_module:inst1|freq_divider_keypad_module:freq_div|q ; 0.000        ; 0.000      ; 0.512      ;
; 0.360 ; keypad_freq_sel_module:inst1|cont[27]                                       ; keypad_freq_sel_module:inst1|cont[27]                                       ; keypad_freq_sel_module:inst1|freq_divider_keypad_module:freq_div|q ; keypad_freq_sel_module:inst1|freq_divider_keypad_module:freq_div|q ; 0.000        ; 0.000      ; 0.512      ;
; 0.361 ; keypad_freq_sel_module:inst1|keypad_module:keypad_mod_inst|i_column[4]      ; keypad_freq_sel_module:inst1|keypad_module:keypad_mod_inst|i_column[4]      ; keypad_freq_sel_module:inst1|freq_divider_keypad_module:freq_div|q ; keypad_freq_sel_module:inst1|freq_divider_keypad_module:freq_div|q ; 0.000        ; 0.000      ; 0.513      ;
; 0.361 ; keypad_freq_sel_module:inst1|keypad_module:keypad_mod_inst|i_column[7]      ; keypad_freq_sel_module:inst1|keypad_module:keypad_mod_inst|i_column[7]      ; keypad_freq_sel_module:inst1|freq_divider_keypad_module:freq_div|q ; keypad_freq_sel_module:inst1|freq_divider_keypad_module:freq_div|q ; 0.000        ; 0.000      ; 0.513      ;
; 0.361 ; keypad_freq_sel_module:inst1|keypad_module:keypad_mod_inst|i_column[13]     ; keypad_freq_sel_module:inst1|keypad_module:keypad_mod_inst|i_column[13]     ; keypad_freq_sel_module:inst1|freq_divider_keypad_module:freq_div|q ; keypad_freq_sel_module:inst1|freq_divider_keypad_module:freq_div|q ; 0.000        ; 0.000      ; 0.513      ;
; 0.361 ; keypad_freq_sel_module:inst1|keypad_module:keypad_mod_inst|i_column[14]     ; keypad_freq_sel_module:inst1|keypad_module:keypad_mod_inst|i_column[14]     ; keypad_freq_sel_module:inst1|freq_divider_keypad_module:freq_div|q ; keypad_freq_sel_module:inst1|freq_divider_keypad_module:freq_div|q ; 0.000        ; 0.000      ; 0.513      ;
; 0.361 ; keypad_freq_sel_module:inst1|keypad_module:keypad_mod_inst|i_column[15]     ; keypad_freq_sel_module:inst1|keypad_module:keypad_mod_inst|i_column[15]     ; keypad_freq_sel_module:inst1|freq_divider_keypad_module:freq_div|q ; keypad_freq_sel_module:inst1|freq_divider_keypad_module:freq_div|q ; 0.000        ; 0.000      ; 0.513      ;
; 0.361 ; keypad_freq_sel_module:inst1|keypad_module:keypad_mod_inst|i_column[20]     ; keypad_freq_sel_module:inst1|keypad_module:keypad_mod_inst|i_column[20]     ; keypad_freq_sel_module:inst1|freq_divider_keypad_module:freq_div|q ; keypad_freq_sel_module:inst1|freq_divider_keypad_module:freq_div|q ; 0.000        ; 0.000      ; 0.513      ;
; 0.361 ; keypad_freq_sel_module:inst1|keypad_module:keypad_mod_inst|i_column[23]     ; keypad_freq_sel_module:inst1|keypad_module:keypad_mod_inst|i_column[23]     ; keypad_freq_sel_module:inst1|freq_divider_keypad_module:freq_div|q ; keypad_freq_sel_module:inst1|freq_divider_keypad_module:freq_div|q ; 0.000        ; 0.000      ; 0.513      ;
; 0.361 ; keypad_freq_sel_module:inst1|keypad_module:keypad_mod_inst|i_column[29]     ; keypad_freq_sel_module:inst1|keypad_module:keypad_mod_inst|i_column[29]     ; keypad_freq_sel_module:inst1|freq_divider_keypad_module:freq_div|q ; keypad_freq_sel_module:inst1|freq_divider_keypad_module:freq_div|q ; 0.000        ; 0.000      ; 0.513      ;
; 0.361 ; keypad_freq_sel_module:inst1|keypad_module:keypad_mod_inst|i_column[30]     ; keypad_freq_sel_module:inst1|keypad_module:keypad_mod_inst|i_column[30]     ; keypad_freq_sel_module:inst1|freq_divider_keypad_module:freq_div|q ; keypad_freq_sel_module:inst1|freq_divider_keypad_module:freq_div|q ; 0.000        ; 0.000      ; 0.513      ;
; 0.361 ; keypad_freq_sel_module:inst1|cont[4]                                        ; keypad_freq_sel_module:inst1|cont[4]                                        ; keypad_freq_sel_module:inst1|freq_divider_keypad_module:freq_div|q ; keypad_freq_sel_module:inst1|freq_divider_keypad_module:freq_div|q ; 0.000        ; 0.000      ; 0.513      ;
; 0.361 ; keypad_freq_sel_module:inst1|cont[7]                                        ; keypad_freq_sel_module:inst1|cont[7]                                        ; keypad_freq_sel_module:inst1|freq_divider_keypad_module:freq_div|q ; keypad_freq_sel_module:inst1|freq_divider_keypad_module:freq_div|q ; 0.000        ; 0.000      ; 0.513      ;
; 0.361 ; keypad_freq_sel_module:inst1|cont[13]                                       ; keypad_freq_sel_module:inst1|cont[13]                                       ; keypad_freq_sel_module:inst1|freq_divider_keypad_module:freq_div|q ; keypad_freq_sel_module:inst1|freq_divider_keypad_module:freq_div|q ; 0.000        ; 0.000      ; 0.513      ;
; 0.361 ; keypad_freq_sel_module:inst1|cont[14]                                       ; keypad_freq_sel_module:inst1|cont[14]                                       ; keypad_freq_sel_module:inst1|freq_divider_keypad_module:freq_div|q ; keypad_freq_sel_module:inst1|freq_divider_keypad_module:freq_div|q ; 0.000        ; 0.000      ; 0.513      ;
; 0.361 ; keypad_freq_sel_module:inst1|cont[15]                                       ; keypad_freq_sel_module:inst1|cont[15]                                       ; keypad_freq_sel_module:inst1|freq_divider_keypad_module:freq_div|q ; keypad_freq_sel_module:inst1|freq_divider_keypad_module:freq_div|q ; 0.000        ; 0.000      ; 0.513      ;
; 0.361 ; keypad_freq_sel_module:inst1|cont[20]                                       ; keypad_freq_sel_module:inst1|cont[20]                                       ; keypad_freq_sel_module:inst1|freq_divider_keypad_module:freq_div|q ; keypad_freq_sel_module:inst1|freq_divider_keypad_module:freq_div|q ; 0.000        ; 0.000      ; 0.513      ;
; 0.361 ; keypad_freq_sel_module:inst1|cont[23]                                       ; keypad_freq_sel_module:inst1|cont[23]                                       ; keypad_freq_sel_module:inst1|freq_divider_keypad_module:freq_div|q ; keypad_freq_sel_module:inst1|freq_divider_keypad_module:freq_div|q ; 0.000        ; 0.000      ; 0.513      ;
; 0.361 ; keypad_freq_sel_module:inst1|cont[29]                                       ; keypad_freq_sel_module:inst1|cont[29]                                       ; keypad_freq_sel_module:inst1|freq_divider_keypad_module:freq_div|q ; keypad_freq_sel_module:inst1|freq_divider_keypad_module:freq_div|q ; 0.000        ; 0.000      ; 0.513      ;
; 0.361 ; keypad_freq_sel_module:inst1|cont[30]                                       ; keypad_freq_sel_module:inst1|cont[30]                                       ; keypad_freq_sel_module:inst1|freq_divider_keypad_module:freq_div|q ; keypad_freq_sel_module:inst1|freq_divider_keypad_module:freq_div|q ; 0.000        ; 0.000      ; 0.513      ;
; 0.361 ; keypad_freq_sel_module:inst1|freq_3[2]                                      ; keypad_freq_sel_module:inst1|BCD_3[2]                                       ; keypad_freq_sel_module:inst1|freq_divider_keypad_module:freq_div|q ; keypad_freq_sel_module:inst1|freq_divider_keypad_module:freq_div|q ; 0.000        ; 0.000      ; 0.513      ;
; 0.362 ; keypad_freq_sel_module:inst1|freq_5[3]                                      ; keypad_freq_sel_module:inst1|freq_6[3]                                      ; keypad_freq_sel_module:inst1|freq_divider_keypad_module:freq_div|q ; keypad_freq_sel_module:inst1|freq_divider_keypad_module:freq_div|q ; 0.000        ; 0.000      ; 0.514      ;
; 0.363 ; keypad_freq_sel_module:inst1|keypad_module:keypad_mod_inst|i_column[2]      ; keypad_freq_sel_module:inst1|keypad_module:keypad_mod_inst|i_column[2]      ; keypad_freq_sel_module:inst1|freq_divider_keypad_module:freq_div|q ; keypad_freq_sel_module:inst1|freq_divider_keypad_module:freq_div|q ; 0.000        ; 0.000      ; 0.515      ;
; 0.365 ; keypad_freq_sel_module:inst1|freq_3[0]                                      ; keypad_freq_sel_module:inst1|freq_2[0]                                      ; keypad_freq_sel_module:inst1|freq_divider_keypad_module:freq_div|q ; keypad_freq_sel_module:inst1|freq_divider_keypad_module:freq_div|q ; 0.000        ; 0.000      ; 0.517      ;
; 0.365 ; keypad_freq_sel_module:inst1|freq_6[0]                                      ; keypad_freq_sel_module:inst1|freq_5[0]                                      ; keypad_freq_sel_module:inst1|freq_divider_keypad_module:freq_div|q ; keypad_freq_sel_module:inst1|freq_divider_keypad_module:freq_div|q ; 0.000        ; 0.000      ; 0.517      ;
; 0.367 ; keypad_freq_sel_module:inst1|digit_counter_BCD[1]                           ; keypad_freq_sel_module:inst1|digit_counter[1]                               ; keypad_freq_sel_module:inst1|freq_divider_keypad_module:freq_div|q ; keypad_freq_sel_module:inst1|freq_divider_keypad_module:freq_div|q ; 0.000        ; 0.000      ; 0.519      ;
; 0.371 ; keypad_freq_sel_module:inst1|keypad_module:keypad_mod_inst|i_column[8]      ; keypad_freq_sel_module:inst1|keypad_module:keypad_mod_inst|i_column[8]      ; keypad_freq_sel_module:inst1|freq_divider_keypad_module:freq_div|q ; keypad_freq_sel_module:inst1|freq_divider_keypad_module:freq_div|q ; 0.000        ; 0.000      ; 0.523      ;
; 0.371 ; keypad_freq_sel_module:inst1|keypad_module:keypad_mod_inst|i_column[10]     ; keypad_freq_sel_module:inst1|keypad_module:keypad_mod_inst|i_column[10]     ; keypad_freq_sel_module:inst1|freq_divider_keypad_module:freq_div|q ; keypad_freq_sel_module:inst1|freq_divider_keypad_module:freq_div|q ; 0.000        ; 0.000      ; 0.523      ;
; 0.371 ; keypad_freq_sel_module:inst1|keypad_module:keypad_mod_inst|i_column[19]     ; keypad_freq_sel_module:inst1|keypad_module:keypad_mod_inst|i_column[19]     ; keypad_freq_sel_module:inst1|freq_divider_keypad_module:freq_div|q ; keypad_freq_sel_module:inst1|freq_divider_keypad_module:freq_div|q ; 0.000        ; 0.000      ; 0.523      ;
; 0.371 ; keypad_freq_sel_module:inst1|keypad_module:keypad_mod_inst|i_column[24]     ; keypad_freq_sel_module:inst1|keypad_module:keypad_mod_inst|i_column[24]     ; keypad_freq_sel_module:inst1|freq_divider_keypad_module:freq_div|q ; keypad_freq_sel_module:inst1|freq_divider_keypad_module:freq_div|q ; 0.000        ; 0.000      ; 0.523      ;
; 0.371 ; keypad_freq_sel_module:inst1|keypad_module:keypad_mod_inst|i_column[26]     ; keypad_freq_sel_module:inst1|keypad_module:keypad_mod_inst|i_column[26]     ; keypad_freq_sel_module:inst1|freq_divider_keypad_module:freq_div|q ; keypad_freq_sel_module:inst1|freq_divider_keypad_module:freq_div|q ; 0.000        ; 0.000      ; 0.523      ;
; 0.371 ; keypad_freq_sel_module:inst1|cont[3]                                        ; keypad_freq_sel_module:inst1|cont[3]                                        ; keypad_freq_sel_module:inst1|freq_divider_keypad_module:freq_div|q ; keypad_freq_sel_module:inst1|freq_divider_keypad_module:freq_div|q ; 0.000        ; 0.000      ; 0.523      ;
; 0.371 ; keypad_freq_sel_module:inst1|cont[8]                                        ; keypad_freq_sel_module:inst1|cont[8]                                        ; keypad_freq_sel_module:inst1|freq_divider_keypad_module:freq_div|q ; keypad_freq_sel_module:inst1|freq_divider_keypad_module:freq_div|q ; 0.000        ; 0.000      ; 0.523      ;
; 0.371 ; keypad_freq_sel_module:inst1|cont[10]                                       ; keypad_freq_sel_module:inst1|cont[10]                                       ; keypad_freq_sel_module:inst1|freq_divider_keypad_module:freq_div|q ; keypad_freq_sel_module:inst1|freq_divider_keypad_module:freq_div|q ; 0.000        ; 0.000      ; 0.523      ;
; 0.371 ; keypad_freq_sel_module:inst1|cont[19]                                       ; keypad_freq_sel_module:inst1|cont[19]                                       ; keypad_freq_sel_module:inst1|freq_divider_keypad_module:freq_div|q ; keypad_freq_sel_module:inst1|freq_divider_keypad_module:freq_div|q ; 0.000        ; 0.000      ; 0.523      ;
; 0.371 ; keypad_freq_sel_module:inst1|cont[24]                                       ; keypad_freq_sel_module:inst1|cont[24]                                       ; keypad_freq_sel_module:inst1|freq_divider_keypad_module:freq_div|q ; keypad_freq_sel_module:inst1|freq_divider_keypad_module:freq_div|q ; 0.000        ; 0.000      ; 0.523      ;
; 0.371 ; keypad_freq_sel_module:inst1|cont[26]                                       ; keypad_freq_sel_module:inst1|cont[26]                                       ; keypad_freq_sel_module:inst1|freq_divider_keypad_module:freq_div|q ; keypad_freq_sel_module:inst1|freq_divider_keypad_module:freq_div|q ; 0.000        ; 0.000      ; 0.523      ;
; 0.372 ; keypad_freq_sel_module:inst1|keypad_module:keypad_mod_inst|i_column[6]      ; keypad_freq_sel_module:inst1|keypad_module:keypad_mod_inst|i_column[6]      ; keypad_freq_sel_module:inst1|freq_divider_keypad_module:freq_div|q ; keypad_freq_sel_module:inst1|freq_divider_keypad_module:freq_div|q ; 0.000        ; 0.000      ; 0.524      ;
; 0.372 ; keypad_freq_sel_module:inst1|keypad_module:keypad_mod_inst|i_column[12]     ; keypad_freq_sel_module:inst1|keypad_module:keypad_mod_inst|i_column[12]     ; keypad_freq_sel_module:inst1|freq_divider_keypad_module:freq_div|q ; keypad_freq_sel_module:inst1|freq_divider_keypad_module:freq_div|q ; 0.000        ; 0.000      ; 0.524      ;
; 0.372 ; keypad_freq_sel_module:inst1|keypad_module:keypad_mod_inst|i_column[21]     ; keypad_freq_sel_module:inst1|keypad_module:keypad_mod_inst|i_column[21]     ; keypad_freq_sel_module:inst1|freq_divider_keypad_module:freq_div|q ; keypad_freq_sel_module:inst1|freq_divider_keypad_module:freq_div|q ; 0.000        ; 0.000      ; 0.524      ;
; 0.372 ; keypad_freq_sel_module:inst1|keypad_module:keypad_mod_inst|i_column[22]     ; keypad_freq_sel_module:inst1|keypad_module:keypad_mod_inst|i_column[22]     ; keypad_freq_sel_module:inst1|freq_divider_keypad_module:freq_div|q ; keypad_freq_sel_module:inst1|freq_divider_keypad_module:freq_div|q ; 0.000        ; 0.000      ; 0.524      ;
; 0.372 ; keypad_freq_sel_module:inst1|keypad_module:keypad_mod_inst|i_column[28]     ; keypad_freq_sel_module:inst1|keypad_module:keypad_mod_inst|i_column[28]     ; keypad_freq_sel_module:inst1|freq_divider_keypad_module:freq_div|q ; keypad_freq_sel_module:inst1|freq_divider_keypad_module:freq_div|q ; 0.000        ; 0.000      ; 0.524      ;
; 0.372 ; keypad_freq_sel_module:inst1|keypad_module:keypad_mod_inst|i_column[5]      ; keypad_freq_sel_module:inst1|keypad_module:keypad_mod_inst|i_column[5]      ; keypad_freq_sel_module:inst1|freq_divider_keypad_module:freq_div|q ; keypad_freq_sel_module:inst1|freq_divider_keypad_module:freq_div|q ; 0.000        ; 0.000      ; 0.524      ;
+-------+-----------------------------------------------------------------------------+-----------------------------------------------------------------------------+--------------------------------------------------------------------+--------------------------------------------------------------------+--------------+------------+------------+


+--------------------------------------------------------------------------------------------------------------------------------------------------------------------------------------------------------------------------------+
; Fast Model Hold: 'inst|altpll_component|pll|clk[0]'                                                                                                                                                                            ;
+-------+----------------------------------------------------+----------------------------------------------------+----------------------------------+----------------------------------+--------------+------------+------------+
; Slack ; From Node                                          ; To Node                                            ; Launch Clock                     ; Latch Clock                      ; Relationship ; Clock Skew ; Data Delay ;
+-------+----------------------------------------------------+----------------------------------------------------+----------------------------------+----------------------------------+--------------+------------+------------+
; 0.312 ; metastab_3xdff:inst4|fw_2[3]                       ; metastab_3xdff:inst4|fw_sync[3]                    ; inst|altpll_component|pll|clk[0] ; inst|altpll_component|pll|clk[0] ; 0.000        ; 0.000      ; 0.464      ;
; 0.312 ; metastab_3xdff:inst4|fw_1[5]                       ; metastab_3xdff:inst4|fw_2[5]                       ; inst|altpll_component|pll|clk[0] ; inst|altpll_component|pll|clk[0] ; 0.000        ; 0.000      ; 0.464      ;
; 0.313 ; metastab_3xdff:inst4|freq_control_1[2]             ; metastab_3xdff:inst4|freq_control_2[2]             ; inst|altpll_component|pll|clk[0] ; inst|altpll_component|pll|clk[0] ; 0.000        ; 0.000      ; 0.465      ;
; 0.314 ; metastab_3xdff:inst4|fw_1[6]                       ; metastab_3xdff:inst4|fw_2[6]                       ; inst|altpll_component|pll|clk[0] ; inst|altpll_component|pll|clk[0] ; 0.000        ; 0.000      ; 0.466      ;
; 0.314 ; metastab_3xdff:inst4|fw_2[6]                       ; metastab_3xdff:inst4|fw_sync[6]                    ; inst|altpll_component|pll|clk[0] ; inst|altpll_component|pll|clk[0] ; 0.000        ; 0.000      ; 0.466      ;
; 0.315 ; metastab_3xdff:inst4|triang_sync_1                 ; metastab_3xdff:inst4|triang_sync_2                 ; inst|altpll_component|pll|clk[0] ; inst|altpll_component|pll|clk[0] ; 0.000        ; 0.000      ; 0.467      ;
; 0.317 ; metastab_3xdff:inst4|mirror_x_sync_ddfs_1          ; metastab_3xdff:inst4|mirror_x_sync_ddfs_2          ; inst|altpll_component|pll|clk[0] ; inst|altpll_component|pll|clk[0] ; 0.000        ; 0.000      ; 0.469      ;
; 0.361 ; metastab_3xdff:inst4|fw_2[0]                       ; metastab_3xdff:inst4|fw_sync[0]                    ; inst|altpll_component|pll|clk[0] ; inst|altpll_component|pll|clk[0] ; 0.000        ; 0.000      ; 0.513      ;
; 0.361 ; metastab_3xdff:inst4|fw_1[2]                       ; metastab_3xdff:inst4|fw_2[2]                       ; inst|altpll_component|pll|clk[0] ; inst|altpll_component|pll|clk[0] ; 0.000        ; 0.000      ; 0.513      ;
; 0.362 ; metastab_3xdff:inst4|freq_control_2[0]             ; metastab_3xdff:inst4|freq_control_sync[0]          ; inst|altpll_component|pll|clk[0] ; inst|altpll_component|pll|clk[0] ; 0.000        ; 0.000      ; 0.514      ;
; 0.362 ; metastab_3xdff:inst4|mirror_y_sync_ddfs_1          ; metastab_3xdff:inst4|mirror_y_sync_ddfs_2          ; inst|altpll_component|pll|clk[0] ; inst|altpll_component|pll|clk[0] ; 0.000        ; 0.000      ; 0.514      ;
; 0.362 ; metastab_3xdff:inst4|mirror_x_sync_ddfs_2          ; metastab_3xdff:inst4|mirror_x_sync_ddfs            ; inst|altpll_component|pll|clk[0] ; inst|altpll_component|pll|clk[0] ; 0.000        ; 0.000      ; 0.514      ;
; 0.363 ; metastab_3xdff:inst4|freq_control_1[1]             ; metastab_3xdff:inst4|freq_control_2[1]             ; inst|altpll_component|pll|clk[0] ; inst|altpll_component|pll|clk[0] ; 0.000        ; 0.000      ; 0.515      ;
; 0.363 ; metastab_3xdff:inst4|fw_1[3]                       ; metastab_3xdff:inst4|fw_2[3]                       ; inst|altpll_component|pll|clk[0] ; inst|altpll_component|pll|clk[0] ; 0.000        ; 0.000      ; 0.515      ;
; 0.363 ; metastab_3xdff:inst4|mirror_y_sync_ddfs_2          ; metastab_3xdff:inst4|mirror_y_sync_ddfs            ; inst|altpll_component|pll|clk[0] ; inst|altpll_component|pll|clk[0] ; 0.000        ; 0.000      ; 0.515      ;
; 0.363 ; metastab_3xdff:inst4|sin_sync_1                    ; metastab_3xdff:inst4|sin_sync_2                    ; inst|altpll_component|pll|clk[0] ; inst|altpll_component|pll|clk[0] ; 0.000        ; 0.000      ; 0.515      ;
; 0.364 ; metastab_3xdff:inst4|fw_2[2]                       ; metastab_3xdff:inst4|fw_sync[2]                    ; inst|altpll_component|pll|clk[0] ; inst|altpll_component|pll|clk[0] ; 0.000        ; 0.000      ; 0.516      ;
; 0.364 ; metastab_3xdff:inst4|triang_sync_2                 ; metastab_3xdff:inst4|triang_sync                   ; inst|altpll_component|pll|clk[0] ; inst|altpll_component|pll|clk[0] ; 0.000        ; 0.000      ; 0.516      ;
; 0.365 ; metastab_3xdff:inst4|freq_control_2[2]             ; metastab_3xdff:inst4|freq_control_sync[2]          ; inst|altpll_component|pll|clk[0] ; inst|altpll_component|pll|clk[0] ; 0.000        ; 0.000      ; 0.517      ;
; 0.366 ; metastab_3xdff:inst4|freq_control_2[1]             ; metastab_3xdff:inst4|freq_control_sync[1]          ; inst|altpll_component|pll|clk[0] ; inst|altpll_component|pll|clk[0] ; 0.000        ; 0.000      ; 0.518      ;
; 0.366 ; metastab_3xdff:inst4|fw_1[0]                       ; metastab_3xdff:inst4|fw_2[0]                       ; inst|altpll_component|pll|clk[0] ; inst|altpll_component|pll|clk[0] ; 0.000        ; 0.000      ; 0.518      ;
; 0.372 ; metastab_3xdff:inst4|freq_control_1[0]             ; metastab_3xdff:inst4|freq_control_2[0]             ; inst|altpll_component|pll|clk[0] ; inst|altpll_component|pll|clk[0] ; 0.000        ; 0.000      ; 0.524      ;
; 0.372 ; metastab_3xdff:inst4|fw_1[4]                       ; metastab_3xdff:inst4|fw_2[4]                       ; inst|altpll_component|pll|clk[0] ; inst|altpll_component|pll|clk[0] ; 0.000        ; 0.000      ; 0.524      ;
; 0.373 ; metastab_3xdff:inst4|sin_sync_2                    ; metastab_3xdff:inst4|sin_sync                      ; inst|altpll_component|pll|clk[0] ; inst|altpll_component|pll|clk[0] ; 0.000        ; 0.000      ; 0.525      ;
; 0.376 ; metastab_3xdff:inst4|fw_2[1]                       ; metastab_3xdff:inst4|fw_sync[1]                    ; inst|altpll_component|pll|clk[0] ; inst|altpll_component|pll|clk[0] ; 0.000        ; 0.000      ; 0.528      ;
; 0.377 ; metastab_3xdff:inst4|fw_1[1]                       ; metastab_3xdff:inst4|fw_2[1]                       ; inst|altpll_component|pll|clk[0] ; inst|altpll_component|pll|clk[0] ; 0.000        ; 0.000      ; 0.529      ;
; 0.379 ; metastab_3xdff:inst4|fw_2[5]                       ; metastab_3xdff:inst4|fw_sync[5]                    ; inst|altpll_component|pll|clk[0] ; inst|altpll_component|pll|clk[0] ; 0.000        ; 0.000      ; 0.531      ;
; 0.430 ; metastab_3xdff:inst4|freq_control_sync[0]          ; ddfs:inst15|freq_divider_DDFS:f_div_inst|count[6]  ; inst|altpll_component|pll|clk[0] ; inst|altpll_component|pll|clk[0] ; 0.000        ; 0.002      ; 0.584      ;
; 0.494 ; metastab_3xdff:inst4|freq_control_sync[1]          ; ddfs:inst15|freq_divider_DDFS:f_div_inst|count[5]  ; inst|altpll_component|pll|clk[0] ; inst|altpll_component|pll|clk[0] ; 0.000        ; 0.002      ; 0.648      ;
; 0.494 ; metastab_3xdff:inst4|freq_control_sync[1]          ; ddfs:inst15|freq_divider_DDFS:f_div_inst|count[9]  ; inst|altpll_component|pll|clk[0] ; inst|altpll_component|pll|clk[0] ; 0.000        ; 0.002      ; 0.648      ;
; 0.495 ; metastab_3xdff:inst4|freq_control_sync[1]          ; ddfs:inst15|freq_divider_DDFS:f_div_inst|count[0]  ; inst|altpll_component|pll|clk[0] ; inst|altpll_component|pll|clk[0] ; 0.000        ; 0.002      ; 0.649      ;
; 0.525 ; ddfs:inst15|freq_divider_DDFS:f_div_inst|count[9]  ; ddfs:inst15|freq_divider_DDFS:f_div_inst|count[9]  ; inst|altpll_component|pll|clk[0] ; inst|altpll_component|pll|clk[0] ; 0.000        ; 0.000      ; 0.677      ;
; 0.526 ; ddfs:inst15|freq_divider_DDFS:f_div_inst|count[8]  ; ddfs:inst15|freq_divider_DDFS:f_div_inst|count[8]  ; inst|altpll_component|pll|clk[0] ; inst|altpll_component|pll|clk[0] ; 0.000        ; 0.000      ; 0.678      ;
; 0.537 ; ddfs:inst15|freq_divider_DDFS:f_div_inst|count[0]  ; ddfs:inst15|freq_divider_DDFS:f_div_inst|count[0]  ; inst|altpll_component|pll|clk[0] ; inst|altpll_component|pll|clk[0] ; 0.000        ; 0.000      ; 0.689      ;
; 0.539 ; ddfs:inst15|freq_divider_DDFS:f_div_inst|count[11] ; ddfs:inst15|freq_divider_DDFS:f_div_inst|count[11] ; inst|altpll_component|pll|clk[0] ; inst|altpll_component|pll|clk[0] ; 0.000        ; 0.000      ; 0.691      ;
; 0.539 ; ddfs:inst15|freq_divider_DDFS:f_div_inst|count[5]  ; ddfs:inst15|freq_divider_DDFS:f_div_inst|count[5]  ; inst|altpll_component|pll|clk[0] ; inst|altpll_component|pll|clk[0] ; 0.000        ; 0.000      ; 0.691      ;
; 0.554 ; metastab_3xdff:inst4|freq_control_sync[1]          ; ddfs:inst15|freq_divider_DDFS:f_div_inst|count[17] ; inst|altpll_component|pll|clk[0] ; inst|altpll_component|pll|clk[0] ; 0.000        ; 0.013      ; 0.719      ;
; 0.555 ; metastab_3xdff:inst4|freq_control_sync[1]          ; ddfs:inst15|freq_divider_DDFS:f_div_inst|count[18] ; inst|altpll_component|pll|clk[0] ; inst|altpll_component|pll|clk[0] ; 0.000        ; 0.013      ; 0.720      ;
; 0.573 ; ddfs:inst15|freq_divider_DDFS:f_div_inst|count[1]  ; ddfs:inst15|freq_divider_DDFS:f_div_inst|count[1]  ; inst|altpll_component|pll|clk[0] ; inst|altpll_component|pll|clk[0] ; 0.000        ; 0.000      ; 0.725      ;
; 0.575 ; metastab_3xdff:inst4|freq_control_sync[2]          ; ddfs:inst15|freq_divider_DDFS:f_div_inst|count[8]  ; inst|altpll_component|pll|clk[0] ; inst|altpll_component|pll|clk[0] ; 0.000        ; 0.002      ; 0.729      ;
; 0.575 ; metastab_3xdff:inst4|freq_control_sync[2]          ; ddfs:inst15|freq_divider_DDFS:f_div_inst|count[1]  ; inst|altpll_component|pll|clk[0] ; inst|altpll_component|pll|clk[0] ; 0.000        ; 0.002      ; 0.729      ;
; 0.576 ; ddfs:inst15|freq_divider_DDFS:f_div_inst|count[6]  ; ddfs:inst15|freq_divider_DDFS:f_div_inst|count[6]  ; inst|altpll_component|pll|clk[0] ; inst|altpll_component|pll|clk[0] ; 0.000        ; 0.000      ; 0.728      ;
; 0.576 ; metastab_3xdff:inst4|freq_control_sync[2]          ; ddfs:inst15|freq_divider_DDFS:f_div_inst|count[5]  ; inst|altpll_component|pll|clk[0] ; inst|altpll_component|pll|clk[0] ; 0.000        ; 0.002      ; 0.730      ;
; 0.577 ; metastab_3xdff:inst4|freq_control_sync[2]          ; ddfs:inst15|freq_divider_DDFS:f_div_inst|count[9]  ; inst|altpll_component|pll|clk[0] ; inst|altpll_component|pll|clk[0] ; 0.000        ; 0.002      ; 0.731      ;
; 0.577 ; metastab_3xdff:inst4|freq_control_sync[2]          ; ddfs:inst15|freq_divider_DDFS:f_div_inst|count[0]  ; inst|altpll_component|pll|clk[0] ; inst|altpll_component|pll|clk[0] ; 0.000        ; 0.002      ; 0.731      ;
; 0.577 ; ddfs:inst15|freq_divider_DDFS:f_div_inst|count[17] ; ddfs:inst15|freq_divider_DDFS:f_div_inst|count[17] ; inst|altpll_component|pll|clk[0] ; inst|altpll_component|pll|clk[0] ; 0.000        ; 0.000      ; 0.729      ;
; 0.577 ; ddfs:inst15|freq_divider_DDFS:f_div_inst|count[18] ; ddfs:inst15|freq_divider_DDFS:f_div_inst|count[18] ; inst|altpll_component|pll|clk[0] ; inst|altpll_component|pll|clk[0] ; 0.000        ; 0.000      ; 0.729      ;
; 0.580 ; ddfs:inst15|freq_divider_DDFS:f_div_inst|count[12] ; ddfs:inst15|freq_divider_DDFS:f_div_inst|count[12] ; inst|altpll_component|pll|clk[0] ; inst|altpll_component|pll|clk[0] ; 0.000        ; 0.000      ; 0.732      ;
; 0.591 ; ddfs:inst15|freq_divider_DDFS:f_div_inst|count[14] ; ddfs:inst15|freq_divider_DDFS:f_div_inst|count[14] ; inst|altpll_component|pll|clk[0] ; inst|altpll_component|pll|clk[0] ; 0.000        ; 0.000      ; 0.743      ;
; 0.606 ; metastab_3xdff:inst4|freq_control_sync[1]          ; ddfs:inst15|freq_divider_DDFS:f_div_inst|count[4]  ; inst|altpll_component|pll|clk[0] ; inst|altpll_component|pll|clk[0] ; 0.000        ; 0.013      ; 0.771      ;
; 0.643 ; metastab_3xdff:inst4|freq_control_sync[2]          ; ddfs:inst15|freq_divider_DDFS:f_div_inst|count[2]  ; inst|altpll_component|pll|clk[0] ; inst|altpll_component|pll|clk[0] ; 0.000        ; 0.012      ; 0.807      ;
; 0.644 ; metastab_3xdff:inst4|freq_control_sync[2]          ; ddfs:inst15|freq_divider_DDFS:f_div_inst|count[15] ; inst|altpll_component|pll|clk[0] ; inst|altpll_component|pll|clk[0] ; 0.000        ; 0.012      ; 0.808      ;
; 0.644 ; metastab_3xdff:inst4|freq_control_sync[0]          ; ddfs:inst15|freq_divider_DDFS:f_div_inst|count[1]  ; inst|altpll_component|pll|clk[0] ; inst|altpll_component|pll|clk[0] ; 0.000        ; 0.002      ; 0.798      ;
; 0.645 ; metastab_3xdff:inst4|freq_control_sync[2]          ; ddfs:inst15|freq_divider_DDFS:f_div_inst|count[3]  ; inst|altpll_component|pll|clk[0] ; inst|altpll_component|pll|clk[0] ; 0.000        ; 0.012      ; 0.809      ;
; 0.662 ; ddfs:inst15|freq_divider_DDFS:f_div_inst|count[8]  ; ddfs:inst15|freq_divider_DDFS:f_div_inst|count[9]  ; inst|altpll_component|pll|clk[0] ; inst|altpll_component|pll|clk[0] ; 0.000        ; 0.000      ; 0.814      ;
; 0.674 ; metastab_3xdff:inst4|freq_control_sync[2]          ; ddfs:inst15|freq_divider_DDFS:f_div_inst|count[17] ; inst|altpll_component|pll|clk[0] ; inst|altpll_component|pll|clk[0] ; 0.000        ; 0.013      ; 0.839      ;
; 0.674 ; metastab_3xdff:inst4|freq_control_sync[2]          ; ddfs:inst15|freq_divider_DDFS:f_div_inst|count[18] ; inst|altpll_component|pll|clk[0] ; inst|altpll_component|pll|clk[0] ; 0.000        ; 0.013      ; 0.839      ;
; 0.678 ; metastab_3xdff:inst4|freq_control_sync[1]          ; ddfs:inst15|freq_divider_DDFS:f_div_inst|count[16] ; inst|altpll_component|pll|clk[0] ; inst|altpll_component|pll|clk[0] ; 0.000        ; 0.012      ; 0.842      ;
; 0.680 ; metastab_3xdff:inst4|freq_control_sync[1]          ; ddfs:inst15|freq_divider_DDFS:f_div_inst|count[13] ; inst|altpll_component|pll|clk[0] ; inst|altpll_component|pll|clk[0] ; 0.000        ; 0.012      ; 0.844      ;
; 0.702 ; ddfs:inst15|freq_divider_DDFS:f_div_inst|count[6]  ; ddfs:inst15|freq_divider_DDFS:f_div_inst|count[8]  ; inst|altpll_component|pll|clk[0] ; inst|altpll_component|pll|clk[0] ; 0.000        ; 0.000      ; 0.854      ;
; 0.711 ; metastab_3xdff:inst4|freq_control_sync[2]          ; ddfs:inst15|freq_divider_DDFS:f_div_inst|count[13] ; inst|altpll_component|pll|clk[0] ; inst|altpll_component|pll|clk[0] ; 0.000        ; 0.012      ; 0.875      ;
; 0.726 ; ddfs:inst15|freq_divider_DDFS:f_div_inst|count[5]  ; ddfs:inst15|freq_divider_DDFS:f_div_inst|count[6]  ; inst|altpll_component|pll|clk[0] ; inst|altpll_component|pll|clk[0] ; 0.000        ; 0.000      ; 0.878      ;
; 0.728 ; ddfs:inst15|freq_divider_DDFS:f_div_inst|count[0]  ; ddfs:inst15|freq_divider_DDFS:f_div_inst|count[1]  ; inst|altpll_component|pll|clk[0] ; inst|altpll_component|pll|clk[0] ; 0.000        ; 0.000      ; 0.880      ;
; 0.733 ; ddfs:inst15|freq_divider_DDFS:f_div_inst|count[11] ; ddfs:inst15|freq_divider_DDFS:f_div_inst|count[12] ; inst|altpll_component|pll|clk[0] ; inst|altpll_component|pll|clk[0] ; 0.000        ; 0.000      ; 0.885      ;
; 0.734 ; ddfs:inst15|freq_divider_DDFS:f_div_inst|count[9]  ; ddfs:inst15|freq_divider_DDFS:f_div_inst|count[11] ; inst|altpll_component|pll|clk[0] ; inst|altpll_component|pll|clk[0] ; 0.000        ; 0.011      ; 0.897      ;
; 0.735 ; metastab_3xdff:inst4|freq_control_sync[0]          ; ddfs:inst15|freq_divider_DDFS:f_div_inst|count[12] ; inst|altpll_component|pll|clk[0] ; inst|altpll_component|pll|clk[0] ; 0.000        ; 0.013      ; 0.900      ;
; 0.735 ; ddfs:inst15|freq_divider_DDFS:f_div_inst|count[6]  ; ddfs:inst15|freq_divider_DDFS:f_div_inst|count[9]  ; inst|altpll_component|pll|clk[0] ; inst|altpll_component|pll|clk[0] ; 0.000        ; 0.000      ; 0.887      ;
; 0.739 ; metastab_3xdff:inst4|freq_control_sync[1]          ; ddfs:inst15|freq_divider_DDFS:f_div_inst|count[1]  ; inst|altpll_component|pll|clk[0] ; inst|altpll_component|pll|clk[0] ; 0.000        ; 0.002      ; 0.893      ;
; 0.747 ; ddfs:inst15|freq_divider_DDFS:f_div_inst|count[16] ; ddfs:inst15|freq_divider_DDFS:f_div_inst|count[16] ; inst|altpll_component|pll|clk[0] ; inst|altpll_component|pll|clk[0] ; 0.000        ; 0.000      ; 0.899      ;
; 0.747 ; ddfs:inst15|freq_divider_DDFS:f_div_inst|count[10] ; ddfs:inst15|freq_divider_DDFS:f_div_inst|count[11] ; inst|altpll_component|pll|clk[0] ; inst|altpll_component|pll|clk[0] ; 0.000        ; 0.001      ; 0.900      ;
; 0.749 ; ddfs:inst15|freq_divider_DDFS:f_div_inst|count[5]  ; ddfs:inst15|freq_divider_DDFS:f_div_inst|count[8]  ; inst|altpll_component|pll|clk[0] ; inst|altpll_component|pll|clk[0] ; 0.000        ; 0.000      ; 0.901      ;
; 0.751 ; metastab_3xdff:inst4|freq_control_sync[1]          ; ddfs:inst15|freq_divider_DDFS:f_div_inst|count[6]  ; inst|altpll_component|pll|clk[0] ; inst|altpll_component|pll|clk[0] ; 0.000        ; 0.002      ; 0.905      ;
; 0.753 ; ddfs:inst15|freq_divider_DDFS:f_div_inst|count[12] ; ddfs:inst15|freq_divider_DDFS:f_div_inst|count[14] ; inst|altpll_component|pll|clk[0] ; inst|altpll_component|pll|clk[0] ; 0.000        ; 0.000      ; 0.905      ;
; 0.758 ; ddfs:inst15|freq_divider_DDFS:f_div_inst|count[18] ; ddfs:inst15|freq_divider_DDFS:f_div_inst|count[7]  ; inst|altpll_component|pll|clk[0] ; inst|altpll_component|pll|clk[0] ; 0.000        ; -0.001     ; 0.909      ;
; 0.770 ; ddfs:inst15|freq_divider_DDFS:f_div_inst|count[17] ; ddfs:inst15|freq_divider_DDFS:f_div_inst|count[18] ; inst|altpll_component|pll|clk[0] ; inst|altpll_component|pll|clk[0] ; 0.000        ; 0.000      ; 0.922      ;
; 0.772 ; metastab_3xdff:inst4|freq_control_sync[0]          ; ddfs:inst15|freq_divider_DDFS:f_div_inst|count[8]  ; inst|altpll_component|pll|clk[0] ; inst|altpll_component|pll|clk[0] ; 0.000        ; 0.002      ; 0.926      ;
; 0.773 ; ddfs:inst15|freq_divider_DDFS:f_div_inst|count[8]  ; ddfs:inst15|freq_divider_DDFS:f_div_inst|count[11] ; inst|altpll_component|pll|clk[0] ; inst|altpll_component|pll|clk[0] ; 0.000        ; 0.011      ; 0.936      ;
; 0.777 ; ddfs:inst15|freq_divider_DDFS:f_div_inst|count[18] ; ddfs:inst15|freq_divider_DDFS:f_div_inst|count[10] ; inst|altpll_component|pll|clk[0] ; inst|altpll_component|pll|clk[0] ; 0.000        ; -0.001     ; 0.928      ;
; 0.782 ; ddfs:inst15|freq_divider_DDFS:f_div_inst|count[5]  ; ddfs:inst15|freq_divider_DDFS:f_div_inst|count[9]  ; inst|altpll_component|pll|clk[0] ; inst|altpll_component|pll|clk[0] ; 0.000        ; 0.000      ; 0.934      ;
; 0.789 ; metastab_3xdff:inst4|freq_control_sync[2]          ; ddfs:inst15|freq_divider_DDFS:f_div_inst|count[6]  ; inst|altpll_component|pll|clk[0] ; inst|altpll_component|pll|clk[0] ; 0.000        ; 0.002      ; 0.943      ;
; 0.791 ; metastab_3xdff:inst4|freq_control_sync[2]          ; ddfs:inst15|freq_divider_DDFS:f_div_inst|count[16] ; inst|altpll_component|pll|clk[0] ; inst|altpll_component|pll|clk[0] ; 0.000        ; 0.012      ; 0.955      ;
; 0.796 ; metastab_3xdff:inst4|freq_control_sync[0]          ; ddfs:inst15|freq_divider_DDFS:f_div_inst|count[2]  ; inst|altpll_component|pll|clk[0] ; inst|altpll_component|pll|clk[0] ; 0.000        ; 0.012      ; 0.960      ;
; 0.796 ; ddfs:inst15|freq_divider_DDFS:f_div_inst|count[13] ; ddfs:inst15|freq_divider_DDFS:f_div_inst|count[14] ; inst|altpll_component|pll|clk[0] ; inst|altpll_component|pll|clk[0] ; 0.000        ; 0.001      ; 0.949      ;
; 0.797 ; ddfs:inst15|freq_divider_DDFS:f_div_inst|count[16] ; ddfs:inst15|freq_divider_DDFS:f_div_inst|count[17] ; inst|altpll_component|pll|clk[0] ; inst|altpll_component|pll|clk[0] ; 0.000        ; 0.001      ; 0.950      ;
; 0.798 ; metastab_3xdff:inst4|freq_control_sync[0]          ; ddfs:inst15|freq_divider_DDFS:f_div_inst|count[15] ; inst|altpll_component|pll|clk[0] ; inst|altpll_component|pll|clk[0] ; 0.000        ; 0.012      ; 0.962      ;
; 0.798 ; metastab_3xdff:inst4|freq_control_sync[0]          ; ddfs:inst15|freq_divider_DDFS:f_div_inst|count[3]  ; inst|altpll_component|pll|clk[0] ; inst|altpll_component|pll|clk[0] ; 0.000        ; 0.012      ; 0.962      ;
; 0.800 ; ddfs:inst15|freq_divider_DDFS:f_div_inst|count[14] ; ddfs:inst15|freq_divider_DDFS:f_div_inst|count[17] ; inst|altpll_component|pll|clk[0] ; inst|altpll_component|pll|clk[0] ; 0.000        ; 0.000      ; 0.952      ;
; 0.803 ; ddfs:inst15|freq_divider_DDFS:f_div_inst|count[11] ; ddfs:inst15|freq_divider_DDFS:f_div_inst|count[14] ; inst|altpll_component|pll|clk[0] ; inst|altpll_component|pll|clk[0] ; 0.000        ; 0.000      ; 0.955      ;
; 0.808 ; ddfs:inst15|freq_divider_DDFS:f_div_inst|count[16] ; ddfs:inst15|freq_divider_DDFS:f_div_inst|count[7]  ; inst|altpll_component|pll|clk[0] ; inst|altpll_component|pll|clk[0] ; 0.000        ; 0.000      ; 0.960      ;
; 0.810 ; metastab_3xdff:inst4|freq_control_sync[2]          ; ddfs:inst15|freq_divider_DDFS:f_div_inst|count[12] ; inst|altpll_component|pll|clk[0] ; inst|altpll_component|pll|clk[0] ; 0.000        ; 0.013      ; 0.975      ;
; 0.820 ; ddfs:inst15|freq_divider_DDFS:f_div_inst|count[1]  ; ddfs:inst15|freq_divider_DDFS:f_div_inst|count[5]  ; inst|altpll_component|pll|clk[0] ; inst|altpll_component|pll|clk[0] ; 0.000        ; 0.000      ; 0.972      ;
; 0.821 ; ddfs:inst15|freq_divider_DDFS:f_div_inst|count[13] ; ddfs:inst15|freq_divider_DDFS:f_div_inst|count[13] ; inst|altpll_component|pll|clk[0] ; inst|altpll_component|pll|clk[0] ; 0.000        ; 0.000      ; 0.973      ;
; 0.823 ; ddfs:inst15|freq_divider_DDFS:f_div_inst|count[9]  ; ddfs:inst15|freq_divider_DDFS:f_div_inst|count[12] ; inst|altpll_component|pll|clk[0] ; inst|altpll_component|pll|clk[0] ; 0.000        ; 0.011      ; 0.986      ;
; 0.827 ; ddfs:inst15|freq_divider_DDFS:f_div_inst|count[16] ; ddfs:inst15|freq_divider_DDFS:f_div_inst|count[10] ; inst|altpll_component|pll|clk[0] ; inst|altpll_component|pll|clk[0] ; 0.000        ; 0.000      ; 0.979      ;
; 0.836 ; ddfs:inst15|freq_divider_DDFS:f_div_inst|count[10] ; ddfs:inst15|freq_divider_DDFS:f_div_inst|count[12] ; inst|altpll_component|pll|clk[0] ; inst|altpll_component|pll|clk[0] ; 0.000        ; 0.001      ; 0.989      ;
; 0.838 ; ddfs:inst15|freq_divider_DDFS:f_div_inst|count[10] ; ddfs:inst15|freq_divider_DDFS:f_div_inst|count[10] ; inst|altpll_component|pll|clk[0] ; inst|altpll_component|pll|clk[0] ; 0.000        ; 0.000      ; 0.990      ;
; 0.841 ; ddfs:inst15|freq_divider_DDFS:f_div_inst|count[17] ; ddfs:inst15|freq_divider_DDFS:f_div_inst|count[7]  ; inst|altpll_component|pll|clk[0] ; inst|altpll_component|pll|clk[0] ; 0.000        ; -0.001     ; 0.992      ;
; 0.846 ; ddfs:inst15|freq_divider_DDFS:f_div_inst|count[6]  ; ddfs:inst15|freq_divider_DDFS:f_div_inst|count[11] ; inst|altpll_component|pll|clk[0] ; inst|altpll_component|pll|clk[0] ; 0.000        ; 0.011      ; 1.009      ;
; 0.851 ; metastab_3xdff:inst4|freq_control_sync[0]          ; ddfs:inst15|freq_divider_DDFS:f_div_inst|count[7]  ; inst|altpll_component|pll|clk[0] ; inst|altpll_component|pll|clk[0] ; 0.000        ; 0.012      ; 1.015      ;
; 0.853 ; ddfs:inst15|freq_divider_DDFS:f_div_inst|count[14] ; ddfs:inst15|freq_divider_DDFS:f_div_inst|count[16] ; inst|altpll_component|pll|clk[0] ; inst|altpll_component|pll|clk[0] ; 0.000        ; -0.001     ; 1.004      ;
+-------+----------------------------------------------------+----------------------------------------------------+----------------------------------+----------------------------------+--------------+------------+------------+


+----------------------------------------------------------------------------------------------------------------------------------------------------------------------------------------------------------------------------------------------------------------------------------------------------+
; Fast Model Hold: 'ddfs:inst15|freq_divider_DDFS:f_div_inst|count[19]'                                                                                                                                                                                                                              ;
+-------+----------------------+------------------------------------------------------------------------------------------------------------------+----------------------------------------------------+----------------------------------------------------+--------------+------------+------------+
; Slack ; From Node            ; To Node                                                                                                          ; Launch Clock                                       ; Latch Clock                                        ; Relationship ; Clock Skew ; Data Delay ;
+-------+----------------------+------------------------------------------------------------------------------------------------------------------+----------------------------------------------------+----------------------------------------------------+--------------+------------+------------+
; 0.349 ; ddfs:inst15|cont[11] ; ddfs:inst15|cont_rt[11]                                                                                          ; ddfs:inst15|freq_divider_DDFS:f_div_inst|count[19] ; ddfs:inst15|freq_divider_DDFS:f_div_inst|count[19] ; 0.000        ; 0.000      ; 0.501      ;
; 0.560 ; ddfs:inst15|cont[11] ; ddfs:inst15|cont[11]                                                                                             ; ddfs:inst15|freq_divider_DDFS:f_div_inst|count[19] ; ddfs:inst15|freq_divider_DDFS:f_div_inst|count[19] ; 0.000        ; 0.000      ; 0.712      ;
; 0.566 ; ddfs:inst15|cont[1]  ; ddfs:inst15|sin_lut:lut_inst|altsyncram:rom_rtl_0|altsyncram_qm81:auto_generated|ram_block1a8~porta_address_reg1 ; ddfs:inst15|freq_divider_DDFS:f_div_inst|count[19] ; ddfs:inst15|freq_divider_DDFS:f_div_inst|count[19] ; 0.000        ; 0.081      ; 0.785      ;
; 0.581 ; ddfs:inst15|cont[1]  ; ddfs:inst15|sin_lut:lut_inst|altsyncram:rom_rtl_0|altsyncram_qm81:auto_generated|ram_block1a4~porta_address_reg1 ; ddfs:inst15|freq_divider_DDFS:f_div_inst|count[19] ; ddfs:inst15|freq_divider_DDFS:f_div_inst|count[19] ; 0.000        ; 0.075      ; 0.794      ;
; 0.643 ; ddfs:inst15|cont[10] ; ddfs:inst15|cont_rt[10]                                                                                          ; ddfs:inst15|freq_divider_DDFS:f_div_inst|count[19] ; ddfs:inst15|freq_divider_DDFS:f_div_inst|count[19] ; 0.000        ; 0.004      ; 0.799      ;
; 0.645 ; ddfs:inst15|cont[10] ; ddfs:inst15|sin_lut:lut_inst|altsyncram:rom_rtl_0|altsyncram_qm81:auto_generated|ram_block1a8~porta_address_reg1 ; ddfs:inst15|freq_divider_DDFS:f_div_inst|count[19] ; ddfs:inst15|freq_divider_DDFS:f_div_inst|count[19] ; 0.000        ; 0.081      ; 0.864      ;
; 0.660 ; ddfs:inst15|cont[10] ; ddfs:inst15|sin_lut:lut_inst|altsyncram:rom_rtl_0|altsyncram_qm81:auto_generated|ram_block1a4~porta_address_reg1 ; ddfs:inst15|freq_divider_DDFS:f_div_inst|count[19] ; ddfs:inst15|freq_divider_DDFS:f_div_inst|count[19] ; 0.000        ; 0.075      ; 0.873      ;
; 0.676 ; ddfs:inst15|cont[9]  ; ddfs:inst15|sin_lut:lut_inst|altsyncram:rom_rtl_0|altsyncram_qm81:auto_generated|ram_block1a4~porta_address_reg9 ; ddfs:inst15|freq_divider_DDFS:f_div_inst|count[19] ; ddfs:inst15|freq_divider_DDFS:f_div_inst|count[19] ; 0.000        ; 0.075      ; 0.889      ;
; 0.687 ; ddfs:inst15|cont[9]  ; ddfs:inst15|sin_lut:lut_inst|altsyncram:rom_rtl_0|altsyncram_qm81:auto_generated|ram_block1a8~porta_address_reg9 ; ddfs:inst15|freq_divider_DDFS:f_div_inst|count[19] ; ddfs:inst15|freq_divider_DDFS:f_div_inst|count[19] ; 0.000        ; 0.081      ; 0.906      ;
; 0.694 ; ddfs:inst15|cont[9]  ; ddfs:inst15|sin_lut:lut_inst|altsyncram:rom_rtl_0|altsyncram_qm81:auto_generated|ram_block1a1~porta_address_reg9 ; ddfs:inst15|freq_divider_DDFS:f_div_inst|count[19] ; ddfs:inst15|freq_divider_DDFS:f_div_inst|count[19] ; 0.000        ; 0.068      ; 0.900      ;
; 0.697 ; ddfs:inst15|cont[10] ; ddfs:inst15|sin_lut:lut_inst|altsyncram:rom_rtl_0|altsyncram_qm81:auto_generated|ram_block1a4~porta_address_reg4 ; ddfs:inst15|freq_divider_DDFS:f_div_inst|count[19] ; ddfs:inst15|freq_divider_DDFS:f_div_inst|count[19] ; 0.000        ; 0.075      ; 0.910      ;
; 0.697 ; ddfs:inst15|cont[10] ; ddfs:inst15|sin_lut:lut_inst|altsyncram:rom_rtl_0|altsyncram_qm81:auto_generated|ram_block1a1~porta_address_reg4 ; ddfs:inst15|freq_divider_DDFS:f_div_inst|count[19] ; ddfs:inst15|freq_divider_DDFS:f_div_inst|count[19] ; 0.000        ; 0.068      ; 0.903      ;
; 0.703 ; ddfs:inst15|cont[4]  ; ddfs:inst15|sin_lut:lut_inst|altsyncram:rom_rtl_0|altsyncram_qm81:auto_generated|ram_block1a4~porta_address_reg4 ; ddfs:inst15|freq_divider_DDFS:f_div_inst|count[19] ; ddfs:inst15|freq_divider_DDFS:f_div_inst|count[19] ; 0.000        ; 0.077      ; 0.918      ;
; 0.703 ; ddfs:inst15|cont[4]  ; ddfs:inst15|sin_lut:lut_inst|altsyncram:rom_rtl_0|altsyncram_qm81:auto_generated|ram_block1a1~porta_address_reg4 ; ddfs:inst15|freq_divider_DDFS:f_div_inst|count[19] ; ddfs:inst15|freq_divider_DDFS:f_div_inst|count[19] ; 0.000        ; 0.070      ; 0.911      ;
; 0.725 ; ddfs:inst15|cont[1]  ; ddfs:inst15|sin_lut:lut_inst|altsyncram:rom_rtl_0|altsyncram_qm81:auto_generated|ram_block1a1~porta_address_reg1 ; ddfs:inst15|freq_divider_DDFS:f_div_inst|count[19] ; ddfs:inst15|freq_divider_DDFS:f_div_inst|count[19] ; 0.000        ; 0.068      ; 0.931      ;
; 0.736 ; ddfs:inst15|cont[11] ; ddfs:inst15|cont[10]                                                                                             ; ddfs:inst15|freq_divider_DDFS:f_div_inst|count[19] ; ddfs:inst15|freq_divider_DDFS:f_div_inst|count[19] ; 0.000        ; -0.004     ; 0.884      ;
; 0.744 ; ddfs:inst15|cont[10] ; ddfs:inst15|sin_lut:lut_inst|altsyncram:rom_rtl_0|altsyncram_qm81:auto_generated|ram_block1a4~porta_address_reg9 ; ddfs:inst15|freq_divider_DDFS:f_div_inst|count[19] ; ddfs:inst15|freq_divider_DDFS:f_div_inst|count[19] ; 0.000        ; 0.075      ; 0.957      ;
; 0.748 ; ddfs:inst15|cont[10] ; ddfs:inst15|sin_lut:lut_inst|altsyncram:rom_rtl_0|altsyncram_qm81:auto_generated|ram_block1a4~porta_address_reg8 ; ddfs:inst15|freq_divider_DDFS:f_div_inst|count[19] ; ddfs:inst15|freq_divider_DDFS:f_div_inst|count[19] ; 0.000        ; 0.075      ; 0.961      ;
; 0.751 ; ddfs:inst15|cont[10] ; ddfs:inst15|sin_lut:lut_inst|altsyncram:rom_rtl_0|altsyncram_qm81:auto_generated|ram_block1a4~porta_address_reg7 ; ddfs:inst15|freq_divider_DDFS:f_div_inst|count[19] ; ddfs:inst15|freq_divider_DDFS:f_div_inst|count[19] ; 0.000        ; 0.075      ; 0.964      ;
; 0.755 ; ddfs:inst15|cont[10] ; ddfs:inst15|sin_lut:lut_inst|altsyncram:rom_rtl_0|altsyncram_qm81:auto_generated|ram_block1a8~porta_address_reg9 ; ddfs:inst15|freq_divider_DDFS:f_div_inst|count[19] ; ddfs:inst15|freq_divider_DDFS:f_div_inst|count[19] ; 0.000        ; 0.081      ; 0.974      ;
; 0.759 ; ddfs:inst15|cont[10] ; ddfs:inst15|sin_lut:lut_inst|altsyncram:rom_rtl_0|altsyncram_qm81:auto_generated|ram_block1a8~porta_address_reg7 ; ddfs:inst15|freq_divider_DDFS:f_div_inst|count[19] ; ddfs:inst15|freq_divider_DDFS:f_div_inst|count[19] ; 0.000        ; 0.081      ; 0.978      ;
; 0.760 ; ddfs:inst15|cont[10] ; ddfs:inst15|sin_lut:lut_inst|altsyncram:rom_rtl_0|altsyncram_qm81:auto_generated|ram_block1a1~porta_address_reg8 ; ddfs:inst15|freq_divider_DDFS:f_div_inst|count[19] ; ddfs:inst15|freq_divider_DDFS:f_div_inst|count[19] ; 0.000        ; 0.068      ; 0.966      ;
; 0.762 ; ddfs:inst15|cont[8]  ; ddfs:inst15|cont[8]                                                                                              ; ddfs:inst15|freq_divider_DDFS:f_div_inst|count[19] ; ddfs:inst15|freq_divider_DDFS:f_div_inst|count[19] ; 0.000        ; 0.000      ; 0.914      ;
; 0.762 ; ddfs:inst15|cont[10] ; ddfs:inst15|sin_lut:lut_inst|altsyncram:rom_rtl_0|altsyncram_qm81:auto_generated|ram_block1a1~porta_address_reg9 ; ddfs:inst15|freq_divider_DDFS:f_div_inst|count[19] ; ddfs:inst15|freq_divider_DDFS:f_div_inst|count[19] ; 0.000        ; 0.068      ; 0.968      ;
; 0.769 ; ddfs:inst15|cont[10] ; ddfs:inst15|sin_lut:lut_inst|altsyncram:rom_rtl_0|altsyncram_qm81:auto_generated|ram_block1a1~porta_address_reg7 ; ddfs:inst15|freq_divider_DDFS:f_div_inst|count[19] ; ddfs:inst15|freq_divider_DDFS:f_div_inst|count[19] ; 0.000        ; 0.068      ; 0.975      ;
; 0.791 ; ddfs:inst15|cont[2]  ; ddfs:inst15|sin_lut:lut_inst|altsyncram:rom_rtl_0|altsyncram_qm81:auto_generated|ram_block1a8~porta_address_reg2 ; ddfs:inst15|freq_divider_DDFS:f_div_inst|count[19] ; ddfs:inst15|freq_divider_DDFS:f_div_inst|count[19] ; 0.000        ; 0.081      ; 1.010      ;
; 0.800 ; ddfs:inst15|cont[7]  ; ddfs:inst15|sin_lut:lut_inst|altsyncram:rom_rtl_0|altsyncram_qm81:auto_generated|ram_block1a4~porta_address_reg7 ; ddfs:inst15|freq_divider_DDFS:f_div_inst|count[19] ; ddfs:inst15|freq_divider_DDFS:f_div_inst|count[19] ; 0.000        ; 0.075      ; 1.013      ;
; 0.804 ; ddfs:inst15|cont[10] ; ddfs:inst15|sin_lut:lut_inst|altsyncram:rom_rtl_0|altsyncram_qm81:auto_generated|ram_block1a1~porta_address_reg1 ; ddfs:inst15|freq_divider_DDFS:f_div_inst|count[19] ; ddfs:inst15|freq_divider_DDFS:f_div_inst|count[19] ; 0.000        ; 0.068      ; 1.010      ;
; 0.805 ; ddfs:inst15|cont[8]  ; ddfs:inst15|sin_lut:lut_inst|altsyncram:rom_rtl_0|altsyncram_qm81:auto_generated|ram_block1a4~porta_address_reg8 ; ddfs:inst15|freq_divider_DDFS:f_div_inst|count[19] ; ddfs:inst15|freq_divider_DDFS:f_div_inst|count[19] ; 0.000        ; 0.075      ; 1.018      ;
; 0.808 ; ddfs:inst15|cont[10] ; ddfs:inst15|cont[10]                                                                                             ; ddfs:inst15|freq_divider_DDFS:f_div_inst|count[19] ; ddfs:inst15|freq_divider_DDFS:f_div_inst|count[19] ; 0.000        ; 0.000      ; 0.960      ;
; 0.808 ; ddfs:inst15|cont[7]  ; ddfs:inst15|sin_lut:lut_inst|altsyncram:rom_rtl_0|altsyncram_qm81:auto_generated|ram_block1a8~porta_address_reg7 ; ddfs:inst15|freq_divider_DDFS:f_div_inst|count[19] ; ddfs:inst15|freq_divider_DDFS:f_div_inst|count[19] ; 0.000        ; 0.081      ; 1.027      ;
; 0.809 ; ddfs:inst15|cont[10] ; ddfs:inst15|sin_lut:lut_inst|altsyncram:rom_rtl_0|altsyncram_qm81:auto_generated|ram_block1a8~porta_address_reg4 ; ddfs:inst15|freq_divider_DDFS:f_div_inst|count[19] ; ddfs:inst15|freq_divider_DDFS:f_div_inst|count[19] ; 0.000        ; 0.081      ; 1.028      ;
; 0.815 ; ddfs:inst15|cont[4]  ; ddfs:inst15|sin_lut:lut_inst|altsyncram:rom_rtl_0|altsyncram_qm81:auto_generated|ram_block1a8~porta_address_reg4 ; ddfs:inst15|freq_divider_DDFS:f_div_inst|count[19] ; ddfs:inst15|freq_divider_DDFS:f_div_inst|count[19] ; 0.000        ; 0.083      ; 1.036      ;
; 0.817 ; ddfs:inst15|cont[8]  ; ddfs:inst15|sin_lut:lut_inst|altsyncram:rom_rtl_0|altsyncram_qm81:auto_generated|ram_block1a1~porta_address_reg8 ; ddfs:inst15|freq_divider_DDFS:f_div_inst|count[19] ; ddfs:inst15|freq_divider_DDFS:f_div_inst|count[19] ; 0.000        ; 0.068      ; 1.023      ;
; 0.818 ; ddfs:inst15|cont[10] ; ddfs:inst15|sin_lut:lut_inst|altsyncram:rom_rtl_0|altsyncram_qm81:auto_generated|ram_block1a8~porta_address_reg5 ; ddfs:inst15|freq_divider_DDFS:f_div_inst|count[19] ; ddfs:inst15|freq_divider_DDFS:f_div_inst|count[19] ; 0.000        ; 0.081      ; 1.037      ;
; 0.818 ; ddfs:inst15|cont[7]  ; ddfs:inst15|sin_lut:lut_inst|altsyncram:rom_rtl_0|altsyncram_qm81:auto_generated|ram_block1a1~porta_address_reg7 ; ddfs:inst15|freq_divider_DDFS:f_div_inst|count[19] ; ddfs:inst15|freq_divider_DDFS:f_div_inst|count[19] ; 0.000        ; 0.068      ; 1.024      ;
; 0.828 ; ddfs:inst15|cont[10] ; ddfs:inst15|sin_lut:lut_inst|altsyncram:rom_rtl_0|altsyncram_qm81:auto_generated|ram_block1a1~porta_address_reg3 ; ddfs:inst15|freq_divider_DDFS:f_div_inst|count[19] ; ddfs:inst15|freq_divider_DDFS:f_div_inst|count[19] ; 0.000        ; 0.068      ; 1.034      ;
; 0.829 ; ddfs:inst15|cont[1]  ; ddfs:inst15|cont[1]                                                                                              ; ddfs:inst15|freq_divider_DDFS:f_div_inst|count[19] ; ddfs:inst15|freq_divider_DDFS:f_div_inst|count[19] ; 0.000        ; 0.000      ; 0.981      ;
; 0.830 ; ddfs:inst15|cont[3]  ; ddfs:inst15|sin_lut:lut_inst|altsyncram:rom_rtl_0|altsyncram_qm81:auto_generated|ram_block1a1~porta_address_reg3 ; ddfs:inst15|freq_divider_DDFS:f_div_inst|count[19] ; ddfs:inst15|freq_divider_DDFS:f_div_inst|count[19] ; 0.000        ; 0.070      ; 1.038      ;
; 0.831 ; ddfs:inst15|cont[5]  ; ddfs:inst15|sin_lut:lut_inst|altsyncram:rom_rtl_0|altsyncram_qm81:auto_generated|ram_block1a8~porta_address_reg5 ; ddfs:inst15|freq_divider_DDFS:f_div_inst|count[19] ; ddfs:inst15|freq_divider_DDFS:f_div_inst|count[19] ; 0.000        ; 0.083      ; 1.052      ;
; 0.832 ; ddfs:inst15|cont[2]  ; ddfs:inst15|cont[2]                                                                                              ; ddfs:inst15|freq_divider_DDFS:f_div_inst|count[19] ; ddfs:inst15|freq_divider_DDFS:f_div_inst|count[19] ; 0.000        ; 0.000      ; 0.984      ;
; 0.832 ; ddfs:inst15|cont[0]  ; ddfs:inst15|sin_lut:lut_inst|altsyncram:rom_rtl_0|altsyncram_qm81:auto_generated|ram_block1a1~porta_address_reg0 ; ddfs:inst15|freq_divider_DDFS:f_div_inst|count[19] ; ddfs:inst15|freq_divider_DDFS:f_div_inst|count[19] ; 0.000        ; 0.070      ; 1.040      ;
; 0.832 ; ddfs:inst15|cont[10] ; ddfs:inst15|sin_lut:lut_inst|altsyncram:rom_rtl_0|altsyncram_qm81:auto_generated|ram_block1a1~porta_address_reg0 ; ddfs:inst15|freq_divider_DDFS:f_div_inst|count[19] ; ddfs:inst15|freq_divider_DDFS:f_div_inst|count[19] ; 0.000        ; 0.068      ; 1.038      ;
; 0.843 ; ddfs:inst15|cont[10] ; ddfs:inst15|cont[11]                                                                                             ; ddfs:inst15|freq_divider_DDFS:f_div_inst|count[19] ; ddfs:inst15|freq_divider_DDFS:f_div_inst|count[19] ; 0.000        ; 0.004      ; 0.999      ;
; 0.855 ; ddfs:inst15|cont[10] ; ddfs:inst15|sin_lut:lut_inst|altsyncram:rom_rtl_0|altsyncram_qm81:auto_generated|ram_block1a8~porta_address_reg2 ; ddfs:inst15|freq_divider_DDFS:f_div_inst|count[19] ; ddfs:inst15|freq_divider_DDFS:f_div_inst|count[19] ; 0.000        ; 0.081      ; 1.074      ;
; 0.879 ; ddfs:inst15|cont[7]  ; ddfs:inst15|cont[7]                                                                                              ; ddfs:inst15|freq_divider_DDFS:f_div_inst|count[19] ; ddfs:inst15|freq_divider_DDFS:f_div_inst|count[19] ; 0.000        ; 0.000      ; 1.031      ;
; 0.892 ; ddfs:inst15|cont[6]  ; ddfs:inst15|cont[6]                                                                                              ; ddfs:inst15|freq_divider_DDFS:f_div_inst|count[19] ; ddfs:inst15|freq_divider_DDFS:f_div_inst|count[19] ; 0.000        ; 0.000      ; 1.044      ;
; 0.893 ; ddfs:inst15|cont[10] ; ddfs:inst15|sin_lut:lut_inst|altsyncram:rom_rtl_0|altsyncram_qm81:auto_generated|ram_block1a8~porta_address_reg6 ; ddfs:inst15|freq_divider_DDFS:f_div_inst|count[19] ; ddfs:inst15|freq_divider_DDFS:f_div_inst|count[19] ; 0.000        ; 0.081      ; 1.112      ;
; 0.920 ; ddfs:inst15|cont[10] ; ddfs:inst15|sin_lut:lut_inst|altsyncram:rom_rtl_0|altsyncram_qm81:auto_generated|ram_block1a8~porta_address_reg8 ; ddfs:inst15|freq_divider_DDFS:f_div_inst|count[19] ; ddfs:inst15|freq_divider_DDFS:f_div_inst|count[19] ; 0.000        ; 0.081      ; 1.139      ;
; 0.922 ; ddfs:inst15|cont[9]  ; ddfs:inst15|cont[9]                                                                                              ; ddfs:inst15|freq_divider_DDFS:f_div_inst|count[19] ; ddfs:inst15|freq_divider_DDFS:f_div_inst|count[19] ; 0.000        ; 0.000      ; 1.074      ;
; 0.932 ; ddfs:inst15|cont[2]  ; ddfs:inst15|sin_lut:lut_inst|altsyncram:rom_rtl_0|altsyncram_qm81:auto_generated|ram_block1a4~porta_address_reg2 ; ddfs:inst15|freq_divider_DDFS:f_div_inst|count[19] ; ddfs:inst15|freq_divider_DDFS:f_div_inst|count[19] ; 0.000        ; 0.075      ; 1.145      ;
; 0.938 ; ddfs:inst15|cont[6]  ; ddfs:inst15|sin_lut:lut_inst|altsyncram:rom_rtl_0|altsyncram_qm81:auto_generated|ram_block1a8~porta_address_reg6 ; ddfs:inst15|freq_divider_DDFS:f_div_inst|count[19] ; ddfs:inst15|freq_divider_DDFS:f_div_inst|count[19] ; 0.000        ; 0.081      ; 1.157      ;
; 0.943 ; ddfs:inst15|cont[10] ; ddfs:inst15|sin_lut:lut_inst|altsyncram:rom_rtl_0|altsyncram_qm81:auto_generated|ram_block1a4~porta_address_reg5 ; ddfs:inst15|freq_divider_DDFS:f_div_inst|count[19] ; ddfs:inst15|freq_divider_DDFS:f_div_inst|count[19] ; 0.000        ; 0.075      ; 1.156      ;
; 0.946 ; ddfs:inst15|cont[10] ; ddfs:inst15|sin_lut:lut_inst|altsyncram:rom_rtl_0|altsyncram_qm81:auto_generated|ram_block1a4~porta_address_reg3 ; ddfs:inst15|freq_divider_DDFS:f_div_inst|count[19] ; ddfs:inst15|freq_divider_DDFS:f_div_inst|count[19] ; 0.000        ; 0.075      ; 1.159      ;
; 0.947 ; ddfs:inst15|cont[0]  ; ddfs:inst15|cont[11]                                                                                             ; ddfs:inst15|freq_divider_DDFS:f_div_inst|count[19] ; ddfs:inst15|freq_divider_DDFS:f_div_inst|count[19] ; 0.000        ; 0.006      ; 1.105      ;
; 0.948 ; ddfs:inst15|cont[3]  ; ddfs:inst15|sin_lut:lut_inst|altsyncram:rom_rtl_0|altsyncram_qm81:auto_generated|ram_block1a4~porta_address_reg3 ; ddfs:inst15|freq_divider_DDFS:f_div_inst|count[19] ; ddfs:inst15|freq_divider_DDFS:f_div_inst|count[19] ; 0.000        ; 0.077      ; 1.163      ;
; 0.950 ; ddfs:inst15|cont[2]  ; ddfs:inst15|sin_lut:lut_inst|altsyncram:rom_rtl_0|altsyncram_qm81:auto_generated|ram_block1a1~porta_address_reg2 ; ddfs:inst15|freq_divider_DDFS:f_div_inst|count[19] ; ddfs:inst15|freq_divider_DDFS:f_div_inst|count[19] ; 0.000        ; 0.068      ; 1.156      ;
; 0.952 ; ddfs:inst15|cont[8]  ; ddfs:inst15|cont[9]                                                                                              ; ddfs:inst15|freq_divider_DDFS:f_div_inst|count[19] ; ddfs:inst15|freq_divider_DDFS:f_div_inst|count[19] ; 0.000        ; 0.000      ; 1.104      ;
; 0.956 ; ddfs:inst15|cont[10] ; ddfs:inst15|sin_lut:lut_inst|altsyncram:rom_rtl_0|altsyncram_qm81:auto_generated|ram_block1a8~porta_address_reg3 ; ddfs:inst15|freq_divider_DDFS:f_div_inst|count[19] ; ddfs:inst15|freq_divider_DDFS:f_div_inst|count[19] ; 0.000        ; 0.081      ; 1.175      ;
; 0.956 ; ddfs:inst15|cont[0]  ; ddfs:inst15|sin_lut:lut_inst|altsyncram:rom_rtl_0|altsyncram_qm81:auto_generated|ram_block1a4~porta_address_reg0 ; ddfs:inst15|freq_divider_DDFS:f_div_inst|count[19] ; ddfs:inst15|freq_divider_DDFS:f_div_inst|count[19] ; 0.000        ; 0.077      ; 1.171      ;
; 0.956 ; ddfs:inst15|cont[5]  ; ddfs:inst15|sin_lut:lut_inst|altsyncram:rom_rtl_0|altsyncram_qm81:auto_generated|ram_block1a4~porta_address_reg5 ; ddfs:inst15|freq_divider_DDFS:f_div_inst|count[19] ; ddfs:inst15|freq_divider_DDFS:f_div_inst|count[19] ; 0.000        ; 0.077      ; 1.171      ;
; 0.956 ; ddfs:inst15|cont[10] ; ddfs:inst15|sin_lut:lut_inst|altsyncram:rom_rtl_0|altsyncram_qm81:auto_generated|ram_block1a4~porta_address_reg0 ; ddfs:inst15|freq_divider_DDFS:f_div_inst|count[19] ; ddfs:inst15|freq_divider_DDFS:f_div_inst|count[19] ; 0.000        ; 0.075      ; 1.169      ;
; 0.958 ; ddfs:inst15|cont[3]  ; ddfs:inst15|sin_lut:lut_inst|altsyncram:rom_rtl_0|altsyncram_qm81:auto_generated|ram_block1a8~porta_address_reg3 ; ddfs:inst15|freq_divider_DDFS:f_div_inst|count[19] ; ddfs:inst15|freq_divider_DDFS:f_div_inst|count[19] ; 0.000        ; 0.083      ; 1.179      ;
; 0.962 ; ddfs:inst15|cont[0]  ; ddfs:inst15|sin_lut:lut_inst|altsyncram:rom_rtl_0|altsyncram_qm81:auto_generated|ram_block1a8~porta_address_reg0 ; ddfs:inst15|freq_divider_DDFS:f_div_inst|count[19] ; ddfs:inst15|freq_divider_DDFS:f_div_inst|count[19] ; 0.000        ; 0.083      ; 1.183      ;
; 0.962 ; ddfs:inst15|cont[10] ; ddfs:inst15|sin_lut:lut_inst|altsyncram:rom_rtl_0|altsyncram_qm81:auto_generated|ram_block1a1~porta_address_reg5 ; ddfs:inst15|freq_divider_DDFS:f_div_inst|count[19] ; ddfs:inst15|freq_divider_DDFS:f_div_inst|count[19] ; 0.000        ; 0.068      ; 1.168      ;
; 0.962 ; ddfs:inst15|cont[10] ; ddfs:inst15|sin_lut:lut_inst|altsyncram:rom_rtl_0|altsyncram_qm81:auto_generated|ram_block1a8~porta_address_reg0 ; ddfs:inst15|freq_divider_DDFS:f_div_inst|count[19] ; ddfs:inst15|freq_divider_DDFS:f_div_inst|count[19] ; 0.000        ; 0.081      ; 1.181      ;
; 0.970 ; ddfs:inst15|cont[1]  ; ddfs:inst15|cont[2]                                                                                              ; ddfs:inst15|freq_divider_DDFS:f_div_inst|count[19] ; ddfs:inst15|freq_divider_DDFS:f_div_inst|count[19] ; 0.000        ; 0.000      ; 1.122      ;
; 0.975 ; ddfs:inst15|cont[5]  ; ddfs:inst15|sin_lut:lut_inst|altsyncram:rom_rtl_0|altsyncram_qm81:auto_generated|ram_block1a1~porta_address_reg5 ; ddfs:inst15|freq_divider_DDFS:f_div_inst|count[19] ; ddfs:inst15|freq_divider_DDFS:f_div_inst|count[19] ; 0.000        ; 0.070      ; 1.183      ;
; 0.977 ; ddfs:inst15|cont[8]  ; ddfs:inst15|sin_lut:lut_inst|altsyncram:rom_rtl_0|altsyncram_qm81:auto_generated|ram_block1a8~porta_address_reg8 ; ddfs:inst15|freq_divider_DDFS:f_div_inst|count[19] ; ddfs:inst15|freq_divider_DDFS:f_div_inst|count[19] ; 0.000        ; 0.081      ; 1.196      ;
; 0.980 ; ddfs:inst15|cont[8]  ; ddfs:inst15|cont[10]                                                                                             ; ddfs:inst15|freq_divider_DDFS:f_div_inst|count[19] ; ddfs:inst15|freq_divider_DDFS:f_div_inst|count[19] ; 0.000        ; 0.000      ; 1.132      ;
; 0.992 ; ddfs:inst15|cont[3]  ; ddfs:inst15|cont[3]                                                                                              ; ddfs:inst15|freq_divider_DDFS:f_div_inst|count[19] ; ddfs:inst15|freq_divider_DDFS:f_div_inst|count[19] ; 0.000        ; 0.000      ; 1.144      ;
; 0.996 ; ddfs:inst15|cont[10] ; ddfs:inst15|sin_lut:lut_inst|altsyncram:rom_rtl_0|altsyncram_qm81:auto_generated|ram_block1a4~porta_address_reg2 ; ddfs:inst15|freq_divider_DDFS:f_div_inst|count[19] ; ddfs:inst15|freq_divider_DDFS:f_div_inst|count[19] ; 0.000        ; 0.075      ; 1.209      ;
; 1.010 ; ddfs:inst15|cont[3]  ; ddfs:inst15|cont[11]                                                                                             ; ddfs:inst15|freq_divider_DDFS:f_div_inst|count[19] ; ddfs:inst15|freq_divider_DDFS:f_div_inst|count[19] ; 0.000        ; 0.006      ; 1.168      ;
; 1.012 ; ddfs:inst15|cont[2]  ; ddfs:inst15|cont[3]                                                                                              ; ddfs:inst15|freq_divider_DDFS:f_div_inst|count[19] ; ddfs:inst15|freq_divider_DDFS:f_div_inst|count[19] ; 0.000        ; -0.002     ; 1.162      ;
; 1.014 ; ddfs:inst15|cont[10] ; ddfs:inst15|sin_lut:lut_inst|altsyncram:rom_rtl_0|altsyncram_qm81:auto_generated|ram_block1a1~porta_address_reg2 ; ddfs:inst15|freq_divider_DDFS:f_div_inst|count[19] ; ddfs:inst15|freq_divider_DDFS:f_div_inst|count[19] ; 0.000        ; 0.068      ; 1.220      ;
; 1.021 ; ddfs:inst15|cont[8]  ; ddfs:inst15|cont[11]                                                                                             ; ddfs:inst15|freq_divider_DDFS:f_div_inst|count[19] ; ddfs:inst15|freq_divider_DDFS:f_div_inst|count[19] ; 0.000        ; 0.004      ; 1.177      ;
; 1.024 ; ddfs:inst15|cont[6]  ; ddfs:inst15|cont[7]                                                                                              ; ddfs:inst15|freq_divider_DDFS:f_div_inst|count[19] ; ddfs:inst15|freq_divider_DDFS:f_div_inst|count[19] ; 0.000        ; 0.000      ; 1.176      ;
; 1.027 ; ddfs:inst15|cont[5]  ; ddfs:inst15|cont[6]                                                                                              ; ddfs:inst15|freq_divider_DDFS:f_div_inst|count[19] ; ddfs:inst15|freq_divider_DDFS:f_div_inst|count[19] ; 0.000        ; 0.002      ; 1.181      ;
; 1.028 ; ddfs:inst15|cont[0]  ; ddfs:inst15|cont[0]                                                                                              ; ddfs:inst15|freq_divider_DDFS:f_div_inst|count[19] ; ddfs:inst15|freq_divider_DDFS:f_div_inst|count[19] ; 0.000        ; 0.000      ; 1.180      ;
; 1.030 ; ddfs:inst15|cont[5]  ; ddfs:inst15|cont[5]                                                                                              ; ddfs:inst15|freq_divider_DDFS:f_div_inst|count[19] ; ddfs:inst15|freq_divider_DDFS:f_div_inst|count[19] ; 0.000        ; 0.000      ; 1.182      ;
; 1.033 ; ddfs:inst15|cont[10] ; ddfs:inst15|sin_lut:lut_inst|altsyncram:rom_rtl_0|altsyncram_qm81:auto_generated|ram_block1a4~porta_address_reg6 ; ddfs:inst15|freq_divider_DDFS:f_div_inst|count[19] ; ddfs:inst15|freq_divider_DDFS:f_div_inst|count[19] ; 0.000        ; 0.075      ; 1.246      ;
; 1.037 ; ddfs:inst15|cont[2]  ; ddfs:inst15|cont[6]                                                                                              ; ddfs:inst15|freq_divider_DDFS:f_div_inst|count[19] ; ddfs:inst15|freq_divider_DDFS:f_div_inst|count[19] ; 0.000        ; 0.000      ; 1.189      ;
; 1.038 ; ddfs:inst15|cont[5]  ; ddfs:inst15|cont[11]                                                                                             ; ddfs:inst15|freq_divider_DDFS:f_div_inst|count[19] ; ddfs:inst15|freq_divider_DDFS:f_div_inst|count[19] ; 0.000        ; 0.006      ; 1.196      ;
; 1.042 ; ddfs:inst15|cont[4]  ; ddfs:inst15|cont[4]                                                                                              ; ddfs:inst15|freq_divider_DDFS:f_div_inst|count[19] ; ddfs:inst15|freq_divider_DDFS:f_div_inst|count[19] ; 0.000        ; 0.000      ; 1.194      ;
; 1.047 ; ddfs:inst15|cont[1]  ; ddfs:inst15|cont[3]                                                                                              ; ddfs:inst15|freq_divider_DDFS:f_div_inst|count[19] ; ddfs:inst15|freq_divider_DDFS:f_div_inst|count[19] ; 0.000        ; -0.002     ; 1.197      ;
; 1.050 ; ddfs:inst15|cont[7]  ; ddfs:inst15|cont[8]                                                                                              ; ddfs:inst15|freq_divider_DDFS:f_div_inst|count[19] ; ddfs:inst15|freq_divider_DDFS:f_div_inst|count[19] ; 0.000        ; 0.000      ; 1.202      ;
; 1.053 ; ddfs:inst15|cont[10] ; ddfs:inst15|sin_lut:lut_inst|altsyncram:rom_rtl_0|altsyncram_qm81:auto_generated|ram_block1a1~porta_address_reg6 ; ddfs:inst15|freq_divider_DDFS:f_div_inst|count[19] ; ddfs:inst15|freq_divider_DDFS:f_div_inst|count[19] ; 0.000        ; 0.068      ; 1.259      ;
; 1.055 ; ddfs:inst15|cont[9]  ; ddfs:inst15|cont[10]                                                                                             ; ddfs:inst15|freq_divider_DDFS:f_div_inst|count[19] ; ddfs:inst15|freq_divider_DDFS:f_div_inst|count[19] ; 0.000        ; 0.000      ; 1.207      ;
; 1.056 ; ddfs:inst15|cont[5]  ; ddfs:inst15|cont[7]                                                                                              ; ddfs:inst15|freq_divider_DDFS:f_div_inst|count[19] ; ddfs:inst15|freq_divider_DDFS:f_div_inst|count[19] ; 0.000        ; 0.002      ; 1.210      ;
; 1.059 ; ddfs:inst15|cont[0]  ; ddfs:inst15|cont[1]                                                                                              ; ddfs:inst15|freq_divider_DDFS:f_div_inst|count[19] ; ddfs:inst15|freq_divider_DDFS:f_div_inst|count[19] ; 0.000        ; 0.002      ; 1.213      ;
; 1.066 ; ddfs:inst15|cont[2]  ; ddfs:inst15|cont[7]                                                                                              ; ddfs:inst15|freq_divider_DDFS:f_div_inst|count[19] ; ddfs:inst15|freq_divider_DDFS:f_div_inst|count[19] ; 0.000        ; 0.000      ; 1.218      ;
; 1.069 ; ddfs:inst15|cont[11] ; ddfs:inst15|cont[0]                                                                                              ; ddfs:inst15|freq_divider_DDFS:f_div_inst|count[19] ; ddfs:inst15|freq_divider_DDFS:f_div_inst|count[19] ; 0.000        ; -0.006     ; 1.215      ;
; 1.072 ; ddfs:inst15|cont[1]  ; ddfs:inst15|cont[6]                                                                                              ; ddfs:inst15|freq_divider_DDFS:f_div_inst|count[19] ; ddfs:inst15|freq_divider_DDFS:f_div_inst|count[19] ; 0.000        ; 0.000      ; 1.224      ;
; 1.075 ; ddfs:inst15|cont[11] ; ddfs:inst15|cont[3]                                                                                              ; ddfs:inst15|freq_divider_DDFS:f_div_inst|count[19] ; ddfs:inst15|freq_divider_DDFS:f_div_inst|count[19] ; 0.000        ; -0.006     ; 1.221      ;
; 1.076 ; ddfs:inst15|cont[11] ; ddfs:inst15|cont[5]                                                                                              ; ddfs:inst15|freq_divider_DDFS:f_div_inst|count[19] ; ddfs:inst15|freq_divider_DDFS:f_div_inst|count[19] ; 0.000        ; -0.006     ; 1.222      ;
; 1.076 ; ddfs:inst15|cont[11] ; ddfs:inst15|cont[4]                                                                                              ; ddfs:inst15|freq_divider_DDFS:f_div_inst|count[19] ; ddfs:inst15|freq_divider_DDFS:f_div_inst|count[19] ; 0.000        ; -0.006     ; 1.222      ;
; 1.078 ; ddfs:inst15|cont[6]  ; ddfs:inst15|sin_lut:lut_inst|altsyncram:rom_rtl_0|altsyncram_qm81:auto_generated|ram_block1a4~porta_address_reg6 ; ddfs:inst15|freq_divider_DDFS:f_div_inst|count[19] ; ddfs:inst15|freq_divider_DDFS:f_div_inst|count[19] ; 0.000        ; 0.075      ; 1.291      ;
; 1.079 ; ddfs:inst15|cont[4]  ; ddfs:inst15|cont[6]                                                                                              ; ddfs:inst15|freq_divider_DDFS:f_div_inst|count[19] ; ddfs:inst15|freq_divider_DDFS:f_div_inst|count[19] ; 0.000        ; 0.002      ; 1.233      ;
; 1.096 ; ddfs:inst15|cont[9]  ; ddfs:inst15|cont[11]                                                                                             ; ddfs:inst15|freq_divider_DDFS:f_div_inst|count[19] ; ddfs:inst15|freq_divider_DDFS:f_div_inst|count[19] ; 0.000        ; 0.004      ; 1.252      ;
; 1.096 ; ddfs:inst15|cont[6]  ; ddfs:inst15|cont[8]                                                                                              ; ddfs:inst15|freq_divider_DDFS:f_div_inst|count[19] ; ddfs:inst15|freq_divider_DDFS:f_div_inst|count[19] ; 0.000        ; 0.000      ; 1.248      ;
+-------+----------------------+------------------------------------------------------------------------------------------------------------------+----------------------------------------------------+----------------------------------------------------+--------------+------------+------------+


+---------------------------------------------------------------------------------------------------------------------------------------------------------------------------------+
; Fast Model Recovery: 'ddfs:inst15|freq_divider_DDFS:f_div_inst|count[19]'                                                                                                       ;
+--------+------------------------------------+----------------------+--------------+----------------------------------------------------+--------------+------------+------------+
; Slack  ; From Node                          ; To Node              ; Launch Clock ; Latch Clock                                        ; Relationship ; Clock Skew ; Data Delay ;
+--------+------------------------------------+----------------------+--------------+----------------------------------------------------+--------------+------------+------------+
; 18.691 ; metastab_3xdff:inst4|ena_ddfs_sync ; ddfs:inst15|cont[11] ; CLOCK_50     ; ddfs:inst15|freq_divider_DDFS:f_div_inst|count[19] ; 20.000       ; 0.362      ; 1.703      ;
; 18.896 ; metastab_3xdff:inst4|ena_ddfs_sync ; ddfs:inst15|cont[0]  ; CLOCK_50     ; ddfs:inst15|freq_divider_DDFS:f_div_inst|count[19] ; 20.000       ; 0.356      ; 1.492      ;
; 18.896 ; metastab_3xdff:inst4|ena_ddfs_sync ; ddfs:inst15|cont[3]  ; CLOCK_50     ; ddfs:inst15|freq_divider_DDFS:f_div_inst|count[19] ; 20.000       ; 0.356      ; 1.492      ;
; 18.896 ; metastab_3xdff:inst4|ena_ddfs_sync ; ddfs:inst15|cont[4]  ; CLOCK_50     ; ddfs:inst15|freq_divider_DDFS:f_div_inst|count[19] ; 20.000       ; 0.356      ; 1.492      ;
; 18.896 ; metastab_3xdff:inst4|ena_ddfs_sync ; ddfs:inst15|cont[5]  ; CLOCK_50     ; ddfs:inst15|freq_divider_DDFS:f_div_inst|count[19] ; 20.000       ; 0.356      ; 1.492      ;
; 18.903 ; metastab_3xdff:inst4|ena_ddfs_sync ; ddfs:inst15|cont[1]  ; CLOCK_50     ; ddfs:inst15|freq_divider_DDFS:f_div_inst|count[19] ; 20.000       ; 0.358      ; 1.487      ;
; 18.903 ; metastab_3xdff:inst4|ena_ddfs_sync ; ddfs:inst15|cont[2]  ; CLOCK_50     ; ddfs:inst15|freq_divider_DDFS:f_div_inst|count[19] ; 20.000       ; 0.358      ; 1.487      ;
; 18.903 ; metastab_3xdff:inst4|ena_ddfs_sync ; ddfs:inst15|cont[6]  ; CLOCK_50     ; ddfs:inst15|freq_divider_DDFS:f_div_inst|count[19] ; 20.000       ; 0.358      ; 1.487      ;
; 18.903 ; metastab_3xdff:inst4|ena_ddfs_sync ; ddfs:inst15|cont[7]  ; CLOCK_50     ; ddfs:inst15|freq_divider_DDFS:f_div_inst|count[19] ; 20.000       ; 0.358      ; 1.487      ;
; 18.903 ; metastab_3xdff:inst4|ena_ddfs_sync ; ddfs:inst15|cont[8]  ; CLOCK_50     ; ddfs:inst15|freq_divider_DDFS:f_div_inst|count[19] ; 20.000       ; 0.358      ; 1.487      ;
; 18.903 ; metastab_3xdff:inst4|ena_ddfs_sync ; ddfs:inst15|cont[10] ; CLOCK_50     ; ddfs:inst15|freq_divider_DDFS:f_div_inst|count[19] ; 20.000       ; 0.358      ; 1.487      ;
; 18.903 ; metastab_3xdff:inst4|ena_ddfs_sync ; ddfs:inst15|cont[9]  ; CLOCK_50     ; ddfs:inst15|freq_divider_DDFS:f_div_inst|count[19] ; 20.000       ; 0.358      ; 1.487      ;
+--------+------------------------------------+----------------------+--------------+----------------------------------------------------+--------------+------------+------------+


+--------------------------------------------------------------------------------------------------------------------------------------------------------------------------------+
; Fast Model Removal: 'ddfs:inst15|freq_divider_DDFS:f_div_inst|count[19]'                                                                                                       ;
+-------+------------------------------------+----------------------+--------------+----------------------------------------------------+--------------+------------+------------+
; Slack ; From Node                          ; To Node              ; Launch Clock ; Latch Clock                                        ; Relationship ; Clock Skew ; Data Delay ;
+-------+------------------------------------+----------------------+--------------+----------------------------------------------------+--------------+------------+------------+
; 0.977 ; metastab_3xdff:inst4|ena_ddfs_sync ; ddfs:inst15|cont[1]  ; CLOCK_50     ; ddfs:inst15|freq_divider_DDFS:f_div_inst|count[19] ; 0.000        ; 0.358      ; 1.487      ;
; 0.977 ; metastab_3xdff:inst4|ena_ddfs_sync ; ddfs:inst15|cont[2]  ; CLOCK_50     ; ddfs:inst15|freq_divider_DDFS:f_div_inst|count[19] ; 0.000        ; 0.358      ; 1.487      ;
; 0.977 ; metastab_3xdff:inst4|ena_ddfs_sync ; ddfs:inst15|cont[6]  ; CLOCK_50     ; ddfs:inst15|freq_divider_DDFS:f_div_inst|count[19] ; 0.000        ; 0.358      ; 1.487      ;
; 0.977 ; metastab_3xdff:inst4|ena_ddfs_sync ; ddfs:inst15|cont[7]  ; CLOCK_50     ; ddfs:inst15|freq_divider_DDFS:f_div_inst|count[19] ; 0.000        ; 0.358      ; 1.487      ;
; 0.977 ; metastab_3xdff:inst4|ena_ddfs_sync ; ddfs:inst15|cont[8]  ; CLOCK_50     ; ddfs:inst15|freq_divider_DDFS:f_div_inst|count[19] ; 0.000        ; 0.358      ; 1.487      ;
; 0.977 ; metastab_3xdff:inst4|ena_ddfs_sync ; ddfs:inst15|cont[10] ; CLOCK_50     ; ddfs:inst15|freq_divider_DDFS:f_div_inst|count[19] ; 0.000        ; 0.358      ; 1.487      ;
; 0.977 ; metastab_3xdff:inst4|ena_ddfs_sync ; ddfs:inst15|cont[9]  ; CLOCK_50     ; ddfs:inst15|freq_divider_DDFS:f_div_inst|count[19] ; 0.000        ; 0.358      ; 1.487      ;
; 0.984 ; metastab_3xdff:inst4|ena_ddfs_sync ; ddfs:inst15|cont[0]  ; CLOCK_50     ; ddfs:inst15|freq_divider_DDFS:f_div_inst|count[19] ; 0.000        ; 0.356      ; 1.492      ;
; 0.984 ; metastab_3xdff:inst4|ena_ddfs_sync ; ddfs:inst15|cont[3]  ; CLOCK_50     ; ddfs:inst15|freq_divider_DDFS:f_div_inst|count[19] ; 0.000        ; 0.356      ; 1.492      ;
; 0.984 ; metastab_3xdff:inst4|ena_ddfs_sync ; ddfs:inst15|cont[4]  ; CLOCK_50     ; ddfs:inst15|freq_divider_DDFS:f_div_inst|count[19] ; 0.000        ; 0.356      ; 1.492      ;
; 0.984 ; metastab_3xdff:inst4|ena_ddfs_sync ; ddfs:inst15|cont[5]  ; CLOCK_50     ; ddfs:inst15|freq_divider_DDFS:f_div_inst|count[19] ; 0.000        ; 0.356      ; 1.492      ;
; 1.189 ; metastab_3xdff:inst4|ena_ddfs_sync ; ddfs:inst15|cont[11] ; CLOCK_50     ; ddfs:inst15|freq_divider_DDFS:f_div_inst|count[19] ; 0.000        ; 0.362      ; 1.703      ;
+-------+------------------------------------+----------------------+--------------+----------------------------------------------------+--------------+------------+------------+


+---------------------------------------------------------------------------------------------------------------------------------------------------------------+
; Fast Model Minimum Pulse Width: 'inst|altpll_component|pll|clk[0]'                                                                                            ;
+-------+--------------+----------------+------------------+----------------------------------+------------+----------------------------------------------------+
; Slack ; Actual Width ; Required Width ; Type             ; Clock                            ; Clock Edge ; Target                                             ;
+-------+--------------+----------------+------------------+----------------------------------+------------+----------------------------------------------------+
; 4.000 ; 5.000        ; 1.000          ; High Pulse Width ; inst|altpll_component|pll|clk[0] ; Rise       ; ddfs:inst15|freq_divider_DDFS:f_div_inst|count[0]  ;
; 4.000 ; 5.000        ; 1.000          ; Low Pulse Width  ; inst|altpll_component|pll|clk[0] ; Rise       ; ddfs:inst15|freq_divider_DDFS:f_div_inst|count[0]  ;
; 4.000 ; 5.000        ; 1.000          ; High Pulse Width ; inst|altpll_component|pll|clk[0] ; Rise       ; ddfs:inst15|freq_divider_DDFS:f_div_inst|count[10] ;
; 4.000 ; 5.000        ; 1.000          ; Low Pulse Width  ; inst|altpll_component|pll|clk[0] ; Rise       ; ddfs:inst15|freq_divider_DDFS:f_div_inst|count[10] ;
; 4.000 ; 5.000        ; 1.000          ; High Pulse Width ; inst|altpll_component|pll|clk[0] ; Rise       ; ddfs:inst15|freq_divider_DDFS:f_div_inst|count[11] ;
; 4.000 ; 5.000        ; 1.000          ; Low Pulse Width  ; inst|altpll_component|pll|clk[0] ; Rise       ; ddfs:inst15|freq_divider_DDFS:f_div_inst|count[11] ;
; 4.000 ; 5.000        ; 1.000          ; High Pulse Width ; inst|altpll_component|pll|clk[0] ; Rise       ; ddfs:inst15|freq_divider_DDFS:f_div_inst|count[12] ;
; 4.000 ; 5.000        ; 1.000          ; Low Pulse Width  ; inst|altpll_component|pll|clk[0] ; Rise       ; ddfs:inst15|freq_divider_DDFS:f_div_inst|count[12] ;
; 4.000 ; 5.000        ; 1.000          ; High Pulse Width ; inst|altpll_component|pll|clk[0] ; Rise       ; ddfs:inst15|freq_divider_DDFS:f_div_inst|count[13] ;
; 4.000 ; 5.000        ; 1.000          ; Low Pulse Width  ; inst|altpll_component|pll|clk[0] ; Rise       ; ddfs:inst15|freq_divider_DDFS:f_div_inst|count[13] ;
; 4.000 ; 5.000        ; 1.000          ; High Pulse Width ; inst|altpll_component|pll|clk[0] ; Rise       ; ddfs:inst15|freq_divider_DDFS:f_div_inst|count[14] ;
; 4.000 ; 5.000        ; 1.000          ; Low Pulse Width  ; inst|altpll_component|pll|clk[0] ; Rise       ; ddfs:inst15|freq_divider_DDFS:f_div_inst|count[14] ;
; 4.000 ; 5.000        ; 1.000          ; High Pulse Width ; inst|altpll_component|pll|clk[0] ; Rise       ; ddfs:inst15|freq_divider_DDFS:f_div_inst|count[15] ;
; 4.000 ; 5.000        ; 1.000          ; Low Pulse Width  ; inst|altpll_component|pll|clk[0] ; Rise       ; ddfs:inst15|freq_divider_DDFS:f_div_inst|count[15] ;
; 4.000 ; 5.000        ; 1.000          ; High Pulse Width ; inst|altpll_component|pll|clk[0] ; Rise       ; ddfs:inst15|freq_divider_DDFS:f_div_inst|count[16] ;
; 4.000 ; 5.000        ; 1.000          ; Low Pulse Width  ; inst|altpll_component|pll|clk[0] ; Rise       ; ddfs:inst15|freq_divider_DDFS:f_div_inst|count[16] ;
; 4.000 ; 5.000        ; 1.000          ; High Pulse Width ; inst|altpll_component|pll|clk[0] ; Rise       ; ddfs:inst15|freq_divider_DDFS:f_div_inst|count[17] ;
; 4.000 ; 5.000        ; 1.000          ; Low Pulse Width  ; inst|altpll_component|pll|clk[0] ; Rise       ; ddfs:inst15|freq_divider_DDFS:f_div_inst|count[17] ;
; 4.000 ; 5.000        ; 1.000          ; High Pulse Width ; inst|altpll_component|pll|clk[0] ; Rise       ; ddfs:inst15|freq_divider_DDFS:f_div_inst|count[18] ;
; 4.000 ; 5.000        ; 1.000          ; Low Pulse Width  ; inst|altpll_component|pll|clk[0] ; Rise       ; ddfs:inst15|freq_divider_DDFS:f_div_inst|count[18] ;
; 4.000 ; 5.000        ; 1.000          ; High Pulse Width ; inst|altpll_component|pll|clk[0] ; Rise       ; ddfs:inst15|freq_divider_DDFS:f_div_inst|count[19] ;
; 4.000 ; 5.000        ; 1.000          ; Low Pulse Width  ; inst|altpll_component|pll|clk[0] ; Rise       ; ddfs:inst15|freq_divider_DDFS:f_div_inst|count[19] ;
; 4.000 ; 5.000        ; 1.000          ; High Pulse Width ; inst|altpll_component|pll|clk[0] ; Rise       ; ddfs:inst15|freq_divider_DDFS:f_div_inst|count[1]  ;
; 4.000 ; 5.000        ; 1.000          ; Low Pulse Width  ; inst|altpll_component|pll|clk[0] ; Rise       ; ddfs:inst15|freq_divider_DDFS:f_div_inst|count[1]  ;
; 4.000 ; 5.000        ; 1.000          ; High Pulse Width ; inst|altpll_component|pll|clk[0] ; Rise       ; ddfs:inst15|freq_divider_DDFS:f_div_inst|count[2]  ;
; 4.000 ; 5.000        ; 1.000          ; Low Pulse Width  ; inst|altpll_component|pll|clk[0] ; Rise       ; ddfs:inst15|freq_divider_DDFS:f_div_inst|count[2]  ;
; 4.000 ; 5.000        ; 1.000          ; High Pulse Width ; inst|altpll_component|pll|clk[0] ; Rise       ; ddfs:inst15|freq_divider_DDFS:f_div_inst|count[3]  ;
; 4.000 ; 5.000        ; 1.000          ; Low Pulse Width  ; inst|altpll_component|pll|clk[0] ; Rise       ; ddfs:inst15|freq_divider_DDFS:f_div_inst|count[3]  ;
; 4.000 ; 5.000        ; 1.000          ; High Pulse Width ; inst|altpll_component|pll|clk[0] ; Rise       ; ddfs:inst15|freq_divider_DDFS:f_div_inst|count[4]  ;
; 4.000 ; 5.000        ; 1.000          ; Low Pulse Width  ; inst|altpll_component|pll|clk[0] ; Rise       ; ddfs:inst15|freq_divider_DDFS:f_div_inst|count[4]  ;
; 4.000 ; 5.000        ; 1.000          ; High Pulse Width ; inst|altpll_component|pll|clk[0] ; Rise       ; ddfs:inst15|freq_divider_DDFS:f_div_inst|count[5]  ;
; 4.000 ; 5.000        ; 1.000          ; Low Pulse Width  ; inst|altpll_component|pll|clk[0] ; Rise       ; ddfs:inst15|freq_divider_DDFS:f_div_inst|count[5]  ;
; 4.000 ; 5.000        ; 1.000          ; High Pulse Width ; inst|altpll_component|pll|clk[0] ; Rise       ; ddfs:inst15|freq_divider_DDFS:f_div_inst|count[6]  ;
; 4.000 ; 5.000        ; 1.000          ; Low Pulse Width  ; inst|altpll_component|pll|clk[0] ; Rise       ; ddfs:inst15|freq_divider_DDFS:f_div_inst|count[6]  ;
; 4.000 ; 5.000        ; 1.000          ; High Pulse Width ; inst|altpll_component|pll|clk[0] ; Rise       ; ddfs:inst15|freq_divider_DDFS:f_div_inst|count[7]  ;
; 4.000 ; 5.000        ; 1.000          ; Low Pulse Width  ; inst|altpll_component|pll|clk[0] ; Rise       ; ddfs:inst15|freq_divider_DDFS:f_div_inst|count[7]  ;
; 4.000 ; 5.000        ; 1.000          ; High Pulse Width ; inst|altpll_component|pll|clk[0] ; Rise       ; ddfs:inst15|freq_divider_DDFS:f_div_inst|count[8]  ;
; 4.000 ; 5.000        ; 1.000          ; Low Pulse Width  ; inst|altpll_component|pll|clk[0] ; Rise       ; ddfs:inst15|freq_divider_DDFS:f_div_inst|count[8]  ;
; 4.000 ; 5.000        ; 1.000          ; High Pulse Width ; inst|altpll_component|pll|clk[0] ; Rise       ; ddfs:inst15|freq_divider_DDFS:f_div_inst|count[9]  ;
; 4.000 ; 5.000        ; 1.000          ; Low Pulse Width  ; inst|altpll_component|pll|clk[0] ; Rise       ; ddfs:inst15|freq_divider_DDFS:f_div_inst|count[9]  ;
; 4.000 ; 5.000        ; 1.000          ; High Pulse Width ; inst|altpll_component|pll|clk[0] ; Rise       ; metastab_3xdff:inst4|freq_control_1[0]             ;
; 4.000 ; 5.000        ; 1.000          ; Low Pulse Width  ; inst|altpll_component|pll|clk[0] ; Rise       ; metastab_3xdff:inst4|freq_control_1[0]             ;
; 4.000 ; 5.000        ; 1.000          ; High Pulse Width ; inst|altpll_component|pll|clk[0] ; Rise       ; metastab_3xdff:inst4|freq_control_1[1]             ;
; 4.000 ; 5.000        ; 1.000          ; Low Pulse Width  ; inst|altpll_component|pll|clk[0] ; Rise       ; metastab_3xdff:inst4|freq_control_1[1]             ;
; 4.000 ; 5.000        ; 1.000          ; High Pulse Width ; inst|altpll_component|pll|clk[0] ; Rise       ; metastab_3xdff:inst4|freq_control_1[2]             ;
; 4.000 ; 5.000        ; 1.000          ; Low Pulse Width  ; inst|altpll_component|pll|clk[0] ; Rise       ; metastab_3xdff:inst4|freq_control_1[2]             ;
; 4.000 ; 5.000        ; 1.000          ; High Pulse Width ; inst|altpll_component|pll|clk[0] ; Rise       ; metastab_3xdff:inst4|freq_control_2[0]             ;
; 4.000 ; 5.000        ; 1.000          ; Low Pulse Width  ; inst|altpll_component|pll|clk[0] ; Rise       ; metastab_3xdff:inst4|freq_control_2[0]             ;
; 4.000 ; 5.000        ; 1.000          ; High Pulse Width ; inst|altpll_component|pll|clk[0] ; Rise       ; metastab_3xdff:inst4|freq_control_2[1]             ;
; 4.000 ; 5.000        ; 1.000          ; Low Pulse Width  ; inst|altpll_component|pll|clk[0] ; Rise       ; metastab_3xdff:inst4|freq_control_2[1]             ;
; 4.000 ; 5.000        ; 1.000          ; High Pulse Width ; inst|altpll_component|pll|clk[0] ; Rise       ; metastab_3xdff:inst4|freq_control_2[2]             ;
; 4.000 ; 5.000        ; 1.000          ; Low Pulse Width  ; inst|altpll_component|pll|clk[0] ; Rise       ; metastab_3xdff:inst4|freq_control_2[2]             ;
; 4.000 ; 5.000        ; 1.000          ; High Pulse Width ; inst|altpll_component|pll|clk[0] ; Rise       ; metastab_3xdff:inst4|freq_control_sync[0]          ;
; 4.000 ; 5.000        ; 1.000          ; Low Pulse Width  ; inst|altpll_component|pll|clk[0] ; Rise       ; metastab_3xdff:inst4|freq_control_sync[0]          ;
; 4.000 ; 5.000        ; 1.000          ; High Pulse Width ; inst|altpll_component|pll|clk[0] ; Rise       ; metastab_3xdff:inst4|freq_control_sync[1]          ;
; 4.000 ; 5.000        ; 1.000          ; Low Pulse Width  ; inst|altpll_component|pll|clk[0] ; Rise       ; metastab_3xdff:inst4|freq_control_sync[1]          ;
; 4.000 ; 5.000        ; 1.000          ; High Pulse Width ; inst|altpll_component|pll|clk[0] ; Rise       ; metastab_3xdff:inst4|freq_control_sync[2]          ;
; 4.000 ; 5.000        ; 1.000          ; Low Pulse Width  ; inst|altpll_component|pll|clk[0] ; Rise       ; metastab_3xdff:inst4|freq_control_sync[2]          ;
; 4.000 ; 5.000        ; 1.000          ; High Pulse Width ; inst|altpll_component|pll|clk[0] ; Rise       ; metastab_3xdff:inst4|fw_1[0]                       ;
; 4.000 ; 5.000        ; 1.000          ; Low Pulse Width  ; inst|altpll_component|pll|clk[0] ; Rise       ; metastab_3xdff:inst4|fw_1[0]                       ;
; 4.000 ; 5.000        ; 1.000          ; High Pulse Width ; inst|altpll_component|pll|clk[0] ; Rise       ; metastab_3xdff:inst4|fw_1[1]                       ;
; 4.000 ; 5.000        ; 1.000          ; Low Pulse Width  ; inst|altpll_component|pll|clk[0] ; Rise       ; metastab_3xdff:inst4|fw_1[1]                       ;
; 4.000 ; 5.000        ; 1.000          ; High Pulse Width ; inst|altpll_component|pll|clk[0] ; Rise       ; metastab_3xdff:inst4|fw_1[2]                       ;
; 4.000 ; 5.000        ; 1.000          ; Low Pulse Width  ; inst|altpll_component|pll|clk[0] ; Rise       ; metastab_3xdff:inst4|fw_1[2]                       ;
; 4.000 ; 5.000        ; 1.000          ; High Pulse Width ; inst|altpll_component|pll|clk[0] ; Rise       ; metastab_3xdff:inst4|fw_1[3]                       ;
; 4.000 ; 5.000        ; 1.000          ; Low Pulse Width  ; inst|altpll_component|pll|clk[0] ; Rise       ; metastab_3xdff:inst4|fw_1[3]                       ;
; 4.000 ; 5.000        ; 1.000          ; High Pulse Width ; inst|altpll_component|pll|clk[0] ; Rise       ; metastab_3xdff:inst4|fw_1[4]                       ;
; 4.000 ; 5.000        ; 1.000          ; Low Pulse Width  ; inst|altpll_component|pll|clk[0] ; Rise       ; metastab_3xdff:inst4|fw_1[4]                       ;
; 4.000 ; 5.000        ; 1.000          ; High Pulse Width ; inst|altpll_component|pll|clk[0] ; Rise       ; metastab_3xdff:inst4|fw_1[5]                       ;
; 4.000 ; 5.000        ; 1.000          ; Low Pulse Width  ; inst|altpll_component|pll|clk[0] ; Rise       ; metastab_3xdff:inst4|fw_1[5]                       ;
; 4.000 ; 5.000        ; 1.000          ; High Pulse Width ; inst|altpll_component|pll|clk[0] ; Rise       ; metastab_3xdff:inst4|fw_1[6]                       ;
; 4.000 ; 5.000        ; 1.000          ; Low Pulse Width  ; inst|altpll_component|pll|clk[0] ; Rise       ; metastab_3xdff:inst4|fw_1[6]                       ;
; 4.000 ; 5.000        ; 1.000          ; High Pulse Width ; inst|altpll_component|pll|clk[0] ; Rise       ; metastab_3xdff:inst4|fw_2[0]                       ;
; 4.000 ; 5.000        ; 1.000          ; Low Pulse Width  ; inst|altpll_component|pll|clk[0] ; Rise       ; metastab_3xdff:inst4|fw_2[0]                       ;
; 4.000 ; 5.000        ; 1.000          ; High Pulse Width ; inst|altpll_component|pll|clk[0] ; Rise       ; metastab_3xdff:inst4|fw_2[1]                       ;
; 4.000 ; 5.000        ; 1.000          ; Low Pulse Width  ; inst|altpll_component|pll|clk[0] ; Rise       ; metastab_3xdff:inst4|fw_2[1]                       ;
; 4.000 ; 5.000        ; 1.000          ; High Pulse Width ; inst|altpll_component|pll|clk[0] ; Rise       ; metastab_3xdff:inst4|fw_2[2]                       ;
; 4.000 ; 5.000        ; 1.000          ; Low Pulse Width  ; inst|altpll_component|pll|clk[0] ; Rise       ; metastab_3xdff:inst4|fw_2[2]                       ;
; 4.000 ; 5.000        ; 1.000          ; High Pulse Width ; inst|altpll_component|pll|clk[0] ; Rise       ; metastab_3xdff:inst4|fw_2[3]                       ;
; 4.000 ; 5.000        ; 1.000          ; Low Pulse Width  ; inst|altpll_component|pll|clk[0] ; Rise       ; metastab_3xdff:inst4|fw_2[3]                       ;
; 4.000 ; 5.000        ; 1.000          ; High Pulse Width ; inst|altpll_component|pll|clk[0] ; Rise       ; metastab_3xdff:inst4|fw_2[4]                       ;
; 4.000 ; 5.000        ; 1.000          ; Low Pulse Width  ; inst|altpll_component|pll|clk[0] ; Rise       ; metastab_3xdff:inst4|fw_2[4]                       ;
; 4.000 ; 5.000        ; 1.000          ; High Pulse Width ; inst|altpll_component|pll|clk[0] ; Rise       ; metastab_3xdff:inst4|fw_2[5]                       ;
; 4.000 ; 5.000        ; 1.000          ; Low Pulse Width  ; inst|altpll_component|pll|clk[0] ; Rise       ; metastab_3xdff:inst4|fw_2[5]                       ;
; 4.000 ; 5.000        ; 1.000          ; High Pulse Width ; inst|altpll_component|pll|clk[0] ; Rise       ; metastab_3xdff:inst4|fw_2[6]                       ;
; 4.000 ; 5.000        ; 1.000          ; Low Pulse Width  ; inst|altpll_component|pll|clk[0] ; Rise       ; metastab_3xdff:inst4|fw_2[6]                       ;
; 4.000 ; 5.000        ; 1.000          ; High Pulse Width ; inst|altpll_component|pll|clk[0] ; Rise       ; metastab_3xdff:inst4|fw_sync[0]                    ;
; 4.000 ; 5.000        ; 1.000          ; Low Pulse Width  ; inst|altpll_component|pll|clk[0] ; Rise       ; metastab_3xdff:inst4|fw_sync[0]                    ;
; 4.000 ; 5.000        ; 1.000          ; High Pulse Width ; inst|altpll_component|pll|clk[0] ; Rise       ; metastab_3xdff:inst4|fw_sync[1]                    ;
; 4.000 ; 5.000        ; 1.000          ; Low Pulse Width  ; inst|altpll_component|pll|clk[0] ; Rise       ; metastab_3xdff:inst4|fw_sync[1]                    ;
; 4.000 ; 5.000        ; 1.000          ; High Pulse Width ; inst|altpll_component|pll|clk[0] ; Rise       ; metastab_3xdff:inst4|fw_sync[2]                    ;
; 4.000 ; 5.000        ; 1.000          ; Low Pulse Width  ; inst|altpll_component|pll|clk[0] ; Rise       ; metastab_3xdff:inst4|fw_sync[2]                    ;
; 4.000 ; 5.000        ; 1.000          ; High Pulse Width ; inst|altpll_component|pll|clk[0] ; Rise       ; metastab_3xdff:inst4|fw_sync[3]                    ;
; 4.000 ; 5.000        ; 1.000          ; Low Pulse Width  ; inst|altpll_component|pll|clk[0] ; Rise       ; metastab_3xdff:inst4|fw_sync[3]                    ;
; 4.000 ; 5.000        ; 1.000          ; High Pulse Width ; inst|altpll_component|pll|clk[0] ; Rise       ; metastab_3xdff:inst4|fw_sync[4]                    ;
; 4.000 ; 5.000        ; 1.000          ; Low Pulse Width  ; inst|altpll_component|pll|clk[0] ; Rise       ; metastab_3xdff:inst4|fw_sync[4]                    ;
; 4.000 ; 5.000        ; 1.000          ; High Pulse Width ; inst|altpll_component|pll|clk[0] ; Rise       ; metastab_3xdff:inst4|fw_sync[5]                    ;
; 4.000 ; 5.000        ; 1.000          ; Low Pulse Width  ; inst|altpll_component|pll|clk[0] ; Rise       ; metastab_3xdff:inst4|fw_sync[5]                    ;
; 4.000 ; 5.000        ; 1.000          ; High Pulse Width ; inst|altpll_component|pll|clk[0] ; Rise       ; metastab_3xdff:inst4|fw_sync[6]                    ;
; 4.000 ; 5.000        ; 1.000          ; Low Pulse Width  ; inst|altpll_component|pll|clk[0] ; Rise       ; metastab_3xdff:inst4|fw_sync[6]                    ;
+-------+--------------+----------------+------------------+----------------------------------+------------+----------------------------------------------------+


+-----------------------------------------------------------------------------------------------------------------------------------------------------------------------------------------------------------------+
; Fast Model Minimum Pulse Width: 'CLOCK_50'                                                                                                                                                                      ;
+-------+--------------+----------------+------------------+----------+------------+------------------------------------------------------------------------------------------------------------------------------+
; Slack ; Actual Width ; Required Width ; Type             ; Clock    ; Clock Edge ; Target                                                                                                                       ;
+-------+--------------+----------------+------------------+----------+------------+------------------------------------------------------------------------------------------------------------------------------+
; 8.077 ; 10.000       ; 1.923          ; High Pulse Width ; CLOCK_50 ; Rise       ; lcd_driver:inst8|text_lut:text_lut_inst|altsyncram:rom_rtl_0|altsyncram_ap81:auto_generated|ram_block1a0~porta_address_reg0  ;
; 8.077 ; 10.000       ; 1.923          ; Low Pulse Width  ; CLOCK_50 ; Rise       ; lcd_driver:inst8|text_lut:text_lut_inst|altsyncram:rom_rtl_0|altsyncram_ap81:auto_generated|ram_block1a0~porta_address_reg0  ;
; 8.077 ; 10.000       ; 1.923          ; High Pulse Width ; CLOCK_50 ; Rise       ; lcd_driver:inst8|text_lut:text_lut_inst|altsyncram:rom_rtl_0|altsyncram_ap81:auto_generated|ram_block1a0~porta_address_reg1  ;
; 8.077 ; 10.000       ; 1.923          ; Low Pulse Width  ; CLOCK_50 ; Rise       ; lcd_driver:inst8|text_lut:text_lut_inst|altsyncram:rom_rtl_0|altsyncram_ap81:auto_generated|ram_block1a0~porta_address_reg1  ;
; 8.077 ; 10.000       ; 1.923          ; High Pulse Width ; CLOCK_50 ; Rise       ; lcd_driver:inst8|text_lut:text_lut_inst|altsyncram:rom_rtl_0|altsyncram_ap81:auto_generated|ram_block1a0~porta_address_reg10 ;
; 8.077 ; 10.000       ; 1.923          ; Low Pulse Width  ; CLOCK_50 ; Rise       ; lcd_driver:inst8|text_lut:text_lut_inst|altsyncram:rom_rtl_0|altsyncram_ap81:auto_generated|ram_block1a0~porta_address_reg10 ;
; 8.077 ; 10.000       ; 1.923          ; High Pulse Width ; CLOCK_50 ; Rise       ; lcd_driver:inst8|text_lut:text_lut_inst|altsyncram:rom_rtl_0|altsyncram_ap81:auto_generated|ram_block1a0~porta_address_reg2  ;
; 8.077 ; 10.000       ; 1.923          ; Low Pulse Width  ; CLOCK_50 ; Rise       ; lcd_driver:inst8|text_lut:text_lut_inst|altsyncram:rom_rtl_0|altsyncram_ap81:auto_generated|ram_block1a0~porta_address_reg2  ;
; 8.077 ; 10.000       ; 1.923          ; High Pulse Width ; CLOCK_50 ; Rise       ; lcd_driver:inst8|text_lut:text_lut_inst|altsyncram:rom_rtl_0|altsyncram_ap81:auto_generated|ram_block1a0~porta_address_reg3  ;
; 8.077 ; 10.000       ; 1.923          ; Low Pulse Width  ; CLOCK_50 ; Rise       ; lcd_driver:inst8|text_lut:text_lut_inst|altsyncram:rom_rtl_0|altsyncram_ap81:auto_generated|ram_block1a0~porta_address_reg3  ;
; 8.077 ; 10.000       ; 1.923          ; High Pulse Width ; CLOCK_50 ; Rise       ; lcd_driver:inst8|text_lut:text_lut_inst|altsyncram:rom_rtl_0|altsyncram_ap81:auto_generated|ram_block1a0~porta_address_reg4  ;
; 8.077 ; 10.000       ; 1.923          ; Low Pulse Width  ; CLOCK_50 ; Rise       ; lcd_driver:inst8|text_lut:text_lut_inst|altsyncram:rom_rtl_0|altsyncram_ap81:auto_generated|ram_block1a0~porta_address_reg4  ;
; 8.077 ; 10.000       ; 1.923          ; High Pulse Width ; CLOCK_50 ; Rise       ; lcd_driver:inst8|text_lut:text_lut_inst|altsyncram:rom_rtl_0|altsyncram_ap81:auto_generated|ram_block1a0~porta_address_reg5  ;
; 8.077 ; 10.000       ; 1.923          ; Low Pulse Width  ; CLOCK_50 ; Rise       ; lcd_driver:inst8|text_lut:text_lut_inst|altsyncram:rom_rtl_0|altsyncram_ap81:auto_generated|ram_block1a0~porta_address_reg5  ;
; 8.077 ; 10.000       ; 1.923          ; High Pulse Width ; CLOCK_50 ; Rise       ; lcd_driver:inst8|text_lut:text_lut_inst|altsyncram:rom_rtl_0|altsyncram_ap81:auto_generated|ram_block1a0~porta_address_reg6  ;
; 8.077 ; 10.000       ; 1.923          ; Low Pulse Width  ; CLOCK_50 ; Rise       ; lcd_driver:inst8|text_lut:text_lut_inst|altsyncram:rom_rtl_0|altsyncram_ap81:auto_generated|ram_block1a0~porta_address_reg6  ;
; 8.077 ; 10.000       ; 1.923          ; High Pulse Width ; CLOCK_50 ; Rise       ; lcd_driver:inst8|text_lut:text_lut_inst|altsyncram:rom_rtl_0|altsyncram_ap81:auto_generated|ram_block1a0~porta_address_reg7  ;
; 8.077 ; 10.000       ; 1.923          ; Low Pulse Width  ; CLOCK_50 ; Rise       ; lcd_driver:inst8|text_lut:text_lut_inst|altsyncram:rom_rtl_0|altsyncram_ap81:auto_generated|ram_block1a0~porta_address_reg7  ;
; 8.077 ; 10.000       ; 1.923          ; High Pulse Width ; CLOCK_50 ; Rise       ; lcd_driver:inst8|text_lut:text_lut_inst|altsyncram:rom_rtl_0|altsyncram_ap81:auto_generated|ram_block1a0~porta_address_reg8  ;
; 8.077 ; 10.000       ; 1.923          ; Low Pulse Width  ; CLOCK_50 ; Rise       ; lcd_driver:inst8|text_lut:text_lut_inst|altsyncram:rom_rtl_0|altsyncram_ap81:auto_generated|ram_block1a0~porta_address_reg8  ;
; 8.077 ; 10.000       ; 1.923          ; High Pulse Width ; CLOCK_50 ; Rise       ; lcd_driver:inst8|text_lut:text_lut_inst|altsyncram:rom_rtl_0|altsyncram_ap81:auto_generated|ram_block1a0~porta_address_reg9  ;
; 8.077 ; 10.000       ; 1.923          ; Low Pulse Width  ; CLOCK_50 ; Rise       ; lcd_driver:inst8|text_lut:text_lut_inst|altsyncram:rom_rtl_0|altsyncram_ap81:auto_generated|ram_block1a0~porta_address_reg9  ;
; 8.077 ; 10.000       ; 1.923          ; High Pulse Width ; CLOCK_50 ; Rise       ; lcd_driver:inst8|text_lut:text_lut_inst|altsyncram:rom_rtl_0|altsyncram_ap81:auto_generated|ram_block1a1~porta_address_reg0  ;
; 8.077 ; 10.000       ; 1.923          ; Low Pulse Width  ; CLOCK_50 ; Rise       ; lcd_driver:inst8|text_lut:text_lut_inst|altsyncram:rom_rtl_0|altsyncram_ap81:auto_generated|ram_block1a1~porta_address_reg0  ;
; 8.077 ; 10.000       ; 1.923          ; High Pulse Width ; CLOCK_50 ; Rise       ; lcd_driver:inst8|text_lut:text_lut_inst|altsyncram:rom_rtl_0|altsyncram_ap81:auto_generated|ram_block1a1~porta_address_reg1  ;
; 8.077 ; 10.000       ; 1.923          ; Low Pulse Width  ; CLOCK_50 ; Rise       ; lcd_driver:inst8|text_lut:text_lut_inst|altsyncram:rom_rtl_0|altsyncram_ap81:auto_generated|ram_block1a1~porta_address_reg1  ;
; 8.077 ; 10.000       ; 1.923          ; High Pulse Width ; CLOCK_50 ; Rise       ; lcd_driver:inst8|text_lut:text_lut_inst|altsyncram:rom_rtl_0|altsyncram_ap81:auto_generated|ram_block1a1~porta_address_reg10 ;
; 8.077 ; 10.000       ; 1.923          ; Low Pulse Width  ; CLOCK_50 ; Rise       ; lcd_driver:inst8|text_lut:text_lut_inst|altsyncram:rom_rtl_0|altsyncram_ap81:auto_generated|ram_block1a1~porta_address_reg10 ;
; 8.077 ; 10.000       ; 1.923          ; High Pulse Width ; CLOCK_50 ; Rise       ; lcd_driver:inst8|text_lut:text_lut_inst|altsyncram:rom_rtl_0|altsyncram_ap81:auto_generated|ram_block1a1~porta_address_reg2  ;
; 8.077 ; 10.000       ; 1.923          ; Low Pulse Width  ; CLOCK_50 ; Rise       ; lcd_driver:inst8|text_lut:text_lut_inst|altsyncram:rom_rtl_0|altsyncram_ap81:auto_generated|ram_block1a1~porta_address_reg2  ;
; 8.077 ; 10.000       ; 1.923          ; High Pulse Width ; CLOCK_50 ; Rise       ; lcd_driver:inst8|text_lut:text_lut_inst|altsyncram:rom_rtl_0|altsyncram_ap81:auto_generated|ram_block1a1~porta_address_reg3  ;
; 8.077 ; 10.000       ; 1.923          ; Low Pulse Width  ; CLOCK_50 ; Rise       ; lcd_driver:inst8|text_lut:text_lut_inst|altsyncram:rom_rtl_0|altsyncram_ap81:auto_generated|ram_block1a1~porta_address_reg3  ;
; 8.077 ; 10.000       ; 1.923          ; High Pulse Width ; CLOCK_50 ; Rise       ; lcd_driver:inst8|text_lut:text_lut_inst|altsyncram:rom_rtl_0|altsyncram_ap81:auto_generated|ram_block1a1~porta_address_reg4  ;
; 8.077 ; 10.000       ; 1.923          ; Low Pulse Width  ; CLOCK_50 ; Rise       ; lcd_driver:inst8|text_lut:text_lut_inst|altsyncram:rom_rtl_0|altsyncram_ap81:auto_generated|ram_block1a1~porta_address_reg4  ;
; 8.077 ; 10.000       ; 1.923          ; High Pulse Width ; CLOCK_50 ; Rise       ; lcd_driver:inst8|text_lut:text_lut_inst|altsyncram:rom_rtl_0|altsyncram_ap81:auto_generated|ram_block1a1~porta_address_reg5  ;
; 8.077 ; 10.000       ; 1.923          ; Low Pulse Width  ; CLOCK_50 ; Rise       ; lcd_driver:inst8|text_lut:text_lut_inst|altsyncram:rom_rtl_0|altsyncram_ap81:auto_generated|ram_block1a1~porta_address_reg5  ;
; 8.077 ; 10.000       ; 1.923          ; High Pulse Width ; CLOCK_50 ; Rise       ; lcd_driver:inst8|text_lut:text_lut_inst|altsyncram:rom_rtl_0|altsyncram_ap81:auto_generated|ram_block1a1~porta_address_reg6  ;
; 8.077 ; 10.000       ; 1.923          ; Low Pulse Width  ; CLOCK_50 ; Rise       ; lcd_driver:inst8|text_lut:text_lut_inst|altsyncram:rom_rtl_0|altsyncram_ap81:auto_generated|ram_block1a1~porta_address_reg6  ;
; 8.077 ; 10.000       ; 1.923          ; High Pulse Width ; CLOCK_50 ; Rise       ; lcd_driver:inst8|text_lut:text_lut_inst|altsyncram:rom_rtl_0|altsyncram_ap81:auto_generated|ram_block1a1~porta_address_reg7  ;
; 8.077 ; 10.000       ; 1.923          ; Low Pulse Width  ; CLOCK_50 ; Rise       ; lcd_driver:inst8|text_lut:text_lut_inst|altsyncram:rom_rtl_0|altsyncram_ap81:auto_generated|ram_block1a1~porta_address_reg7  ;
; 8.077 ; 10.000       ; 1.923          ; High Pulse Width ; CLOCK_50 ; Rise       ; lcd_driver:inst8|text_lut:text_lut_inst|altsyncram:rom_rtl_0|altsyncram_ap81:auto_generated|ram_block1a1~porta_address_reg8  ;
; 8.077 ; 10.000       ; 1.923          ; Low Pulse Width  ; CLOCK_50 ; Rise       ; lcd_driver:inst8|text_lut:text_lut_inst|altsyncram:rom_rtl_0|altsyncram_ap81:auto_generated|ram_block1a1~porta_address_reg8  ;
; 8.077 ; 10.000       ; 1.923          ; High Pulse Width ; CLOCK_50 ; Rise       ; lcd_driver:inst8|text_lut:text_lut_inst|altsyncram:rom_rtl_0|altsyncram_ap81:auto_generated|ram_block1a1~porta_address_reg9  ;
; 8.077 ; 10.000       ; 1.923          ; Low Pulse Width  ; CLOCK_50 ; Rise       ; lcd_driver:inst8|text_lut:text_lut_inst|altsyncram:rom_rtl_0|altsyncram_ap81:auto_generated|ram_block1a1~porta_address_reg9  ;
; 8.077 ; 10.000       ; 1.923          ; High Pulse Width ; CLOCK_50 ; Rise       ; lcd_driver:inst8|text_lut:text_lut_inst|altsyncram:rom_rtl_0|altsyncram_ap81:auto_generated|ram_block1a3~porta_address_reg0  ;
; 8.077 ; 10.000       ; 1.923          ; Low Pulse Width  ; CLOCK_50 ; Rise       ; lcd_driver:inst8|text_lut:text_lut_inst|altsyncram:rom_rtl_0|altsyncram_ap81:auto_generated|ram_block1a3~porta_address_reg0  ;
; 8.077 ; 10.000       ; 1.923          ; High Pulse Width ; CLOCK_50 ; Rise       ; lcd_driver:inst8|text_lut:text_lut_inst|altsyncram:rom_rtl_0|altsyncram_ap81:auto_generated|ram_block1a3~porta_address_reg1  ;
; 8.077 ; 10.000       ; 1.923          ; Low Pulse Width  ; CLOCK_50 ; Rise       ; lcd_driver:inst8|text_lut:text_lut_inst|altsyncram:rom_rtl_0|altsyncram_ap81:auto_generated|ram_block1a3~porta_address_reg1  ;
; 8.077 ; 10.000       ; 1.923          ; High Pulse Width ; CLOCK_50 ; Rise       ; lcd_driver:inst8|text_lut:text_lut_inst|altsyncram:rom_rtl_0|altsyncram_ap81:auto_generated|ram_block1a3~porta_address_reg10 ;
; 8.077 ; 10.000       ; 1.923          ; Low Pulse Width  ; CLOCK_50 ; Rise       ; lcd_driver:inst8|text_lut:text_lut_inst|altsyncram:rom_rtl_0|altsyncram_ap81:auto_generated|ram_block1a3~porta_address_reg10 ;
; 8.077 ; 10.000       ; 1.923          ; High Pulse Width ; CLOCK_50 ; Rise       ; lcd_driver:inst8|text_lut:text_lut_inst|altsyncram:rom_rtl_0|altsyncram_ap81:auto_generated|ram_block1a3~porta_address_reg2  ;
; 8.077 ; 10.000       ; 1.923          ; Low Pulse Width  ; CLOCK_50 ; Rise       ; lcd_driver:inst8|text_lut:text_lut_inst|altsyncram:rom_rtl_0|altsyncram_ap81:auto_generated|ram_block1a3~porta_address_reg2  ;
; 8.077 ; 10.000       ; 1.923          ; High Pulse Width ; CLOCK_50 ; Rise       ; lcd_driver:inst8|text_lut:text_lut_inst|altsyncram:rom_rtl_0|altsyncram_ap81:auto_generated|ram_block1a3~porta_address_reg3  ;
; 8.077 ; 10.000       ; 1.923          ; Low Pulse Width  ; CLOCK_50 ; Rise       ; lcd_driver:inst8|text_lut:text_lut_inst|altsyncram:rom_rtl_0|altsyncram_ap81:auto_generated|ram_block1a3~porta_address_reg3  ;
; 8.077 ; 10.000       ; 1.923          ; High Pulse Width ; CLOCK_50 ; Rise       ; lcd_driver:inst8|text_lut:text_lut_inst|altsyncram:rom_rtl_0|altsyncram_ap81:auto_generated|ram_block1a3~porta_address_reg4  ;
; 8.077 ; 10.000       ; 1.923          ; Low Pulse Width  ; CLOCK_50 ; Rise       ; lcd_driver:inst8|text_lut:text_lut_inst|altsyncram:rom_rtl_0|altsyncram_ap81:auto_generated|ram_block1a3~porta_address_reg4  ;
; 8.077 ; 10.000       ; 1.923          ; High Pulse Width ; CLOCK_50 ; Rise       ; lcd_driver:inst8|text_lut:text_lut_inst|altsyncram:rom_rtl_0|altsyncram_ap81:auto_generated|ram_block1a3~porta_address_reg5  ;
; 8.077 ; 10.000       ; 1.923          ; Low Pulse Width  ; CLOCK_50 ; Rise       ; lcd_driver:inst8|text_lut:text_lut_inst|altsyncram:rom_rtl_0|altsyncram_ap81:auto_generated|ram_block1a3~porta_address_reg5  ;
; 8.077 ; 10.000       ; 1.923          ; High Pulse Width ; CLOCK_50 ; Rise       ; lcd_driver:inst8|text_lut:text_lut_inst|altsyncram:rom_rtl_0|altsyncram_ap81:auto_generated|ram_block1a3~porta_address_reg6  ;
; 8.077 ; 10.000       ; 1.923          ; Low Pulse Width  ; CLOCK_50 ; Rise       ; lcd_driver:inst8|text_lut:text_lut_inst|altsyncram:rom_rtl_0|altsyncram_ap81:auto_generated|ram_block1a3~porta_address_reg6  ;
; 8.077 ; 10.000       ; 1.923          ; High Pulse Width ; CLOCK_50 ; Rise       ; lcd_driver:inst8|text_lut:text_lut_inst|altsyncram:rom_rtl_0|altsyncram_ap81:auto_generated|ram_block1a3~porta_address_reg7  ;
; 8.077 ; 10.000       ; 1.923          ; Low Pulse Width  ; CLOCK_50 ; Rise       ; lcd_driver:inst8|text_lut:text_lut_inst|altsyncram:rom_rtl_0|altsyncram_ap81:auto_generated|ram_block1a3~porta_address_reg7  ;
; 8.077 ; 10.000       ; 1.923          ; High Pulse Width ; CLOCK_50 ; Rise       ; lcd_driver:inst8|text_lut:text_lut_inst|altsyncram:rom_rtl_0|altsyncram_ap81:auto_generated|ram_block1a3~porta_address_reg8  ;
; 8.077 ; 10.000       ; 1.923          ; Low Pulse Width  ; CLOCK_50 ; Rise       ; lcd_driver:inst8|text_lut:text_lut_inst|altsyncram:rom_rtl_0|altsyncram_ap81:auto_generated|ram_block1a3~porta_address_reg8  ;
; 8.077 ; 10.000       ; 1.923          ; High Pulse Width ; CLOCK_50 ; Rise       ; lcd_driver:inst8|text_lut:text_lut_inst|altsyncram:rom_rtl_0|altsyncram_ap81:auto_generated|ram_block1a3~porta_address_reg9  ;
; 8.077 ; 10.000       ; 1.923          ; Low Pulse Width  ; CLOCK_50 ; Rise       ; lcd_driver:inst8|text_lut:text_lut_inst|altsyncram:rom_rtl_0|altsyncram_ap81:auto_generated|ram_block1a3~porta_address_reg9  ;
; 8.077 ; 10.000       ; 1.923          ; High Pulse Width ; CLOCK_50 ; Rise       ; lcd_driver:inst8|text_lut:text_lut_inst|altsyncram:rom_rtl_0|altsyncram_ap81:auto_generated|ram_block1a5~porta_address_reg0  ;
; 8.077 ; 10.000       ; 1.923          ; Low Pulse Width  ; CLOCK_50 ; Rise       ; lcd_driver:inst8|text_lut:text_lut_inst|altsyncram:rom_rtl_0|altsyncram_ap81:auto_generated|ram_block1a5~porta_address_reg0  ;
; 8.077 ; 10.000       ; 1.923          ; High Pulse Width ; CLOCK_50 ; Rise       ; lcd_driver:inst8|text_lut:text_lut_inst|altsyncram:rom_rtl_0|altsyncram_ap81:auto_generated|ram_block1a5~porta_address_reg1  ;
; 8.077 ; 10.000       ; 1.923          ; Low Pulse Width  ; CLOCK_50 ; Rise       ; lcd_driver:inst8|text_lut:text_lut_inst|altsyncram:rom_rtl_0|altsyncram_ap81:auto_generated|ram_block1a5~porta_address_reg1  ;
; 8.077 ; 10.000       ; 1.923          ; High Pulse Width ; CLOCK_50 ; Rise       ; lcd_driver:inst8|text_lut:text_lut_inst|altsyncram:rom_rtl_0|altsyncram_ap81:auto_generated|ram_block1a5~porta_address_reg10 ;
; 8.077 ; 10.000       ; 1.923          ; Low Pulse Width  ; CLOCK_50 ; Rise       ; lcd_driver:inst8|text_lut:text_lut_inst|altsyncram:rom_rtl_0|altsyncram_ap81:auto_generated|ram_block1a5~porta_address_reg10 ;
; 8.077 ; 10.000       ; 1.923          ; High Pulse Width ; CLOCK_50 ; Rise       ; lcd_driver:inst8|text_lut:text_lut_inst|altsyncram:rom_rtl_0|altsyncram_ap81:auto_generated|ram_block1a5~porta_address_reg2  ;
; 8.077 ; 10.000       ; 1.923          ; Low Pulse Width  ; CLOCK_50 ; Rise       ; lcd_driver:inst8|text_lut:text_lut_inst|altsyncram:rom_rtl_0|altsyncram_ap81:auto_generated|ram_block1a5~porta_address_reg2  ;
; 8.077 ; 10.000       ; 1.923          ; High Pulse Width ; CLOCK_50 ; Rise       ; lcd_driver:inst8|text_lut:text_lut_inst|altsyncram:rom_rtl_0|altsyncram_ap81:auto_generated|ram_block1a5~porta_address_reg3  ;
; 8.077 ; 10.000       ; 1.923          ; Low Pulse Width  ; CLOCK_50 ; Rise       ; lcd_driver:inst8|text_lut:text_lut_inst|altsyncram:rom_rtl_0|altsyncram_ap81:auto_generated|ram_block1a5~porta_address_reg3  ;
; 8.077 ; 10.000       ; 1.923          ; High Pulse Width ; CLOCK_50 ; Rise       ; lcd_driver:inst8|text_lut:text_lut_inst|altsyncram:rom_rtl_0|altsyncram_ap81:auto_generated|ram_block1a5~porta_address_reg4  ;
; 8.077 ; 10.000       ; 1.923          ; Low Pulse Width  ; CLOCK_50 ; Rise       ; lcd_driver:inst8|text_lut:text_lut_inst|altsyncram:rom_rtl_0|altsyncram_ap81:auto_generated|ram_block1a5~porta_address_reg4  ;
; 8.077 ; 10.000       ; 1.923          ; High Pulse Width ; CLOCK_50 ; Rise       ; lcd_driver:inst8|text_lut:text_lut_inst|altsyncram:rom_rtl_0|altsyncram_ap81:auto_generated|ram_block1a5~porta_address_reg5  ;
; 8.077 ; 10.000       ; 1.923          ; Low Pulse Width  ; CLOCK_50 ; Rise       ; lcd_driver:inst8|text_lut:text_lut_inst|altsyncram:rom_rtl_0|altsyncram_ap81:auto_generated|ram_block1a5~porta_address_reg5  ;
; 8.077 ; 10.000       ; 1.923          ; High Pulse Width ; CLOCK_50 ; Rise       ; lcd_driver:inst8|text_lut:text_lut_inst|altsyncram:rom_rtl_0|altsyncram_ap81:auto_generated|ram_block1a5~porta_address_reg6  ;
; 8.077 ; 10.000       ; 1.923          ; Low Pulse Width  ; CLOCK_50 ; Rise       ; lcd_driver:inst8|text_lut:text_lut_inst|altsyncram:rom_rtl_0|altsyncram_ap81:auto_generated|ram_block1a5~porta_address_reg6  ;
; 8.077 ; 10.000       ; 1.923          ; High Pulse Width ; CLOCK_50 ; Rise       ; lcd_driver:inst8|text_lut:text_lut_inst|altsyncram:rom_rtl_0|altsyncram_ap81:auto_generated|ram_block1a5~porta_address_reg7  ;
; 8.077 ; 10.000       ; 1.923          ; Low Pulse Width  ; CLOCK_50 ; Rise       ; lcd_driver:inst8|text_lut:text_lut_inst|altsyncram:rom_rtl_0|altsyncram_ap81:auto_generated|ram_block1a5~porta_address_reg7  ;
; 8.077 ; 10.000       ; 1.923          ; High Pulse Width ; CLOCK_50 ; Rise       ; lcd_driver:inst8|text_lut:text_lut_inst|altsyncram:rom_rtl_0|altsyncram_ap81:auto_generated|ram_block1a5~porta_address_reg8  ;
; 8.077 ; 10.000       ; 1.923          ; Low Pulse Width  ; CLOCK_50 ; Rise       ; lcd_driver:inst8|text_lut:text_lut_inst|altsyncram:rom_rtl_0|altsyncram_ap81:auto_generated|ram_block1a5~porta_address_reg8  ;
; 8.077 ; 10.000       ; 1.923          ; High Pulse Width ; CLOCK_50 ; Rise       ; lcd_driver:inst8|text_lut:text_lut_inst|altsyncram:rom_rtl_0|altsyncram_ap81:auto_generated|ram_block1a5~porta_address_reg9  ;
; 8.077 ; 10.000       ; 1.923          ; Low Pulse Width  ; CLOCK_50 ; Rise       ; lcd_driver:inst8|text_lut:text_lut_inst|altsyncram:rom_rtl_0|altsyncram_ap81:auto_generated|ram_block1a5~porta_address_reg9  ;
; 8.077 ; 10.000       ; 1.923          ; High Pulse Width ; CLOCK_50 ; Rise       ; lcd_driver:inst8|text_lut:text_lut_inst|altsyncram:rom_rtl_0|altsyncram_ap81:auto_generated|ram_block1a7~porta_address_reg0  ;
; 8.077 ; 10.000       ; 1.923          ; Low Pulse Width  ; CLOCK_50 ; Rise       ; lcd_driver:inst8|text_lut:text_lut_inst|altsyncram:rom_rtl_0|altsyncram_ap81:auto_generated|ram_block1a7~porta_address_reg0  ;
; 8.077 ; 10.000       ; 1.923          ; High Pulse Width ; CLOCK_50 ; Rise       ; lcd_driver:inst8|text_lut:text_lut_inst|altsyncram:rom_rtl_0|altsyncram_ap81:auto_generated|ram_block1a7~porta_address_reg1  ;
; 8.077 ; 10.000       ; 1.923          ; Low Pulse Width  ; CLOCK_50 ; Rise       ; lcd_driver:inst8|text_lut:text_lut_inst|altsyncram:rom_rtl_0|altsyncram_ap81:auto_generated|ram_block1a7~porta_address_reg1  ;
; 8.077 ; 10.000       ; 1.923          ; High Pulse Width ; CLOCK_50 ; Rise       ; lcd_driver:inst8|text_lut:text_lut_inst|altsyncram:rom_rtl_0|altsyncram_ap81:auto_generated|ram_block1a7~porta_address_reg10 ;
; 8.077 ; 10.000       ; 1.923          ; Low Pulse Width  ; CLOCK_50 ; Rise       ; lcd_driver:inst8|text_lut:text_lut_inst|altsyncram:rom_rtl_0|altsyncram_ap81:auto_generated|ram_block1a7~porta_address_reg10 ;
; 8.077 ; 10.000       ; 1.923          ; High Pulse Width ; CLOCK_50 ; Rise       ; lcd_driver:inst8|text_lut:text_lut_inst|altsyncram:rom_rtl_0|altsyncram_ap81:auto_generated|ram_block1a7~porta_address_reg2  ;
; 8.077 ; 10.000       ; 1.923          ; Low Pulse Width  ; CLOCK_50 ; Rise       ; lcd_driver:inst8|text_lut:text_lut_inst|altsyncram:rom_rtl_0|altsyncram_ap81:auto_generated|ram_block1a7~porta_address_reg2  ;
; 8.077 ; 10.000       ; 1.923          ; High Pulse Width ; CLOCK_50 ; Rise       ; lcd_driver:inst8|text_lut:text_lut_inst|altsyncram:rom_rtl_0|altsyncram_ap81:auto_generated|ram_block1a7~porta_address_reg3  ;
; 8.077 ; 10.000       ; 1.923          ; Low Pulse Width  ; CLOCK_50 ; Rise       ; lcd_driver:inst8|text_lut:text_lut_inst|altsyncram:rom_rtl_0|altsyncram_ap81:auto_generated|ram_block1a7~porta_address_reg3  ;
; 8.077 ; 10.000       ; 1.923          ; High Pulse Width ; CLOCK_50 ; Rise       ; lcd_driver:inst8|text_lut:text_lut_inst|altsyncram:rom_rtl_0|altsyncram_ap81:auto_generated|ram_block1a7~porta_address_reg4  ;
; 8.077 ; 10.000       ; 1.923          ; Low Pulse Width  ; CLOCK_50 ; Rise       ; lcd_driver:inst8|text_lut:text_lut_inst|altsyncram:rom_rtl_0|altsyncram_ap81:auto_generated|ram_block1a7~porta_address_reg4  ;
+-------+--------------+----------------+------------------+----------+------------+------------------------------------------------------------------------------------------------------------------------------+


+------------------------------------------------------------------------------------------------------------------------------------------------------------------------------------------------------------------------------------------------+
; Fast Model Minimum Pulse Width: 'ddfs:inst15|freq_divider_DDFS:f_div_inst|count[19]'                                                                                                                                                           ;
+--------+--------------+----------------+------------------+----------------------------------------------------+------------+------------------------------------------------------------------------------------------------------------------+
; Slack  ; Actual Width ; Required Width ; Type             ; Clock                                              ; Clock Edge ; Target                                                                                                           ;
+--------+--------------+----------------+------------------+----------------------------------------------------+------------+------------------------------------------------------------------------------------------------------------------+
; 8.077  ; 10.000       ; 1.923          ; High Pulse Width ; ddfs:inst15|freq_divider_DDFS:f_div_inst|count[19] ; Rise       ; ddfs:inst15|sin_lut:lut_inst|altsyncram:rom_rtl_0|altsyncram_qm81:auto_generated|ram_block1a1~porta_address_reg0 ;
; 8.077  ; 10.000       ; 1.923          ; Low Pulse Width  ; ddfs:inst15|freq_divider_DDFS:f_div_inst|count[19] ; Rise       ; ddfs:inst15|sin_lut:lut_inst|altsyncram:rom_rtl_0|altsyncram_qm81:auto_generated|ram_block1a1~porta_address_reg0 ;
; 8.077  ; 10.000       ; 1.923          ; High Pulse Width ; ddfs:inst15|freq_divider_DDFS:f_div_inst|count[19] ; Rise       ; ddfs:inst15|sin_lut:lut_inst|altsyncram:rom_rtl_0|altsyncram_qm81:auto_generated|ram_block1a1~porta_address_reg1 ;
; 8.077  ; 10.000       ; 1.923          ; Low Pulse Width  ; ddfs:inst15|freq_divider_DDFS:f_div_inst|count[19] ; Rise       ; ddfs:inst15|sin_lut:lut_inst|altsyncram:rom_rtl_0|altsyncram_qm81:auto_generated|ram_block1a1~porta_address_reg1 ;
; 8.077  ; 10.000       ; 1.923          ; High Pulse Width ; ddfs:inst15|freq_divider_DDFS:f_div_inst|count[19] ; Rise       ; ddfs:inst15|sin_lut:lut_inst|altsyncram:rom_rtl_0|altsyncram_qm81:auto_generated|ram_block1a1~porta_address_reg2 ;
; 8.077  ; 10.000       ; 1.923          ; Low Pulse Width  ; ddfs:inst15|freq_divider_DDFS:f_div_inst|count[19] ; Rise       ; ddfs:inst15|sin_lut:lut_inst|altsyncram:rom_rtl_0|altsyncram_qm81:auto_generated|ram_block1a1~porta_address_reg2 ;
; 8.077  ; 10.000       ; 1.923          ; High Pulse Width ; ddfs:inst15|freq_divider_DDFS:f_div_inst|count[19] ; Rise       ; ddfs:inst15|sin_lut:lut_inst|altsyncram:rom_rtl_0|altsyncram_qm81:auto_generated|ram_block1a1~porta_address_reg3 ;
; 8.077  ; 10.000       ; 1.923          ; Low Pulse Width  ; ddfs:inst15|freq_divider_DDFS:f_div_inst|count[19] ; Rise       ; ddfs:inst15|sin_lut:lut_inst|altsyncram:rom_rtl_0|altsyncram_qm81:auto_generated|ram_block1a1~porta_address_reg3 ;
; 8.077  ; 10.000       ; 1.923          ; High Pulse Width ; ddfs:inst15|freq_divider_DDFS:f_div_inst|count[19] ; Rise       ; ddfs:inst15|sin_lut:lut_inst|altsyncram:rom_rtl_0|altsyncram_qm81:auto_generated|ram_block1a1~porta_address_reg4 ;
; 8.077  ; 10.000       ; 1.923          ; Low Pulse Width  ; ddfs:inst15|freq_divider_DDFS:f_div_inst|count[19] ; Rise       ; ddfs:inst15|sin_lut:lut_inst|altsyncram:rom_rtl_0|altsyncram_qm81:auto_generated|ram_block1a1~porta_address_reg4 ;
; 8.077  ; 10.000       ; 1.923          ; High Pulse Width ; ddfs:inst15|freq_divider_DDFS:f_div_inst|count[19] ; Rise       ; ddfs:inst15|sin_lut:lut_inst|altsyncram:rom_rtl_0|altsyncram_qm81:auto_generated|ram_block1a1~porta_address_reg5 ;
; 8.077  ; 10.000       ; 1.923          ; Low Pulse Width  ; ddfs:inst15|freq_divider_DDFS:f_div_inst|count[19] ; Rise       ; ddfs:inst15|sin_lut:lut_inst|altsyncram:rom_rtl_0|altsyncram_qm81:auto_generated|ram_block1a1~porta_address_reg5 ;
; 8.077  ; 10.000       ; 1.923          ; High Pulse Width ; ddfs:inst15|freq_divider_DDFS:f_div_inst|count[19] ; Rise       ; ddfs:inst15|sin_lut:lut_inst|altsyncram:rom_rtl_0|altsyncram_qm81:auto_generated|ram_block1a1~porta_address_reg6 ;
; 8.077  ; 10.000       ; 1.923          ; Low Pulse Width  ; ddfs:inst15|freq_divider_DDFS:f_div_inst|count[19] ; Rise       ; ddfs:inst15|sin_lut:lut_inst|altsyncram:rom_rtl_0|altsyncram_qm81:auto_generated|ram_block1a1~porta_address_reg6 ;
; 8.077  ; 10.000       ; 1.923          ; High Pulse Width ; ddfs:inst15|freq_divider_DDFS:f_div_inst|count[19] ; Rise       ; ddfs:inst15|sin_lut:lut_inst|altsyncram:rom_rtl_0|altsyncram_qm81:auto_generated|ram_block1a1~porta_address_reg7 ;
; 8.077  ; 10.000       ; 1.923          ; Low Pulse Width  ; ddfs:inst15|freq_divider_DDFS:f_div_inst|count[19] ; Rise       ; ddfs:inst15|sin_lut:lut_inst|altsyncram:rom_rtl_0|altsyncram_qm81:auto_generated|ram_block1a1~porta_address_reg7 ;
; 8.077  ; 10.000       ; 1.923          ; High Pulse Width ; ddfs:inst15|freq_divider_DDFS:f_div_inst|count[19] ; Rise       ; ddfs:inst15|sin_lut:lut_inst|altsyncram:rom_rtl_0|altsyncram_qm81:auto_generated|ram_block1a1~porta_address_reg8 ;
; 8.077  ; 10.000       ; 1.923          ; Low Pulse Width  ; ddfs:inst15|freq_divider_DDFS:f_div_inst|count[19] ; Rise       ; ddfs:inst15|sin_lut:lut_inst|altsyncram:rom_rtl_0|altsyncram_qm81:auto_generated|ram_block1a1~porta_address_reg8 ;
; 8.077  ; 10.000       ; 1.923          ; High Pulse Width ; ddfs:inst15|freq_divider_DDFS:f_div_inst|count[19] ; Rise       ; ddfs:inst15|sin_lut:lut_inst|altsyncram:rom_rtl_0|altsyncram_qm81:auto_generated|ram_block1a1~porta_address_reg9 ;
; 8.077  ; 10.000       ; 1.923          ; Low Pulse Width  ; ddfs:inst15|freq_divider_DDFS:f_div_inst|count[19] ; Rise       ; ddfs:inst15|sin_lut:lut_inst|altsyncram:rom_rtl_0|altsyncram_qm81:auto_generated|ram_block1a1~porta_address_reg9 ;
; 8.077  ; 10.000       ; 1.923          ; High Pulse Width ; ddfs:inst15|freq_divider_DDFS:f_div_inst|count[19] ; Rise       ; ddfs:inst15|sin_lut:lut_inst|altsyncram:rom_rtl_0|altsyncram_qm81:auto_generated|ram_block1a4~porta_address_reg0 ;
; 8.077  ; 10.000       ; 1.923          ; Low Pulse Width  ; ddfs:inst15|freq_divider_DDFS:f_div_inst|count[19] ; Rise       ; ddfs:inst15|sin_lut:lut_inst|altsyncram:rom_rtl_0|altsyncram_qm81:auto_generated|ram_block1a4~porta_address_reg0 ;
; 8.077  ; 10.000       ; 1.923          ; High Pulse Width ; ddfs:inst15|freq_divider_DDFS:f_div_inst|count[19] ; Rise       ; ddfs:inst15|sin_lut:lut_inst|altsyncram:rom_rtl_0|altsyncram_qm81:auto_generated|ram_block1a4~porta_address_reg1 ;
; 8.077  ; 10.000       ; 1.923          ; Low Pulse Width  ; ddfs:inst15|freq_divider_DDFS:f_div_inst|count[19] ; Rise       ; ddfs:inst15|sin_lut:lut_inst|altsyncram:rom_rtl_0|altsyncram_qm81:auto_generated|ram_block1a4~porta_address_reg1 ;
; 8.077  ; 10.000       ; 1.923          ; High Pulse Width ; ddfs:inst15|freq_divider_DDFS:f_div_inst|count[19] ; Rise       ; ddfs:inst15|sin_lut:lut_inst|altsyncram:rom_rtl_0|altsyncram_qm81:auto_generated|ram_block1a4~porta_address_reg2 ;
; 8.077  ; 10.000       ; 1.923          ; Low Pulse Width  ; ddfs:inst15|freq_divider_DDFS:f_div_inst|count[19] ; Rise       ; ddfs:inst15|sin_lut:lut_inst|altsyncram:rom_rtl_0|altsyncram_qm81:auto_generated|ram_block1a4~porta_address_reg2 ;
; 8.077  ; 10.000       ; 1.923          ; High Pulse Width ; ddfs:inst15|freq_divider_DDFS:f_div_inst|count[19] ; Rise       ; ddfs:inst15|sin_lut:lut_inst|altsyncram:rom_rtl_0|altsyncram_qm81:auto_generated|ram_block1a4~porta_address_reg3 ;
; 8.077  ; 10.000       ; 1.923          ; Low Pulse Width  ; ddfs:inst15|freq_divider_DDFS:f_div_inst|count[19] ; Rise       ; ddfs:inst15|sin_lut:lut_inst|altsyncram:rom_rtl_0|altsyncram_qm81:auto_generated|ram_block1a4~porta_address_reg3 ;
; 8.077  ; 10.000       ; 1.923          ; High Pulse Width ; ddfs:inst15|freq_divider_DDFS:f_div_inst|count[19] ; Rise       ; ddfs:inst15|sin_lut:lut_inst|altsyncram:rom_rtl_0|altsyncram_qm81:auto_generated|ram_block1a4~porta_address_reg4 ;
; 8.077  ; 10.000       ; 1.923          ; Low Pulse Width  ; ddfs:inst15|freq_divider_DDFS:f_div_inst|count[19] ; Rise       ; ddfs:inst15|sin_lut:lut_inst|altsyncram:rom_rtl_0|altsyncram_qm81:auto_generated|ram_block1a4~porta_address_reg4 ;
; 8.077  ; 10.000       ; 1.923          ; High Pulse Width ; ddfs:inst15|freq_divider_DDFS:f_div_inst|count[19] ; Rise       ; ddfs:inst15|sin_lut:lut_inst|altsyncram:rom_rtl_0|altsyncram_qm81:auto_generated|ram_block1a4~porta_address_reg5 ;
; 8.077  ; 10.000       ; 1.923          ; Low Pulse Width  ; ddfs:inst15|freq_divider_DDFS:f_div_inst|count[19] ; Rise       ; ddfs:inst15|sin_lut:lut_inst|altsyncram:rom_rtl_0|altsyncram_qm81:auto_generated|ram_block1a4~porta_address_reg5 ;
; 8.077  ; 10.000       ; 1.923          ; High Pulse Width ; ddfs:inst15|freq_divider_DDFS:f_div_inst|count[19] ; Rise       ; ddfs:inst15|sin_lut:lut_inst|altsyncram:rom_rtl_0|altsyncram_qm81:auto_generated|ram_block1a4~porta_address_reg6 ;
; 8.077  ; 10.000       ; 1.923          ; Low Pulse Width  ; ddfs:inst15|freq_divider_DDFS:f_div_inst|count[19] ; Rise       ; ddfs:inst15|sin_lut:lut_inst|altsyncram:rom_rtl_0|altsyncram_qm81:auto_generated|ram_block1a4~porta_address_reg6 ;
; 8.077  ; 10.000       ; 1.923          ; High Pulse Width ; ddfs:inst15|freq_divider_DDFS:f_div_inst|count[19] ; Rise       ; ddfs:inst15|sin_lut:lut_inst|altsyncram:rom_rtl_0|altsyncram_qm81:auto_generated|ram_block1a4~porta_address_reg7 ;
; 8.077  ; 10.000       ; 1.923          ; Low Pulse Width  ; ddfs:inst15|freq_divider_DDFS:f_div_inst|count[19] ; Rise       ; ddfs:inst15|sin_lut:lut_inst|altsyncram:rom_rtl_0|altsyncram_qm81:auto_generated|ram_block1a4~porta_address_reg7 ;
; 8.077  ; 10.000       ; 1.923          ; High Pulse Width ; ddfs:inst15|freq_divider_DDFS:f_div_inst|count[19] ; Rise       ; ddfs:inst15|sin_lut:lut_inst|altsyncram:rom_rtl_0|altsyncram_qm81:auto_generated|ram_block1a4~porta_address_reg8 ;
; 8.077  ; 10.000       ; 1.923          ; Low Pulse Width  ; ddfs:inst15|freq_divider_DDFS:f_div_inst|count[19] ; Rise       ; ddfs:inst15|sin_lut:lut_inst|altsyncram:rom_rtl_0|altsyncram_qm81:auto_generated|ram_block1a4~porta_address_reg8 ;
; 8.077  ; 10.000       ; 1.923          ; High Pulse Width ; ddfs:inst15|freq_divider_DDFS:f_div_inst|count[19] ; Rise       ; ddfs:inst15|sin_lut:lut_inst|altsyncram:rom_rtl_0|altsyncram_qm81:auto_generated|ram_block1a4~porta_address_reg9 ;
; 8.077  ; 10.000       ; 1.923          ; Low Pulse Width  ; ddfs:inst15|freq_divider_DDFS:f_div_inst|count[19] ; Rise       ; ddfs:inst15|sin_lut:lut_inst|altsyncram:rom_rtl_0|altsyncram_qm81:auto_generated|ram_block1a4~porta_address_reg9 ;
; 8.077  ; 10.000       ; 1.923          ; High Pulse Width ; ddfs:inst15|freq_divider_DDFS:f_div_inst|count[19] ; Rise       ; ddfs:inst15|sin_lut:lut_inst|altsyncram:rom_rtl_0|altsyncram_qm81:auto_generated|ram_block1a8~porta_address_reg0 ;
; 8.077  ; 10.000       ; 1.923          ; Low Pulse Width  ; ddfs:inst15|freq_divider_DDFS:f_div_inst|count[19] ; Rise       ; ddfs:inst15|sin_lut:lut_inst|altsyncram:rom_rtl_0|altsyncram_qm81:auto_generated|ram_block1a8~porta_address_reg0 ;
; 8.077  ; 10.000       ; 1.923          ; High Pulse Width ; ddfs:inst15|freq_divider_DDFS:f_div_inst|count[19] ; Rise       ; ddfs:inst15|sin_lut:lut_inst|altsyncram:rom_rtl_0|altsyncram_qm81:auto_generated|ram_block1a8~porta_address_reg1 ;
; 8.077  ; 10.000       ; 1.923          ; Low Pulse Width  ; ddfs:inst15|freq_divider_DDFS:f_div_inst|count[19] ; Rise       ; ddfs:inst15|sin_lut:lut_inst|altsyncram:rom_rtl_0|altsyncram_qm81:auto_generated|ram_block1a8~porta_address_reg1 ;
; 8.077  ; 10.000       ; 1.923          ; High Pulse Width ; ddfs:inst15|freq_divider_DDFS:f_div_inst|count[19] ; Rise       ; ddfs:inst15|sin_lut:lut_inst|altsyncram:rom_rtl_0|altsyncram_qm81:auto_generated|ram_block1a8~porta_address_reg2 ;
; 8.077  ; 10.000       ; 1.923          ; Low Pulse Width  ; ddfs:inst15|freq_divider_DDFS:f_div_inst|count[19] ; Rise       ; ddfs:inst15|sin_lut:lut_inst|altsyncram:rom_rtl_0|altsyncram_qm81:auto_generated|ram_block1a8~porta_address_reg2 ;
; 8.077  ; 10.000       ; 1.923          ; High Pulse Width ; ddfs:inst15|freq_divider_DDFS:f_div_inst|count[19] ; Rise       ; ddfs:inst15|sin_lut:lut_inst|altsyncram:rom_rtl_0|altsyncram_qm81:auto_generated|ram_block1a8~porta_address_reg3 ;
; 8.077  ; 10.000       ; 1.923          ; Low Pulse Width  ; ddfs:inst15|freq_divider_DDFS:f_div_inst|count[19] ; Rise       ; ddfs:inst15|sin_lut:lut_inst|altsyncram:rom_rtl_0|altsyncram_qm81:auto_generated|ram_block1a8~porta_address_reg3 ;
; 8.077  ; 10.000       ; 1.923          ; High Pulse Width ; ddfs:inst15|freq_divider_DDFS:f_div_inst|count[19] ; Rise       ; ddfs:inst15|sin_lut:lut_inst|altsyncram:rom_rtl_0|altsyncram_qm81:auto_generated|ram_block1a8~porta_address_reg4 ;
; 8.077  ; 10.000       ; 1.923          ; Low Pulse Width  ; ddfs:inst15|freq_divider_DDFS:f_div_inst|count[19] ; Rise       ; ddfs:inst15|sin_lut:lut_inst|altsyncram:rom_rtl_0|altsyncram_qm81:auto_generated|ram_block1a8~porta_address_reg4 ;
; 8.077  ; 10.000       ; 1.923          ; High Pulse Width ; ddfs:inst15|freq_divider_DDFS:f_div_inst|count[19] ; Rise       ; ddfs:inst15|sin_lut:lut_inst|altsyncram:rom_rtl_0|altsyncram_qm81:auto_generated|ram_block1a8~porta_address_reg5 ;
; 8.077  ; 10.000       ; 1.923          ; Low Pulse Width  ; ddfs:inst15|freq_divider_DDFS:f_div_inst|count[19] ; Rise       ; ddfs:inst15|sin_lut:lut_inst|altsyncram:rom_rtl_0|altsyncram_qm81:auto_generated|ram_block1a8~porta_address_reg5 ;
; 8.077  ; 10.000       ; 1.923          ; High Pulse Width ; ddfs:inst15|freq_divider_DDFS:f_div_inst|count[19] ; Rise       ; ddfs:inst15|sin_lut:lut_inst|altsyncram:rom_rtl_0|altsyncram_qm81:auto_generated|ram_block1a8~porta_address_reg6 ;
; 8.077  ; 10.000       ; 1.923          ; Low Pulse Width  ; ddfs:inst15|freq_divider_DDFS:f_div_inst|count[19] ; Rise       ; ddfs:inst15|sin_lut:lut_inst|altsyncram:rom_rtl_0|altsyncram_qm81:auto_generated|ram_block1a8~porta_address_reg6 ;
; 8.077  ; 10.000       ; 1.923          ; High Pulse Width ; ddfs:inst15|freq_divider_DDFS:f_div_inst|count[19] ; Rise       ; ddfs:inst15|sin_lut:lut_inst|altsyncram:rom_rtl_0|altsyncram_qm81:auto_generated|ram_block1a8~porta_address_reg7 ;
; 8.077  ; 10.000       ; 1.923          ; Low Pulse Width  ; ddfs:inst15|freq_divider_DDFS:f_div_inst|count[19] ; Rise       ; ddfs:inst15|sin_lut:lut_inst|altsyncram:rom_rtl_0|altsyncram_qm81:auto_generated|ram_block1a8~porta_address_reg7 ;
; 8.077  ; 10.000       ; 1.923          ; High Pulse Width ; ddfs:inst15|freq_divider_DDFS:f_div_inst|count[19] ; Rise       ; ddfs:inst15|sin_lut:lut_inst|altsyncram:rom_rtl_0|altsyncram_qm81:auto_generated|ram_block1a8~porta_address_reg8 ;
; 8.077  ; 10.000       ; 1.923          ; Low Pulse Width  ; ddfs:inst15|freq_divider_DDFS:f_div_inst|count[19] ; Rise       ; ddfs:inst15|sin_lut:lut_inst|altsyncram:rom_rtl_0|altsyncram_qm81:auto_generated|ram_block1a8~porta_address_reg8 ;
; 8.077  ; 10.000       ; 1.923          ; High Pulse Width ; ddfs:inst15|freq_divider_DDFS:f_div_inst|count[19] ; Rise       ; ddfs:inst15|sin_lut:lut_inst|altsyncram:rom_rtl_0|altsyncram_qm81:auto_generated|ram_block1a8~porta_address_reg9 ;
; 8.077  ; 10.000       ; 1.923          ; Low Pulse Width  ; ddfs:inst15|freq_divider_DDFS:f_div_inst|count[19] ; Rise       ; ddfs:inst15|sin_lut:lut_inst|altsyncram:rom_rtl_0|altsyncram_qm81:auto_generated|ram_block1a8~porta_address_reg9 ;
; 9.000  ; 10.000       ; 1.000          ; High Pulse Width ; ddfs:inst15|freq_divider_DDFS:f_div_inst|count[19] ; Rise       ; ddfs:inst15|cont[0]                                                                                              ;
; 9.000  ; 10.000       ; 1.000          ; Low Pulse Width  ; ddfs:inst15|freq_divider_DDFS:f_div_inst|count[19] ; Rise       ; ddfs:inst15|cont[0]                                                                                              ;
; 9.000  ; 10.000       ; 1.000          ; High Pulse Width ; ddfs:inst15|freq_divider_DDFS:f_div_inst|count[19] ; Rise       ; ddfs:inst15|cont[10]                                                                                             ;
; 9.000  ; 10.000       ; 1.000          ; Low Pulse Width  ; ddfs:inst15|freq_divider_DDFS:f_div_inst|count[19] ; Rise       ; ddfs:inst15|cont[10]                                                                                             ;
; 9.000  ; 10.000       ; 1.000          ; High Pulse Width ; ddfs:inst15|freq_divider_DDFS:f_div_inst|count[19] ; Rise       ; ddfs:inst15|cont[11]                                                                                             ;
; 9.000  ; 10.000       ; 1.000          ; Low Pulse Width  ; ddfs:inst15|freq_divider_DDFS:f_div_inst|count[19] ; Rise       ; ddfs:inst15|cont[11]                                                                                             ;
; 9.000  ; 10.000       ; 1.000          ; High Pulse Width ; ddfs:inst15|freq_divider_DDFS:f_div_inst|count[19] ; Rise       ; ddfs:inst15|cont[1]                                                                                              ;
; 9.000  ; 10.000       ; 1.000          ; Low Pulse Width  ; ddfs:inst15|freq_divider_DDFS:f_div_inst|count[19] ; Rise       ; ddfs:inst15|cont[1]                                                                                              ;
; 9.000  ; 10.000       ; 1.000          ; High Pulse Width ; ddfs:inst15|freq_divider_DDFS:f_div_inst|count[19] ; Rise       ; ddfs:inst15|cont[2]                                                                                              ;
; 9.000  ; 10.000       ; 1.000          ; Low Pulse Width  ; ddfs:inst15|freq_divider_DDFS:f_div_inst|count[19] ; Rise       ; ddfs:inst15|cont[2]                                                                                              ;
; 9.000  ; 10.000       ; 1.000          ; High Pulse Width ; ddfs:inst15|freq_divider_DDFS:f_div_inst|count[19] ; Rise       ; ddfs:inst15|cont[3]                                                                                              ;
; 9.000  ; 10.000       ; 1.000          ; Low Pulse Width  ; ddfs:inst15|freq_divider_DDFS:f_div_inst|count[19] ; Rise       ; ddfs:inst15|cont[3]                                                                                              ;
; 9.000  ; 10.000       ; 1.000          ; High Pulse Width ; ddfs:inst15|freq_divider_DDFS:f_div_inst|count[19] ; Rise       ; ddfs:inst15|cont[4]                                                                                              ;
; 9.000  ; 10.000       ; 1.000          ; Low Pulse Width  ; ddfs:inst15|freq_divider_DDFS:f_div_inst|count[19] ; Rise       ; ddfs:inst15|cont[4]                                                                                              ;
; 9.000  ; 10.000       ; 1.000          ; High Pulse Width ; ddfs:inst15|freq_divider_DDFS:f_div_inst|count[19] ; Rise       ; ddfs:inst15|cont[5]                                                                                              ;
; 9.000  ; 10.000       ; 1.000          ; Low Pulse Width  ; ddfs:inst15|freq_divider_DDFS:f_div_inst|count[19] ; Rise       ; ddfs:inst15|cont[5]                                                                                              ;
; 9.000  ; 10.000       ; 1.000          ; High Pulse Width ; ddfs:inst15|freq_divider_DDFS:f_div_inst|count[19] ; Rise       ; ddfs:inst15|cont[6]                                                                                              ;
; 9.000  ; 10.000       ; 1.000          ; Low Pulse Width  ; ddfs:inst15|freq_divider_DDFS:f_div_inst|count[19] ; Rise       ; ddfs:inst15|cont[6]                                                                                              ;
; 9.000  ; 10.000       ; 1.000          ; High Pulse Width ; ddfs:inst15|freq_divider_DDFS:f_div_inst|count[19] ; Rise       ; ddfs:inst15|cont[7]                                                                                              ;
; 9.000  ; 10.000       ; 1.000          ; Low Pulse Width  ; ddfs:inst15|freq_divider_DDFS:f_div_inst|count[19] ; Rise       ; ddfs:inst15|cont[7]                                                                                              ;
; 9.000  ; 10.000       ; 1.000          ; High Pulse Width ; ddfs:inst15|freq_divider_DDFS:f_div_inst|count[19] ; Rise       ; ddfs:inst15|cont[8]                                                                                              ;
; 9.000  ; 10.000       ; 1.000          ; Low Pulse Width  ; ddfs:inst15|freq_divider_DDFS:f_div_inst|count[19] ; Rise       ; ddfs:inst15|cont[8]                                                                                              ;
; 9.000  ; 10.000       ; 1.000          ; High Pulse Width ; ddfs:inst15|freq_divider_DDFS:f_div_inst|count[19] ; Rise       ; ddfs:inst15|cont[9]                                                                                              ;
; 9.000  ; 10.000       ; 1.000          ; Low Pulse Width  ; ddfs:inst15|freq_divider_DDFS:f_div_inst|count[19] ; Rise       ; ddfs:inst15|cont[9]                                                                                              ;
; 9.000  ; 10.000       ; 1.000          ; High Pulse Width ; ddfs:inst15|freq_divider_DDFS:f_div_inst|count[19] ; Rise       ; ddfs:inst15|cont_rt[10]                                                                                          ;
; 9.000  ; 10.000       ; 1.000          ; Low Pulse Width  ; ddfs:inst15|freq_divider_DDFS:f_div_inst|count[19] ; Rise       ; ddfs:inst15|cont_rt[10]                                                                                          ;
; 9.000  ; 10.000       ; 1.000          ; High Pulse Width ; ddfs:inst15|freq_divider_DDFS:f_div_inst|count[19] ; Rise       ; ddfs:inst15|cont_rt[11]                                                                                          ;
; 9.000  ; 10.000       ; 1.000          ; Low Pulse Width  ; ddfs:inst15|freq_divider_DDFS:f_div_inst|count[19] ; Rise       ; ddfs:inst15|cont_rt[11]                                                                                          ;
; 10.000 ; 10.000       ; 0.000          ; High Pulse Width ; ddfs:inst15|freq_divider_DDFS:f_div_inst|count[19] ; Rise       ; inst15|cont[0]|clk                                                                                               ;
; 10.000 ; 10.000       ; 0.000          ; Low Pulse Width  ; ddfs:inst15|freq_divider_DDFS:f_div_inst|count[19] ; Rise       ; inst15|cont[0]|clk                                                                                               ;
; 10.000 ; 10.000       ; 0.000          ; High Pulse Width ; ddfs:inst15|freq_divider_DDFS:f_div_inst|count[19] ; Rise       ; inst15|cont[10]|clk                                                                                              ;
; 10.000 ; 10.000       ; 0.000          ; Low Pulse Width  ; ddfs:inst15|freq_divider_DDFS:f_div_inst|count[19] ; Rise       ; inst15|cont[10]|clk                                                                                              ;
; 10.000 ; 10.000       ; 0.000          ; High Pulse Width ; ddfs:inst15|freq_divider_DDFS:f_div_inst|count[19] ; Rise       ; inst15|cont[11]|clk                                                                                              ;
; 10.000 ; 10.000       ; 0.000          ; Low Pulse Width  ; ddfs:inst15|freq_divider_DDFS:f_div_inst|count[19] ; Rise       ; inst15|cont[11]|clk                                                                                              ;
; 10.000 ; 10.000       ; 0.000          ; High Pulse Width ; ddfs:inst15|freq_divider_DDFS:f_div_inst|count[19] ; Rise       ; inst15|cont[1]|clk                                                                                               ;
; 10.000 ; 10.000       ; 0.000          ; Low Pulse Width  ; ddfs:inst15|freq_divider_DDFS:f_div_inst|count[19] ; Rise       ; inst15|cont[1]|clk                                                                                               ;
; 10.000 ; 10.000       ; 0.000          ; High Pulse Width ; ddfs:inst15|freq_divider_DDFS:f_div_inst|count[19] ; Rise       ; inst15|cont[2]|clk                                                                                               ;
; 10.000 ; 10.000       ; 0.000          ; Low Pulse Width  ; ddfs:inst15|freq_divider_DDFS:f_div_inst|count[19] ; Rise       ; inst15|cont[2]|clk                                                                                               ;
; 10.000 ; 10.000       ; 0.000          ; High Pulse Width ; ddfs:inst15|freq_divider_DDFS:f_div_inst|count[19] ; Rise       ; inst15|cont[3]|clk                                                                                               ;
; 10.000 ; 10.000       ; 0.000          ; Low Pulse Width  ; ddfs:inst15|freq_divider_DDFS:f_div_inst|count[19] ; Rise       ; inst15|cont[3]|clk                                                                                               ;
+--------+--------------+----------------+------------------+----------------------------------------------------+------------+------------------------------------------------------------------------------------------------------------------+


+------------------------------------------------------------------------------------------------------------------------------------------------------------------------------------------+
; Fast Model Minimum Pulse Width: 'keypad_freq_sel_module:inst1|freq_divider_keypad_module:freq_div|q'                                                                                     ;
+-------+--------------+----------------+------------------+--------------------------------------------------------------------+------------+---------------------------------------------+
; Slack ; Actual Width ; Required Width ; Type             ; Clock                                                              ; Clock Edge ; Target                                      ;
+-------+--------------+----------------+------------------+--------------------------------------------------------------------+------------+---------------------------------------------+
; 9.000 ; 10.000       ; 1.000          ; High Pulse Width ; keypad_freq_sel_module:inst1|freq_divider_keypad_module:freq_div|q ; Rise       ; keypad_freq_sel_module:inst1|BCD_1[0]       ;
; 9.000 ; 10.000       ; 1.000          ; Low Pulse Width  ; keypad_freq_sel_module:inst1|freq_divider_keypad_module:freq_div|q ; Rise       ; keypad_freq_sel_module:inst1|BCD_1[0]       ;
; 9.000 ; 10.000       ; 1.000          ; High Pulse Width ; keypad_freq_sel_module:inst1|freq_divider_keypad_module:freq_div|q ; Rise       ; keypad_freq_sel_module:inst1|BCD_1[1]       ;
; 9.000 ; 10.000       ; 1.000          ; Low Pulse Width  ; keypad_freq_sel_module:inst1|freq_divider_keypad_module:freq_div|q ; Rise       ; keypad_freq_sel_module:inst1|BCD_1[1]       ;
; 9.000 ; 10.000       ; 1.000          ; High Pulse Width ; keypad_freq_sel_module:inst1|freq_divider_keypad_module:freq_div|q ; Rise       ; keypad_freq_sel_module:inst1|BCD_1[2]       ;
; 9.000 ; 10.000       ; 1.000          ; Low Pulse Width  ; keypad_freq_sel_module:inst1|freq_divider_keypad_module:freq_div|q ; Rise       ; keypad_freq_sel_module:inst1|BCD_1[2]       ;
; 9.000 ; 10.000       ; 1.000          ; High Pulse Width ; keypad_freq_sel_module:inst1|freq_divider_keypad_module:freq_div|q ; Rise       ; keypad_freq_sel_module:inst1|BCD_1[3]       ;
; 9.000 ; 10.000       ; 1.000          ; Low Pulse Width  ; keypad_freq_sel_module:inst1|freq_divider_keypad_module:freq_div|q ; Rise       ; keypad_freq_sel_module:inst1|BCD_1[3]       ;
; 9.000 ; 10.000       ; 1.000          ; High Pulse Width ; keypad_freq_sel_module:inst1|freq_divider_keypad_module:freq_div|q ; Rise       ; keypad_freq_sel_module:inst1|BCD_2[0]       ;
; 9.000 ; 10.000       ; 1.000          ; Low Pulse Width  ; keypad_freq_sel_module:inst1|freq_divider_keypad_module:freq_div|q ; Rise       ; keypad_freq_sel_module:inst1|BCD_2[0]       ;
; 9.000 ; 10.000       ; 1.000          ; High Pulse Width ; keypad_freq_sel_module:inst1|freq_divider_keypad_module:freq_div|q ; Rise       ; keypad_freq_sel_module:inst1|BCD_2[1]       ;
; 9.000 ; 10.000       ; 1.000          ; Low Pulse Width  ; keypad_freq_sel_module:inst1|freq_divider_keypad_module:freq_div|q ; Rise       ; keypad_freq_sel_module:inst1|BCD_2[1]       ;
; 9.000 ; 10.000       ; 1.000          ; High Pulse Width ; keypad_freq_sel_module:inst1|freq_divider_keypad_module:freq_div|q ; Rise       ; keypad_freq_sel_module:inst1|BCD_2[2]       ;
; 9.000 ; 10.000       ; 1.000          ; Low Pulse Width  ; keypad_freq_sel_module:inst1|freq_divider_keypad_module:freq_div|q ; Rise       ; keypad_freq_sel_module:inst1|BCD_2[2]       ;
; 9.000 ; 10.000       ; 1.000          ; High Pulse Width ; keypad_freq_sel_module:inst1|freq_divider_keypad_module:freq_div|q ; Rise       ; keypad_freq_sel_module:inst1|BCD_2[3]       ;
; 9.000 ; 10.000       ; 1.000          ; Low Pulse Width  ; keypad_freq_sel_module:inst1|freq_divider_keypad_module:freq_div|q ; Rise       ; keypad_freq_sel_module:inst1|BCD_2[3]       ;
; 9.000 ; 10.000       ; 1.000          ; High Pulse Width ; keypad_freq_sel_module:inst1|freq_divider_keypad_module:freq_div|q ; Rise       ; keypad_freq_sel_module:inst1|BCD_3[0]       ;
; 9.000 ; 10.000       ; 1.000          ; Low Pulse Width  ; keypad_freq_sel_module:inst1|freq_divider_keypad_module:freq_div|q ; Rise       ; keypad_freq_sel_module:inst1|BCD_3[0]       ;
; 9.000 ; 10.000       ; 1.000          ; High Pulse Width ; keypad_freq_sel_module:inst1|freq_divider_keypad_module:freq_div|q ; Rise       ; keypad_freq_sel_module:inst1|BCD_3[1]       ;
; 9.000 ; 10.000       ; 1.000          ; Low Pulse Width  ; keypad_freq_sel_module:inst1|freq_divider_keypad_module:freq_div|q ; Rise       ; keypad_freq_sel_module:inst1|BCD_3[1]       ;
; 9.000 ; 10.000       ; 1.000          ; High Pulse Width ; keypad_freq_sel_module:inst1|freq_divider_keypad_module:freq_div|q ; Rise       ; keypad_freq_sel_module:inst1|BCD_3[2]       ;
; 9.000 ; 10.000       ; 1.000          ; Low Pulse Width  ; keypad_freq_sel_module:inst1|freq_divider_keypad_module:freq_div|q ; Rise       ; keypad_freq_sel_module:inst1|BCD_3[2]       ;
; 9.000 ; 10.000       ; 1.000          ; High Pulse Width ; keypad_freq_sel_module:inst1|freq_divider_keypad_module:freq_div|q ; Rise       ; keypad_freq_sel_module:inst1|BCD_3[3]       ;
; 9.000 ; 10.000       ; 1.000          ; Low Pulse Width  ; keypad_freq_sel_module:inst1|freq_divider_keypad_module:freq_div|q ; Rise       ; keypad_freq_sel_module:inst1|BCD_3[3]       ;
; 9.000 ; 10.000       ; 1.000          ; High Pulse Width ; keypad_freq_sel_module:inst1|freq_divider_keypad_module:freq_div|q ; Rise       ; keypad_freq_sel_module:inst1|BCD_4[0]       ;
; 9.000 ; 10.000       ; 1.000          ; Low Pulse Width  ; keypad_freq_sel_module:inst1|freq_divider_keypad_module:freq_div|q ; Rise       ; keypad_freq_sel_module:inst1|BCD_4[0]       ;
; 9.000 ; 10.000       ; 1.000          ; High Pulse Width ; keypad_freq_sel_module:inst1|freq_divider_keypad_module:freq_div|q ; Rise       ; keypad_freq_sel_module:inst1|BCD_4[1]       ;
; 9.000 ; 10.000       ; 1.000          ; Low Pulse Width  ; keypad_freq_sel_module:inst1|freq_divider_keypad_module:freq_div|q ; Rise       ; keypad_freq_sel_module:inst1|BCD_4[1]       ;
; 9.000 ; 10.000       ; 1.000          ; High Pulse Width ; keypad_freq_sel_module:inst1|freq_divider_keypad_module:freq_div|q ; Rise       ; keypad_freq_sel_module:inst1|BCD_4[2]       ;
; 9.000 ; 10.000       ; 1.000          ; Low Pulse Width  ; keypad_freq_sel_module:inst1|freq_divider_keypad_module:freq_div|q ; Rise       ; keypad_freq_sel_module:inst1|BCD_4[2]       ;
; 9.000 ; 10.000       ; 1.000          ; High Pulse Width ; keypad_freq_sel_module:inst1|freq_divider_keypad_module:freq_div|q ; Rise       ; keypad_freq_sel_module:inst1|BCD_4[3]       ;
; 9.000 ; 10.000       ; 1.000          ; Low Pulse Width  ; keypad_freq_sel_module:inst1|freq_divider_keypad_module:freq_div|q ; Rise       ; keypad_freq_sel_module:inst1|BCD_4[3]       ;
; 9.000 ; 10.000       ; 1.000          ; High Pulse Width ; keypad_freq_sel_module:inst1|freq_divider_keypad_module:freq_div|q ; Rise       ; keypad_freq_sel_module:inst1|BCD_5[0]       ;
; 9.000 ; 10.000       ; 1.000          ; Low Pulse Width  ; keypad_freq_sel_module:inst1|freq_divider_keypad_module:freq_div|q ; Rise       ; keypad_freq_sel_module:inst1|BCD_5[0]       ;
; 9.000 ; 10.000       ; 1.000          ; High Pulse Width ; keypad_freq_sel_module:inst1|freq_divider_keypad_module:freq_div|q ; Rise       ; keypad_freq_sel_module:inst1|BCD_5[1]       ;
; 9.000 ; 10.000       ; 1.000          ; Low Pulse Width  ; keypad_freq_sel_module:inst1|freq_divider_keypad_module:freq_div|q ; Rise       ; keypad_freq_sel_module:inst1|BCD_5[1]       ;
; 9.000 ; 10.000       ; 1.000          ; High Pulse Width ; keypad_freq_sel_module:inst1|freq_divider_keypad_module:freq_div|q ; Rise       ; keypad_freq_sel_module:inst1|BCD_5[2]       ;
; 9.000 ; 10.000       ; 1.000          ; Low Pulse Width  ; keypad_freq_sel_module:inst1|freq_divider_keypad_module:freq_div|q ; Rise       ; keypad_freq_sel_module:inst1|BCD_5[2]       ;
; 9.000 ; 10.000       ; 1.000          ; High Pulse Width ; keypad_freq_sel_module:inst1|freq_divider_keypad_module:freq_div|q ; Rise       ; keypad_freq_sel_module:inst1|BCD_5[3]       ;
; 9.000 ; 10.000       ; 1.000          ; Low Pulse Width  ; keypad_freq_sel_module:inst1|freq_divider_keypad_module:freq_div|q ; Rise       ; keypad_freq_sel_module:inst1|BCD_5[3]       ;
; 9.000 ; 10.000       ; 1.000          ; High Pulse Width ; keypad_freq_sel_module:inst1|freq_divider_keypad_module:freq_div|q ; Rise       ; keypad_freq_sel_module:inst1|BCD_6[0]       ;
; 9.000 ; 10.000       ; 1.000          ; Low Pulse Width  ; keypad_freq_sel_module:inst1|freq_divider_keypad_module:freq_div|q ; Rise       ; keypad_freq_sel_module:inst1|BCD_6[0]       ;
; 9.000 ; 10.000       ; 1.000          ; High Pulse Width ; keypad_freq_sel_module:inst1|freq_divider_keypad_module:freq_div|q ; Rise       ; keypad_freq_sel_module:inst1|BCD_6[1]       ;
; 9.000 ; 10.000       ; 1.000          ; Low Pulse Width  ; keypad_freq_sel_module:inst1|freq_divider_keypad_module:freq_div|q ; Rise       ; keypad_freq_sel_module:inst1|BCD_6[1]       ;
; 9.000 ; 10.000       ; 1.000          ; High Pulse Width ; keypad_freq_sel_module:inst1|freq_divider_keypad_module:freq_div|q ; Rise       ; keypad_freq_sel_module:inst1|BCD_6[2]       ;
; 9.000 ; 10.000       ; 1.000          ; Low Pulse Width  ; keypad_freq_sel_module:inst1|freq_divider_keypad_module:freq_div|q ; Rise       ; keypad_freq_sel_module:inst1|BCD_6[2]       ;
; 9.000 ; 10.000       ; 1.000          ; High Pulse Width ; keypad_freq_sel_module:inst1|freq_divider_keypad_module:freq_div|q ; Rise       ; keypad_freq_sel_module:inst1|BCD_6[3]       ;
; 9.000 ; 10.000       ; 1.000          ; Low Pulse Width  ; keypad_freq_sel_module:inst1|freq_divider_keypad_module:freq_div|q ; Rise       ; keypad_freq_sel_module:inst1|BCD_6[3]       ;
; 9.000 ; 10.000       ; 1.000          ; High Pulse Width ; keypad_freq_sel_module:inst1|freq_divider_keypad_module:freq_div|q ; Rise       ; keypad_freq_sel_module:inst1|BCD_7[0]       ;
; 9.000 ; 10.000       ; 1.000          ; Low Pulse Width  ; keypad_freq_sel_module:inst1|freq_divider_keypad_module:freq_div|q ; Rise       ; keypad_freq_sel_module:inst1|BCD_7[0]       ;
; 9.000 ; 10.000       ; 1.000          ; High Pulse Width ; keypad_freq_sel_module:inst1|freq_divider_keypad_module:freq_div|q ; Rise       ; keypad_freq_sel_module:inst1|BCD_7[1]       ;
; 9.000 ; 10.000       ; 1.000          ; Low Pulse Width  ; keypad_freq_sel_module:inst1|freq_divider_keypad_module:freq_div|q ; Rise       ; keypad_freq_sel_module:inst1|BCD_7[1]       ;
; 9.000 ; 10.000       ; 1.000          ; High Pulse Width ; keypad_freq_sel_module:inst1|freq_divider_keypad_module:freq_div|q ; Rise       ; keypad_freq_sel_module:inst1|BCD_7[2]       ;
; 9.000 ; 10.000       ; 1.000          ; Low Pulse Width  ; keypad_freq_sel_module:inst1|freq_divider_keypad_module:freq_div|q ; Rise       ; keypad_freq_sel_module:inst1|BCD_7[2]       ;
; 9.000 ; 10.000       ; 1.000          ; High Pulse Width ; keypad_freq_sel_module:inst1|freq_divider_keypad_module:freq_div|q ; Rise       ; keypad_freq_sel_module:inst1|BCD_7[3]       ;
; 9.000 ; 10.000       ; 1.000          ; Low Pulse Width  ; keypad_freq_sel_module:inst1|freq_divider_keypad_module:freq_div|q ; Rise       ; keypad_freq_sel_module:inst1|BCD_7[3]       ;
; 9.000 ; 10.000       ; 1.000          ; High Pulse Width ; keypad_freq_sel_module:inst1|freq_divider_keypad_module:freq_div|q ; Rise       ; keypad_freq_sel_module:inst1|button_pressed ;
; 9.000 ; 10.000       ; 1.000          ; Low Pulse Width  ; keypad_freq_sel_module:inst1|freq_divider_keypad_module:freq_div|q ; Rise       ; keypad_freq_sel_module:inst1|button_pressed ;
; 9.000 ; 10.000       ; 1.000          ; High Pulse Width ; keypad_freq_sel_module:inst1|freq_divider_keypad_module:freq_div|q ; Rise       ; keypad_freq_sel_module:inst1|cont[0]        ;
; 9.000 ; 10.000       ; 1.000          ; Low Pulse Width  ; keypad_freq_sel_module:inst1|freq_divider_keypad_module:freq_div|q ; Rise       ; keypad_freq_sel_module:inst1|cont[0]        ;
; 9.000 ; 10.000       ; 1.000          ; High Pulse Width ; keypad_freq_sel_module:inst1|freq_divider_keypad_module:freq_div|q ; Rise       ; keypad_freq_sel_module:inst1|cont[10]       ;
; 9.000 ; 10.000       ; 1.000          ; Low Pulse Width  ; keypad_freq_sel_module:inst1|freq_divider_keypad_module:freq_div|q ; Rise       ; keypad_freq_sel_module:inst1|cont[10]       ;
; 9.000 ; 10.000       ; 1.000          ; High Pulse Width ; keypad_freq_sel_module:inst1|freq_divider_keypad_module:freq_div|q ; Rise       ; keypad_freq_sel_module:inst1|cont[11]       ;
; 9.000 ; 10.000       ; 1.000          ; Low Pulse Width  ; keypad_freq_sel_module:inst1|freq_divider_keypad_module:freq_div|q ; Rise       ; keypad_freq_sel_module:inst1|cont[11]       ;
; 9.000 ; 10.000       ; 1.000          ; High Pulse Width ; keypad_freq_sel_module:inst1|freq_divider_keypad_module:freq_div|q ; Rise       ; keypad_freq_sel_module:inst1|cont[12]       ;
; 9.000 ; 10.000       ; 1.000          ; Low Pulse Width  ; keypad_freq_sel_module:inst1|freq_divider_keypad_module:freq_div|q ; Rise       ; keypad_freq_sel_module:inst1|cont[12]       ;
; 9.000 ; 10.000       ; 1.000          ; High Pulse Width ; keypad_freq_sel_module:inst1|freq_divider_keypad_module:freq_div|q ; Rise       ; keypad_freq_sel_module:inst1|cont[13]       ;
; 9.000 ; 10.000       ; 1.000          ; Low Pulse Width  ; keypad_freq_sel_module:inst1|freq_divider_keypad_module:freq_div|q ; Rise       ; keypad_freq_sel_module:inst1|cont[13]       ;
; 9.000 ; 10.000       ; 1.000          ; High Pulse Width ; keypad_freq_sel_module:inst1|freq_divider_keypad_module:freq_div|q ; Rise       ; keypad_freq_sel_module:inst1|cont[14]       ;
; 9.000 ; 10.000       ; 1.000          ; Low Pulse Width  ; keypad_freq_sel_module:inst1|freq_divider_keypad_module:freq_div|q ; Rise       ; keypad_freq_sel_module:inst1|cont[14]       ;
; 9.000 ; 10.000       ; 1.000          ; High Pulse Width ; keypad_freq_sel_module:inst1|freq_divider_keypad_module:freq_div|q ; Rise       ; keypad_freq_sel_module:inst1|cont[15]       ;
; 9.000 ; 10.000       ; 1.000          ; Low Pulse Width  ; keypad_freq_sel_module:inst1|freq_divider_keypad_module:freq_div|q ; Rise       ; keypad_freq_sel_module:inst1|cont[15]       ;
; 9.000 ; 10.000       ; 1.000          ; High Pulse Width ; keypad_freq_sel_module:inst1|freq_divider_keypad_module:freq_div|q ; Rise       ; keypad_freq_sel_module:inst1|cont[16]       ;
; 9.000 ; 10.000       ; 1.000          ; Low Pulse Width  ; keypad_freq_sel_module:inst1|freq_divider_keypad_module:freq_div|q ; Rise       ; keypad_freq_sel_module:inst1|cont[16]       ;
; 9.000 ; 10.000       ; 1.000          ; High Pulse Width ; keypad_freq_sel_module:inst1|freq_divider_keypad_module:freq_div|q ; Rise       ; keypad_freq_sel_module:inst1|cont[17]       ;
; 9.000 ; 10.000       ; 1.000          ; Low Pulse Width  ; keypad_freq_sel_module:inst1|freq_divider_keypad_module:freq_div|q ; Rise       ; keypad_freq_sel_module:inst1|cont[17]       ;
; 9.000 ; 10.000       ; 1.000          ; High Pulse Width ; keypad_freq_sel_module:inst1|freq_divider_keypad_module:freq_div|q ; Rise       ; keypad_freq_sel_module:inst1|cont[18]       ;
; 9.000 ; 10.000       ; 1.000          ; Low Pulse Width  ; keypad_freq_sel_module:inst1|freq_divider_keypad_module:freq_div|q ; Rise       ; keypad_freq_sel_module:inst1|cont[18]       ;
; 9.000 ; 10.000       ; 1.000          ; High Pulse Width ; keypad_freq_sel_module:inst1|freq_divider_keypad_module:freq_div|q ; Rise       ; keypad_freq_sel_module:inst1|cont[19]       ;
; 9.000 ; 10.000       ; 1.000          ; Low Pulse Width  ; keypad_freq_sel_module:inst1|freq_divider_keypad_module:freq_div|q ; Rise       ; keypad_freq_sel_module:inst1|cont[19]       ;
; 9.000 ; 10.000       ; 1.000          ; High Pulse Width ; keypad_freq_sel_module:inst1|freq_divider_keypad_module:freq_div|q ; Rise       ; keypad_freq_sel_module:inst1|cont[1]        ;
; 9.000 ; 10.000       ; 1.000          ; Low Pulse Width  ; keypad_freq_sel_module:inst1|freq_divider_keypad_module:freq_div|q ; Rise       ; keypad_freq_sel_module:inst1|cont[1]        ;
; 9.000 ; 10.000       ; 1.000          ; High Pulse Width ; keypad_freq_sel_module:inst1|freq_divider_keypad_module:freq_div|q ; Rise       ; keypad_freq_sel_module:inst1|cont[20]       ;
; 9.000 ; 10.000       ; 1.000          ; Low Pulse Width  ; keypad_freq_sel_module:inst1|freq_divider_keypad_module:freq_div|q ; Rise       ; keypad_freq_sel_module:inst1|cont[20]       ;
; 9.000 ; 10.000       ; 1.000          ; High Pulse Width ; keypad_freq_sel_module:inst1|freq_divider_keypad_module:freq_div|q ; Rise       ; keypad_freq_sel_module:inst1|cont[21]       ;
; 9.000 ; 10.000       ; 1.000          ; Low Pulse Width  ; keypad_freq_sel_module:inst1|freq_divider_keypad_module:freq_div|q ; Rise       ; keypad_freq_sel_module:inst1|cont[21]       ;
; 9.000 ; 10.000       ; 1.000          ; High Pulse Width ; keypad_freq_sel_module:inst1|freq_divider_keypad_module:freq_div|q ; Rise       ; keypad_freq_sel_module:inst1|cont[22]       ;
; 9.000 ; 10.000       ; 1.000          ; Low Pulse Width  ; keypad_freq_sel_module:inst1|freq_divider_keypad_module:freq_div|q ; Rise       ; keypad_freq_sel_module:inst1|cont[22]       ;
; 9.000 ; 10.000       ; 1.000          ; High Pulse Width ; keypad_freq_sel_module:inst1|freq_divider_keypad_module:freq_div|q ; Rise       ; keypad_freq_sel_module:inst1|cont[23]       ;
; 9.000 ; 10.000       ; 1.000          ; Low Pulse Width  ; keypad_freq_sel_module:inst1|freq_divider_keypad_module:freq_div|q ; Rise       ; keypad_freq_sel_module:inst1|cont[23]       ;
; 9.000 ; 10.000       ; 1.000          ; High Pulse Width ; keypad_freq_sel_module:inst1|freq_divider_keypad_module:freq_div|q ; Rise       ; keypad_freq_sel_module:inst1|cont[24]       ;
; 9.000 ; 10.000       ; 1.000          ; Low Pulse Width  ; keypad_freq_sel_module:inst1|freq_divider_keypad_module:freq_div|q ; Rise       ; keypad_freq_sel_module:inst1|cont[24]       ;
; 9.000 ; 10.000       ; 1.000          ; High Pulse Width ; keypad_freq_sel_module:inst1|freq_divider_keypad_module:freq_div|q ; Rise       ; keypad_freq_sel_module:inst1|cont[25]       ;
; 9.000 ; 10.000       ; 1.000          ; Low Pulse Width  ; keypad_freq_sel_module:inst1|freq_divider_keypad_module:freq_div|q ; Rise       ; keypad_freq_sel_module:inst1|cont[25]       ;
; 9.000 ; 10.000       ; 1.000          ; High Pulse Width ; keypad_freq_sel_module:inst1|freq_divider_keypad_module:freq_div|q ; Rise       ; keypad_freq_sel_module:inst1|cont[26]       ;
; 9.000 ; 10.000       ; 1.000          ; Low Pulse Width  ; keypad_freq_sel_module:inst1|freq_divider_keypad_module:freq_div|q ; Rise       ; keypad_freq_sel_module:inst1|cont[26]       ;
; 9.000 ; 10.000       ; 1.000          ; High Pulse Width ; keypad_freq_sel_module:inst1|freq_divider_keypad_module:freq_div|q ; Rise       ; keypad_freq_sel_module:inst1|cont[27]       ;
; 9.000 ; 10.000       ; 1.000          ; Low Pulse Width  ; keypad_freq_sel_module:inst1|freq_divider_keypad_module:freq_div|q ; Rise       ; keypad_freq_sel_module:inst1|cont[27]       ;
; 9.000 ; 10.000       ; 1.000          ; High Pulse Width ; keypad_freq_sel_module:inst1|freq_divider_keypad_module:freq_div|q ; Rise       ; keypad_freq_sel_module:inst1|cont[28]       ;
; 9.000 ; 10.000       ; 1.000          ; Low Pulse Width  ; keypad_freq_sel_module:inst1|freq_divider_keypad_module:freq_div|q ; Rise       ; keypad_freq_sel_module:inst1|cont[28]       ;
+-------+--------------+----------------+------------------+--------------------------------------------------------------------+------------+---------------------------------------------+


+-------------------------------------------------------------------------------------------------------------------------------------------------------------------------------------+
; Clock to Output Times                                                                                                                                                               ;
+--------------+--------------------------------------------------------------------+-------+-------+------------+--------------------------------------------------------------------+
; Data Port    ; Clock Port                                                         ; Rise  ; Fall  ; Clock Edge ; Clock Reference                                                    ;
+--------------+--------------------------------------------------------------------+-------+-------+------------+--------------------------------------------------------------------+
; LCD_DATA[*]  ; CLOCK_50                                                           ; 6.214 ; 6.214 ; Rise       ; CLOCK_50                                                           ;
;  LCD_DATA[0] ; CLOCK_50                                                           ; 6.166 ; 6.166 ; Rise       ; CLOCK_50                                                           ;
;  LCD_DATA[1] ; CLOCK_50                                                           ; 6.150 ; 6.150 ; Rise       ; CLOCK_50                                                           ;
;  LCD_DATA[2] ; CLOCK_50                                                           ; 6.214 ; 6.214 ; Rise       ; CLOCK_50                                                           ;
;  LCD_DATA[3] ; CLOCK_50                                                           ; 6.006 ; 6.006 ; Rise       ; CLOCK_50                                                           ;
;  LCD_DATA[4] ; CLOCK_50                                                           ; 6.147 ; 6.147 ; Rise       ; CLOCK_50                                                           ;
;  LCD_DATA[5] ; CLOCK_50                                                           ; 6.061 ; 6.061 ; Rise       ; CLOCK_50                                                           ;
;  LCD_DATA[6] ; CLOCK_50                                                           ; 6.001 ; 6.001 ; Rise       ; CLOCK_50                                                           ;
;  LCD_DATA[7] ; CLOCK_50                                                           ; 6.212 ; 6.212 ; Rise       ; CLOCK_50                                                           ;
; LCD_EN       ; CLOCK_50                                                           ; 4.425 ; 4.425 ; Rise       ; CLOCK_50                                                           ;
; LCD_RS       ; CLOCK_50                                                           ; 5.942 ; 5.942 ; Rise       ; CLOCK_50                                                           ;
; VGA_CLK      ; ddfs:inst15|freq_divider_DDFS:f_div_inst|count[19]                 ; 2.892 ;       ; Rise       ; ddfs:inst15|freq_divider_DDFS:f_div_inst|count[19]                 ;
; VGA_R[*]     ; ddfs:inst15|freq_divider_DDFS:f_div_inst|count[19]                 ; 7.983 ; 7.983 ; Rise       ; ddfs:inst15|freq_divider_DDFS:f_div_inst|count[19]                 ;
;  VGA_R[0]    ; ddfs:inst15|freq_divider_DDFS:f_div_inst|count[19]                 ; 7.459 ; 7.459 ; Rise       ; ddfs:inst15|freq_divider_DDFS:f_div_inst|count[19]                 ;
;  VGA_R[1]    ; ddfs:inst15|freq_divider_DDFS:f_div_inst|count[19]                 ; 7.587 ; 7.587 ; Rise       ; ddfs:inst15|freq_divider_DDFS:f_div_inst|count[19]                 ;
;  VGA_R[2]    ; ddfs:inst15|freq_divider_DDFS:f_div_inst|count[19]                 ; 7.597 ; 7.597 ; Rise       ; ddfs:inst15|freq_divider_DDFS:f_div_inst|count[19]                 ;
;  VGA_R[3]    ; ddfs:inst15|freq_divider_DDFS:f_div_inst|count[19]                 ; 7.575 ; 7.575 ; Rise       ; ddfs:inst15|freq_divider_DDFS:f_div_inst|count[19]                 ;
;  VGA_R[4]    ; ddfs:inst15|freq_divider_DDFS:f_div_inst|count[19]                 ; 7.630 ; 7.630 ; Rise       ; ddfs:inst15|freq_divider_DDFS:f_div_inst|count[19]                 ;
;  VGA_R[5]    ; ddfs:inst15|freq_divider_DDFS:f_div_inst|count[19]                 ; 7.766 ; 7.766 ; Rise       ; ddfs:inst15|freq_divider_DDFS:f_div_inst|count[19]                 ;
;  VGA_R[6]    ; ddfs:inst15|freq_divider_DDFS:f_div_inst|count[19]                 ; 7.835 ; 7.835 ; Rise       ; ddfs:inst15|freq_divider_DDFS:f_div_inst|count[19]                 ;
;  VGA_R[7]    ; ddfs:inst15|freq_divider_DDFS:f_div_inst|count[19]                 ; 7.878 ; 7.878 ; Rise       ; ddfs:inst15|freq_divider_DDFS:f_div_inst|count[19]                 ;
;  VGA_R[8]    ; ddfs:inst15|freq_divider_DDFS:f_div_inst|count[19]                 ; 7.783 ; 7.783 ; Rise       ; ddfs:inst15|freq_divider_DDFS:f_div_inst|count[19]                 ;
;  VGA_R[9]    ; ddfs:inst15|freq_divider_DDFS:f_div_inst|count[19]                 ; 7.983 ; 7.983 ; Rise       ; ddfs:inst15|freq_divider_DDFS:f_div_inst|count[19]                 ;
; VGA_CLK      ; ddfs:inst15|freq_divider_DDFS:f_div_inst|count[19]                 ;       ; 2.892 ; Fall       ; ddfs:inst15|freq_divider_DDFS:f_div_inst|count[19]                 ;
; GPIO_1[*]    ; keypad_freq_sel_module:inst1|freq_divider_keypad_module:freq_div|q ; 5.475 ; 5.475 ; Rise       ; keypad_freq_sel_module:inst1|freq_divider_keypad_module:freq_div|q ;
;  GPIO_1[0]   ; keypad_freq_sel_module:inst1|freq_divider_keypad_module:freq_div|q ; 5.017 ; 5.017 ; Rise       ; keypad_freq_sel_module:inst1|freq_divider_keypad_module:freq_div|q ;
;  GPIO_1[1]   ; keypad_freq_sel_module:inst1|freq_divider_keypad_module:freq_div|q ; 5.471 ; 5.471 ; Rise       ; keypad_freq_sel_module:inst1|freq_divider_keypad_module:freq_div|q ;
;  GPIO_1[2]   ; keypad_freq_sel_module:inst1|freq_divider_keypad_module:freq_div|q ; 5.013 ; 5.013 ; Rise       ; keypad_freq_sel_module:inst1|freq_divider_keypad_module:freq_div|q ;
;  GPIO_1[3]   ; keypad_freq_sel_module:inst1|freq_divider_keypad_module:freq_div|q ; 5.475 ; 5.475 ; Rise       ; keypad_freq_sel_module:inst1|freq_divider_keypad_module:freq_div|q ;
+--------------+--------------------------------------------------------------------+-------+-------+------------+--------------------------------------------------------------------+


+-------------------------------------------------------------------------------------------------------------------------------------------------------------------------------------+
; Minimum Clock to Output Times                                                                                                                                                       ;
+--------------+--------------------------------------------------------------------+-------+-------+------------+--------------------------------------------------------------------+
; Data Port    ; Clock Port                                                         ; Rise  ; Fall  ; Clock Edge ; Clock Reference                                                    ;
+--------------+--------------------------------------------------------------------+-------+-------+------------+--------------------------------------------------------------------+
; LCD_DATA[*]  ; CLOCK_50                                                           ; 4.013 ; 4.013 ; Rise       ; CLOCK_50                                                           ;
;  LCD_DATA[0] ; CLOCK_50                                                           ; 4.250 ; 4.250 ; Rise       ; CLOCK_50                                                           ;
;  LCD_DATA[1] ; CLOCK_50                                                           ; 4.248 ; 4.248 ; Rise       ; CLOCK_50                                                           ;
;  LCD_DATA[2] ; CLOCK_50                                                           ; 4.312 ; 4.312 ; Rise       ; CLOCK_50                                                           ;
;  LCD_DATA[3] ; CLOCK_50                                                           ; 4.256 ; 4.256 ; Rise       ; CLOCK_50                                                           ;
;  LCD_DATA[4] ; CLOCK_50                                                           ; 4.013 ; 4.013 ; Rise       ; CLOCK_50                                                           ;
;  LCD_DATA[5] ; CLOCK_50                                                           ; 4.022 ; 4.022 ; Rise       ; CLOCK_50                                                           ;
;  LCD_DATA[6] ; CLOCK_50                                                           ; 4.033 ; 4.033 ; Rise       ; CLOCK_50                                                           ;
;  LCD_DATA[7] ; CLOCK_50                                                           ; 4.088 ; 4.088 ; Rise       ; CLOCK_50                                                           ;
; LCD_EN       ; CLOCK_50                                                           ; 4.068 ; 4.068 ; Rise       ; CLOCK_50                                                           ;
; LCD_RS       ; CLOCK_50                                                           ; 3.982 ; 3.982 ; Rise       ; CLOCK_50                                                           ;
; VGA_CLK      ; ddfs:inst15|freq_divider_DDFS:f_div_inst|count[19]                 ; 2.892 ;       ; Rise       ; ddfs:inst15|freq_divider_DDFS:f_div_inst|count[19]                 ;
; VGA_R[*]     ; ddfs:inst15|freq_divider_DDFS:f_div_inst|count[19]                 ; 4.469 ; 4.469 ; Rise       ; ddfs:inst15|freq_divider_DDFS:f_div_inst|count[19]                 ;
;  VGA_R[0]    ; ddfs:inst15|freq_divider_DDFS:f_div_inst|count[19]                 ; 5.062 ; 5.062 ; Rise       ; ddfs:inst15|freq_divider_DDFS:f_div_inst|count[19]                 ;
;  VGA_R[1]    ; ddfs:inst15|freq_divider_DDFS:f_div_inst|count[19]                 ; 4.996 ; 4.996 ; Rise       ; ddfs:inst15|freq_divider_DDFS:f_div_inst|count[19]                 ;
;  VGA_R[2]    ; ddfs:inst15|freq_divider_DDFS:f_div_inst|count[19]                 ; 4.918 ; 4.918 ; Rise       ; ddfs:inst15|freq_divider_DDFS:f_div_inst|count[19]                 ;
;  VGA_R[3]    ; ddfs:inst15|freq_divider_DDFS:f_div_inst|count[19]                 ; 5.105 ; 5.105 ; Rise       ; ddfs:inst15|freq_divider_DDFS:f_div_inst|count[19]                 ;
;  VGA_R[4]    ; ddfs:inst15|freq_divider_DDFS:f_div_inst|count[19]                 ; 5.060 ; 5.060 ; Rise       ; ddfs:inst15|freq_divider_DDFS:f_div_inst|count[19]                 ;
;  VGA_R[5]    ; ddfs:inst15|freq_divider_DDFS:f_div_inst|count[19]                 ; 5.152 ; 5.152 ; Rise       ; ddfs:inst15|freq_divider_DDFS:f_div_inst|count[19]                 ;
;  VGA_R[6]    ; ddfs:inst15|freq_divider_DDFS:f_div_inst|count[19]                 ; 5.115 ; 5.115 ; Rise       ; ddfs:inst15|freq_divider_DDFS:f_div_inst|count[19]                 ;
;  VGA_R[7]    ; ddfs:inst15|freq_divider_DDFS:f_div_inst|count[19]                 ; 5.180 ; 5.180 ; Rise       ; ddfs:inst15|freq_divider_DDFS:f_div_inst|count[19]                 ;
;  VGA_R[8]    ; ddfs:inst15|freq_divider_DDFS:f_div_inst|count[19]                 ; 5.102 ; 5.102 ; Rise       ; ddfs:inst15|freq_divider_DDFS:f_div_inst|count[19]                 ;
;  VGA_R[9]    ; ddfs:inst15|freq_divider_DDFS:f_div_inst|count[19]                 ; 4.469 ; 4.469 ; Rise       ; ddfs:inst15|freq_divider_DDFS:f_div_inst|count[19]                 ;
; VGA_CLK      ; ddfs:inst15|freq_divider_DDFS:f_div_inst|count[19]                 ;       ; 2.892 ; Fall       ; ddfs:inst15|freq_divider_DDFS:f_div_inst|count[19]                 ;
; GPIO_1[*]    ; keypad_freq_sel_module:inst1|freq_divider_keypad_module:freq_div|q ; 4.095 ; 4.095 ; Rise       ; keypad_freq_sel_module:inst1|freq_divider_keypad_module:freq_div|q ;
;  GPIO_1[0]   ; keypad_freq_sel_module:inst1|freq_divider_keypad_module:freq_div|q ; 4.152 ; 4.152 ; Rise       ; keypad_freq_sel_module:inst1|freq_divider_keypad_module:freq_div|q ;
;  GPIO_1[1]   ; keypad_freq_sel_module:inst1|freq_divider_keypad_module:freq_div|q ; 4.095 ; 4.095 ; Rise       ; keypad_freq_sel_module:inst1|freq_divider_keypad_module:freq_div|q ;
;  GPIO_1[2]   ; keypad_freq_sel_module:inst1|freq_divider_keypad_module:freq_div|q ; 4.149 ; 4.149 ; Rise       ; keypad_freq_sel_module:inst1|freq_divider_keypad_module:freq_div|q ;
;  GPIO_1[3]   ; keypad_freq_sel_module:inst1|freq_divider_keypad_module:freq_div|q ; 4.101 ; 4.101 ; Rise       ; keypad_freq_sel_module:inst1|freq_divider_keypad_module:freq_div|q ;
+--------------+--------------------------------------------------------------------+-------+-------+------------+--------------------------------------------------------------------+


+--------------------------------------------------------------------------------------------------------------------------------+
; Multicorner Timing Analysis Summary                                                                                            ;
+---------------------------------------------------------------------+-------+-------+----------+---------+---------------------+
; Clock                                                               ; Setup ; Hold  ; Recovery ; Removal ; Minimum Pulse Width ;
+---------------------------------------------------------------------+-------+-------+----------+---------+---------------------+
; Worst-case Slack                                                    ; 2.576 ; 0.215 ; 17.495   ; 0.977   ; 4.000               ;
;  CLOCK_50                                                           ; 4.129 ; 0.215 ; N/A      ; N/A     ; 8.077               ;
;  ddfs:inst15|freq_divider_DDFS:f_div_inst|count[19]                 ; 2.576 ; 0.349 ; 17.495   ; 0.977   ; 8.077               ;
;  inst|altpll_component|pll|clk[0]                                   ; 3.075 ; 0.312 ; N/A      ; N/A     ; 4.000               ;
;  keypad_freq_sel_module:inst1|freq_divider_keypad_module:freq_div|q ; 4.209 ; 0.215 ; N/A      ; N/A     ; 9.000               ;
; Design-wide TNS                                                     ; 0.0   ; 0.0   ; 0.0      ; 0.0     ; 0.0                 ;
;  CLOCK_50                                                           ; 0.000 ; 0.000 ; N/A      ; N/A     ; 0.000               ;
;  ddfs:inst15|freq_divider_DDFS:f_div_inst|count[19]                 ; 0.000 ; 0.000 ; 0.000    ; 0.000   ; 0.000               ;
;  inst|altpll_component|pll|clk[0]                                   ; 0.000 ; 0.000 ; N/A      ; N/A     ; 0.000               ;
;  keypad_freq_sel_module:inst1|freq_divider_keypad_module:freq_div|q ; 0.000 ; 0.000 ; N/A      ; N/A     ; 0.000               ;
+---------------------------------------------------------------------+-------+-------+----------+---------+---------------------+


+---------------------------------------------------------------------------------------------------------------------------------------------------------------------------------------+
; Clock to Output Times                                                                                                                                                                 ;
+--------------+--------------------------------------------------------------------+--------+--------+------------+--------------------------------------------------------------------+
; Data Port    ; Clock Port                                                         ; Rise   ; Fall   ; Clock Edge ; Clock Reference                                                    ;
+--------------+--------------------------------------------------------------------+--------+--------+------------+--------------------------------------------------------------------+
; LCD_DATA[*]  ; CLOCK_50                                                           ; 10.871 ; 10.871 ; Rise       ; CLOCK_50                                                           ;
;  LCD_DATA[0] ; CLOCK_50                                                           ; 10.767 ; 10.767 ; Rise       ; CLOCK_50                                                           ;
;  LCD_DATA[1] ; CLOCK_50                                                           ; 10.747 ; 10.747 ; Rise       ; CLOCK_50                                                           ;
;  LCD_DATA[2] ; CLOCK_50                                                           ; 10.871 ; 10.871 ; Rise       ; CLOCK_50                                                           ;
;  LCD_DATA[3] ; CLOCK_50                                                           ; 10.438 ; 10.438 ; Rise       ; CLOCK_50                                                           ;
;  LCD_DATA[4] ; CLOCK_50                                                           ; 10.763 ; 10.763 ; Rise       ; CLOCK_50                                                           ;
;  LCD_DATA[5] ; CLOCK_50                                                           ; 10.585 ; 10.585 ; Rise       ; CLOCK_50                                                           ;
;  LCD_DATA[6] ; CLOCK_50                                                           ; 10.435 ; 10.435 ; Rise       ; CLOCK_50                                                           ;
;  LCD_DATA[7] ; CLOCK_50                                                           ; 10.870 ; 10.870 ; Rise       ; CLOCK_50                                                           ;
; LCD_EN       ; CLOCK_50                                                           ; 8.242  ; 8.242  ; Rise       ; CLOCK_50                                                           ;
; LCD_RS       ; CLOCK_50                                                           ; 10.278 ; 10.278 ; Rise       ; CLOCK_50                                                           ;
; VGA_CLK      ; ddfs:inst15|freq_divider_DDFS:f_div_inst|count[19]                 ; 5.424  ;        ; Rise       ; ddfs:inst15|freq_divider_DDFS:f_div_inst|count[19]                 ;
; VGA_R[*]     ; ddfs:inst15|freq_divider_DDFS:f_div_inst|count[19]                 ; 14.707 ; 14.707 ; Rise       ; ddfs:inst15|freq_divider_DDFS:f_div_inst|count[19]                 ;
;  VGA_R[0]    ; ddfs:inst15|freq_divider_DDFS:f_div_inst|count[19]                 ; 13.653 ; 13.653 ; Rise       ; ddfs:inst15|freq_divider_DDFS:f_div_inst|count[19]                 ;
;  VGA_R[1]    ; ddfs:inst15|freq_divider_DDFS:f_div_inst|count[19]                 ; 13.970 ; 13.970 ; Rise       ; ddfs:inst15|freq_divider_DDFS:f_div_inst|count[19]                 ;
;  VGA_R[2]    ; ddfs:inst15|freq_divider_DDFS:f_div_inst|count[19]                 ; 13.951 ; 13.951 ; Rise       ; ddfs:inst15|freq_divider_DDFS:f_div_inst|count[19]                 ;
;  VGA_R[3]    ; ddfs:inst15|freq_divider_DDFS:f_div_inst|count[19]                 ; 13.879 ; 13.879 ; Rise       ; ddfs:inst15|freq_divider_DDFS:f_div_inst|count[19]                 ;
;  VGA_R[4]    ; ddfs:inst15|freq_divider_DDFS:f_div_inst|count[19]                 ; 14.019 ; 14.019 ; Rise       ; ddfs:inst15|freq_divider_DDFS:f_div_inst|count[19]                 ;
;  VGA_R[5]    ; ddfs:inst15|freq_divider_DDFS:f_div_inst|count[19]                 ; 14.269 ; 14.269 ; Rise       ; ddfs:inst15|freq_divider_DDFS:f_div_inst|count[19]                 ;
;  VGA_R[6]    ; ddfs:inst15|freq_divider_DDFS:f_div_inst|count[19]                 ; 14.409 ; 14.409 ; Rise       ; ddfs:inst15|freq_divider_DDFS:f_div_inst|count[19]                 ;
;  VGA_R[7]    ; ddfs:inst15|freq_divider_DDFS:f_div_inst|count[19]                 ; 14.492 ; 14.492 ; Rise       ; ddfs:inst15|freq_divider_DDFS:f_div_inst|count[19]                 ;
;  VGA_R[8]    ; ddfs:inst15|freq_divider_DDFS:f_div_inst|count[19]                 ; 14.306 ; 14.306 ; Rise       ; ddfs:inst15|freq_divider_DDFS:f_div_inst|count[19]                 ;
;  VGA_R[9]    ; ddfs:inst15|freq_divider_DDFS:f_div_inst|count[19]                 ; 14.707 ; 14.707 ; Rise       ; ddfs:inst15|freq_divider_DDFS:f_div_inst|count[19]                 ;
; VGA_CLK      ; ddfs:inst15|freq_divider_DDFS:f_div_inst|count[19]                 ;        ; 5.424  ; Fall       ; ddfs:inst15|freq_divider_DDFS:f_div_inst|count[19]                 ;
; GPIO_1[*]    ; keypad_freq_sel_module:inst1|freq_divider_keypad_module:freq_div|q ; 10.791 ; 10.791 ; Rise       ; keypad_freq_sel_module:inst1|freq_divider_keypad_module:freq_div|q ;
;  GPIO_1[0]   ; keypad_freq_sel_module:inst1|freq_divider_keypad_module:freq_div|q ; 9.723  ; 9.723  ; Rise       ; keypad_freq_sel_module:inst1|freq_divider_keypad_module:freq_div|q ;
;  GPIO_1[1]   ; keypad_freq_sel_module:inst1|freq_divider_keypad_module:freq_div|q ; 10.769 ; 10.769 ; Rise       ; keypad_freq_sel_module:inst1|freq_divider_keypad_module:freq_div|q ;
;  GPIO_1[2]   ; keypad_freq_sel_module:inst1|freq_divider_keypad_module:freq_div|q ; 9.729  ; 9.729  ; Rise       ; keypad_freq_sel_module:inst1|freq_divider_keypad_module:freq_div|q ;
;  GPIO_1[3]   ; keypad_freq_sel_module:inst1|freq_divider_keypad_module:freq_div|q ; 10.791 ; 10.791 ; Rise       ; keypad_freq_sel_module:inst1|freq_divider_keypad_module:freq_div|q ;
+--------------+--------------------------------------------------------------------+--------+--------+------------+--------------------------------------------------------------------+


+-------------------------------------------------------------------------------------------------------------------------------------------------------------------------------------+
; Minimum Clock to Output Times                                                                                                                                                       ;
+--------------+--------------------------------------------------------------------+-------+-------+------------+--------------------------------------------------------------------+
; Data Port    ; Clock Port                                                         ; Rise  ; Fall  ; Clock Edge ; Clock Reference                                                    ;
+--------------+--------------------------------------------------------------------+-------+-------+------------+--------------------------------------------------------------------+
; LCD_DATA[*]  ; CLOCK_50                                                           ; 4.013 ; 4.013 ; Rise       ; CLOCK_50                                                           ;
;  LCD_DATA[0] ; CLOCK_50                                                           ; 4.250 ; 4.250 ; Rise       ; CLOCK_50                                                           ;
;  LCD_DATA[1] ; CLOCK_50                                                           ; 4.248 ; 4.248 ; Rise       ; CLOCK_50                                                           ;
;  LCD_DATA[2] ; CLOCK_50                                                           ; 4.312 ; 4.312 ; Rise       ; CLOCK_50                                                           ;
;  LCD_DATA[3] ; CLOCK_50                                                           ; 4.256 ; 4.256 ; Rise       ; CLOCK_50                                                           ;
;  LCD_DATA[4] ; CLOCK_50                                                           ; 4.013 ; 4.013 ; Rise       ; CLOCK_50                                                           ;
;  LCD_DATA[5] ; CLOCK_50                                                           ; 4.022 ; 4.022 ; Rise       ; CLOCK_50                                                           ;
;  LCD_DATA[6] ; CLOCK_50                                                           ; 4.033 ; 4.033 ; Rise       ; CLOCK_50                                                           ;
;  LCD_DATA[7] ; CLOCK_50                                                           ; 4.088 ; 4.088 ; Rise       ; CLOCK_50                                                           ;
; LCD_EN       ; CLOCK_50                                                           ; 4.068 ; 4.068 ; Rise       ; CLOCK_50                                                           ;
; LCD_RS       ; CLOCK_50                                                           ; 3.982 ; 3.982 ; Rise       ; CLOCK_50                                                           ;
; VGA_CLK      ; ddfs:inst15|freq_divider_DDFS:f_div_inst|count[19]                 ; 2.892 ;       ; Rise       ; ddfs:inst15|freq_divider_DDFS:f_div_inst|count[19]                 ;
; VGA_R[*]     ; ddfs:inst15|freq_divider_DDFS:f_div_inst|count[19]                 ; 4.469 ; 4.469 ; Rise       ; ddfs:inst15|freq_divider_DDFS:f_div_inst|count[19]                 ;
;  VGA_R[0]    ; ddfs:inst15|freq_divider_DDFS:f_div_inst|count[19]                 ; 5.062 ; 5.062 ; Rise       ; ddfs:inst15|freq_divider_DDFS:f_div_inst|count[19]                 ;
;  VGA_R[1]    ; ddfs:inst15|freq_divider_DDFS:f_div_inst|count[19]                 ; 4.996 ; 4.996 ; Rise       ; ddfs:inst15|freq_divider_DDFS:f_div_inst|count[19]                 ;
;  VGA_R[2]    ; ddfs:inst15|freq_divider_DDFS:f_div_inst|count[19]                 ; 4.918 ; 4.918 ; Rise       ; ddfs:inst15|freq_divider_DDFS:f_div_inst|count[19]                 ;
;  VGA_R[3]    ; ddfs:inst15|freq_divider_DDFS:f_div_inst|count[19]                 ; 5.105 ; 5.105 ; Rise       ; ddfs:inst15|freq_divider_DDFS:f_div_inst|count[19]                 ;
;  VGA_R[4]    ; ddfs:inst15|freq_divider_DDFS:f_div_inst|count[19]                 ; 5.060 ; 5.060 ; Rise       ; ddfs:inst15|freq_divider_DDFS:f_div_inst|count[19]                 ;
;  VGA_R[5]    ; ddfs:inst15|freq_divider_DDFS:f_div_inst|count[19]                 ; 5.152 ; 5.152 ; Rise       ; ddfs:inst15|freq_divider_DDFS:f_div_inst|count[19]                 ;
;  VGA_R[6]    ; ddfs:inst15|freq_divider_DDFS:f_div_inst|count[19]                 ; 5.115 ; 5.115 ; Rise       ; ddfs:inst15|freq_divider_DDFS:f_div_inst|count[19]                 ;
;  VGA_R[7]    ; ddfs:inst15|freq_divider_DDFS:f_div_inst|count[19]                 ; 5.180 ; 5.180 ; Rise       ; ddfs:inst15|freq_divider_DDFS:f_div_inst|count[19]                 ;
;  VGA_R[8]    ; ddfs:inst15|freq_divider_DDFS:f_div_inst|count[19]                 ; 5.102 ; 5.102 ; Rise       ; ddfs:inst15|freq_divider_DDFS:f_div_inst|count[19]                 ;
;  VGA_R[9]    ; ddfs:inst15|freq_divider_DDFS:f_div_inst|count[19]                 ; 4.469 ; 4.469 ; Rise       ; ddfs:inst15|freq_divider_DDFS:f_div_inst|count[19]                 ;
; VGA_CLK      ; ddfs:inst15|freq_divider_DDFS:f_div_inst|count[19]                 ;       ; 2.892 ; Fall       ; ddfs:inst15|freq_divider_DDFS:f_div_inst|count[19]                 ;
; GPIO_1[*]    ; keypad_freq_sel_module:inst1|freq_divider_keypad_module:freq_div|q ; 4.095 ; 4.095 ; Rise       ; keypad_freq_sel_module:inst1|freq_divider_keypad_module:freq_div|q ;
;  GPIO_1[0]   ; keypad_freq_sel_module:inst1|freq_divider_keypad_module:freq_div|q ; 4.152 ; 4.152 ; Rise       ; keypad_freq_sel_module:inst1|freq_divider_keypad_module:freq_div|q ;
;  GPIO_1[1]   ; keypad_freq_sel_module:inst1|freq_divider_keypad_module:freq_div|q ; 4.095 ; 4.095 ; Rise       ; keypad_freq_sel_module:inst1|freq_divider_keypad_module:freq_div|q ;
;  GPIO_1[2]   ; keypad_freq_sel_module:inst1|freq_divider_keypad_module:freq_div|q ; 4.149 ; 4.149 ; Rise       ; keypad_freq_sel_module:inst1|freq_divider_keypad_module:freq_div|q ;
;  GPIO_1[3]   ; keypad_freq_sel_module:inst1|freq_divider_keypad_module:freq_div|q ; 4.101 ; 4.101 ; Rise       ; keypad_freq_sel_module:inst1|freq_divider_keypad_module:freq_div|q ;
+--------------+--------------------------------------------------------------------+-------+-------+------------+--------------------------------------------------------------------+


+-------------------------------------------------------------------------------------------------------------------------------------------------------------------------------------------+
; Setup Transfers                                                                                                                                                                           ;
+--------------------------------------------------------------------+--------------------------------------------------------------------+------------+------------+------------+----------+
; From Clock                                                         ; To Clock                                                           ; RR Paths   ; FR Paths   ; RF Paths   ; FF Paths ;
+--------------------------------------------------------------------+--------------------------------------------------------------------+------------+------------+------------+----------+
; CLOCK_50                                                           ; CLOCK_50                                                           ; 15598      ; 0          ; 0          ; 0        ;
; keypad_freq_sel_module:inst1|freq_divider_keypad_module:freq_div|q ; CLOCK_50                                                           ; false path ; false path ; 0          ; 0        ;
; ddfs:inst15|freq_divider_DDFS:f_div_inst|count[19]                 ; ddfs:inst15|freq_divider_DDFS:f_div_inst|count[19]                 ; 2981       ; 1          ; 0          ; 0        ;
; inst|altpll_component|pll|clk[0]                                   ; ddfs:inst15|freq_divider_DDFS:f_div_inst|count[19]                 ; false path ; 0          ; false path ; 0        ;
; CLOCK_50                                                           ; inst|altpll_component|pll|clk[0]                                   ; false path ; 0          ; 0          ; 0        ;
; ddfs:inst15|freq_divider_DDFS:f_div_inst|count[19]                 ; inst|altpll_component|pll|clk[0]                                   ; false path ; false path ; 0          ; 0        ;
; inst|altpll_component|pll|clk[0]                                   ; inst|altpll_component|pll|clk[0]                                   ; 10159      ; 0          ; 0          ; 0        ;
; keypad_freq_sel_module:inst1|freq_divider_keypad_module:freq_div|q ; inst|altpll_component|pll|clk[0]                                   ; false path ; 0          ; 0          ; 0        ;
; CLOCK_50                                                           ; keypad_freq_sel_module:inst1|freq_divider_keypad_module:freq_div|q ; false path ; 0          ; false path ; 0        ;
; keypad_freq_sel_module:inst1|freq_divider_keypad_module:freq_div|q ; keypad_freq_sel_module:inst1|freq_divider_keypad_module:freq_div|q ; 26328      ; 0          ; 0          ; 0        ;
+--------------------------------------------------------------------+--------------------------------------------------------------------+------------+------------+------------+----------+
Entries labeled "false path" only account for clock-to-clock false paths and not path-based false paths. As a result, actual path counts may be lower than reported.


+-------------------------------------------------------------------------------------------------------------------------------------------------------------------------------------------+
; Hold Transfers                                                                                                                                                                            ;
+--------------------------------------------------------------------+--------------------------------------------------------------------+------------+------------+------------+----------+
; From Clock                                                         ; To Clock                                                           ; RR Paths   ; FR Paths   ; RF Paths   ; FF Paths ;
+--------------------------------------------------------------------+--------------------------------------------------------------------+------------+------------+------------+----------+
; CLOCK_50                                                           ; CLOCK_50                                                           ; 15598      ; 0          ; 0          ; 0        ;
; keypad_freq_sel_module:inst1|freq_divider_keypad_module:freq_div|q ; CLOCK_50                                                           ; false path ; false path ; 0          ; 0        ;
; ddfs:inst15|freq_divider_DDFS:f_div_inst|count[19]                 ; ddfs:inst15|freq_divider_DDFS:f_div_inst|count[19]                 ; 2981       ; 1          ; 0          ; 0        ;
; inst|altpll_component|pll|clk[0]                                   ; ddfs:inst15|freq_divider_DDFS:f_div_inst|count[19]                 ; false path ; 0          ; false path ; 0        ;
; CLOCK_50                                                           ; inst|altpll_component|pll|clk[0]                                   ; false path ; 0          ; 0          ; 0        ;
; ddfs:inst15|freq_divider_DDFS:f_div_inst|count[19]                 ; inst|altpll_component|pll|clk[0]                                   ; false path ; false path ; 0          ; 0        ;
; inst|altpll_component|pll|clk[0]                                   ; inst|altpll_component|pll|clk[0]                                   ; 10159      ; 0          ; 0          ; 0        ;
; keypad_freq_sel_module:inst1|freq_divider_keypad_module:freq_div|q ; inst|altpll_component|pll|clk[0]                                   ; false path ; 0          ; 0          ; 0        ;
; CLOCK_50                                                           ; keypad_freq_sel_module:inst1|freq_divider_keypad_module:freq_div|q ; false path ; 0          ; false path ; 0        ;
; keypad_freq_sel_module:inst1|freq_divider_keypad_module:freq_div|q ; keypad_freq_sel_module:inst1|freq_divider_keypad_module:freq_div|q ; 26328      ; 0          ; 0          ; 0        ;
+--------------------------------------------------------------------+--------------------------------------------------------------------+------------+------------+------------+----------+
Entries labeled "false path" only account for clock-to-clock false paths and not path-based false paths. As a result, actual path counts may be lower than reported.


+-------------------------------------------------------------------------------------------------------------+
; Recovery Transfers                                                                                          ;
+------------+----------------------------------------------------+----------+----------+----------+----------+
; From Clock ; To Clock                                           ; RR Paths ; FR Paths ; RF Paths ; FF Paths ;
+------------+----------------------------------------------------+----------+----------+----------+----------+
; CLOCK_50   ; ddfs:inst15|freq_divider_DDFS:f_div_inst|count[19] ; 12       ; 0        ; 0        ; 0        ;
+------------+----------------------------------------------------+----------+----------+----------+----------+
Entries labeled "false path" only account for clock-to-clock false paths and not path-based false paths. As a result, actual path counts may be lower than reported.


+-------------------------------------------------------------------------------------------------------------+
; Removal Transfers                                                                                           ;
+------------+----------------------------------------------------+----------+----------+----------+----------+
; From Clock ; To Clock                                           ; RR Paths ; FR Paths ; RF Paths ; FF Paths ;
+------------+----------------------------------------------------+----------+----------+----------+----------+
; CLOCK_50   ; ddfs:inst15|freq_divider_DDFS:f_div_inst|count[19] ; 12       ; 0        ; 0        ; 0        ;
+------------+----------------------------------------------------+----------+----------+----------+----------+
Entries labeled "false path" only account for clock-to-clock false paths and not path-based false paths. As a result, actual path counts may be lower than reported.


---------------
; Report TCCS ;
---------------
No dedicated SERDES Transmitter circuitry present in device or used in design


---------------
; Report RSKM ;
---------------
No dedicated SERDES Receiver circuitry present in device or used in design


+------------------------------------------------+
; Unconstrained Paths                            ;
+---------------------------------+-------+------+
; Property                        ; Setup ; Hold ;
+---------------------------------+-------+------+
; Illegal Clocks                  ; 0     ; 0    ;
; Unconstrained Clocks            ; 0     ; 0    ;
; Unconstrained Input Ports       ; 0     ; 0    ;
; Unconstrained Input Port Paths  ; 0     ; 0    ;
; Unconstrained Output Ports      ; 0     ; 0    ;
; Unconstrained Output Port Paths ; 0     ; 0    ;
+---------------------------------+-------+------+


+------------------------------------+
; TimeQuest Timing Analyzer Messages ;
+------------------------------------+
Info: *******************************************************************
Info: Running Quartus II 64-Bit TimeQuest Timing Analyzer
    Info: Version 13.0.1 Build 232 06/12/2013 Service Pack 1 SJ Web Edition
    Info: Processing started: Tue Dec 23 18:32:06 2025
Info: Command: quartus_sta main_function_generator -c main_function_generator
Info: qsta_default_script.tcl version: #1
Warning (20028): Parallel compilation is not licensed and has been disabled
Info (21077): Low junction temperature is 0 degrees C
Info (21077): High junction temperature is 85 degrees C
Info (332104): Reading SDC File: 'main_function_generator.out.sdc'
Info: Found TIMEQUEST_REPORT_SCRIPT_INCLUDE_DEFAULT_ANALYSIS = ON
Info: Analyzing Slow Model
Info (332146): Worst-case setup slack is 2.576
    Info (332119):     Slack End Point TNS Clock 
    Info (332119): ========= ============= =====================
    Info (332119):     2.576         0.000 ddfs:inst15|freq_divider_DDFS:f_div_inst|count[19] 
    Info (332119):     3.075         0.000 inst|altpll_component|pll|clk[0] 
    Info (332119):     4.129         0.000 CLOCK_50 
    Info (332119):     4.209         0.000 keypad_freq_sel_module:inst1|freq_divider_keypad_module:freq_div|q 
Info (332146): Worst-case hold slack is 0.391
    Info (332119):     Slack End Point TNS Clock 
    Info (332119): ========= ============= =====================
    Info (332119):     0.391         0.000 CLOCK_50 
    Info (332119):     0.391         0.000 keypad_freq_sel_module:inst1|freq_divider_keypad_module:freq_div|q 
    Info (332119):     0.645         0.000 inst|altpll_component|pll|clk[0] 
    Info (332119):     0.705         0.000 ddfs:inst15|freq_divider_DDFS:f_div_inst|count[19] 
Info (332146): Worst-case recovery slack is 17.495
    Info (332119):     Slack End Point TNS Clock 
    Info (332119): ========= ============= =====================
    Info (332119):    17.495         0.000 ddfs:inst15|freq_divider_DDFS:f_div_inst|count[19] 
Info (332146): Worst-case removal slack is 1.778
    Info (332119):     Slack End Point TNS Clock 
    Info (332119): ========= ============= =====================
    Info (332119):     1.778         0.000 ddfs:inst15|freq_divider_DDFS:f_div_inst|count[19] 
Info (332146): Worst-case minimum pulse width slack is 4.000
    Info (332119):     Slack End Point TNS Clock 
    Info (332119): ========= ============= =====================
    Info (332119):     4.000         0.000 inst|altpll_component|pll|clk[0] 
    Info (332119):     8.077         0.000 CLOCK_50 
    Info (332119):     8.077         0.000 ddfs:inst15|freq_divider_DDFS:f_div_inst|count[19] 
    Info (332119):     9.000         0.000 keypad_freq_sel_module:inst1|freq_divider_keypad_module:freq_div|q 
Info (332001): The selected device family is not supported by the report_metastability command.
Info: Analyzing Fast Model
Info (332146): Worst-case setup slack is 5.108
    Info (332119):     Slack End Point TNS Clock 
    Info (332119): ========= ============= =====================
    Info (332119):     5.108         0.000 ddfs:inst15|freq_divider_DDFS:f_div_inst|count[19] 
    Info (332119):     6.898         0.000 inst|altpll_component|pll|clk[0] 
    Info (332119):     8.786         0.000 CLOCK_50 
    Info (332119):     9.525         0.000 keypad_freq_sel_module:inst1|freq_divider_keypad_module:freq_div|q 
Info (332146): Worst-case hold slack is 0.215
    Info (332119):     Slack End Point TNS Clock 
    Info (332119): ========= ============= =====================
    Info (332119):     0.215         0.000 CLOCK_50 
    Info (332119):     0.215         0.000 keypad_freq_sel_module:inst1|freq_divider_keypad_module:freq_div|q 
    Info (332119):     0.312         0.000 inst|altpll_component|pll|clk[0] 
    Info (332119):     0.349         0.000 ddfs:inst15|freq_divider_DDFS:f_div_inst|count[19] 
Info (332146): Worst-case recovery slack is 18.691
    Info (332119):     Slack End Point TNS Clock 
    Info (332119): ========= ============= =====================
    Info (332119):    18.691         0.000 ddfs:inst15|freq_divider_DDFS:f_div_inst|count[19] 
Info (332146): Worst-case removal slack is 0.977
    Info (332119):     Slack End Point TNS Clock 
    Info (332119): ========= ============= =====================
    Info (332119):     0.977         0.000 ddfs:inst15|freq_divider_DDFS:f_div_inst|count[19] 
Info (332146): Worst-case minimum pulse width slack is 4.000
    Info (332119):     Slack End Point TNS Clock 
    Info (332119): ========= ============= =====================
    Info (332119):     4.000         0.000 inst|altpll_component|pll|clk[0] 
    Info (332119):     8.077         0.000 CLOCK_50 
    Info (332119):     8.077         0.000 ddfs:inst15|freq_divider_DDFS:f_div_inst|count[19] 
    Info (332119):     9.000         0.000 keypad_freq_sel_module:inst1|freq_divider_keypad_module:freq_div|q 
Info (332001): The selected device family is not supported by the report_metastability command.
Info (332101): Design is fully constrained for setup requirements
Info (332101): Design is fully constrained for hold requirements
Info: Quartus II 64-Bit TimeQuest Timing Analyzer was successful. 0 errors, 1 warning
    Info: Peak virtual memory: 4610 megabytes
    Info: Processing ended: Tue Dec 23 18:32:08 2025
    Info: Elapsed time: 00:00:02
    Info: Total CPU time (on all processors): 00:00:01


