TimeQuest Timing Analyzer report for funct_gen
Wed Dec 17 18:01:09 2025
Quartus II 64-Bit Version 13.0.1 Build 232 06/12/2013 Service Pack 1 SJ Web Edition


---------------------
; Table of Contents ;
---------------------
  1. Legal Notice
  2. TimeQuest Timing Analyzer Summary
  3. Parallel Compilation
  4. Clocks
  5. Slow Model Fmax Summary
  6. Slow Model Setup Summary
  7. Slow Model Hold Summary
  8. Slow Model Recovery Summary
  9. Slow Model Removal Summary
 10. Slow Model Minimum Pulse Width Summary
 11. Slow Model Setup: 'ddfs:inst|freq_divider:f_div_inst|count[19]'
 12. Slow Model Setup: 'CLOCK_50'
 13. Slow Model Hold: 'CLOCK_50'
 14. Slow Model Hold: 'ddfs:inst|freq_divider:f_div_inst|count[19]'
 15. Slow Model Minimum Pulse Width: 'ddfs:inst|freq_divider:f_div_inst|count[19]'
 16. Slow Model Minimum Pulse Width: 'CLOCK_50'
 17. Setup Times
 18. Hold Times
 19. Clock to Output Times
 20. Minimum Clock to Output Times
 21. Propagation Delay
 22. Minimum Propagation Delay
 23. Fast Model Setup Summary
 24. Fast Model Hold Summary
 25. Fast Model Recovery Summary
 26. Fast Model Removal Summary
 27. Fast Model Minimum Pulse Width Summary
 28. Fast Model Setup: 'ddfs:inst|freq_divider:f_div_inst|count[19]'
 29. Fast Model Setup: 'CLOCK_50'
 30. Fast Model Hold: 'CLOCK_50'
 31. Fast Model Hold: 'ddfs:inst|freq_divider:f_div_inst|count[19]'
 32. Fast Model Minimum Pulse Width: 'ddfs:inst|freq_divider:f_div_inst|count[19]'
 33. Fast Model Minimum Pulse Width: 'CLOCK_50'
 34. Setup Times
 35. Hold Times
 36. Clock to Output Times
 37. Minimum Clock to Output Times
 38. Propagation Delay
 39. Minimum Propagation Delay
 40. Multicorner Timing Analysis Summary
 41. Setup Times
 42. Hold Times
 43. Clock to Output Times
 44. Minimum Clock to Output Times
 45. Progagation Delay
 46. Minimum Progagation Delay
 47. Setup Transfers
 48. Hold Transfers
 49. Report TCCS
 50. Report RSKM
 51. Unconstrained Paths
 52. TimeQuest Timing Analyzer Messages



----------------
; Legal Notice ;
----------------
Copyright (C) 1991-2013 Altera Corporation
Your use of Altera Corporation's design tools, logic functions 
and other software and tools, and its AMPP partner logic 
functions, and any output files from any of the foregoing 
(including device programming or simulation files), and any 
associated documentation or information are expressly subject 
to the terms and conditions of the Altera Program License 
Subscription Agreement, Altera MegaCore Function License 
Agreement, or other applicable license agreement, including, 
without limitation, that your use is for the sole purpose of 
programming logic devices manufactured by Altera and sold by 
Altera or its authorized distributors.  Please refer to the 
applicable agreement for further details.



+----------------------------------------------------------------------------------------+
; TimeQuest Timing Analyzer Summary                                                      ;
+--------------------+-------------------------------------------------------------------+
; Quartus II Version ; Version 13.0.1 Build 232 06/12/2013 Service Pack 1 SJ Web Edition ;
; Revision Name      ; funct_gen                                                         ;
; Device Family      ; Cyclone II                                                        ;
; Device Name        ; EP2C35F672C6                                                      ;
; Timing Models      ; Final                                                             ;
; Delay Model        ; Combined                                                          ;
; Rise/Fall Delays   ; Unavailable                                                       ;
+--------------------+-------------------------------------------------------------------+


Parallel compilation was disabled, but you have multiple processors available. Enable parallel compilation to reduce compilation time.
+-------------------------------------+
; Parallel Compilation                ;
+----------------------------+--------+
; Processors                 ; Number ;
+----------------------------+--------+
; Number detected on machine ; 12     ;
; Maximum allowed            ; 1      ;
+----------------------------+--------+


+----------------------------------------------------------------------------------------------------------------------------------------------------------------------------------------------------------------------------------------------------------+
; Clocks                                                                                                                                                                                                                                                   ;
+---------------------------------------------+------+--------+------------+-------+-------+------------+-----------+-------------+-------+--------+-----------+------------+----------+--------+--------+-------------------------------------------------+
; Clock Name                                  ; Type ; Period ; Frequency  ; Rise  ; Fall  ; Duty Cycle ; Divide by ; Multiply by ; Phase ; Offset ; Edge List ; Edge Shift ; Inverted ; Master ; Source ; Targets                                         ;
+---------------------------------------------+------+--------+------------+-------+-------+------------+-----------+-------------+-------+--------+-----------+------------+----------+--------+--------+-------------------------------------------------+
; CLOCK_50                                    ; Base ; 1.000  ; 1000.0 MHz ; 0.000 ; 0.500 ;            ;           ;             ;       ;        ;           ;            ;          ;        ;        ; { CLOCK_50 }                                    ;
; ddfs:inst|freq_divider:f_div_inst|count[19] ; Base ; 1.000  ; 1000.0 MHz ; 0.000 ; 0.500 ;            ;           ;             ;       ;        ;           ;            ;          ;        ;        ; { ddfs:inst|freq_divider:f_div_inst|count[19] } ;
+---------------------------------------------+------+--------+------------+-------+-------+------------+-----------+-------------+-------+--------+-----------+------------+----------+--------+--------+-------------------------------------------------+


+-----------------------------------------------------------------------------------+
; Slow Model Fmax Summary                                                           ;
+------------+-----------------+---------------------------------------------+------+
; Fmax       ; Restricted Fmax ; Clock Name                                  ; Note ;
+------------+-----------------+---------------------------------------------+------+
; 215.38 MHz ; 215.38 MHz      ; ddfs:inst|freq_divider:f_div_inst|count[19] ;      ;
; 231.64 MHz ; 231.64 MHz      ; CLOCK_50                                    ;      ;
+------------+-----------------+---------------------------------------------+------+
This panel reports FMAX for every clock in the design, regardless of the user-specified clock periods.  FMAX is only computed for paths where the source and destination registers or ports are driven by the same clock.  Paths of different clocks, including generated clocks, are ignored.  For paths between a clock and its inversion, FMAX is computed as if the rising and falling edges are scaled along with FMAX, such that the duty cycle (in terms of a percentage) is maintained. Altera recommends that you always use clock constraints and other slack reports for sign-off analysis.


+----------------------------------------------------------------------+
; Slow Model Setup Summary                                             ;
+---------------------------------------------+--------+---------------+
; Clock                                       ; Slack  ; End Point TNS ;
+---------------------------------------------+--------+---------------+
; ddfs:inst|freq_divider:f_div_inst|count[19] ; -3.643 ; -83.819       ;
; CLOCK_50                                    ; -3.317 ; -60.008       ;
+---------------------------------------------+--------+---------------+


+----------------------------------------------------------------------+
; Slow Model Hold Summary                                              ;
+---------------------------------------------+--------+---------------+
; Clock                                       ; Slack  ; End Point TNS ;
+---------------------------------------------+--------+---------------+
; CLOCK_50                                    ; -1.671 ; -23.897       ;
; ddfs:inst|freq_divider:f_div_inst|count[19] ; 1.135  ; 0.000         ;
+---------------------------------------------+--------+---------------+


-------------------------------
; Slow Model Recovery Summary ;
-------------------------------
No paths to report.


------------------------------
; Slow Model Removal Summary ;
------------------------------
No paths to report.


+----------------------------------------------------------------------+
; Slow Model Minimum Pulse Width Summary                               ;
+---------------------------------------------+--------+---------------+
; Clock                                       ; Slack  ; End Point TNS ;
+---------------------------------------------+--------+---------------+
; ddfs:inst|freq_divider:f_div_inst|count[19] ; -1.423 ; -99.380       ;
; CLOCK_50                                    ; -1.380 ; -21.380       ;
+---------------------------------------------+--------+---------------+


+--------------------------------------------------------------------------------------------------------------------------------------------------------------------------------------+
; Slow Model Setup: 'ddfs:inst|freq_divider:f_div_inst|count[19]'                                                                                                                      ;
+--------+-------------------+--------------------+---------------------------------------------+---------------------------------------------+--------------+------------+------------+
; Slack  ; From Node         ; To Node            ; Launch Clock                                ; Latch Clock                                 ; Relationship ; Clock Skew ; Data Delay ;
+--------+-------------------+--------------------+---------------------------------------------+---------------------------------------------+--------------+------------+------------+
; -3.643 ; ddfs:inst|cont[2] ; ddfs:inst|cont[6]  ; ddfs:inst|freq_divider:f_div_inst|count[19] ; ddfs:inst|freq_divider:f_div_inst|count[19] ; 1.000        ; 0.001      ; 4.680      ;
; -3.641 ; ddfs:inst|cont[2] ; ddfs:inst|cont[7]  ; ddfs:inst|freq_divider:f_div_inst|count[19] ; ddfs:inst|freq_divider:f_div_inst|count[19] ; 1.000        ; 0.001      ; 4.678      ;
; -3.597 ; ddfs:inst|cont[0] ; ddfs:inst|cont[6]  ; ddfs:inst|freq_divider:f_div_inst|count[19] ; ddfs:inst|freq_divider:f_div_inst|count[19] ; 1.000        ; 0.002      ; 4.635      ;
; -3.595 ; ddfs:inst|cont[0] ; ddfs:inst|cont[7]  ; ddfs:inst|freq_divider:f_div_inst|count[19] ; ddfs:inst|freq_divider:f_div_inst|count[19] ; 1.000        ; 0.002      ; 4.633      ;
; -3.552 ; ddfs:inst|cont[2] ; ddfs:inst|cont[10] ; ddfs:inst|freq_divider:f_div_inst|count[19] ; ddfs:inst|freq_divider:f_div_inst|count[19] ; 1.000        ; 0.000      ; 4.588      ;
; -3.550 ; ddfs:inst|cont[2] ; ddfs:inst|cont[11] ; ddfs:inst|freq_divider:f_div_inst|count[19] ; ddfs:inst|freq_divider:f_div_inst|count[19] ; 1.000        ; 0.000      ; 4.586      ;
; -3.533 ; ddfs:inst|cont[3] ; ddfs:inst|cont[6]  ; ddfs:inst|freq_divider:f_div_inst|count[19] ; ddfs:inst|freq_divider:f_div_inst|count[19] ; 1.000        ; 0.001      ; 4.570      ;
; -3.532 ; ddfs:inst|cont[1] ; ddfs:inst|cont[6]  ; ddfs:inst|freq_divider:f_div_inst|count[19] ; ddfs:inst|freq_divider:f_div_inst|count[19] ; 1.000        ; 0.002      ; 4.570      ;
; -3.531 ; ddfs:inst|cont[3] ; ddfs:inst|cont[7]  ; ddfs:inst|freq_divider:f_div_inst|count[19] ; ddfs:inst|freq_divider:f_div_inst|count[19] ; 1.000        ; 0.001      ; 4.568      ;
; -3.530 ; ddfs:inst|cont[1] ; ddfs:inst|cont[7]  ; ddfs:inst|freq_divider:f_div_inst|count[19] ; ddfs:inst|freq_divider:f_div_inst|count[19] ; 1.000        ; 0.002      ; 4.568      ;
; -3.521 ; ddfs:inst|cont[6] ; ddfs:inst|cont[6]  ; ddfs:inst|freq_divider:f_div_inst|count[19] ; ddfs:inst|freq_divider:f_div_inst|count[19] ; 1.000        ; 0.000      ; 4.557      ;
; -3.519 ; ddfs:inst|cont[6] ; ddfs:inst|cont[7]  ; ddfs:inst|freq_divider:f_div_inst|count[19] ; ddfs:inst|freq_divider:f_div_inst|count[19] ; 1.000        ; 0.000      ; 4.555      ;
; -3.508 ; ddfs:inst|cont[4] ; ddfs:inst|cont[6]  ; ddfs:inst|freq_divider:f_div_inst|count[19] ; ddfs:inst|freq_divider:f_div_inst|count[19] ; 1.000        ; 0.001      ; 4.545      ;
; -3.506 ; ddfs:inst|cont[4] ; ddfs:inst|cont[7]  ; ddfs:inst|freq_divider:f_div_inst|count[19] ; ddfs:inst|freq_divider:f_div_inst|count[19] ; 1.000        ; 0.001      ; 4.543      ;
; -3.506 ; ddfs:inst|cont[0] ; ddfs:inst|cont[10] ; ddfs:inst|freq_divider:f_div_inst|count[19] ; ddfs:inst|freq_divider:f_div_inst|count[19] ; 1.000        ; 0.001      ; 4.543      ;
; -3.504 ; ddfs:inst|cont[0] ; ddfs:inst|cont[11] ; ddfs:inst|freq_divider:f_div_inst|count[19] ; ddfs:inst|freq_divider:f_div_inst|count[19] ; 1.000        ; 0.001      ; 4.541      ;
; -3.495 ; ddfs:inst|cont[2] ; ddfs:inst|cont[1]  ; ddfs:inst|freq_divider:f_div_inst|count[19] ; ddfs:inst|freq_divider:f_div_inst|count[19] ; 1.000        ; -0.001     ; 4.530      ;
; -3.495 ; ddfs:inst|cont[2] ; ddfs:inst|cont[0]  ; ddfs:inst|freq_divider:f_div_inst|count[19] ; ddfs:inst|freq_divider:f_div_inst|count[19] ; 1.000        ; -0.001     ; 4.530      ;
; -3.468 ; ddfs:inst|cont[4] ; ddfs:inst|cont[10] ; ddfs:inst|freq_divider:f_div_inst|count[19] ; ddfs:inst|freq_divider:f_div_inst|count[19] ; 1.000        ; 0.000      ; 4.504      ;
; -3.466 ; ddfs:inst|cont[4] ; ddfs:inst|cont[11] ; ddfs:inst|freq_divider:f_div_inst|count[19] ; ddfs:inst|freq_divider:f_div_inst|count[19] ; 1.000        ; 0.000      ; 4.502      ;
; -3.449 ; ddfs:inst|cont[0] ; ddfs:inst|cont[1]  ; ddfs:inst|freq_divider:f_div_inst|count[19] ; ddfs:inst|freq_divider:f_div_inst|count[19] ; 1.000        ; 0.000      ; 4.485      ;
; -3.449 ; ddfs:inst|cont[0] ; ddfs:inst|cont[0]  ; ddfs:inst|freq_divider:f_div_inst|count[19] ; ddfs:inst|freq_divider:f_div_inst|count[19] ; 1.000        ; 0.000      ; 4.485      ;
; -3.447 ; ddfs:inst|cont[2] ; ddfs:inst|cont[4]  ; ddfs:inst|freq_divider:f_div_inst|count[19] ; ddfs:inst|freq_divider:f_div_inst|count[19] ; 1.000        ; 0.000      ; 4.483      ;
; -3.447 ; ddfs:inst|cont[2] ; ddfs:inst|cont[9]  ; ddfs:inst|freq_divider:f_div_inst|count[19] ; ddfs:inst|freq_divider:f_div_inst|count[19] ; 1.000        ; 0.000      ; 4.483      ;
; -3.446 ; ddfs:inst|cont[2] ; ddfs:inst|cont[8]  ; ddfs:inst|freq_divider:f_div_inst|count[19] ; ddfs:inst|freq_divider:f_div_inst|count[19] ; 1.000        ; 0.000      ; 4.482      ;
; -3.445 ; ddfs:inst|cont[2] ; ddfs:inst|cont[2]  ; ddfs:inst|freq_divider:f_div_inst|count[19] ; ddfs:inst|freq_divider:f_div_inst|count[19] ; 1.000        ; 0.000      ; 4.481      ;
; -3.443 ; ddfs:inst|cont[2] ; ddfs:inst|cont[5]  ; ddfs:inst|freq_divider:f_div_inst|count[19] ; ddfs:inst|freq_divider:f_div_inst|count[19] ; 1.000        ; 0.000      ; 4.479      ;
; -3.442 ; ddfs:inst|cont[3] ; ddfs:inst|cont[10] ; ddfs:inst|freq_divider:f_div_inst|count[19] ; ddfs:inst|freq_divider:f_div_inst|count[19] ; 1.000        ; 0.000      ; 4.478      ;
; -3.441 ; ddfs:inst|cont[2] ; ddfs:inst|cont[3]  ; ddfs:inst|freq_divider:f_div_inst|count[19] ; ddfs:inst|freq_divider:f_div_inst|count[19] ; 1.000        ; 0.000      ; 4.477      ;
; -3.441 ; ddfs:inst|cont[1] ; ddfs:inst|cont[10] ; ddfs:inst|freq_divider:f_div_inst|count[19] ; ddfs:inst|freq_divider:f_div_inst|count[19] ; 1.000        ; 0.001      ; 4.478      ;
; -3.440 ; ddfs:inst|cont[3] ; ddfs:inst|cont[11] ; ddfs:inst|freq_divider:f_div_inst|count[19] ; ddfs:inst|freq_divider:f_div_inst|count[19] ; 1.000        ; 0.000      ; 4.476      ;
; -3.439 ; ddfs:inst|cont[1] ; ddfs:inst|cont[11] ; ddfs:inst|freq_divider:f_div_inst|count[19] ; ddfs:inst|freq_divider:f_div_inst|count[19] ; 1.000        ; 0.001      ; 4.476      ;
; -3.432 ; ddfs:inst|cont[7] ; ddfs:inst|cont[6]  ; ddfs:inst|freq_divider:f_div_inst|count[19] ; ddfs:inst|freq_divider:f_div_inst|count[19] ; 1.000        ; 0.000      ; 4.468      ;
; -3.430 ; ddfs:inst|cont[7] ; ddfs:inst|cont[7]  ; ddfs:inst|freq_divider:f_div_inst|count[19] ; ddfs:inst|freq_divider:f_div_inst|count[19] ; 1.000        ; 0.000      ; 4.466      ;
; -3.430 ; ddfs:inst|cont[6] ; ddfs:inst|cont[10] ; ddfs:inst|freq_divider:f_div_inst|count[19] ; ddfs:inst|freq_divider:f_div_inst|count[19] ; 1.000        ; -0.001     ; 4.465      ;
; -3.428 ; ddfs:inst|cont[6] ; ddfs:inst|cont[11] ; ddfs:inst|freq_divider:f_div_inst|count[19] ; ddfs:inst|freq_divider:f_div_inst|count[19] ; 1.000        ; -0.001     ; 4.463      ;
; -3.401 ; ddfs:inst|cont[0] ; ddfs:inst|cont[4]  ; ddfs:inst|freq_divider:f_div_inst|count[19] ; ddfs:inst|freq_divider:f_div_inst|count[19] ; 1.000        ; 0.001      ; 4.438      ;
; -3.401 ; ddfs:inst|cont[0] ; ddfs:inst|cont[9]  ; ddfs:inst|freq_divider:f_div_inst|count[19] ; ddfs:inst|freq_divider:f_div_inst|count[19] ; 1.000        ; 0.001      ; 4.438      ;
; -3.400 ; ddfs:inst|cont[0] ; ddfs:inst|cont[8]  ; ddfs:inst|freq_divider:f_div_inst|count[19] ; ddfs:inst|freq_divider:f_div_inst|count[19] ; 1.000        ; 0.001      ; 4.437      ;
; -3.399 ; ddfs:inst|cont[0] ; ddfs:inst|cont[2]  ; ddfs:inst|freq_divider:f_div_inst|count[19] ; ddfs:inst|freq_divider:f_div_inst|count[19] ; 1.000        ; 0.001      ; 4.436      ;
; -3.397 ; ddfs:inst|cont[0] ; ddfs:inst|cont[5]  ; ddfs:inst|freq_divider:f_div_inst|count[19] ; ddfs:inst|freq_divider:f_div_inst|count[19] ; 1.000        ; 0.001      ; 4.434      ;
; -3.395 ; ddfs:inst|cont[0] ; ddfs:inst|cont[3]  ; ddfs:inst|freq_divider:f_div_inst|count[19] ; ddfs:inst|freq_divider:f_div_inst|count[19] ; 1.000        ; 0.001      ; 4.432      ;
; -3.385 ; ddfs:inst|cont[3] ; ddfs:inst|cont[1]  ; ddfs:inst|freq_divider:f_div_inst|count[19] ; ddfs:inst|freq_divider:f_div_inst|count[19] ; 1.000        ; -0.001     ; 4.420      ;
; -3.385 ; ddfs:inst|cont[3] ; ddfs:inst|cont[0]  ; ddfs:inst|freq_divider:f_div_inst|count[19] ; ddfs:inst|freq_divider:f_div_inst|count[19] ; 1.000        ; -0.001     ; 4.420      ;
; -3.384 ; ddfs:inst|cont[1] ; ddfs:inst|cont[1]  ; ddfs:inst|freq_divider:f_div_inst|count[19] ; ddfs:inst|freq_divider:f_div_inst|count[19] ; 1.000        ; 0.000      ; 4.420      ;
; -3.384 ; ddfs:inst|cont[1] ; ddfs:inst|cont[0]  ; ddfs:inst|freq_divider:f_div_inst|count[19] ; ddfs:inst|freq_divider:f_div_inst|count[19] ; 1.000        ; 0.000      ; 4.420      ;
; -3.373 ; ddfs:inst|cont[6] ; ddfs:inst|cont[1]  ; ddfs:inst|freq_divider:f_div_inst|count[19] ; ddfs:inst|freq_divider:f_div_inst|count[19] ; 1.000        ; -0.002     ; 4.407      ;
; -3.373 ; ddfs:inst|cont[6] ; ddfs:inst|cont[0]  ; ddfs:inst|freq_divider:f_div_inst|count[19] ; ddfs:inst|freq_divider:f_div_inst|count[19] ; 1.000        ; -0.002     ; 4.407      ;
; -3.360 ; ddfs:inst|cont[4] ; ddfs:inst|cont[1]  ; ddfs:inst|freq_divider:f_div_inst|count[19] ; ddfs:inst|freq_divider:f_div_inst|count[19] ; 1.000        ; -0.001     ; 4.395      ;
; -3.360 ; ddfs:inst|cont[4] ; ddfs:inst|cont[0]  ; ddfs:inst|freq_divider:f_div_inst|count[19] ; ddfs:inst|freq_divider:f_div_inst|count[19] ; 1.000        ; -0.001     ; 4.395      ;
; -3.341 ; ddfs:inst|cont[7] ; ddfs:inst|cont[10] ; ddfs:inst|freq_divider:f_div_inst|count[19] ; ddfs:inst|freq_divider:f_div_inst|count[19] ; 1.000        ; -0.001     ; 4.376      ;
; -3.339 ; ddfs:inst|cont[7] ; ddfs:inst|cont[11] ; ddfs:inst|freq_divider:f_div_inst|count[19] ; ddfs:inst|freq_divider:f_div_inst|count[19] ; 1.000        ; -0.001     ; 4.374      ;
; -3.337 ; ddfs:inst|cont[3] ; ddfs:inst|cont[4]  ; ddfs:inst|freq_divider:f_div_inst|count[19] ; ddfs:inst|freq_divider:f_div_inst|count[19] ; 1.000        ; 0.000      ; 4.373      ;
; -3.337 ; ddfs:inst|cont[3] ; ddfs:inst|cont[9]  ; ddfs:inst|freq_divider:f_div_inst|count[19] ; ddfs:inst|freq_divider:f_div_inst|count[19] ; 1.000        ; 0.000      ; 4.373      ;
; -3.336 ; ddfs:inst|cont[3] ; ddfs:inst|cont[8]  ; ddfs:inst|freq_divider:f_div_inst|count[19] ; ddfs:inst|freq_divider:f_div_inst|count[19] ; 1.000        ; 0.000      ; 4.372      ;
; -3.336 ; ddfs:inst|cont[1] ; ddfs:inst|cont[4]  ; ddfs:inst|freq_divider:f_div_inst|count[19] ; ddfs:inst|freq_divider:f_div_inst|count[19] ; 1.000        ; 0.001      ; 4.373      ;
; -3.336 ; ddfs:inst|cont[1] ; ddfs:inst|cont[9]  ; ddfs:inst|freq_divider:f_div_inst|count[19] ; ddfs:inst|freq_divider:f_div_inst|count[19] ; 1.000        ; 0.001      ; 4.373      ;
; -3.335 ; ddfs:inst|cont[3] ; ddfs:inst|cont[2]  ; ddfs:inst|freq_divider:f_div_inst|count[19] ; ddfs:inst|freq_divider:f_div_inst|count[19] ; 1.000        ; 0.000      ; 4.371      ;
; -3.335 ; ddfs:inst|cont[1] ; ddfs:inst|cont[8]  ; ddfs:inst|freq_divider:f_div_inst|count[19] ; ddfs:inst|freq_divider:f_div_inst|count[19] ; 1.000        ; 0.001      ; 4.372      ;
; -3.334 ; ddfs:inst|cont[1] ; ddfs:inst|cont[2]  ; ddfs:inst|freq_divider:f_div_inst|count[19] ; ddfs:inst|freq_divider:f_div_inst|count[19] ; 1.000        ; 0.001      ; 4.371      ;
; -3.333 ; ddfs:inst|cont[3] ; ddfs:inst|cont[5]  ; ddfs:inst|freq_divider:f_div_inst|count[19] ; ddfs:inst|freq_divider:f_div_inst|count[19] ; 1.000        ; 0.000      ; 4.369      ;
; -3.332 ; ddfs:inst|cont[1] ; ddfs:inst|cont[5]  ; ddfs:inst|freq_divider:f_div_inst|count[19] ; ddfs:inst|freq_divider:f_div_inst|count[19] ; 1.000        ; 0.001      ; 4.369      ;
; -3.331 ; ddfs:inst|cont[3] ; ddfs:inst|cont[3]  ; ddfs:inst|freq_divider:f_div_inst|count[19] ; ddfs:inst|freq_divider:f_div_inst|count[19] ; 1.000        ; 0.000      ; 4.367      ;
; -3.330 ; ddfs:inst|cont[1] ; ddfs:inst|cont[3]  ; ddfs:inst|freq_divider:f_div_inst|count[19] ; ddfs:inst|freq_divider:f_div_inst|count[19] ; 1.000        ; 0.001      ; 4.367      ;
; -3.325 ; ddfs:inst|cont[6] ; ddfs:inst|cont[4]  ; ddfs:inst|freq_divider:f_div_inst|count[19] ; ddfs:inst|freq_divider:f_div_inst|count[19] ; 1.000        ; -0.001     ; 4.360      ;
; -3.325 ; ddfs:inst|cont[6] ; ddfs:inst|cont[9]  ; ddfs:inst|freq_divider:f_div_inst|count[19] ; ddfs:inst|freq_divider:f_div_inst|count[19] ; 1.000        ; -0.001     ; 4.360      ;
; -3.324 ; ddfs:inst|cont[6] ; ddfs:inst|cont[8]  ; ddfs:inst|freq_divider:f_div_inst|count[19] ; ddfs:inst|freq_divider:f_div_inst|count[19] ; 1.000        ; -0.001     ; 4.359      ;
; -3.323 ; ddfs:inst|cont[6] ; ddfs:inst|cont[2]  ; ddfs:inst|freq_divider:f_div_inst|count[19] ; ddfs:inst|freq_divider:f_div_inst|count[19] ; 1.000        ; -0.001     ; 4.358      ;
; -3.321 ; ddfs:inst|cont[6] ; ddfs:inst|cont[5]  ; ddfs:inst|freq_divider:f_div_inst|count[19] ; ddfs:inst|freq_divider:f_div_inst|count[19] ; 1.000        ; -0.001     ; 4.356      ;
; -3.319 ; ddfs:inst|cont[6] ; ddfs:inst|cont[3]  ; ddfs:inst|freq_divider:f_div_inst|count[19] ; ddfs:inst|freq_divider:f_div_inst|count[19] ; 1.000        ; -0.001     ; 4.354      ;
; -3.312 ; ddfs:inst|cont[5] ; ddfs:inst|cont[6]  ; ddfs:inst|freq_divider:f_div_inst|count[19] ; ddfs:inst|freq_divider:f_div_inst|count[19] ; 1.000        ; 0.001      ; 4.349      ;
; -3.312 ; ddfs:inst|cont[4] ; ddfs:inst|cont[4]  ; ddfs:inst|freq_divider:f_div_inst|count[19] ; ddfs:inst|freq_divider:f_div_inst|count[19] ; 1.000        ; 0.000      ; 4.348      ;
; -3.312 ; ddfs:inst|cont[4] ; ddfs:inst|cont[9]  ; ddfs:inst|freq_divider:f_div_inst|count[19] ; ddfs:inst|freq_divider:f_div_inst|count[19] ; 1.000        ; 0.000      ; 4.348      ;
; -3.311 ; ddfs:inst|cont[4] ; ddfs:inst|cont[8]  ; ddfs:inst|freq_divider:f_div_inst|count[19] ; ddfs:inst|freq_divider:f_div_inst|count[19] ; 1.000        ; 0.000      ; 4.347      ;
; -3.310 ; ddfs:inst|cont[5] ; ddfs:inst|cont[7]  ; ddfs:inst|freq_divider:f_div_inst|count[19] ; ddfs:inst|freq_divider:f_div_inst|count[19] ; 1.000        ; 0.001      ; 4.347      ;
; -3.310 ; ddfs:inst|cont[4] ; ddfs:inst|cont[2]  ; ddfs:inst|freq_divider:f_div_inst|count[19] ; ddfs:inst|freq_divider:f_div_inst|count[19] ; 1.000        ; 0.000      ; 4.346      ;
; -3.308 ; ddfs:inst|cont[4] ; ddfs:inst|cont[5]  ; ddfs:inst|freq_divider:f_div_inst|count[19] ; ddfs:inst|freq_divider:f_div_inst|count[19] ; 1.000        ; 0.000      ; 4.344      ;
; -3.306 ; ddfs:inst|cont[4] ; ddfs:inst|cont[3]  ; ddfs:inst|freq_divider:f_div_inst|count[19] ; ddfs:inst|freq_divider:f_div_inst|count[19] ; 1.000        ; 0.000      ; 4.342      ;
; -3.284 ; ddfs:inst|cont[7] ; ddfs:inst|cont[1]  ; ddfs:inst|freq_divider:f_div_inst|count[19] ; ddfs:inst|freq_divider:f_div_inst|count[19] ; 1.000        ; -0.002     ; 4.318      ;
; -3.284 ; ddfs:inst|cont[7] ; ddfs:inst|cont[0]  ; ddfs:inst|freq_divider:f_div_inst|count[19] ; ddfs:inst|freq_divider:f_div_inst|count[19] ; 1.000        ; -0.002     ; 4.318      ;
; -3.236 ; ddfs:inst|cont[7] ; ddfs:inst|cont[4]  ; ddfs:inst|freq_divider:f_div_inst|count[19] ; ddfs:inst|freq_divider:f_div_inst|count[19] ; 1.000        ; -0.001     ; 4.271      ;
; -3.236 ; ddfs:inst|cont[7] ; ddfs:inst|cont[9]  ; ddfs:inst|freq_divider:f_div_inst|count[19] ; ddfs:inst|freq_divider:f_div_inst|count[19] ; 1.000        ; -0.001     ; 4.271      ;
; -3.235 ; ddfs:inst|cont[7] ; ddfs:inst|cont[8]  ; ddfs:inst|freq_divider:f_div_inst|count[19] ; ddfs:inst|freq_divider:f_div_inst|count[19] ; 1.000        ; -0.001     ; 4.270      ;
; -3.234 ; ddfs:inst|cont[7] ; ddfs:inst|cont[2]  ; ddfs:inst|freq_divider:f_div_inst|count[19] ; ddfs:inst|freq_divider:f_div_inst|count[19] ; 1.000        ; -0.001     ; 4.269      ;
; -3.232 ; ddfs:inst|cont[7] ; ddfs:inst|cont[5]  ; ddfs:inst|freq_divider:f_div_inst|count[19] ; ddfs:inst|freq_divider:f_div_inst|count[19] ; 1.000        ; -0.001     ; 4.267      ;
; -3.230 ; ddfs:inst|cont[7] ; ddfs:inst|cont[3]  ; ddfs:inst|freq_divider:f_div_inst|count[19] ; ddfs:inst|freq_divider:f_div_inst|count[19] ; 1.000        ; -0.001     ; 4.265      ;
; -3.221 ; ddfs:inst|cont[5] ; ddfs:inst|cont[10] ; ddfs:inst|freq_divider:f_div_inst|count[19] ; ddfs:inst|freq_divider:f_div_inst|count[19] ; 1.000        ; 0.000      ; 4.257      ;
; -3.219 ; ddfs:inst|cont[5] ; ddfs:inst|cont[11] ; ddfs:inst|freq_divider:f_div_inst|count[19] ; ddfs:inst|freq_divider:f_div_inst|count[19] ; 1.000        ; 0.000      ; 4.255      ;
; -3.164 ; ddfs:inst|cont[5] ; ddfs:inst|cont[1]  ; ddfs:inst|freq_divider:f_div_inst|count[19] ; ddfs:inst|freq_divider:f_div_inst|count[19] ; 1.000        ; -0.001     ; 4.199      ;
; -3.164 ; ddfs:inst|cont[5] ; ddfs:inst|cont[0]  ; ddfs:inst|freq_divider:f_div_inst|count[19] ; ddfs:inst|freq_divider:f_div_inst|count[19] ; 1.000        ; -0.001     ; 4.199      ;
; -3.116 ; ddfs:inst|cont[5] ; ddfs:inst|cont[4]  ; ddfs:inst|freq_divider:f_div_inst|count[19] ; ddfs:inst|freq_divider:f_div_inst|count[19] ; 1.000        ; 0.000      ; 4.152      ;
; -3.116 ; ddfs:inst|cont[5] ; ddfs:inst|cont[9]  ; ddfs:inst|freq_divider:f_div_inst|count[19] ; ddfs:inst|freq_divider:f_div_inst|count[19] ; 1.000        ; 0.000      ; 4.152      ;
; -3.115 ; ddfs:inst|cont[5] ; ddfs:inst|cont[8]  ; ddfs:inst|freq_divider:f_div_inst|count[19] ; ddfs:inst|freq_divider:f_div_inst|count[19] ; 1.000        ; 0.000      ; 4.151      ;
; -3.114 ; ddfs:inst|cont[5] ; ddfs:inst|cont[2]  ; ddfs:inst|freq_divider:f_div_inst|count[19] ; ddfs:inst|freq_divider:f_div_inst|count[19] ; 1.000        ; 0.000      ; 4.150      ;
; -3.112 ; ddfs:inst|cont[5] ; ddfs:inst|cont[5]  ; ddfs:inst|freq_divider:f_div_inst|count[19] ; ddfs:inst|freq_divider:f_div_inst|count[19] ; 1.000        ; 0.000      ; 4.148      ;
; -3.110 ; ddfs:inst|cont[5] ; ddfs:inst|cont[3]  ; ddfs:inst|freq_divider:f_div_inst|count[19] ; ddfs:inst|freq_divider:f_div_inst|count[19] ; 1.000        ; 0.000      ; 4.146      ;
; -3.022 ; ddfs:inst|cont[8] ; ddfs:inst|cont[10] ; ddfs:inst|freq_divider:f_div_inst|count[19] ; ddfs:inst|freq_divider:f_div_inst|count[19] ; 1.000        ; 0.000      ; 4.058      ;
; -3.020 ; ddfs:inst|cont[8] ; ddfs:inst|cont[11] ; ddfs:inst|freq_divider:f_div_inst|count[19] ; ddfs:inst|freq_divider:f_div_inst|count[19] ; 1.000        ; 0.000      ; 4.056      ;
; -3.008 ; ddfs:inst|cont[8] ; ddfs:inst|cont[6]  ; ddfs:inst|freq_divider:f_div_inst|count[19] ; ddfs:inst|freq_divider:f_div_inst|count[19] ; 1.000        ; 0.001      ; 4.045      ;
; -3.006 ; ddfs:inst|cont[8] ; ddfs:inst|cont[7]  ; ddfs:inst|freq_divider:f_div_inst|count[19] ; ddfs:inst|freq_divider:f_div_inst|count[19] ; 1.000        ; 0.001      ; 4.043      ;
+--------+-------------------+--------------------+---------------------------------------------+---------------------------------------------+--------------+------------+------------+


+-------------------------------------------------------------------------------------------------------------------------------------------------------------------------+
; Slow Model Setup: 'CLOCK_50'                                                                                                                                            ;
+--------+--------------------------------------------+---------------------------------------------+--------------+-------------+--------------+------------+------------+
; Slack  ; From Node                                  ; To Node                                     ; Launch Clock ; Latch Clock ; Relationship ; Clock Skew ; Data Delay ;
+--------+--------------------------------------------+---------------------------------------------+--------------+-------------+--------------+------------+------------+
; -3.317 ; ddfs:inst|freq_divider:f_div_inst|count[5] ; ddfs:inst|freq_divider:f_div_inst|count[3]  ; CLOCK_50     ; CLOCK_50    ; 1.000        ; 0.006      ; 4.359      ;
; -3.317 ; ddfs:inst|freq_divider:f_div_inst|count[5] ; ddfs:inst|freq_divider:f_div_inst|count[6]  ; CLOCK_50     ; CLOCK_50    ; 1.000        ; 0.006      ; 4.359      ;
; -3.316 ; ddfs:inst|freq_divider:f_div_inst|count[5] ; ddfs:inst|freq_divider:f_div_inst|count[1]  ; CLOCK_50     ; CLOCK_50    ; 1.000        ; 0.006      ; 4.358      ;
; -3.316 ; ddfs:inst|freq_divider:f_div_inst|count[5] ; ddfs:inst|freq_divider:f_div_inst|count[2]  ; CLOCK_50     ; CLOCK_50    ; 1.000        ; 0.006      ; 4.358      ;
; -3.313 ; ddfs:inst|freq_divider:f_div_inst|count[5] ; ddfs:inst|freq_divider:f_div_inst|count[0]  ; CLOCK_50     ; CLOCK_50    ; 1.000        ; 0.006      ; 4.355      ;
; -3.313 ; ddfs:inst|freq_divider:f_div_inst|count[5] ; ddfs:inst|freq_divider:f_div_inst|count[8]  ; CLOCK_50     ; CLOCK_50    ; 1.000        ; 0.006      ; 4.355      ;
; -3.307 ; ddfs:inst|freq_divider:f_div_inst|count[5] ; ddfs:inst|freq_divider:f_div_inst|count[16] ; CLOCK_50     ; CLOCK_50    ; 1.000        ; -0.004     ; 4.339      ;
; -3.288 ; ddfs:inst|freq_divider:f_div_inst|count[0] ; ddfs:inst|freq_divider:f_div_inst|count[3]  ; CLOCK_50     ; CLOCK_50    ; 1.000        ; 0.000      ; 4.324      ;
; -3.288 ; ddfs:inst|freq_divider:f_div_inst|count[0] ; ddfs:inst|freq_divider:f_div_inst|count[6]  ; CLOCK_50     ; CLOCK_50    ; 1.000        ; 0.000      ; 4.324      ;
; -3.287 ; ddfs:inst|freq_divider:f_div_inst|count[0] ; ddfs:inst|freq_divider:f_div_inst|count[1]  ; CLOCK_50     ; CLOCK_50    ; 1.000        ; 0.000      ; 4.323      ;
; -3.287 ; ddfs:inst|freq_divider:f_div_inst|count[0] ; ddfs:inst|freq_divider:f_div_inst|count[2]  ; CLOCK_50     ; CLOCK_50    ; 1.000        ; 0.000      ; 4.323      ;
; -3.284 ; ddfs:inst|freq_divider:f_div_inst|count[0] ; ddfs:inst|freq_divider:f_div_inst|count[0]  ; CLOCK_50     ; CLOCK_50    ; 1.000        ; 0.000      ; 4.320      ;
; -3.284 ; ddfs:inst|freq_divider:f_div_inst|count[0] ; ddfs:inst|freq_divider:f_div_inst|count[8]  ; CLOCK_50     ; CLOCK_50    ; 1.000        ; 0.000      ; 4.320      ;
; -3.278 ; ddfs:inst|freq_divider:f_div_inst|count[0] ; ddfs:inst|freq_divider:f_div_inst|count[16] ; CLOCK_50     ; CLOCK_50    ; 1.000        ; -0.010     ; 4.304      ;
; -3.225 ; ddfs:inst|freq_divider:f_div_inst|count[1] ; ddfs:inst|freq_divider:f_div_inst|count[3]  ; CLOCK_50     ; CLOCK_50    ; 1.000        ; 0.000      ; 4.261      ;
; -3.225 ; ddfs:inst|freq_divider:f_div_inst|count[1] ; ddfs:inst|freq_divider:f_div_inst|count[6]  ; CLOCK_50     ; CLOCK_50    ; 1.000        ; 0.000      ; 4.261      ;
; -3.224 ; ddfs:inst|freq_divider:f_div_inst|count[1] ; ddfs:inst|freq_divider:f_div_inst|count[1]  ; CLOCK_50     ; CLOCK_50    ; 1.000        ; 0.000      ; 4.260      ;
; -3.224 ; ddfs:inst|freq_divider:f_div_inst|count[1] ; ddfs:inst|freq_divider:f_div_inst|count[2]  ; CLOCK_50     ; CLOCK_50    ; 1.000        ; 0.000      ; 4.260      ;
; -3.221 ; ddfs:inst|freq_divider:f_div_inst|count[1] ; ddfs:inst|freq_divider:f_div_inst|count[0]  ; CLOCK_50     ; CLOCK_50    ; 1.000        ; 0.000      ; 4.257      ;
; -3.221 ; ddfs:inst|freq_divider:f_div_inst|count[1] ; ddfs:inst|freq_divider:f_div_inst|count[8]  ; CLOCK_50     ; CLOCK_50    ; 1.000        ; 0.000      ; 4.257      ;
; -3.215 ; ddfs:inst|freq_divider:f_div_inst|count[1] ; ddfs:inst|freq_divider:f_div_inst|count[16] ; CLOCK_50     ; CLOCK_50    ; 1.000        ; -0.010     ; 4.241      ;
; -3.104 ; ddfs:inst|freq_divider:f_div_inst|count[4] ; ddfs:inst|freq_divider:f_div_inst|count[3]  ; CLOCK_50     ; CLOCK_50    ; 1.000        ; 0.004      ; 4.144      ;
; -3.104 ; ddfs:inst|freq_divider:f_div_inst|count[4] ; ddfs:inst|freq_divider:f_div_inst|count[6]  ; CLOCK_50     ; CLOCK_50    ; 1.000        ; 0.004      ; 4.144      ;
; -3.103 ; ddfs:inst|freq_divider:f_div_inst|count[4] ; ddfs:inst|freq_divider:f_div_inst|count[1]  ; CLOCK_50     ; CLOCK_50    ; 1.000        ; 0.004      ; 4.143      ;
; -3.103 ; ddfs:inst|freq_divider:f_div_inst|count[4] ; ddfs:inst|freq_divider:f_div_inst|count[2]  ; CLOCK_50     ; CLOCK_50    ; 1.000        ; 0.004      ; 4.143      ;
; -3.102 ; ddfs:inst|freq_divider:f_div_inst|count[9] ; ddfs:inst|freq_divider:f_div_inst|count[3]  ; CLOCK_50     ; CLOCK_50    ; 1.000        ; 0.005      ; 4.143      ;
; -3.102 ; ddfs:inst|freq_divider:f_div_inst|count[9] ; ddfs:inst|freq_divider:f_div_inst|count[6]  ; CLOCK_50     ; CLOCK_50    ; 1.000        ; 0.005      ; 4.143      ;
; -3.101 ; ddfs:inst|freq_divider:f_div_inst|count[9] ; ddfs:inst|freq_divider:f_div_inst|count[1]  ; CLOCK_50     ; CLOCK_50    ; 1.000        ; 0.005      ; 4.142      ;
; -3.101 ; ddfs:inst|freq_divider:f_div_inst|count[9] ; ddfs:inst|freq_divider:f_div_inst|count[2]  ; CLOCK_50     ; CLOCK_50    ; 1.000        ; 0.005      ; 4.142      ;
; -3.100 ; ddfs:inst|freq_divider:f_div_inst|count[2] ; ddfs:inst|freq_divider:f_div_inst|count[3]  ; CLOCK_50     ; CLOCK_50    ; 1.000        ; 0.000      ; 4.136      ;
; -3.100 ; ddfs:inst|freq_divider:f_div_inst|count[2] ; ddfs:inst|freq_divider:f_div_inst|count[6]  ; CLOCK_50     ; CLOCK_50    ; 1.000        ; 0.000      ; 4.136      ;
; -3.100 ; ddfs:inst|freq_divider:f_div_inst|count[4] ; ddfs:inst|freq_divider:f_div_inst|count[0]  ; CLOCK_50     ; CLOCK_50    ; 1.000        ; 0.004      ; 4.140      ;
; -3.100 ; ddfs:inst|freq_divider:f_div_inst|count[4] ; ddfs:inst|freq_divider:f_div_inst|count[8]  ; CLOCK_50     ; CLOCK_50    ; 1.000        ; 0.004      ; 4.140      ;
; -3.099 ; ddfs:inst|freq_divider:f_div_inst|count[2] ; ddfs:inst|freq_divider:f_div_inst|count[1]  ; CLOCK_50     ; CLOCK_50    ; 1.000        ; 0.000      ; 4.135      ;
; -3.099 ; ddfs:inst|freq_divider:f_div_inst|count[2] ; ddfs:inst|freq_divider:f_div_inst|count[2]  ; CLOCK_50     ; CLOCK_50    ; 1.000        ; 0.000      ; 4.135      ;
; -3.098 ; ddfs:inst|freq_divider:f_div_inst|count[9] ; ddfs:inst|freq_divider:f_div_inst|count[0]  ; CLOCK_50     ; CLOCK_50    ; 1.000        ; 0.005      ; 4.139      ;
; -3.098 ; ddfs:inst|freq_divider:f_div_inst|count[9] ; ddfs:inst|freq_divider:f_div_inst|count[8]  ; CLOCK_50     ; CLOCK_50    ; 1.000        ; 0.005      ; 4.139      ;
; -3.096 ; ddfs:inst|freq_divider:f_div_inst|count[2] ; ddfs:inst|freq_divider:f_div_inst|count[0]  ; CLOCK_50     ; CLOCK_50    ; 1.000        ; 0.000      ; 4.132      ;
; -3.096 ; ddfs:inst|freq_divider:f_div_inst|count[2] ; ddfs:inst|freq_divider:f_div_inst|count[8]  ; CLOCK_50     ; CLOCK_50    ; 1.000        ; 0.000      ; 4.132      ;
; -3.094 ; ddfs:inst|freq_divider:f_div_inst|count[4] ; ddfs:inst|freq_divider:f_div_inst|count[16] ; CLOCK_50     ; CLOCK_50    ; 1.000        ; -0.006     ; 4.124      ;
; -3.092 ; ddfs:inst|freq_divider:f_div_inst|count[9] ; ddfs:inst|freq_divider:f_div_inst|count[16] ; CLOCK_50     ; CLOCK_50    ; 1.000        ; -0.005     ; 4.123      ;
; -3.090 ; ddfs:inst|freq_divider:f_div_inst|count[2] ; ddfs:inst|freq_divider:f_div_inst|count[16] ; CLOCK_50     ; CLOCK_50    ; 1.000        ; -0.010     ; 4.116      ;
; -3.039 ; ddfs:inst|freq_divider:f_div_inst|count[0] ; ddfs:inst|freq_divider:f_div_inst|count[19] ; CLOCK_50     ; CLOCK_50    ; 1.000        ; -0.010     ; 4.065      ;
; -3.019 ; ddfs:inst|freq_divider:f_div_inst|count[5] ; ddfs:inst|freq_divider:f_div_inst|count[17] ; CLOCK_50     ; CLOCK_50    ; 1.000        ; -0.004     ; 4.051      ;
; -3.018 ; ddfs:inst|freq_divider:f_div_inst|count[5] ; ddfs:inst|freq_divider:f_div_inst|count[18] ; CLOCK_50     ; CLOCK_50    ; 1.000        ; -0.004     ; 4.050      ;
; -2.992 ; ddfs:inst|freq_divider:f_div_inst|count[3] ; ddfs:inst|freq_divider:f_div_inst|count[3]  ; CLOCK_50     ; CLOCK_50    ; 1.000        ; 0.000      ; 4.028      ;
; -2.992 ; ddfs:inst|freq_divider:f_div_inst|count[3] ; ddfs:inst|freq_divider:f_div_inst|count[6]  ; CLOCK_50     ; CLOCK_50    ; 1.000        ; 0.000      ; 4.028      ;
; -2.991 ; ddfs:inst|freq_divider:f_div_inst|count[3] ; ddfs:inst|freq_divider:f_div_inst|count[1]  ; CLOCK_50     ; CLOCK_50    ; 1.000        ; 0.000      ; 4.027      ;
; -2.991 ; ddfs:inst|freq_divider:f_div_inst|count[3] ; ddfs:inst|freq_divider:f_div_inst|count[2]  ; CLOCK_50     ; CLOCK_50    ; 1.000        ; 0.000      ; 4.027      ;
; -2.990 ; ddfs:inst|freq_divider:f_div_inst|count[0] ; ddfs:inst|freq_divider:f_div_inst|count[17] ; CLOCK_50     ; CLOCK_50    ; 1.000        ; -0.010     ; 4.016      ;
; -2.989 ; ddfs:inst|freq_divider:f_div_inst|count[0] ; ddfs:inst|freq_divider:f_div_inst|count[18] ; CLOCK_50     ; CLOCK_50    ; 1.000        ; -0.010     ; 4.015      ;
; -2.988 ; ddfs:inst|freq_divider:f_div_inst|count[3] ; ddfs:inst|freq_divider:f_div_inst|count[0]  ; CLOCK_50     ; CLOCK_50    ; 1.000        ; 0.000      ; 4.024      ;
; -2.988 ; ddfs:inst|freq_divider:f_div_inst|count[3] ; ddfs:inst|freq_divider:f_div_inst|count[8]  ; CLOCK_50     ; CLOCK_50    ; 1.000        ; 0.000      ; 4.024      ;
; -2.982 ; ddfs:inst|freq_divider:f_div_inst|count[3] ; ddfs:inst|freq_divider:f_div_inst|count[16] ; CLOCK_50     ; CLOCK_50    ; 1.000        ; -0.010     ; 4.008      ;
; -2.977 ; ddfs:inst|freq_divider:f_div_inst|count[5] ; ddfs:inst|freq_divider:f_div_inst|count[9]  ; CLOCK_50     ; CLOCK_50    ; 1.000        ; 0.001      ; 4.014      ;
; -2.948 ; ddfs:inst|freq_divider:f_div_inst|count[0] ; ddfs:inst|freq_divider:f_div_inst|count[9]  ; CLOCK_50     ; CLOCK_50    ; 1.000        ; -0.005     ; 3.979      ;
; -2.927 ; ddfs:inst|freq_divider:f_div_inst|count[1] ; ddfs:inst|freq_divider:f_div_inst|count[17] ; CLOCK_50     ; CLOCK_50    ; 1.000        ; -0.010     ; 3.953      ;
; -2.926 ; ddfs:inst|freq_divider:f_div_inst|count[1] ; ddfs:inst|freq_divider:f_div_inst|count[18] ; CLOCK_50     ; CLOCK_50    ; 1.000        ; -0.010     ; 3.952      ;
; -2.894 ; ddfs:inst|freq_divider:f_div_inst|count[7] ; ddfs:inst|freq_divider:f_div_inst|count[3]  ; CLOCK_50     ; CLOCK_50    ; 1.000        ; 0.004      ; 3.934      ;
; -2.894 ; ddfs:inst|freq_divider:f_div_inst|count[7] ; ddfs:inst|freq_divider:f_div_inst|count[6]  ; CLOCK_50     ; CLOCK_50    ; 1.000        ; 0.004      ; 3.934      ;
; -2.893 ; ddfs:inst|freq_divider:f_div_inst|count[7] ; ddfs:inst|freq_divider:f_div_inst|count[1]  ; CLOCK_50     ; CLOCK_50    ; 1.000        ; 0.004      ; 3.933      ;
; -2.893 ; ddfs:inst|freq_divider:f_div_inst|count[7] ; ddfs:inst|freq_divider:f_div_inst|count[2]  ; CLOCK_50     ; CLOCK_50    ; 1.000        ; 0.004      ; 3.933      ;
; -2.890 ; ddfs:inst|freq_divider:f_div_inst|count[7] ; ddfs:inst|freq_divider:f_div_inst|count[0]  ; CLOCK_50     ; CLOCK_50    ; 1.000        ; 0.004      ; 3.930      ;
; -2.890 ; ddfs:inst|freq_divider:f_div_inst|count[7] ; ddfs:inst|freq_divider:f_div_inst|count[8]  ; CLOCK_50     ; CLOCK_50    ; 1.000        ; 0.004      ; 3.930      ;
; -2.885 ; ddfs:inst|freq_divider:f_div_inst|count[1] ; ddfs:inst|freq_divider:f_div_inst|count[9]  ; CLOCK_50     ; CLOCK_50    ; 1.000        ; -0.005     ; 3.916      ;
; -2.884 ; ddfs:inst|freq_divider:f_div_inst|count[7] ; ddfs:inst|freq_divider:f_div_inst|count[16] ; CLOCK_50     ; CLOCK_50    ; 1.000        ; -0.006     ; 3.914      ;
; -2.878 ; ddfs:inst|freq_divider:f_div_inst|count[5] ; ddfs:inst|freq_divider:f_div_inst|count[4]  ; CLOCK_50     ; CLOCK_50    ; 1.000        ; 0.002      ; 3.916      ;
; -2.877 ; ddfs:inst|freq_divider:f_div_inst|count[5] ; ddfs:inst|freq_divider:f_div_inst|count[7]  ; CLOCK_50     ; CLOCK_50    ; 1.000        ; 0.002      ; 3.915      ;
; -2.869 ; ddfs:inst|freq_divider:f_div_inst|count[5] ; ddfs:inst|freq_divider:f_div_inst|count[19] ; CLOCK_50     ; CLOCK_50    ; 1.000        ; -0.004     ; 3.901      ;
; -2.849 ; ddfs:inst|freq_divider:f_div_inst|count[0] ; ddfs:inst|freq_divider:f_div_inst|count[4]  ; CLOCK_50     ; CLOCK_50    ; 1.000        ; -0.004     ; 3.881      ;
; -2.848 ; ddfs:inst|freq_divider:f_div_inst|count[0] ; ddfs:inst|freq_divider:f_div_inst|count[7]  ; CLOCK_50     ; CLOCK_50    ; 1.000        ; -0.004     ; 3.880      ;
; -2.845 ; ddfs:inst|freq_divider:f_div_inst|count[0] ; ddfs:inst|freq_divider:f_div_inst|count[15] ; CLOCK_50     ; CLOCK_50    ; 1.000        ; -0.006     ; 3.875      ;
; -2.821 ; ddfs:inst|freq_divider:f_div_inst|count[2] ; ddfs:inst|freq_divider:f_div_inst|count[19] ; CLOCK_50     ; CLOCK_50    ; 1.000        ; -0.010     ; 3.847      ;
; -2.818 ; ddfs:inst|freq_divider:f_div_inst|count[1] ; ddfs:inst|freq_divider:f_div_inst|count[19] ; CLOCK_50     ; CLOCK_50    ; 1.000        ; -0.010     ; 3.844      ;
; -2.815 ; ddfs:inst|freq_divider:f_div_inst|count[6] ; ddfs:inst|freq_divider:f_div_inst|count[3]  ; CLOCK_50     ; CLOCK_50    ; 1.000        ; 0.000      ; 3.851      ;
; -2.815 ; ddfs:inst|freq_divider:f_div_inst|count[6] ; ddfs:inst|freq_divider:f_div_inst|count[6]  ; CLOCK_50     ; CLOCK_50    ; 1.000        ; 0.000      ; 3.851      ;
; -2.814 ; ddfs:inst|freq_divider:f_div_inst|count[6] ; ddfs:inst|freq_divider:f_div_inst|count[1]  ; CLOCK_50     ; CLOCK_50    ; 1.000        ; 0.000      ; 3.850      ;
; -2.814 ; ddfs:inst|freq_divider:f_div_inst|count[6] ; ddfs:inst|freq_divider:f_div_inst|count[2]  ; CLOCK_50     ; CLOCK_50    ; 1.000        ; 0.000      ; 3.850      ;
; -2.811 ; ddfs:inst|freq_divider:f_div_inst|count[6] ; ddfs:inst|freq_divider:f_div_inst|count[0]  ; CLOCK_50     ; CLOCK_50    ; 1.000        ; 0.000      ; 3.847      ;
; -2.811 ; ddfs:inst|freq_divider:f_div_inst|count[6] ; ddfs:inst|freq_divider:f_div_inst|count[8]  ; CLOCK_50     ; CLOCK_50    ; 1.000        ; 0.000      ; 3.847      ;
; -2.806 ; ddfs:inst|freq_divider:f_div_inst|count[4] ; ddfs:inst|freq_divider:f_div_inst|count[17] ; CLOCK_50     ; CLOCK_50    ; 1.000        ; -0.006     ; 3.836      ;
; -2.805 ; ddfs:inst|freq_divider:f_div_inst|count[5] ; ddfs:inst|freq_divider:f_div_inst|count[13] ; CLOCK_50     ; CLOCK_50    ; 1.000        ; 0.000      ; 3.841      ;
; -2.805 ; ddfs:inst|freq_divider:f_div_inst|count[6] ; ddfs:inst|freq_divider:f_div_inst|count[16] ; CLOCK_50     ; CLOCK_50    ; 1.000        ; -0.010     ; 3.831      ;
; -2.805 ; ddfs:inst|freq_divider:f_div_inst|count[4] ; ddfs:inst|freq_divider:f_div_inst|count[18] ; CLOCK_50     ; CLOCK_50    ; 1.000        ; -0.006     ; 3.835      ;
; -2.804 ; ddfs:inst|freq_divider:f_div_inst|count[5] ; ddfs:inst|freq_divider:f_div_inst|count[5]  ; CLOCK_50     ; CLOCK_50    ; 1.000        ; 0.000      ; 3.840      ;
; -2.804 ; ddfs:inst|freq_divider:f_div_inst|count[9] ; ddfs:inst|freq_divider:f_div_inst|count[17] ; CLOCK_50     ; CLOCK_50    ; 1.000        ; -0.005     ; 3.835      ;
; -2.804 ; ddfs:inst|freq_divider:f_div_inst|count[5] ; ddfs:inst|freq_divider:f_div_inst|count[15] ; CLOCK_50     ; CLOCK_50    ; 1.000        ; 0.000      ; 3.840      ;
; -2.803 ; ddfs:inst|freq_divider:f_div_inst|count[9] ; ddfs:inst|freq_divider:f_div_inst|count[18] ; CLOCK_50     ; CLOCK_50    ; 1.000        ; -0.005     ; 3.834      ;
; -2.802 ; ddfs:inst|freq_divider:f_div_inst|count[2] ; ddfs:inst|freq_divider:f_div_inst|count[17] ; CLOCK_50     ; CLOCK_50    ; 1.000        ; -0.010     ; 3.828      ;
; -2.801 ; ddfs:inst|freq_divider:f_div_inst|count[2] ; ddfs:inst|freq_divider:f_div_inst|count[18] ; CLOCK_50     ; CLOCK_50    ; 1.000        ; -0.010     ; 3.827      ;
; -2.786 ; ddfs:inst|freq_divider:f_div_inst|count[1] ; ddfs:inst|freq_divider:f_div_inst|count[4]  ; CLOCK_50     ; CLOCK_50    ; 1.000        ; -0.004     ; 3.818      ;
; -2.785 ; ddfs:inst|freq_divider:f_div_inst|count[1] ; ddfs:inst|freq_divider:f_div_inst|count[7]  ; CLOCK_50     ; CLOCK_50    ; 1.000        ; -0.004     ; 3.817      ;
; -2.776 ; ddfs:inst|freq_divider:f_div_inst|count[0] ; ddfs:inst|freq_divider:f_div_inst|count[13] ; CLOCK_50     ; CLOCK_50    ; 1.000        ; -0.006     ; 3.806      ;
; -2.775 ; ddfs:inst|freq_divider:f_div_inst|count[0] ; ddfs:inst|freq_divider:f_div_inst|count[5]  ; CLOCK_50     ; CLOCK_50    ; 1.000        ; -0.006     ; 3.805      ;
; -2.764 ; ddfs:inst|freq_divider:f_div_inst|count[4] ; ddfs:inst|freq_divider:f_div_inst|count[9]  ; CLOCK_50     ; CLOCK_50    ; 1.000        ; -0.001     ; 3.799      ;
; -2.762 ; ddfs:inst|freq_divider:f_div_inst|count[9] ; ddfs:inst|freq_divider:f_div_inst|count[9]  ; CLOCK_50     ; CLOCK_50    ; 1.000        ; 0.000      ; 3.798      ;
; -2.760 ; ddfs:inst|freq_divider:f_div_inst|count[2] ; ddfs:inst|freq_divider:f_div_inst|count[9]  ; CLOCK_50     ; CLOCK_50    ; 1.000        ; -0.005     ; 3.791      ;
; -2.717 ; ddfs:inst|freq_divider:f_div_inst|count[5] ; ddfs:inst|freq_divider:f_div_inst|count[10] ; CLOCK_50     ; CLOCK_50    ; 1.000        ; 0.000      ; 3.753      ;
; -2.713 ; ddfs:inst|freq_divider:f_div_inst|count[1] ; ddfs:inst|freq_divider:f_div_inst|count[13] ; CLOCK_50     ; CLOCK_50    ; 1.000        ; -0.006     ; 3.743      ;
; -2.712 ; ddfs:inst|freq_divider:f_div_inst|count[1] ; ddfs:inst|freq_divider:f_div_inst|count[5]  ; CLOCK_50     ; CLOCK_50    ; 1.000        ; -0.006     ; 3.742      ;
+--------+--------------------------------------------+---------------------------------------------+--------------+-------------+--------------+------------+------------+


+---------------------------------------------------------------------------------------------------------------------------------------------------------------------------------------------------------+
; Slow Model Hold: 'CLOCK_50'                                                                                                                                                                             ;
+--------+---------------------------------------------+---------------------------------------------+---------------------------------------------+-------------+--------------+------------+------------+
; Slack  ; From Node                                   ; To Node                                     ; Launch Clock                                ; Latch Clock ; Relationship ; Clock Skew ; Data Delay ;
+--------+---------------------------------------------+---------------------------------------------+---------------------------------------------+-------------+--------------+------------+------------+
; -1.671 ; ddfs:inst|freq_divider:f_div_inst|count[19] ; ddfs:inst|freq_divider:f_div_inst|count[19] ; ddfs:inst|freq_divider:f_div_inst|count[19] ; CLOCK_50    ; 0.000        ; 2.655      ; 1.500      ;
; -1.577 ; ddfs:inst|freq_divider:f_div_inst|count[19] ; ddfs:inst|freq_divider:f_div_inst|count[12] ; ddfs:inst|freq_divider:f_div_inst|count[19] ; CLOCK_50    ; 0.000        ; 2.659      ; 1.598      ;
; -1.546 ; ddfs:inst|freq_divider:f_div_inst|count[19] ; ddfs:inst|freq_divider:f_div_inst|count[14] ; ddfs:inst|freq_divider:f_div_inst|count[19] ; CLOCK_50    ; 0.000        ; 2.655      ; 1.625      ;
; -1.545 ; ddfs:inst|freq_divider:f_div_inst|count[19] ; ddfs:inst|freq_divider:f_div_inst|count[11] ; ddfs:inst|freq_divider:f_div_inst|count[19] ; CLOCK_50    ; 0.000        ; 2.655      ; 1.626      ;
; -1.449 ; ddfs:inst|freq_divider:f_div_inst|count[19] ; ddfs:inst|freq_divider:f_div_inst|count[10] ; ddfs:inst|freq_divider:f_div_inst|count[19] ; CLOCK_50    ; 0.000        ; 2.659      ; 1.726      ;
; -1.362 ; ddfs:inst|freq_divider:f_div_inst|count[19] ; ddfs:inst|freq_divider:f_div_inst|count[5]  ; ddfs:inst|freq_divider:f_div_inst|count[19] ; CLOCK_50    ; 0.000        ; 2.659      ; 1.813      ;
; -1.362 ; ddfs:inst|freq_divider:f_div_inst|count[19] ; ddfs:inst|freq_divider:f_div_inst|count[15] ; ddfs:inst|freq_divider:f_div_inst|count[19] ; CLOCK_50    ; 0.000        ; 2.659      ; 1.813      ;
; -1.361 ; ddfs:inst|freq_divider:f_div_inst|count[19] ; ddfs:inst|freq_divider:f_div_inst|count[13] ; ddfs:inst|freq_divider:f_div_inst|count[19] ; CLOCK_50    ; 0.000        ; 2.659      ; 1.814      ;
; -1.289 ; ddfs:inst|freq_divider:f_div_inst|count[19] ; ddfs:inst|freq_divider:f_div_inst|count[7]  ; ddfs:inst|freq_divider:f_div_inst|count[19] ; CLOCK_50    ; 0.000        ; 2.661      ; 1.888      ;
; -1.288 ; ddfs:inst|freq_divider:f_div_inst|count[19] ; ddfs:inst|freq_divider:f_div_inst|count[4]  ; ddfs:inst|freq_divider:f_div_inst|count[19] ; CLOCK_50    ; 0.000        ; 2.661      ; 1.889      ;
; -1.189 ; ddfs:inst|freq_divider:f_div_inst|count[19] ; ddfs:inst|freq_divider:f_div_inst|count[9]  ; ddfs:inst|freq_divider:f_div_inst|count[19] ; CLOCK_50    ; 0.000        ; 2.660      ; 1.987      ;
; -1.171 ; ddfs:inst|freq_divider:f_div_inst|count[19] ; ddfs:inst|freq_divider:f_div_inst|count[19] ; ddfs:inst|freq_divider:f_div_inst|count[19] ; CLOCK_50    ; -0.500       ; 2.655      ; 1.500      ;
; -1.148 ; ddfs:inst|freq_divider:f_div_inst|count[19] ; ddfs:inst|freq_divider:f_div_inst|count[18] ; ddfs:inst|freq_divider:f_div_inst|count[19] ; CLOCK_50    ; 0.000        ; 2.655      ; 2.023      ;
; -1.147 ; ddfs:inst|freq_divider:f_div_inst|count[19] ; ddfs:inst|freq_divider:f_div_inst|count[17] ; ddfs:inst|freq_divider:f_div_inst|count[19] ; CLOCK_50    ; 0.000        ; 2.655      ; 2.024      ;
; -1.077 ; ddfs:inst|freq_divider:f_div_inst|count[19] ; ddfs:inst|freq_divider:f_div_inst|count[12] ; ddfs:inst|freq_divider:f_div_inst|count[19] ; CLOCK_50    ; -0.500       ; 2.659      ; 1.598      ;
; -1.046 ; ddfs:inst|freq_divider:f_div_inst|count[19] ; ddfs:inst|freq_divider:f_div_inst|count[14] ; ddfs:inst|freq_divider:f_div_inst|count[19] ; CLOCK_50    ; -0.500       ; 2.655      ; 1.625      ;
; -1.045 ; ddfs:inst|freq_divider:f_div_inst|count[19] ; ddfs:inst|freq_divider:f_div_inst|count[11] ; ddfs:inst|freq_divider:f_div_inst|count[19] ; CLOCK_50    ; -0.500       ; 2.655      ; 1.626      ;
; -0.949 ; ddfs:inst|freq_divider:f_div_inst|count[19] ; ddfs:inst|freq_divider:f_div_inst|count[10] ; ddfs:inst|freq_divider:f_div_inst|count[19] ; CLOCK_50    ; -0.500       ; 2.659      ; 1.726      ;
; -0.862 ; ddfs:inst|freq_divider:f_div_inst|count[19] ; ddfs:inst|freq_divider:f_div_inst|count[5]  ; ddfs:inst|freq_divider:f_div_inst|count[19] ; CLOCK_50    ; -0.500       ; 2.659      ; 1.813      ;
; -0.862 ; ddfs:inst|freq_divider:f_div_inst|count[19] ; ddfs:inst|freq_divider:f_div_inst|count[15] ; ddfs:inst|freq_divider:f_div_inst|count[19] ; CLOCK_50    ; -0.500       ; 2.659      ; 1.813      ;
; -0.861 ; ddfs:inst|freq_divider:f_div_inst|count[19] ; ddfs:inst|freq_divider:f_div_inst|count[13] ; ddfs:inst|freq_divider:f_div_inst|count[19] ; CLOCK_50    ; -0.500       ; 2.659      ; 1.814      ;
; -0.859 ; ddfs:inst|freq_divider:f_div_inst|count[19] ; ddfs:inst|freq_divider:f_div_inst|count[16] ; ddfs:inst|freq_divider:f_div_inst|count[19] ; CLOCK_50    ; 0.000        ; 2.655      ; 2.312      ;
; -0.853 ; ddfs:inst|freq_divider:f_div_inst|count[19] ; ddfs:inst|freq_divider:f_div_inst|count[0]  ; ddfs:inst|freq_divider:f_div_inst|count[19] ; CLOCK_50    ; 0.000        ; 2.665      ; 2.328      ;
; -0.853 ; ddfs:inst|freq_divider:f_div_inst|count[19] ; ddfs:inst|freq_divider:f_div_inst|count[8]  ; ddfs:inst|freq_divider:f_div_inst|count[19] ; CLOCK_50    ; 0.000        ; 2.665      ; 2.328      ;
; -0.850 ; ddfs:inst|freq_divider:f_div_inst|count[19] ; ddfs:inst|freq_divider:f_div_inst|count[1]  ; ddfs:inst|freq_divider:f_div_inst|count[19] ; CLOCK_50    ; 0.000        ; 2.665      ; 2.331      ;
; -0.850 ; ddfs:inst|freq_divider:f_div_inst|count[19] ; ddfs:inst|freq_divider:f_div_inst|count[2]  ; ddfs:inst|freq_divider:f_div_inst|count[19] ; CLOCK_50    ; 0.000        ; 2.665      ; 2.331      ;
; -0.849 ; ddfs:inst|freq_divider:f_div_inst|count[19] ; ddfs:inst|freq_divider:f_div_inst|count[3]  ; ddfs:inst|freq_divider:f_div_inst|count[19] ; CLOCK_50    ; 0.000        ; 2.665      ; 2.332      ;
; -0.849 ; ddfs:inst|freq_divider:f_div_inst|count[19] ; ddfs:inst|freq_divider:f_div_inst|count[6]  ; ddfs:inst|freq_divider:f_div_inst|count[19] ; CLOCK_50    ; 0.000        ; 2.665      ; 2.332      ;
; -0.789 ; ddfs:inst|freq_divider:f_div_inst|count[19] ; ddfs:inst|freq_divider:f_div_inst|count[7]  ; ddfs:inst|freq_divider:f_div_inst|count[19] ; CLOCK_50    ; -0.500       ; 2.661      ; 1.888      ;
; -0.788 ; ddfs:inst|freq_divider:f_div_inst|count[19] ; ddfs:inst|freq_divider:f_div_inst|count[4]  ; ddfs:inst|freq_divider:f_div_inst|count[19] ; CLOCK_50    ; -0.500       ; 2.661      ; 1.889      ;
; -0.689 ; ddfs:inst|freq_divider:f_div_inst|count[19] ; ddfs:inst|freq_divider:f_div_inst|count[9]  ; ddfs:inst|freq_divider:f_div_inst|count[19] ; CLOCK_50    ; -0.500       ; 2.660      ; 1.987      ;
; -0.648 ; ddfs:inst|freq_divider:f_div_inst|count[19] ; ddfs:inst|freq_divider:f_div_inst|count[18] ; ddfs:inst|freq_divider:f_div_inst|count[19] ; CLOCK_50    ; -0.500       ; 2.655      ; 2.023      ;
; -0.647 ; ddfs:inst|freq_divider:f_div_inst|count[19] ; ddfs:inst|freq_divider:f_div_inst|count[17] ; ddfs:inst|freq_divider:f_div_inst|count[19] ; CLOCK_50    ; -0.500       ; 2.655      ; 2.024      ;
; -0.359 ; ddfs:inst|freq_divider:f_div_inst|count[19] ; ddfs:inst|freq_divider:f_div_inst|count[16] ; ddfs:inst|freq_divider:f_div_inst|count[19] ; CLOCK_50    ; -0.500       ; 2.655      ; 2.312      ;
; -0.353 ; ddfs:inst|freq_divider:f_div_inst|count[19] ; ddfs:inst|freq_divider:f_div_inst|count[0]  ; ddfs:inst|freq_divider:f_div_inst|count[19] ; CLOCK_50    ; -0.500       ; 2.665      ; 2.328      ;
; -0.353 ; ddfs:inst|freq_divider:f_div_inst|count[19] ; ddfs:inst|freq_divider:f_div_inst|count[8]  ; ddfs:inst|freq_divider:f_div_inst|count[19] ; CLOCK_50    ; -0.500       ; 2.665      ; 2.328      ;
; -0.350 ; ddfs:inst|freq_divider:f_div_inst|count[19] ; ddfs:inst|freq_divider:f_div_inst|count[1]  ; ddfs:inst|freq_divider:f_div_inst|count[19] ; CLOCK_50    ; -0.500       ; 2.665      ; 2.331      ;
; -0.350 ; ddfs:inst|freq_divider:f_div_inst|count[19] ; ddfs:inst|freq_divider:f_div_inst|count[2]  ; ddfs:inst|freq_divider:f_div_inst|count[19] ; CLOCK_50    ; -0.500       ; 2.665      ; 2.331      ;
; -0.349 ; ddfs:inst|freq_divider:f_div_inst|count[19] ; ddfs:inst|freq_divider:f_div_inst|count[3]  ; ddfs:inst|freq_divider:f_div_inst|count[19] ; CLOCK_50    ; -0.500       ; 2.665      ; 2.332      ;
; -0.349 ; ddfs:inst|freq_divider:f_div_inst|count[19] ; ddfs:inst|freq_divider:f_div_inst|count[6]  ; ddfs:inst|freq_divider:f_div_inst|count[19] ; CLOCK_50    ; -0.500       ; 2.665      ; 2.332      ;
; 1.329  ; ddfs:inst|freq_divider:f_div_inst|count[17] ; ddfs:inst|freq_divider:f_div_inst|count[17] ; CLOCK_50                                    ; CLOCK_50    ; 0.000        ; 0.000      ; 1.595      ;
; 1.334  ; ddfs:inst|freq_divider:f_div_inst|count[18] ; ddfs:inst|freq_divider:f_div_inst|count[18] ; CLOCK_50                                    ; CLOCK_50    ; 0.000        ; 0.000      ; 1.600      ;
; 1.357  ; ddfs:inst|freq_divider:f_div_inst|count[4]  ; ddfs:inst|freq_divider:f_div_inst|count[4]  ; CLOCK_50                                    ; CLOCK_50    ; 0.000        ; 0.000      ; 1.623      ;
; 1.369  ; ddfs:inst|freq_divider:f_div_inst|count[14] ; ddfs:inst|freq_divider:f_div_inst|count[14] ; CLOCK_50                                    ; CLOCK_50    ; 0.000        ; 0.000      ; 1.635      ;
; 1.464  ; ddfs:inst|freq_divider:f_div_inst|count[7]  ; ddfs:inst|freq_divider:f_div_inst|count[7]  ; CLOCK_50                                    ; CLOCK_50    ; 0.000        ; 0.000      ; 1.730      ;
; 1.506  ; ddfs:inst|freq_divider:f_div_inst|count[16] ; ddfs:inst|freq_divider:f_div_inst|count[16] ; CLOCK_50                                    ; CLOCK_50    ; 0.000        ; 0.000      ; 1.772      ;
; 1.542  ; ddfs:inst|freq_divider:f_div_inst|count[11] ; ddfs:inst|freq_divider:f_div_inst|count[11] ; CLOCK_50                                    ; CLOCK_50    ; 0.000        ; 0.000      ; 1.808      ;
; 1.701  ; ddfs:inst|freq_divider:f_div_inst|count[12] ; ddfs:inst|freq_divider:f_div_inst|count[12] ; CLOCK_50                                    ; CLOCK_50    ; 0.000        ; 0.000      ; 1.967      ;
; 1.713  ; ddfs:inst|freq_divider:f_div_inst|count[16] ; ddfs:inst|freq_divider:f_div_inst|count[17] ; CLOCK_50                                    ; CLOCK_50    ; 0.000        ; 0.000      ; 1.979      ;
; 1.753  ; ddfs:inst|freq_divider:f_div_inst|count[10] ; ddfs:inst|freq_divider:f_div_inst|count[10] ; CLOCK_50                                    ; CLOCK_50    ; 0.000        ; 0.000      ; 2.019      ;
; 1.809  ; ddfs:inst|freq_divider:f_div_inst|count[17] ; ddfs:inst|freq_divider:f_div_inst|count[18] ; CLOCK_50                                    ; CLOCK_50    ; 0.000        ; 0.000      ; 2.075      ;
; 1.848  ; ddfs:inst|freq_divider:f_div_inst|count[6]  ; ddfs:inst|freq_divider:f_div_inst|count[6]  ; CLOCK_50                                    ; CLOCK_50    ; 0.000        ; 0.000      ; 2.114      ;
; 1.848  ; ddfs:inst|freq_divider:f_div_inst|count[8]  ; ddfs:inst|freq_divider:f_div_inst|count[8]  ; CLOCK_50                                    ; CLOCK_50    ; 0.000        ; 0.000      ; 2.114      ;
; 1.854  ; ddfs:inst|freq_divider:f_div_inst|count[3]  ; ddfs:inst|freq_divider:f_div_inst|count[3]  ; CLOCK_50                                    ; CLOCK_50    ; 0.000        ; 0.000      ; 2.120      ;
; 1.877  ; ddfs:inst|freq_divider:f_div_inst|count[16] ; ddfs:inst|freq_divider:f_div_inst|count[18] ; CLOCK_50                                    ; CLOCK_50    ; 0.000        ; 0.000      ; 2.143      ;
; 1.891  ; ddfs:inst|freq_divider:f_div_inst|count[14] ; ddfs:inst|freq_divider:f_div_inst|count[17] ; CLOCK_50                                    ; CLOCK_50    ; 0.000        ; 0.000      ; 2.157      ;
; 1.895  ; ddfs:inst|freq_divider:f_div_inst|count[15] ; ddfs:inst|freq_divider:f_div_inst|count[15] ; CLOCK_50                                    ; CLOCK_50    ; 0.000        ; 0.000      ; 2.161      ;
; 1.895  ; ddfs:inst|freq_divider:f_div_inst|count[18] ; ddfs:inst|freq_divider:f_div_inst|count[19] ; CLOCK_50                                    ; CLOCK_50    ; 0.000        ; 0.000      ; 2.161      ;
; 1.898  ; ddfs:inst|freq_divider:f_div_inst|count[11] ; ddfs:inst|freq_divider:f_div_inst|count[14] ; CLOCK_50                                    ; CLOCK_50    ; 0.000        ; 0.000      ; 2.164      ;
; 1.906  ; ddfs:inst|freq_divider:f_div_inst|count[3]  ; ddfs:inst|freq_divider:f_div_inst|count[4]  ; CLOCK_50                                    ; CLOCK_50    ; 0.000        ; -0.004     ; 2.168      ;
; 1.924  ; ddfs:inst|freq_divider:f_div_inst|count[13] ; ddfs:inst|freq_divider:f_div_inst|count[13] ; CLOCK_50                                    ; CLOCK_50    ; 0.000        ; 0.000      ; 2.190      ;
; 1.938  ; ddfs:inst|freq_divider:f_div_inst|count[11] ; ddfs:inst|freq_divider:f_div_inst|count[12] ; CLOCK_50                                    ; CLOCK_50    ; 0.000        ; 0.004      ; 2.208      ;
; 1.954  ; ddfs:inst|freq_divider:f_div_inst|count[1]  ; ddfs:inst|freq_divider:f_div_inst|count[1]  ; CLOCK_50                                    ; CLOCK_50    ; 0.000        ; 0.000      ; 2.220      ;
; 1.973  ; ddfs:inst|freq_divider:f_div_inst|count[12] ; ddfs:inst|freq_divider:f_div_inst|count[14] ; CLOCK_50                                    ; CLOCK_50    ; 0.000        ; -0.004     ; 2.235      ;
; 1.978  ; ddfs:inst|freq_divider:f_div_inst|count[18] ; ddfs:inst|freq_divider:f_div_inst|count[12] ; CLOCK_50                                    ; CLOCK_50    ; 0.000        ; 0.004      ; 2.248      ;
; 1.988  ; ddfs:inst|freq_divider:f_div_inst|count[15] ; ddfs:inst|freq_divider:f_div_inst|count[17] ; CLOCK_50                                    ; CLOCK_50    ; 0.000        ; -0.004     ; 2.250      ;
; 1.996  ; ddfs:inst|freq_divider:f_div_inst|count[14] ; ddfs:inst|freq_divider:f_div_inst|count[16] ; CLOCK_50                                    ; CLOCK_50    ; 0.000        ; 0.000      ; 2.262      ;
; 2.009  ; ddfs:inst|freq_divider:f_div_inst|count[18] ; ddfs:inst|freq_divider:f_div_inst|count[14] ; CLOCK_50                                    ; CLOCK_50    ; 0.000        ; 0.000      ; 2.275      ;
; 2.010  ; ddfs:inst|freq_divider:f_div_inst|count[18] ; ddfs:inst|freq_divider:f_div_inst|count[11] ; CLOCK_50                                    ; CLOCK_50    ; 0.000        ; 0.000      ; 2.276      ;
; 2.015  ; ddfs:inst|freq_divider:f_div_inst|count[11] ; ddfs:inst|freq_divider:f_div_inst|count[13] ; CLOCK_50                                    ; CLOCK_50    ; 0.000        ; 0.004      ; 2.285      ;
; 2.026  ; ddfs:inst|freq_divider:f_div_inst|count[4]  ; ddfs:inst|freq_divider:f_div_inst|count[7]  ; CLOCK_50                                    ; CLOCK_50    ; 0.000        ; 0.000      ; 2.292      ;
; 2.030  ; ddfs:inst|freq_divider:f_div_inst|count[7]  ; ddfs:inst|freq_divider:f_div_inst|count[8]  ; CLOCK_50                                    ; CLOCK_50    ; 0.000        ; 0.004      ; 2.300      ;
; 2.039  ; ddfs:inst|freq_divider:f_div_inst|count[10] ; ddfs:inst|freq_divider:f_div_inst|count[11] ; CLOCK_50                                    ; CLOCK_50    ; 0.000        ; -0.004     ; 2.301      ;
; 2.044  ; ddfs:inst|freq_divider:f_div_inst|count[6]  ; ddfs:inst|freq_divider:f_div_inst|count[7]  ; CLOCK_50                                    ; CLOCK_50    ; 0.000        ; -0.004     ; 2.306      ;
; 2.055  ; ddfs:inst|freq_divider:f_div_inst|count[14] ; ddfs:inst|freq_divider:f_div_inst|count[18] ; CLOCK_50                                    ; CLOCK_50    ; 0.000        ; 0.000      ; 2.321      ;
; 2.058  ; ddfs:inst|freq_divider:f_div_inst|count[17] ; ddfs:inst|freq_divider:f_div_inst|count[19] ; CLOCK_50                                    ; CLOCK_50    ; 0.000        ; 0.000      ; 2.324      ;
; 2.070  ; ddfs:inst|freq_divider:f_div_inst|count[0]  ; ddfs:inst|freq_divider:f_div_inst|count[0]  ; CLOCK_50                                    ; CLOCK_50    ; 0.000        ; 0.000      ; 2.336      ;
; 2.080  ; ddfs:inst|freq_divider:f_div_inst|count[10] ; ddfs:inst|freq_divider:f_div_inst|count[14] ; CLOCK_50                                    ; CLOCK_50    ; 0.000        ; -0.004     ; 2.342      ;
; 2.090  ; ddfs:inst|freq_divider:f_div_inst|count[12] ; ddfs:inst|freq_divider:f_div_inst|count[13] ; CLOCK_50                                    ; CLOCK_50    ; 0.000        ; 0.000      ; 2.356      ;
; 2.093  ; ddfs:inst|freq_divider:f_div_inst|count[15] ; ddfs:inst|freq_divider:f_div_inst|count[16] ; CLOCK_50                                    ; CLOCK_50    ; 0.000        ; -0.004     ; 2.355      ;
; 2.105  ; ddfs:inst|freq_divider:f_div_inst|count[11] ; ddfs:inst|freq_divider:f_div_inst|count[17] ; CLOCK_50                                    ; CLOCK_50    ; 0.000        ; 0.000      ; 2.371      ;
; 2.106  ; ddfs:inst|freq_divider:f_div_inst|count[18] ; ddfs:inst|freq_divider:f_div_inst|count[10] ; CLOCK_50                                    ; CLOCK_50    ; 0.000        ; 0.004      ; 2.376      ;
; 2.110  ; ddfs:inst|freq_divider:f_div_inst|count[14] ; ddfs:inst|freq_divider:f_div_inst|count[15] ; CLOCK_50                                    ; CLOCK_50    ; 0.000        ; 0.004      ; 2.380      ;
; 2.119  ; ddfs:inst|freq_divider:f_div_inst|count[13] ; ddfs:inst|freq_divider:f_div_inst|count[14] ; CLOCK_50                                    ; CLOCK_50    ; 0.000        ; -0.004     ; 2.381      ;
; 2.120  ; ddfs:inst|freq_divider:f_div_inst|count[10] ; ddfs:inst|freq_divider:f_div_inst|count[12] ; CLOCK_50                                    ; CLOCK_50    ; 0.000        ; 0.000      ; 2.386      ;
; 2.126  ; ddfs:inst|freq_divider:f_div_inst|count[16] ; ddfs:inst|freq_divider:f_div_inst|count[19] ; CLOCK_50                                    ; CLOCK_50    ; 0.000        ; 0.000      ; 2.392      ;
; 2.132  ; ddfs:inst|freq_divider:f_div_inst|count[15] ; ddfs:inst|freq_divider:f_div_inst|count[12] ; CLOCK_50                                    ; CLOCK_50    ; 0.000        ; 0.000      ; 2.398      ;
; 2.142  ; ddfs:inst|freq_divider:f_div_inst|count[4]  ; ddfs:inst|freq_divider:f_div_inst|count[6]  ; CLOCK_50                                    ; CLOCK_50    ; 0.000        ; 0.004      ; 2.412      ;
; 2.152  ; ddfs:inst|freq_divider:f_div_inst|count[15] ; ddfs:inst|freq_divider:f_div_inst|count[18] ; CLOCK_50                                    ; CLOCK_50    ; 0.000        ; -0.004     ; 2.414      ;
; 2.163  ; ddfs:inst|freq_divider:f_div_inst|count[15] ; ddfs:inst|freq_divider:f_div_inst|count[14] ; CLOCK_50                                    ; CLOCK_50    ; 0.000        ; -0.004     ; 2.425      ;
; 2.164  ; ddfs:inst|freq_divider:f_div_inst|count[15] ; ddfs:inst|freq_divider:f_div_inst|count[11] ; CLOCK_50                                    ; CLOCK_50    ; 0.000        ; -0.004     ; 2.426      ;
; 2.164  ; ddfs:inst|freq_divider:f_div_inst|count[15] ; ddfs:inst|freq_divider:f_div_inst|count[19] ; CLOCK_50                                    ; CLOCK_50    ; 0.000        ; -0.004     ; 2.426      ;
; 2.173  ; ddfs:inst|freq_divider:f_div_inst|count[1]  ; ddfs:inst|freq_divider:f_div_inst|count[4]  ; CLOCK_50                                    ; CLOCK_50    ; 0.000        ; -0.004     ; 2.435      ;
; 2.176  ; ddfs:inst|freq_divider:f_div_inst|count[7]  ; ddfs:inst|freq_divider:f_div_inst|count[11] ; CLOCK_50                                    ; CLOCK_50    ; 0.000        ; -0.006     ; 2.436      ;
; 2.176  ; ddfs:inst|freq_divider:f_div_inst|count[2]  ; ddfs:inst|freq_divider:f_div_inst|count[4]  ; CLOCK_50                                    ; CLOCK_50    ; 0.000        ; -0.004     ; 2.438      ;
; 2.180  ; ddfs:inst|freq_divider:f_div_inst|count[12] ; ddfs:inst|freq_divider:f_div_inst|count[17] ; CLOCK_50                                    ; CLOCK_50    ; 0.000        ; -0.004     ; 2.442      ;
; 2.189  ; ddfs:inst|freq_divider:f_div_inst|count[17] ; ddfs:inst|freq_divider:f_div_inst|count[12] ; CLOCK_50                                    ; CLOCK_50    ; 0.000        ; 0.004      ; 2.459      ;
; 2.193  ; ddfs:inst|freq_divider:f_div_inst|count[18] ; ddfs:inst|freq_divider:f_div_inst|count[5]  ; CLOCK_50                                    ; CLOCK_50    ; 0.000        ; 0.004      ; 2.463      ;
; 2.193  ; ddfs:inst|freq_divider:f_div_inst|count[18] ; ddfs:inst|freq_divider:f_div_inst|count[15] ; CLOCK_50                                    ; CLOCK_50    ; 0.000        ; 0.004      ; 2.463      ;
; 2.194  ; ddfs:inst|freq_divider:f_div_inst|count[18] ; ddfs:inst|freq_divider:f_div_inst|count[13] ; CLOCK_50                                    ; CLOCK_50    ; 0.000        ; 0.004      ; 2.464      ;
+--------+---------------------------------------------+---------------------------------------------+---------------------------------------------+-------------+--------------+------------+------------+


+----------------------------------------------------------------------------------------------------------------------------------------------------------------------------------------------------------------------------------------------------------------------------------+
; Slow Model Hold: 'ddfs:inst|freq_divider:f_div_inst|count[19]'                                                                                                                                                                                                                   ;
+-------+--------------------+----------------------------------------------------------------------------------------------------------------+---------------------------------------------+---------------------------------------------+--------------+------------+------------+
; Slack ; From Node          ; To Node                                                                                                        ; Launch Clock                                ; Latch Clock                                 ; Relationship ; Clock Skew ; Data Delay ;
+-------+--------------------+----------------------------------------------------------------------------------------------------------------+---------------------------------------------+---------------------------------------------+--------------+------------+------------+
; 1.135 ; ddfs:inst|cont[11] ; ddfs:inst|cont_rt[11]                                                                                          ; ddfs:inst|freq_divider:f_div_inst|count[19] ; ddfs:inst|freq_divider:f_div_inst|count[19] ; 0.000        ; -0.002     ; 1.399      ;
; 1.241 ; ddfs:inst|cont[10] ; ddfs:inst|cont_rt[10]                                                                                          ; ddfs:inst|freq_divider:f_div_inst|count[19] ; ddfs:inst|freq_divider:f_div_inst|count[19] ; 0.000        ; -0.002     ; 1.505      ;
; 1.505 ; ddfs:inst|cont[0]  ; ddfs:inst|cont[0]                                                                                              ; ddfs:inst|freq_divider:f_div_inst|count[19] ; ddfs:inst|freq_divider:f_div_inst|count[19] ; 0.000        ; 0.000      ; 1.771      ;
; 1.516 ; ddfs:inst|cont[8]  ; ddfs:inst|sin_lut:lut_inst|altsyncram:rom_rtl_0|altsyncram_p171:auto_generated|ram_block1a4~porta_address_reg8 ; ddfs:inst|freq_divider:f_div_inst|count[19] ; ddfs:inst|freq_divider:f_div_inst|count[19] ; 0.000        ; 0.054      ; 1.804      ;
; 1.523 ; ddfs:inst|cont[9]  ; ddfs:inst|sin_lut:lut_inst|altsyncram:rom_rtl_0|altsyncram_p171:auto_generated|ram_block1a4~porta_address_reg9 ; ddfs:inst|freq_divider:f_div_inst|count[19] ; ddfs:inst|freq_divider:f_div_inst|count[19] ; 0.000        ; 0.054      ; 1.811      ;
; 1.526 ; ddfs:inst|cont[7]  ; ddfs:inst|sin_lut:lut_inst|altsyncram:rom_rtl_0|altsyncram_p171:auto_generated|ram_block1a4~porta_address_reg7 ; ddfs:inst|freq_divider:f_div_inst|count[19] ; ddfs:inst|freq_divider:f_div_inst|count[19] ; 0.000        ; 0.053      ; 1.813      ;
; 1.526 ; ddfs:inst|cont[3]  ; ddfs:inst|sin_lut:lut_inst|altsyncram:rom_rtl_0|altsyncram_p171:auto_generated|ram_block1a4~porta_address_reg3 ; ddfs:inst|freq_divider:f_div_inst|count[19] ; ddfs:inst|freq_divider:f_div_inst|count[19] ; 0.000        ; 0.054      ; 1.814      ;
; 1.546 ; ddfs:inst|cont[5]  ; ddfs:inst|sin_lut:lut_inst|altsyncram:rom_rtl_0|altsyncram_p171:auto_generated|ram_block1a4~porta_address_reg5 ; ddfs:inst|freq_divider:f_div_inst|count[19] ; ddfs:inst|freq_divider:f_div_inst|count[19] ; 0.000        ; 0.054      ; 1.834      ;
; 1.550 ; ddfs:inst|cont[6]  ; ddfs:inst|sin_lut:lut_inst|altsyncram:rom_rtl_0|altsyncram_p171:auto_generated|ram_block1a4~porta_address_reg6 ; ddfs:inst|freq_divider:f_div_inst|count[19] ; ddfs:inst|freq_divider:f_div_inst|count[19] ; 0.000        ; 0.053      ; 1.837      ;
; 1.694 ; ddfs:inst|cont[1]  ; ddfs:inst|cont[1]                                                                                              ; ddfs:inst|freq_divider:f_div_inst|count[19] ; ddfs:inst|freq_divider:f_div_inst|count[19] ; 0.000        ; 0.000      ; 1.960      ;
; 1.764 ; ddfs:inst|cont[0]  ; ddfs:inst|sin_lut:lut_inst|altsyncram:rom_rtl_0|altsyncram_p171:auto_generated|ram_block1a4~porta_address_reg0 ; ddfs:inst|freq_divider:f_div_inst|count[19] ; ddfs:inst|freq_divider:f_div_inst|count[19] ; 0.000        ; 0.055      ; 2.053      ;
; 1.779 ; ddfs:inst|cont[2]  ; ddfs:inst|sin_lut:lut_inst|altsyncram:rom_rtl_0|altsyncram_p171:auto_generated|ram_block1a4~porta_address_reg2 ; ddfs:inst|freq_divider:f_div_inst|count[19] ; ddfs:inst|freq_divider:f_div_inst|count[19] ; 0.000        ; 0.054      ; 2.067      ;
; 1.779 ; ddfs:inst|cont[10] ; ddfs:inst|sin_lut:lut_inst|altsyncram:rom_rtl_0|altsyncram_p171:auto_generated|ram_block1a4~porta_address_reg3 ; ddfs:inst|freq_divider:f_div_inst|count[19] ; ddfs:inst|freq_divider:f_div_inst|count[19] ; 0.000        ; 0.054      ; 2.067      ;
; 1.781 ; ddfs:inst|cont[10] ; ddfs:inst|sin_lut:lut_inst|altsyncram:rom_rtl_0|altsyncram_p171:auto_generated|ram_block1a4~porta_address_reg7 ; ddfs:inst|freq_divider:f_div_inst|count[19] ; ddfs:inst|freq_divider:f_div_inst|count[19] ; 0.000        ; 0.054      ; 2.069      ;
; 1.788 ; ddfs:inst|cont[10] ; ddfs:inst|sin_lut:lut_inst|altsyncram:rom_rtl_0|altsyncram_p171:auto_generated|ram_block1a4~porta_address_reg8 ; ddfs:inst|freq_divider:f_div_inst|count[19] ; ddfs:inst|freq_divider:f_div_inst|count[19] ; 0.000        ; 0.054      ; 2.076      ;
; 1.789 ; ddfs:inst|cont[10] ; ddfs:inst|cont[11]                                                                                             ; ddfs:inst|freq_divider:f_div_inst|count[19] ; ddfs:inst|freq_divider:f_div_inst|count[19] ; 0.000        ; 0.000      ; 2.055      ;
; 1.790 ; ddfs:inst|cont[10] ; ddfs:inst|sin_lut:lut_inst|altsyncram:rom_rtl_0|altsyncram_p171:auto_generated|ram_block1a4~porta_address_reg6 ; ddfs:inst|freq_divider:f_div_inst|count[19] ; ddfs:inst|freq_divider:f_div_inst|count[19] ; 0.000        ; 0.054      ; 2.078      ;
; 1.791 ; ddfs:inst|cont[10] ; ddfs:inst|sin_lut:lut_inst|altsyncram:rom_rtl_0|altsyncram_p171:auto_generated|ram_block1a4~porta_address_reg4 ; ddfs:inst|freq_divider:f_div_inst|count[19] ; ddfs:inst|freq_divider:f_div_inst|count[19] ; 0.000        ; 0.054      ; 2.079      ;
; 1.791 ; ddfs:inst|cont[10] ; ddfs:inst|sin_lut:lut_inst|altsyncram:rom_rtl_0|altsyncram_p171:auto_generated|ram_block1a4~porta_address_reg5 ; ddfs:inst|freq_divider:f_div_inst|count[19] ; ddfs:inst|freq_divider:f_div_inst|count[19] ; 0.000        ; 0.054      ; 2.079      ;
; 1.797 ; ddfs:inst|cont[10] ; ddfs:inst|sin_lut:lut_inst|altsyncram:rom_rtl_0|altsyncram_p171:auto_generated|ram_block1a4~porta_address_reg9 ; ddfs:inst|freq_divider:f_div_inst|count[19] ; ddfs:inst|freq_divider:f_div_inst|count[19] ; 0.000        ; 0.054      ; 2.085      ;
; 1.813 ; ddfs:inst|cont[10] ; ddfs:inst|cont[10]                                                                                             ; ddfs:inst|freq_divider:f_div_inst|count[19] ; ddfs:inst|freq_divider:f_div_inst|count[19] ; 0.000        ; 0.000      ; 2.079      ;
; 1.814 ; ddfs:inst|cont[9]  ; ddfs:inst|sin_lut:lut_inst|altsyncram:rom_rtl_0|altsyncram_p171:auto_generated|ram_block1a8~porta_address_reg9 ; ddfs:inst|freq_divider:f_div_inst|count[19] ; ddfs:inst|freq_divider:f_div_inst|count[19] ; 0.000        ; 0.048      ; 2.096      ;
; 1.828 ; ddfs:inst|cont[8]  ; ddfs:inst|sin_lut:lut_inst|altsyncram:rom_rtl_0|altsyncram_p171:auto_generated|ram_block1a8~porta_address_reg8 ; ddfs:inst|freq_divider:f_div_inst|count[19] ; ddfs:inst|freq_divider:f_div_inst|count[19] ; 0.000        ; 0.048      ; 2.110      ;
; 1.837 ; ddfs:inst|cont[3]  ; ddfs:inst|sin_lut:lut_inst|altsyncram:rom_rtl_0|altsyncram_p171:auto_generated|ram_block1a8~porta_address_reg3 ; ddfs:inst|freq_divider:f_div_inst|count[19] ; ddfs:inst|freq_divider:f_div_inst|count[19] ; 0.000        ; 0.048      ; 2.119      ;
; 1.841 ; ddfs:inst|cont[7]  ; ddfs:inst|sin_lut:lut_inst|altsyncram:rom_rtl_0|altsyncram_p171:auto_generated|ram_block1a8~porta_address_reg7 ; ddfs:inst|freq_divider:f_div_inst|count[19] ; ddfs:inst|freq_divider:f_div_inst|count[19] ; 0.000        ; 0.047      ; 2.122      ;
; 1.841 ; ddfs:inst|cont[3]  ; ddfs:inst|cont[3]                                                                                              ; ddfs:inst|freq_divider:f_div_inst|count[19] ; ddfs:inst|freq_divider:f_div_inst|count[19] ; 0.000        ; 0.000      ; 2.107      ;
; 1.842 ; ddfs:inst|cont[10] ; ddfs:inst|cont[3]                                                                                              ; ddfs:inst|freq_divider:f_div_inst|count[19] ; ddfs:inst|freq_divider:f_div_inst|count[19] ; 0.000        ; 0.000      ; 2.108      ;
; 1.844 ; ddfs:inst|cont[10] ; ddfs:inst|cont[5]                                                                                              ; ddfs:inst|freq_divider:f_div_inst|count[19] ; ddfs:inst|freq_divider:f_div_inst|count[19] ; 0.000        ; 0.000      ; 2.110      ;
; 1.844 ; ddfs:inst|cont[4]  ; ddfs:inst|cont[4]                                                                                              ; ddfs:inst|freq_divider:f_div_inst|count[19] ; ddfs:inst|freq_divider:f_div_inst|count[19] ; 0.000        ; 0.000      ; 2.110      ;
; 1.845 ; ddfs:inst|cont[10] ; ddfs:inst|cont[2]                                                                                              ; ddfs:inst|freq_divider:f_div_inst|count[19] ; ddfs:inst|freq_divider:f_div_inst|count[19] ; 0.000        ; 0.000      ; 2.111      ;
; 1.846 ; ddfs:inst|cont[10] ; ddfs:inst|cont[8]                                                                                              ; ddfs:inst|freq_divider:f_div_inst|count[19] ; ddfs:inst|freq_divider:f_div_inst|count[19] ; 0.000        ; 0.000      ; 2.112      ;
; 1.847 ; ddfs:inst|cont[10] ; ddfs:inst|cont[9]                                                                                              ; ddfs:inst|freq_divider:f_div_inst|count[19] ; ddfs:inst|freq_divider:f_div_inst|count[19] ; 0.000        ; 0.000      ; 2.113      ;
; 1.847 ; ddfs:inst|cont[9]  ; ddfs:inst|sin_lut:lut_inst|altsyncram:rom_rtl_0|altsyncram_p171:auto_generated|ram_block1a1~porta_address_reg9 ; ddfs:inst|freq_divider:f_div_inst|count[19] ; ddfs:inst|freq_divider:f_div_inst|count[19] ; 0.000        ; 0.040      ; 2.121      ;
; 1.847 ; ddfs:inst|cont[10] ; ddfs:inst|cont[4]                                                                                              ; ddfs:inst|freq_divider:f_div_inst|count[19] ; ddfs:inst|freq_divider:f_div_inst|count[19] ; 0.000        ; 0.000      ; 2.113      ;
; 1.852 ; ddfs:inst|cont[5]  ; ddfs:inst|sin_lut:lut_inst|altsyncram:rom_rtl_0|altsyncram_p171:auto_generated|ram_block1a8~porta_address_reg5 ; ddfs:inst|freq_divider:f_div_inst|count[19] ; ddfs:inst|freq_divider:f_div_inst|count[19] ; 0.000        ; 0.048      ; 2.134      ;
; 1.858 ; ddfs:inst|cont[4]  ; ddfs:inst|sin_lut:lut_inst|altsyncram:rom_rtl_0|altsyncram_p171:auto_generated|ram_block1a4~porta_address_reg4 ; ddfs:inst|freq_divider:f_div_inst|count[19] ; ddfs:inst|freq_divider:f_div_inst|count[19] ; 0.000        ; 0.054      ; 2.146      ;
; 1.860 ; ddfs:inst|cont[8]  ; ddfs:inst|sin_lut:lut_inst|altsyncram:rom_rtl_0|altsyncram_p171:auto_generated|ram_block1a1~porta_address_reg8 ; ddfs:inst|freq_divider:f_div_inst|count[19] ; ddfs:inst|freq_divider:f_div_inst|count[19] ; 0.000        ; 0.040      ; 2.134      ;
; 1.863 ; ddfs:inst|cont[6]  ; ddfs:inst|sin_lut:lut_inst|altsyncram:rom_rtl_0|altsyncram_p171:auto_generated|ram_block1a8~porta_address_reg6 ; ddfs:inst|freq_divider:f_div_inst|count[19] ; ddfs:inst|freq_divider:f_div_inst|count[19] ; 0.000        ; 0.047      ; 2.144      ;
; 1.864 ; ddfs:inst|cont[7]  ; ddfs:inst|sin_lut:lut_inst|altsyncram:rom_rtl_0|altsyncram_p171:auto_generated|ram_block1a1~porta_address_reg7 ; ddfs:inst|freq_divider:f_div_inst|count[19] ; ddfs:inst|freq_divider:f_div_inst|count[19] ; 0.000        ; 0.039      ; 2.137      ;
; 1.869 ; ddfs:inst|cont[3]  ; ddfs:inst|sin_lut:lut_inst|altsyncram:rom_rtl_0|altsyncram_p171:auto_generated|ram_block1a1~porta_address_reg3 ; ddfs:inst|freq_divider:f_div_inst|count[19] ; ddfs:inst|freq_divider:f_div_inst|count[19] ; 0.000        ; 0.040      ; 2.143      ;
; 1.871 ; ddfs:inst|cont[2]  ; ddfs:inst|cont[2]                                                                                              ; ddfs:inst|freq_divider:f_div_inst|count[19] ; ddfs:inst|freq_divider:f_div_inst|count[19] ; 0.000        ; 0.000      ; 2.137      ;
; 1.876 ; ddfs:inst|cont[5]  ; ddfs:inst|sin_lut:lut_inst|altsyncram:rom_rtl_0|altsyncram_p171:auto_generated|ram_block1a1~porta_address_reg5 ; ddfs:inst|freq_divider:f_div_inst|count[19] ; ddfs:inst|freq_divider:f_div_inst|count[19] ; 0.000        ; 0.040      ; 2.150      ;
; 1.876 ; ddfs:inst|cont[11] ; ddfs:inst|cont[11]                                                                                             ; ddfs:inst|freq_divider:f_div_inst|count[19] ; ddfs:inst|freq_divider:f_div_inst|count[19] ; 0.000        ; 0.000      ; 2.142      ;
; 1.877 ; ddfs:inst|cont[1]  ; ddfs:inst|sin_lut:lut_inst|altsyncram:rom_rtl_0|altsyncram_p171:auto_generated|ram_block1a4~porta_address_reg1 ; ddfs:inst|freq_divider:f_div_inst|count[19] ; ddfs:inst|freq_divider:f_div_inst|count[19] ; 0.000        ; 0.055      ; 2.166      ;
; 1.878 ; ddfs:inst|cont[6]  ; ddfs:inst|sin_lut:lut_inst|altsyncram:rom_rtl_0|altsyncram_p171:auto_generated|ram_block1a1~porta_address_reg6 ; ddfs:inst|freq_divider:f_div_inst|count[19] ; ddfs:inst|freq_divider:f_div_inst|count[19] ; 0.000        ; 0.039      ; 2.151      ;
; 1.950 ; ddfs:inst|cont[11] ; ddfs:inst|cont[10]                                                                                             ; ddfs:inst|freq_divider:f_div_inst|count[19] ; ddfs:inst|freq_divider:f_div_inst|count[19] ; 0.000        ; 0.000      ; 2.216      ;
; 1.992 ; ddfs:inst|cont[11] ; ddfs:inst|cont[7]                                                                                              ; ddfs:inst|freq_divider:f_div_inst|count[19] ; ddfs:inst|freq_divider:f_div_inst|count[19] ; 0.000        ; 0.001      ; 2.259      ;
; 1.993 ; ddfs:inst|cont[11] ; ddfs:inst|cont[6]                                                                                              ; ddfs:inst|freq_divider:f_div_inst|count[19] ; ddfs:inst|freq_divider:f_div_inst|count[19] ; 0.000        ; 0.001      ; 2.260      ;
; 2.044 ; ddfs:inst|cont[10] ; ddfs:inst|sin_lut:lut_inst|altsyncram:rom_rtl_0|altsyncram_p171:auto_generated|ram_block1a4~porta_address_reg0 ; ddfs:inst|freq_divider:f_div_inst|count[19] ; ddfs:inst|freq_divider:f_div_inst|count[19] ; 0.000        ; 0.054      ; 2.332      ;
; 2.045 ; ddfs:inst|cont[10] ; ddfs:inst|sin_lut:lut_inst|altsyncram:rom_rtl_0|altsyncram_p171:auto_generated|ram_block1a4~porta_address_reg2 ; ddfs:inst|freq_divider:f_div_inst|count[19] ; ddfs:inst|freq_divider:f_div_inst|count[19] ; 0.000        ; 0.054      ; 2.333      ;
; 2.048 ; ddfs:inst|cont[10] ; ddfs:inst|sin_lut:lut_inst|altsyncram:rom_rtl_0|altsyncram_p171:auto_generated|ram_block1a4~porta_address_reg1 ; ddfs:inst|freq_divider:f_div_inst|count[19] ; ddfs:inst|freq_divider:f_div_inst|count[19] ; 0.000        ; 0.054      ; 2.336      ;
; 2.065 ; ddfs:inst|cont[5]  ; ddfs:inst|cont[5]                                                                                              ; ddfs:inst|freq_divider:f_div_inst|count[19] ; ddfs:inst|freq_divider:f_div_inst|count[19] ; 0.000        ; 0.000      ; 2.331      ;
; 2.068 ; ddfs:inst|cont[0]  ; ddfs:inst|sin_lut:lut_inst|altsyncram:rom_rtl_0|altsyncram_p171:auto_generated|ram_block1a8~porta_address_reg0 ; ddfs:inst|freq_divider:f_div_inst|count[19] ; ddfs:inst|freq_divider:f_div_inst|count[19] ; 0.000        ; 0.049      ; 2.351      ;
; 2.072 ; ddfs:inst|cont[0]  ; ddfs:inst|sin_lut:lut_inst|altsyncram:rom_rtl_0|altsyncram_p171:auto_generated|ram_block1a1~porta_address_reg0 ; ddfs:inst|freq_divider:f_div_inst|count[19] ; ddfs:inst|freq_divider:f_div_inst|count[19] ; 0.000        ; 0.041      ; 2.347      ;
; 2.072 ; ddfs:inst|cont[1]  ; ddfs:inst|cont[2]                                                                                              ; ddfs:inst|freq_divider:f_div_inst|count[19] ; ddfs:inst|freq_divider:f_div_inst|count[19] ; 0.000        ; 0.001      ; 2.339      ;
; 2.075 ; ddfs:inst|cont[0]  ; ddfs:inst|cont[1]                                                                                              ; ddfs:inst|freq_divider:f_div_inst|count[19] ; ddfs:inst|freq_divider:f_div_inst|count[19] ; 0.000        ; 0.000      ; 2.341      ;
; 2.088 ; ddfs:inst|cont[10] ; ddfs:inst|sin_lut:lut_inst|altsyncram:rom_rtl_0|altsyncram_p171:auto_generated|ram_block1a8~porta_address_reg9 ; ddfs:inst|freq_divider:f_div_inst|count[19] ; ddfs:inst|freq_divider:f_div_inst|count[19] ; 0.000        ; 0.048      ; 2.370      ;
; 2.090 ; ddfs:inst|cont[10] ; ddfs:inst|sin_lut:lut_inst|altsyncram:rom_rtl_0|altsyncram_p171:auto_generated|ram_block1a8~porta_address_reg3 ; ddfs:inst|freq_divider:f_div_inst|count[19] ; ddfs:inst|freq_divider:f_div_inst|count[19] ; 0.000        ; 0.048      ; 2.372      ;
; 2.096 ; ddfs:inst|cont[10] ; ddfs:inst|sin_lut:lut_inst|altsyncram:rom_rtl_0|altsyncram_p171:auto_generated|ram_block1a8~porta_address_reg7 ; ddfs:inst|freq_divider:f_div_inst|count[19] ; ddfs:inst|freq_divider:f_div_inst|count[19] ; 0.000        ; 0.048      ; 2.378      ;
; 2.097 ; ddfs:inst|cont[10] ; ddfs:inst|sin_lut:lut_inst|altsyncram:rom_rtl_0|altsyncram_p171:auto_generated|ram_block1a8~porta_address_reg5 ; ddfs:inst|freq_divider:f_div_inst|count[19] ; ddfs:inst|freq_divider:f_div_inst|count[19] ; 0.000        ; 0.048      ; 2.379      ;
; 2.100 ; ddfs:inst|cont[10] ; ddfs:inst|sin_lut:lut_inst|altsyncram:rom_rtl_0|altsyncram_p171:auto_generated|ram_block1a8~porta_address_reg8 ; ddfs:inst|freq_divider:f_div_inst|count[19] ; ddfs:inst|freq_divider:f_div_inst|count[19] ; 0.000        ; 0.048      ; 2.382      ;
; 2.103 ; ddfs:inst|cont[10] ; ddfs:inst|sin_lut:lut_inst|altsyncram:rom_rtl_0|altsyncram_p171:auto_generated|ram_block1a8~porta_address_reg6 ; ddfs:inst|freq_divider:f_div_inst|count[19] ; ddfs:inst|freq_divider:f_div_inst|count[19] ; 0.000        ; 0.048      ; 2.385      ;
; 2.109 ; ddfs:inst|cont[10] ; ddfs:inst|sin_lut:lut_inst|altsyncram:rom_rtl_0|altsyncram_p171:auto_generated|ram_block1a8~porta_address_reg4 ; ddfs:inst|freq_divider:f_div_inst|count[19] ; ddfs:inst|freq_divider:f_div_inst|count[19] ; 0.000        ; 0.048      ; 2.391      ;
; 2.117 ; ddfs:inst|cont[2]  ; ddfs:inst|sin_lut:lut_inst|altsyncram:rom_rtl_0|altsyncram_p171:auto_generated|ram_block1a1~porta_address_reg2 ; ddfs:inst|freq_divider:f_div_inst|count[19] ; ddfs:inst|freq_divider:f_div_inst|count[19] ; 0.000        ; 0.040      ; 2.391      ;
; 2.118 ; ddfs:inst|cont[10] ; ddfs:inst|sin_lut:lut_inst|altsyncram:rom_rtl_0|altsyncram_p171:auto_generated|ram_block1a1~porta_address_reg6 ; ddfs:inst|freq_divider:f_div_inst|count[19] ; ddfs:inst|freq_divider:f_div_inst|count[19] ; 0.000        ; 0.040      ; 2.392      ;
; 2.119 ; ddfs:inst|cont[10] ; ddfs:inst|sin_lut:lut_inst|altsyncram:rom_rtl_0|altsyncram_p171:auto_generated|ram_block1a1~porta_address_reg7 ; ddfs:inst|freq_divider:f_div_inst|count[19] ; ddfs:inst|freq_divider:f_div_inst|count[19] ; 0.000        ; 0.040      ; 2.393      ;
; 2.121 ; ddfs:inst|cont[10] ; ddfs:inst|sin_lut:lut_inst|altsyncram:rom_rtl_0|altsyncram_p171:auto_generated|ram_block1a1~porta_address_reg9 ; ddfs:inst|freq_divider:f_div_inst|count[19] ; ddfs:inst|freq_divider:f_div_inst|count[19] ; 0.000        ; 0.040      ; 2.395      ;
; 2.121 ; ddfs:inst|cont[10] ; ddfs:inst|sin_lut:lut_inst|altsyncram:rom_rtl_0|altsyncram_p171:auto_generated|ram_block1a1~porta_address_reg5 ; ddfs:inst|freq_divider:f_div_inst|count[19] ; ddfs:inst|freq_divider:f_div_inst|count[19] ; 0.000        ; 0.040      ; 2.395      ;
; 2.122 ; ddfs:inst|cont[10] ; ddfs:inst|sin_lut:lut_inst|altsyncram:rom_rtl_0|altsyncram_p171:auto_generated|ram_block1a1~porta_address_reg3 ; ddfs:inst|freq_divider:f_div_inst|count[19] ; ddfs:inst|freq_divider:f_div_inst|count[19] ; 0.000        ; 0.040      ; 2.396      ;
; 2.132 ; ddfs:inst|cont[10] ; ddfs:inst|cont[0]                                                                                              ; ddfs:inst|freq_divider:f_div_inst|count[19] ; ddfs:inst|freq_divider:f_div_inst|count[19] ; 0.000        ; -0.001     ; 2.397      ;
; 2.132 ; ddfs:inst|cont[10] ; ddfs:inst|cont[1]                                                                                              ; ddfs:inst|freq_divider:f_div_inst|count[19] ; ddfs:inst|freq_divider:f_div_inst|count[19] ; 0.000        ; -0.001     ; 2.397      ;
; 2.132 ; ddfs:inst|cont[10] ; ddfs:inst|sin_lut:lut_inst|altsyncram:rom_rtl_0|altsyncram_p171:auto_generated|ram_block1a1~porta_address_reg8 ; ddfs:inst|freq_divider:f_div_inst|count[19] ; ddfs:inst|freq_divider:f_div_inst|count[19] ; 0.000        ; 0.040      ; 2.406      ;
; 2.137 ; ddfs:inst|cont[0]  ; ddfs:inst|cont[2]                                                                                              ; ddfs:inst|freq_divider:f_div_inst|count[19] ; ddfs:inst|freq_divider:f_div_inst|count[19] ; 0.000        ; 0.001      ; 2.404      ;
; 2.152 ; ddfs:inst|cont[10] ; ddfs:inst|sin_lut:lut_inst|altsyncram:rom_rtl_0|altsyncram_p171:auto_generated|ram_block1a1~porta_address_reg4 ; ddfs:inst|freq_divider:f_div_inst|count[19] ; ddfs:inst|freq_divider:f_div_inst|count[19] ; 0.000        ; 0.040      ; 2.426      ;
; 2.156 ; ddfs:inst|cont[1]  ; ddfs:inst|cont[3]                                                                                              ; ddfs:inst|freq_divider:f_div_inst|count[19] ; ddfs:inst|freq_divider:f_div_inst|count[19] ; 0.000        ; 0.001      ; 2.423      ;
; 2.166 ; ddfs:inst|cont[1]  ; ddfs:inst|sin_lut:lut_inst|altsyncram:rom_rtl_0|altsyncram_p171:auto_generated|ram_block1a8~porta_address_reg1 ; ddfs:inst|freq_divider:f_div_inst|count[19] ; ddfs:inst|freq_divider:f_div_inst|count[19] ; 0.000        ; 0.049      ; 2.449      ;
; 2.167 ; ddfs:inst|cont[8]  ; ddfs:inst|cont[8]                                                                                              ; ddfs:inst|freq_divider:f_div_inst|count[19] ; ddfs:inst|freq_divider:f_div_inst|count[19] ; 0.000        ; 0.000      ; 2.433      ;
; 2.171 ; ddfs:inst|cont[6]  ; ddfs:inst|cont[6]                                                                                              ; ddfs:inst|freq_divider:f_div_inst|count[19] ; ddfs:inst|freq_divider:f_div_inst|count[19] ; 0.000        ; 0.000      ; 2.437      ;
; 2.176 ; ddfs:inst|cont[4]  ; ddfs:inst|sin_lut:lut_inst|altsyncram:rom_rtl_0|altsyncram_p171:auto_generated|ram_block1a8~porta_address_reg4 ; ddfs:inst|freq_divider:f_div_inst|count[19] ; ddfs:inst|freq_divider:f_div_inst|count[19] ; 0.000        ; 0.048      ; 2.458      ;
; 2.177 ; ddfs:inst|cont[9]  ; ddfs:inst|cont[9]                                                                                              ; ddfs:inst|freq_divider:f_div_inst|count[19] ; ddfs:inst|freq_divider:f_div_inst|count[19] ; 0.000        ; 0.000      ; 2.443      ;
; 2.184 ; ddfs:inst|cont[1]  ; ddfs:inst|cont[4]                                                                                              ; ddfs:inst|freq_divider:f_div_inst|count[19] ; ddfs:inst|freq_divider:f_div_inst|count[19] ; 0.000        ; 0.001      ; 2.451      ;
; 2.185 ; ddfs:inst|cont[1]  ; ddfs:inst|cont[11]                                                                                             ; ddfs:inst|freq_divider:f_div_inst|count[19] ; ddfs:inst|freq_divider:f_div_inst|count[19] ; 0.000        ; 0.001      ; 2.452      ;
; 2.185 ; ddfs:inst|cont[3]  ; ddfs:inst|cont[4]                                                                                              ; ddfs:inst|freq_divider:f_div_inst|count[19] ; ddfs:inst|freq_divider:f_div_inst|count[19] ; 0.000        ; 0.000      ; 2.451      ;
; 2.201 ; ddfs:inst|cont[1]  ; ddfs:inst|sin_lut:lut_inst|altsyncram:rom_rtl_0|altsyncram_p171:auto_generated|ram_block1a1~porta_address_reg1 ; ddfs:inst|freq_divider:f_div_inst|count[19] ; ddfs:inst|freq_divider:f_div_inst|count[19] ; 0.000        ; 0.041      ; 2.476      ;
; 2.204 ; ddfs:inst|cont[11] ; ddfs:inst|cont[2]                                                                                              ; ddfs:inst|freq_divider:f_div_inst|count[19] ; ddfs:inst|freq_divider:f_div_inst|count[19] ; 0.000        ; 0.000      ; 2.470      ;
; 2.205 ; ddfs:inst|cont[11] ; ddfs:inst|cont[3]                                                                                              ; ddfs:inst|freq_divider:f_div_inst|count[19] ; ddfs:inst|freq_divider:f_div_inst|count[19] ; 0.000        ; 0.000      ; 2.471      ;
; 2.205 ; ddfs:inst|cont[11] ; ddfs:inst|cont[5]                                                                                              ; ddfs:inst|freq_divider:f_div_inst|count[19] ; ddfs:inst|freq_divider:f_div_inst|count[19] ; 0.000        ; 0.000      ; 2.471      ;
; 2.205 ; ddfs:inst|cont[11] ; ddfs:inst|cont[8]                                                                                              ; ddfs:inst|freq_divider:f_div_inst|count[19] ; ddfs:inst|freq_divider:f_div_inst|count[19] ; 0.000        ; 0.000      ; 2.471      ;
; 2.206 ; ddfs:inst|cont[11] ; ddfs:inst|cont[4]                                                                                              ; ddfs:inst|freq_divider:f_div_inst|count[19] ; ddfs:inst|freq_divider:f_div_inst|count[19] ; 0.000        ; 0.000      ; 2.472      ;
; 2.206 ; ddfs:inst|cont[11] ; ddfs:inst|cont[9]                                                                                              ; ddfs:inst|freq_divider:f_div_inst|count[19] ; ddfs:inst|freq_divider:f_div_inst|count[19] ; 0.000        ; 0.000      ; 2.472      ;
; 2.212 ; ddfs:inst|cont[1]  ; ddfs:inst|cont[10]                                                                                             ; ddfs:inst|freq_divider:f_div_inst|count[19] ; ddfs:inst|freq_divider:f_div_inst|count[19] ; 0.000        ; 0.001      ; 2.479      ;
; 2.219 ; ddfs:inst|cont[4]  ; ddfs:inst|sin_lut:lut_inst|altsyncram:rom_rtl_0|altsyncram_p171:auto_generated|ram_block1a1~porta_address_reg4 ; ddfs:inst|freq_divider:f_div_inst|count[19] ; ddfs:inst|freq_divider:f_div_inst|count[19] ; 0.000        ; 0.040      ; 2.493      ;
; 2.221 ; ddfs:inst|cont[0]  ; ddfs:inst|cont[3]                                                                                              ; ddfs:inst|freq_divider:f_div_inst|count[19] ; ddfs:inst|freq_divider:f_div_inst|count[19] ; 0.000        ; 0.001      ; 2.488      ;
; 2.222 ; ddfs:inst|cont[9]  ; ddfs:inst|cont[11]                                                                                             ; ddfs:inst|freq_divider:f_div_inst|count[19] ; ddfs:inst|freq_divider:f_div_inst|count[19] ; 0.000        ; 0.000      ; 2.488      ;
; 2.249 ; ddfs:inst|cont[0]  ; ddfs:inst|cont[4]                                                                                              ; ddfs:inst|freq_divider:f_div_inst|count[19] ; ddfs:inst|freq_divider:f_div_inst|count[19] ; 0.000        ; 0.001      ; 2.516      ;
; 2.249 ; ddfs:inst|cont[9]  ; ddfs:inst|cont[10]                                                                                             ; ddfs:inst|freq_divider:f_div_inst|count[19] ; ddfs:inst|freq_divider:f_div_inst|count[19] ; 0.000        ; 0.000      ; 2.515      ;
; 2.267 ; ddfs:inst|cont[2]  ; ddfs:inst|cont[3]                                                                                              ; ddfs:inst|freq_divider:f_div_inst|count[19] ; ddfs:inst|freq_divider:f_div_inst|count[19] ; 0.000        ; 0.000      ; 2.533      ;
; 2.274 ; ddfs:inst|cont[5]  ; ddfs:inst|cont[6]                                                                                              ; ddfs:inst|freq_divider:f_div_inst|count[19] ; ddfs:inst|freq_divider:f_div_inst|count[19] ; 0.000        ; 0.001      ; 2.541      ;
; 2.278 ; ddfs:inst|cont[10] ; ddfs:inst|cont[7]                                                                                              ; ddfs:inst|freq_divider:f_div_inst|count[19] ; ddfs:inst|freq_divider:f_div_inst|count[19] ; 0.000        ; 0.001      ; 2.545      ;
; 2.280 ; ddfs:inst|cont[10] ; ddfs:inst|cont[6]                                                                                              ; ddfs:inst|freq_divider:f_div_inst|count[19] ; ddfs:inst|freq_divider:f_div_inst|count[19] ; 0.000        ; 0.001      ; 2.547      ;
+-------+--------------------+----------------------------------------------------------------------------------------------------------------+---------------------------------------------+---------------------------------------------+--------------+------------+------------+


+---------------------------------------------------------------------------------------------------------------------------------------------------------------------------------------------------------------------------------------+
; Slow Model Minimum Pulse Width: 'ddfs:inst|freq_divider:f_div_inst|count[19]'                                                                                                                                                         ;
+--------+--------------+----------------+------------------+---------------------------------------------+------------+----------------------------------------------------------------------------------------------------------------+
; Slack  ; Actual Width ; Required Width ; Type             ; Clock                                       ; Clock Edge ; Target                                                                                                         ;
+--------+--------------+----------------+------------------+---------------------------------------------+------------+----------------------------------------------------------------------------------------------------------------+
; -1.423 ; 0.500        ; 1.923          ; High Pulse Width ; ddfs:inst|freq_divider:f_div_inst|count[19] ; Rise       ; ddfs:inst|sin_lut:lut_inst|altsyncram:rom_rtl_0|altsyncram_p171:auto_generated|ram_block1a1~porta_address_reg0 ;
; -1.423 ; 0.500        ; 1.923          ; Low Pulse Width  ; ddfs:inst|freq_divider:f_div_inst|count[19] ; Rise       ; ddfs:inst|sin_lut:lut_inst|altsyncram:rom_rtl_0|altsyncram_p171:auto_generated|ram_block1a1~porta_address_reg0 ;
; -1.423 ; 0.500        ; 1.923          ; High Pulse Width ; ddfs:inst|freq_divider:f_div_inst|count[19] ; Rise       ; ddfs:inst|sin_lut:lut_inst|altsyncram:rom_rtl_0|altsyncram_p171:auto_generated|ram_block1a1~porta_address_reg1 ;
; -1.423 ; 0.500        ; 1.923          ; Low Pulse Width  ; ddfs:inst|freq_divider:f_div_inst|count[19] ; Rise       ; ddfs:inst|sin_lut:lut_inst|altsyncram:rom_rtl_0|altsyncram_p171:auto_generated|ram_block1a1~porta_address_reg1 ;
; -1.423 ; 0.500        ; 1.923          ; High Pulse Width ; ddfs:inst|freq_divider:f_div_inst|count[19] ; Rise       ; ddfs:inst|sin_lut:lut_inst|altsyncram:rom_rtl_0|altsyncram_p171:auto_generated|ram_block1a1~porta_address_reg2 ;
; -1.423 ; 0.500        ; 1.923          ; Low Pulse Width  ; ddfs:inst|freq_divider:f_div_inst|count[19] ; Rise       ; ddfs:inst|sin_lut:lut_inst|altsyncram:rom_rtl_0|altsyncram_p171:auto_generated|ram_block1a1~porta_address_reg2 ;
; -1.423 ; 0.500        ; 1.923          ; High Pulse Width ; ddfs:inst|freq_divider:f_div_inst|count[19] ; Rise       ; ddfs:inst|sin_lut:lut_inst|altsyncram:rom_rtl_0|altsyncram_p171:auto_generated|ram_block1a1~porta_address_reg3 ;
; -1.423 ; 0.500        ; 1.923          ; Low Pulse Width  ; ddfs:inst|freq_divider:f_div_inst|count[19] ; Rise       ; ddfs:inst|sin_lut:lut_inst|altsyncram:rom_rtl_0|altsyncram_p171:auto_generated|ram_block1a1~porta_address_reg3 ;
; -1.423 ; 0.500        ; 1.923          ; High Pulse Width ; ddfs:inst|freq_divider:f_div_inst|count[19] ; Rise       ; ddfs:inst|sin_lut:lut_inst|altsyncram:rom_rtl_0|altsyncram_p171:auto_generated|ram_block1a1~porta_address_reg4 ;
; -1.423 ; 0.500        ; 1.923          ; Low Pulse Width  ; ddfs:inst|freq_divider:f_div_inst|count[19] ; Rise       ; ddfs:inst|sin_lut:lut_inst|altsyncram:rom_rtl_0|altsyncram_p171:auto_generated|ram_block1a1~porta_address_reg4 ;
; -1.423 ; 0.500        ; 1.923          ; High Pulse Width ; ddfs:inst|freq_divider:f_div_inst|count[19] ; Rise       ; ddfs:inst|sin_lut:lut_inst|altsyncram:rom_rtl_0|altsyncram_p171:auto_generated|ram_block1a1~porta_address_reg5 ;
; -1.423 ; 0.500        ; 1.923          ; Low Pulse Width  ; ddfs:inst|freq_divider:f_div_inst|count[19] ; Rise       ; ddfs:inst|sin_lut:lut_inst|altsyncram:rom_rtl_0|altsyncram_p171:auto_generated|ram_block1a1~porta_address_reg5 ;
; -1.423 ; 0.500        ; 1.923          ; High Pulse Width ; ddfs:inst|freq_divider:f_div_inst|count[19] ; Rise       ; ddfs:inst|sin_lut:lut_inst|altsyncram:rom_rtl_0|altsyncram_p171:auto_generated|ram_block1a1~porta_address_reg6 ;
; -1.423 ; 0.500        ; 1.923          ; Low Pulse Width  ; ddfs:inst|freq_divider:f_div_inst|count[19] ; Rise       ; ddfs:inst|sin_lut:lut_inst|altsyncram:rom_rtl_0|altsyncram_p171:auto_generated|ram_block1a1~porta_address_reg6 ;
; -1.423 ; 0.500        ; 1.923          ; High Pulse Width ; ddfs:inst|freq_divider:f_div_inst|count[19] ; Rise       ; ddfs:inst|sin_lut:lut_inst|altsyncram:rom_rtl_0|altsyncram_p171:auto_generated|ram_block1a1~porta_address_reg7 ;
; -1.423 ; 0.500        ; 1.923          ; Low Pulse Width  ; ddfs:inst|freq_divider:f_div_inst|count[19] ; Rise       ; ddfs:inst|sin_lut:lut_inst|altsyncram:rom_rtl_0|altsyncram_p171:auto_generated|ram_block1a1~porta_address_reg7 ;
; -1.423 ; 0.500        ; 1.923          ; High Pulse Width ; ddfs:inst|freq_divider:f_div_inst|count[19] ; Rise       ; ddfs:inst|sin_lut:lut_inst|altsyncram:rom_rtl_0|altsyncram_p171:auto_generated|ram_block1a1~porta_address_reg8 ;
; -1.423 ; 0.500        ; 1.923          ; Low Pulse Width  ; ddfs:inst|freq_divider:f_div_inst|count[19] ; Rise       ; ddfs:inst|sin_lut:lut_inst|altsyncram:rom_rtl_0|altsyncram_p171:auto_generated|ram_block1a1~porta_address_reg8 ;
; -1.423 ; 0.500        ; 1.923          ; High Pulse Width ; ddfs:inst|freq_divider:f_div_inst|count[19] ; Rise       ; ddfs:inst|sin_lut:lut_inst|altsyncram:rom_rtl_0|altsyncram_p171:auto_generated|ram_block1a1~porta_address_reg9 ;
; -1.423 ; 0.500        ; 1.923          ; Low Pulse Width  ; ddfs:inst|freq_divider:f_div_inst|count[19] ; Rise       ; ddfs:inst|sin_lut:lut_inst|altsyncram:rom_rtl_0|altsyncram_p171:auto_generated|ram_block1a1~porta_address_reg9 ;
; -1.423 ; 0.500        ; 1.923          ; High Pulse Width ; ddfs:inst|freq_divider:f_div_inst|count[19] ; Rise       ; ddfs:inst|sin_lut:lut_inst|altsyncram:rom_rtl_0|altsyncram_p171:auto_generated|ram_block1a4~porta_address_reg0 ;
; -1.423 ; 0.500        ; 1.923          ; Low Pulse Width  ; ddfs:inst|freq_divider:f_div_inst|count[19] ; Rise       ; ddfs:inst|sin_lut:lut_inst|altsyncram:rom_rtl_0|altsyncram_p171:auto_generated|ram_block1a4~porta_address_reg0 ;
; -1.423 ; 0.500        ; 1.923          ; High Pulse Width ; ddfs:inst|freq_divider:f_div_inst|count[19] ; Rise       ; ddfs:inst|sin_lut:lut_inst|altsyncram:rom_rtl_0|altsyncram_p171:auto_generated|ram_block1a4~porta_address_reg1 ;
; -1.423 ; 0.500        ; 1.923          ; Low Pulse Width  ; ddfs:inst|freq_divider:f_div_inst|count[19] ; Rise       ; ddfs:inst|sin_lut:lut_inst|altsyncram:rom_rtl_0|altsyncram_p171:auto_generated|ram_block1a4~porta_address_reg1 ;
; -1.423 ; 0.500        ; 1.923          ; High Pulse Width ; ddfs:inst|freq_divider:f_div_inst|count[19] ; Rise       ; ddfs:inst|sin_lut:lut_inst|altsyncram:rom_rtl_0|altsyncram_p171:auto_generated|ram_block1a4~porta_address_reg2 ;
; -1.423 ; 0.500        ; 1.923          ; Low Pulse Width  ; ddfs:inst|freq_divider:f_div_inst|count[19] ; Rise       ; ddfs:inst|sin_lut:lut_inst|altsyncram:rom_rtl_0|altsyncram_p171:auto_generated|ram_block1a4~porta_address_reg2 ;
; -1.423 ; 0.500        ; 1.923          ; High Pulse Width ; ddfs:inst|freq_divider:f_div_inst|count[19] ; Rise       ; ddfs:inst|sin_lut:lut_inst|altsyncram:rom_rtl_0|altsyncram_p171:auto_generated|ram_block1a4~porta_address_reg3 ;
; -1.423 ; 0.500        ; 1.923          ; Low Pulse Width  ; ddfs:inst|freq_divider:f_div_inst|count[19] ; Rise       ; ddfs:inst|sin_lut:lut_inst|altsyncram:rom_rtl_0|altsyncram_p171:auto_generated|ram_block1a4~porta_address_reg3 ;
; -1.423 ; 0.500        ; 1.923          ; High Pulse Width ; ddfs:inst|freq_divider:f_div_inst|count[19] ; Rise       ; ddfs:inst|sin_lut:lut_inst|altsyncram:rom_rtl_0|altsyncram_p171:auto_generated|ram_block1a4~porta_address_reg4 ;
; -1.423 ; 0.500        ; 1.923          ; Low Pulse Width  ; ddfs:inst|freq_divider:f_div_inst|count[19] ; Rise       ; ddfs:inst|sin_lut:lut_inst|altsyncram:rom_rtl_0|altsyncram_p171:auto_generated|ram_block1a4~porta_address_reg4 ;
; -1.423 ; 0.500        ; 1.923          ; High Pulse Width ; ddfs:inst|freq_divider:f_div_inst|count[19] ; Rise       ; ddfs:inst|sin_lut:lut_inst|altsyncram:rom_rtl_0|altsyncram_p171:auto_generated|ram_block1a4~porta_address_reg5 ;
; -1.423 ; 0.500        ; 1.923          ; Low Pulse Width  ; ddfs:inst|freq_divider:f_div_inst|count[19] ; Rise       ; ddfs:inst|sin_lut:lut_inst|altsyncram:rom_rtl_0|altsyncram_p171:auto_generated|ram_block1a4~porta_address_reg5 ;
; -1.423 ; 0.500        ; 1.923          ; High Pulse Width ; ddfs:inst|freq_divider:f_div_inst|count[19] ; Rise       ; ddfs:inst|sin_lut:lut_inst|altsyncram:rom_rtl_0|altsyncram_p171:auto_generated|ram_block1a4~porta_address_reg6 ;
; -1.423 ; 0.500        ; 1.923          ; Low Pulse Width  ; ddfs:inst|freq_divider:f_div_inst|count[19] ; Rise       ; ddfs:inst|sin_lut:lut_inst|altsyncram:rom_rtl_0|altsyncram_p171:auto_generated|ram_block1a4~porta_address_reg6 ;
; -1.423 ; 0.500        ; 1.923          ; High Pulse Width ; ddfs:inst|freq_divider:f_div_inst|count[19] ; Rise       ; ddfs:inst|sin_lut:lut_inst|altsyncram:rom_rtl_0|altsyncram_p171:auto_generated|ram_block1a4~porta_address_reg7 ;
; -1.423 ; 0.500        ; 1.923          ; Low Pulse Width  ; ddfs:inst|freq_divider:f_div_inst|count[19] ; Rise       ; ddfs:inst|sin_lut:lut_inst|altsyncram:rom_rtl_0|altsyncram_p171:auto_generated|ram_block1a4~porta_address_reg7 ;
; -1.423 ; 0.500        ; 1.923          ; High Pulse Width ; ddfs:inst|freq_divider:f_div_inst|count[19] ; Rise       ; ddfs:inst|sin_lut:lut_inst|altsyncram:rom_rtl_0|altsyncram_p171:auto_generated|ram_block1a4~porta_address_reg8 ;
; -1.423 ; 0.500        ; 1.923          ; Low Pulse Width  ; ddfs:inst|freq_divider:f_div_inst|count[19] ; Rise       ; ddfs:inst|sin_lut:lut_inst|altsyncram:rom_rtl_0|altsyncram_p171:auto_generated|ram_block1a4~porta_address_reg8 ;
; -1.423 ; 0.500        ; 1.923          ; High Pulse Width ; ddfs:inst|freq_divider:f_div_inst|count[19] ; Rise       ; ddfs:inst|sin_lut:lut_inst|altsyncram:rom_rtl_0|altsyncram_p171:auto_generated|ram_block1a4~porta_address_reg9 ;
; -1.423 ; 0.500        ; 1.923          ; Low Pulse Width  ; ddfs:inst|freq_divider:f_div_inst|count[19] ; Rise       ; ddfs:inst|sin_lut:lut_inst|altsyncram:rom_rtl_0|altsyncram_p171:auto_generated|ram_block1a4~porta_address_reg9 ;
; -1.423 ; 0.500        ; 1.923          ; High Pulse Width ; ddfs:inst|freq_divider:f_div_inst|count[19] ; Rise       ; ddfs:inst|sin_lut:lut_inst|altsyncram:rom_rtl_0|altsyncram_p171:auto_generated|ram_block1a8~porta_address_reg0 ;
; -1.423 ; 0.500        ; 1.923          ; Low Pulse Width  ; ddfs:inst|freq_divider:f_div_inst|count[19] ; Rise       ; ddfs:inst|sin_lut:lut_inst|altsyncram:rom_rtl_0|altsyncram_p171:auto_generated|ram_block1a8~porta_address_reg0 ;
; -1.423 ; 0.500        ; 1.923          ; High Pulse Width ; ddfs:inst|freq_divider:f_div_inst|count[19] ; Rise       ; ddfs:inst|sin_lut:lut_inst|altsyncram:rom_rtl_0|altsyncram_p171:auto_generated|ram_block1a8~porta_address_reg1 ;
; -1.423 ; 0.500        ; 1.923          ; Low Pulse Width  ; ddfs:inst|freq_divider:f_div_inst|count[19] ; Rise       ; ddfs:inst|sin_lut:lut_inst|altsyncram:rom_rtl_0|altsyncram_p171:auto_generated|ram_block1a8~porta_address_reg1 ;
; -1.423 ; 0.500        ; 1.923          ; High Pulse Width ; ddfs:inst|freq_divider:f_div_inst|count[19] ; Rise       ; ddfs:inst|sin_lut:lut_inst|altsyncram:rom_rtl_0|altsyncram_p171:auto_generated|ram_block1a8~porta_address_reg2 ;
; -1.423 ; 0.500        ; 1.923          ; Low Pulse Width  ; ddfs:inst|freq_divider:f_div_inst|count[19] ; Rise       ; ddfs:inst|sin_lut:lut_inst|altsyncram:rom_rtl_0|altsyncram_p171:auto_generated|ram_block1a8~porta_address_reg2 ;
; -1.423 ; 0.500        ; 1.923          ; High Pulse Width ; ddfs:inst|freq_divider:f_div_inst|count[19] ; Rise       ; ddfs:inst|sin_lut:lut_inst|altsyncram:rom_rtl_0|altsyncram_p171:auto_generated|ram_block1a8~porta_address_reg3 ;
; -1.423 ; 0.500        ; 1.923          ; Low Pulse Width  ; ddfs:inst|freq_divider:f_div_inst|count[19] ; Rise       ; ddfs:inst|sin_lut:lut_inst|altsyncram:rom_rtl_0|altsyncram_p171:auto_generated|ram_block1a8~porta_address_reg3 ;
; -1.423 ; 0.500        ; 1.923          ; High Pulse Width ; ddfs:inst|freq_divider:f_div_inst|count[19] ; Rise       ; ddfs:inst|sin_lut:lut_inst|altsyncram:rom_rtl_0|altsyncram_p171:auto_generated|ram_block1a8~porta_address_reg4 ;
; -1.423 ; 0.500        ; 1.923          ; Low Pulse Width  ; ddfs:inst|freq_divider:f_div_inst|count[19] ; Rise       ; ddfs:inst|sin_lut:lut_inst|altsyncram:rom_rtl_0|altsyncram_p171:auto_generated|ram_block1a8~porta_address_reg4 ;
; -1.423 ; 0.500        ; 1.923          ; High Pulse Width ; ddfs:inst|freq_divider:f_div_inst|count[19] ; Rise       ; ddfs:inst|sin_lut:lut_inst|altsyncram:rom_rtl_0|altsyncram_p171:auto_generated|ram_block1a8~porta_address_reg5 ;
; -1.423 ; 0.500        ; 1.923          ; Low Pulse Width  ; ddfs:inst|freq_divider:f_div_inst|count[19] ; Rise       ; ddfs:inst|sin_lut:lut_inst|altsyncram:rom_rtl_0|altsyncram_p171:auto_generated|ram_block1a8~porta_address_reg5 ;
; -1.423 ; 0.500        ; 1.923          ; High Pulse Width ; ddfs:inst|freq_divider:f_div_inst|count[19] ; Rise       ; ddfs:inst|sin_lut:lut_inst|altsyncram:rom_rtl_0|altsyncram_p171:auto_generated|ram_block1a8~porta_address_reg6 ;
; -1.423 ; 0.500        ; 1.923          ; Low Pulse Width  ; ddfs:inst|freq_divider:f_div_inst|count[19] ; Rise       ; ddfs:inst|sin_lut:lut_inst|altsyncram:rom_rtl_0|altsyncram_p171:auto_generated|ram_block1a8~porta_address_reg6 ;
; -1.423 ; 0.500        ; 1.923          ; High Pulse Width ; ddfs:inst|freq_divider:f_div_inst|count[19] ; Rise       ; ddfs:inst|sin_lut:lut_inst|altsyncram:rom_rtl_0|altsyncram_p171:auto_generated|ram_block1a8~porta_address_reg7 ;
; -1.423 ; 0.500        ; 1.923          ; Low Pulse Width  ; ddfs:inst|freq_divider:f_div_inst|count[19] ; Rise       ; ddfs:inst|sin_lut:lut_inst|altsyncram:rom_rtl_0|altsyncram_p171:auto_generated|ram_block1a8~porta_address_reg7 ;
; -1.423 ; 0.500        ; 1.923          ; High Pulse Width ; ddfs:inst|freq_divider:f_div_inst|count[19] ; Rise       ; ddfs:inst|sin_lut:lut_inst|altsyncram:rom_rtl_0|altsyncram_p171:auto_generated|ram_block1a8~porta_address_reg8 ;
; -1.423 ; 0.500        ; 1.923          ; Low Pulse Width  ; ddfs:inst|freq_divider:f_div_inst|count[19] ; Rise       ; ddfs:inst|sin_lut:lut_inst|altsyncram:rom_rtl_0|altsyncram_p171:auto_generated|ram_block1a8~porta_address_reg8 ;
; -1.423 ; 0.500        ; 1.923          ; High Pulse Width ; ddfs:inst|freq_divider:f_div_inst|count[19] ; Rise       ; ddfs:inst|sin_lut:lut_inst|altsyncram:rom_rtl_0|altsyncram_p171:auto_generated|ram_block1a8~porta_address_reg9 ;
; -1.423 ; 0.500        ; 1.923          ; Low Pulse Width  ; ddfs:inst|freq_divider:f_div_inst|count[19] ; Rise       ; ddfs:inst|sin_lut:lut_inst|altsyncram:rom_rtl_0|altsyncram_p171:auto_generated|ram_block1a8~porta_address_reg9 ;
; -0.500 ; 0.500        ; 1.000          ; High Pulse Width ; ddfs:inst|freq_divider:f_div_inst|count[19] ; Rise       ; ddfs:inst|cont[0]                                                                                              ;
; -0.500 ; 0.500        ; 1.000          ; Low Pulse Width  ; ddfs:inst|freq_divider:f_div_inst|count[19] ; Rise       ; ddfs:inst|cont[0]                                                                                              ;
; -0.500 ; 0.500        ; 1.000          ; High Pulse Width ; ddfs:inst|freq_divider:f_div_inst|count[19] ; Rise       ; ddfs:inst|cont[10]                                                                                             ;
; -0.500 ; 0.500        ; 1.000          ; Low Pulse Width  ; ddfs:inst|freq_divider:f_div_inst|count[19] ; Rise       ; ddfs:inst|cont[10]                                                                                             ;
; -0.500 ; 0.500        ; 1.000          ; High Pulse Width ; ddfs:inst|freq_divider:f_div_inst|count[19] ; Rise       ; ddfs:inst|cont[11]                                                                                             ;
; -0.500 ; 0.500        ; 1.000          ; Low Pulse Width  ; ddfs:inst|freq_divider:f_div_inst|count[19] ; Rise       ; ddfs:inst|cont[11]                                                                                             ;
; -0.500 ; 0.500        ; 1.000          ; High Pulse Width ; ddfs:inst|freq_divider:f_div_inst|count[19] ; Rise       ; ddfs:inst|cont[1]                                                                                              ;
; -0.500 ; 0.500        ; 1.000          ; Low Pulse Width  ; ddfs:inst|freq_divider:f_div_inst|count[19] ; Rise       ; ddfs:inst|cont[1]                                                                                              ;
; -0.500 ; 0.500        ; 1.000          ; High Pulse Width ; ddfs:inst|freq_divider:f_div_inst|count[19] ; Rise       ; ddfs:inst|cont[2]                                                                                              ;
; -0.500 ; 0.500        ; 1.000          ; Low Pulse Width  ; ddfs:inst|freq_divider:f_div_inst|count[19] ; Rise       ; ddfs:inst|cont[2]                                                                                              ;
; -0.500 ; 0.500        ; 1.000          ; High Pulse Width ; ddfs:inst|freq_divider:f_div_inst|count[19] ; Rise       ; ddfs:inst|cont[3]                                                                                              ;
; -0.500 ; 0.500        ; 1.000          ; Low Pulse Width  ; ddfs:inst|freq_divider:f_div_inst|count[19] ; Rise       ; ddfs:inst|cont[3]                                                                                              ;
; -0.500 ; 0.500        ; 1.000          ; High Pulse Width ; ddfs:inst|freq_divider:f_div_inst|count[19] ; Rise       ; ddfs:inst|cont[4]                                                                                              ;
; -0.500 ; 0.500        ; 1.000          ; Low Pulse Width  ; ddfs:inst|freq_divider:f_div_inst|count[19] ; Rise       ; ddfs:inst|cont[4]                                                                                              ;
; -0.500 ; 0.500        ; 1.000          ; High Pulse Width ; ddfs:inst|freq_divider:f_div_inst|count[19] ; Rise       ; ddfs:inst|cont[5]                                                                                              ;
; -0.500 ; 0.500        ; 1.000          ; Low Pulse Width  ; ddfs:inst|freq_divider:f_div_inst|count[19] ; Rise       ; ddfs:inst|cont[5]                                                                                              ;
; -0.500 ; 0.500        ; 1.000          ; High Pulse Width ; ddfs:inst|freq_divider:f_div_inst|count[19] ; Rise       ; ddfs:inst|cont[6]                                                                                              ;
; -0.500 ; 0.500        ; 1.000          ; Low Pulse Width  ; ddfs:inst|freq_divider:f_div_inst|count[19] ; Rise       ; ddfs:inst|cont[6]                                                                                              ;
; -0.500 ; 0.500        ; 1.000          ; High Pulse Width ; ddfs:inst|freq_divider:f_div_inst|count[19] ; Rise       ; ddfs:inst|cont[7]                                                                                              ;
; -0.500 ; 0.500        ; 1.000          ; Low Pulse Width  ; ddfs:inst|freq_divider:f_div_inst|count[19] ; Rise       ; ddfs:inst|cont[7]                                                                                              ;
; -0.500 ; 0.500        ; 1.000          ; High Pulse Width ; ddfs:inst|freq_divider:f_div_inst|count[19] ; Rise       ; ddfs:inst|cont[8]                                                                                              ;
; -0.500 ; 0.500        ; 1.000          ; Low Pulse Width  ; ddfs:inst|freq_divider:f_div_inst|count[19] ; Rise       ; ddfs:inst|cont[8]                                                                                              ;
; -0.500 ; 0.500        ; 1.000          ; High Pulse Width ; ddfs:inst|freq_divider:f_div_inst|count[19] ; Rise       ; ddfs:inst|cont[9]                                                                                              ;
; -0.500 ; 0.500        ; 1.000          ; Low Pulse Width  ; ddfs:inst|freq_divider:f_div_inst|count[19] ; Rise       ; ddfs:inst|cont[9]                                                                                              ;
; -0.500 ; 0.500        ; 1.000          ; High Pulse Width ; ddfs:inst|freq_divider:f_div_inst|count[19] ; Rise       ; ddfs:inst|cont_rt[10]                                                                                          ;
; -0.500 ; 0.500        ; 1.000          ; Low Pulse Width  ; ddfs:inst|freq_divider:f_div_inst|count[19] ; Rise       ; ddfs:inst|cont_rt[10]                                                                                          ;
; -0.500 ; 0.500        ; 1.000          ; High Pulse Width ; ddfs:inst|freq_divider:f_div_inst|count[19] ; Rise       ; ddfs:inst|cont_rt[11]                                                                                          ;
; -0.500 ; 0.500        ; 1.000          ; Low Pulse Width  ; ddfs:inst|freq_divider:f_div_inst|count[19] ; Rise       ; ddfs:inst|cont_rt[11]                                                                                          ;
; 0.500  ; 0.500        ; 0.000          ; High Pulse Width ; ddfs:inst|freq_divider:f_div_inst|count[19] ; Rise       ; inst|cont[0]|clk                                                                                               ;
; 0.500  ; 0.500        ; 0.000          ; Low Pulse Width  ; ddfs:inst|freq_divider:f_div_inst|count[19] ; Rise       ; inst|cont[0]|clk                                                                                               ;
; 0.500  ; 0.500        ; 0.000          ; High Pulse Width ; ddfs:inst|freq_divider:f_div_inst|count[19] ; Rise       ; inst|cont[10]|clk                                                                                              ;
; 0.500  ; 0.500        ; 0.000          ; Low Pulse Width  ; ddfs:inst|freq_divider:f_div_inst|count[19] ; Rise       ; inst|cont[10]|clk                                                                                              ;
; 0.500  ; 0.500        ; 0.000          ; High Pulse Width ; ddfs:inst|freq_divider:f_div_inst|count[19] ; Rise       ; inst|cont[11]|clk                                                                                              ;
; 0.500  ; 0.500        ; 0.000          ; Low Pulse Width  ; ddfs:inst|freq_divider:f_div_inst|count[19] ; Rise       ; inst|cont[11]|clk                                                                                              ;
; 0.500  ; 0.500        ; 0.000          ; High Pulse Width ; ddfs:inst|freq_divider:f_div_inst|count[19] ; Rise       ; inst|cont[1]|clk                                                                                               ;
; 0.500  ; 0.500        ; 0.000          ; Low Pulse Width  ; ddfs:inst|freq_divider:f_div_inst|count[19] ; Rise       ; inst|cont[1]|clk                                                                                               ;
; 0.500  ; 0.500        ; 0.000          ; High Pulse Width ; ddfs:inst|freq_divider:f_div_inst|count[19] ; Rise       ; inst|cont[2]|clk                                                                                               ;
; 0.500  ; 0.500        ; 0.000          ; Low Pulse Width  ; ddfs:inst|freq_divider:f_div_inst|count[19] ; Rise       ; inst|cont[2]|clk                                                                                               ;
; 0.500  ; 0.500        ; 0.000          ; High Pulse Width ; ddfs:inst|freq_divider:f_div_inst|count[19] ; Rise       ; inst|cont[3]|clk                                                                                               ;
; 0.500  ; 0.500        ; 0.000          ; Low Pulse Width  ; ddfs:inst|freq_divider:f_div_inst|count[19] ; Rise       ; inst|cont[3]|clk                                                                                               ;
+--------+--------------+----------------+------------------+---------------------------------------------+------------+----------------------------------------------------------------------------------------------------------------+


+---------------------------------------------------------------------------------------------------------------------------------+
; Slow Model Minimum Pulse Width: 'CLOCK_50'                                                                                      ;
+--------+--------------+----------------+------------------+----------+------------+---------------------------------------------+
; Slack  ; Actual Width ; Required Width ; Type             ; Clock    ; Clock Edge ; Target                                      ;
+--------+--------------+----------------+------------------+----------+------------+---------------------------------------------+
; -1.380 ; 1.000        ; 2.380          ; Port Rate        ; CLOCK_50 ; Rise       ; CLOCK_50                                    ;
; -0.500 ; 0.500        ; 1.000          ; High Pulse Width ; CLOCK_50 ; Rise       ; ddfs:inst|freq_divider:f_div_inst|count[0]  ;
; -0.500 ; 0.500        ; 1.000          ; Low Pulse Width  ; CLOCK_50 ; Rise       ; ddfs:inst|freq_divider:f_div_inst|count[0]  ;
; -0.500 ; 0.500        ; 1.000          ; High Pulse Width ; CLOCK_50 ; Rise       ; ddfs:inst|freq_divider:f_div_inst|count[10] ;
; -0.500 ; 0.500        ; 1.000          ; Low Pulse Width  ; CLOCK_50 ; Rise       ; ddfs:inst|freq_divider:f_div_inst|count[10] ;
; -0.500 ; 0.500        ; 1.000          ; High Pulse Width ; CLOCK_50 ; Rise       ; ddfs:inst|freq_divider:f_div_inst|count[11] ;
; -0.500 ; 0.500        ; 1.000          ; Low Pulse Width  ; CLOCK_50 ; Rise       ; ddfs:inst|freq_divider:f_div_inst|count[11] ;
; -0.500 ; 0.500        ; 1.000          ; High Pulse Width ; CLOCK_50 ; Rise       ; ddfs:inst|freq_divider:f_div_inst|count[12] ;
; -0.500 ; 0.500        ; 1.000          ; Low Pulse Width  ; CLOCK_50 ; Rise       ; ddfs:inst|freq_divider:f_div_inst|count[12] ;
; -0.500 ; 0.500        ; 1.000          ; High Pulse Width ; CLOCK_50 ; Rise       ; ddfs:inst|freq_divider:f_div_inst|count[13] ;
; -0.500 ; 0.500        ; 1.000          ; Low Pulse Width  ; CLOCK_50 ; Rise       ; ddfs:inst|freq_divider:f_div_inst|count[13] ;
; -0.500 ; 0.500        ; 1.000          ; High Pulse Width ; CLOCK_50 ; Rise       ; ddfs:inst|freq_divider:f_div_inst|count[14] ;
; -0.500 ; 0.500        ; 1.000          ; Low Pulse Width  ; CLOCK_50 ; Rise       ; ddfs:inst|freq_divider:f_div_inst|count[14] ;
; -0.500 ; 0.500        ; 1.000          ; High Pulse Width ; CLOCK_50 ; Rise       ; ddfs:inst|freq_divider:f_div_inst|count[15] ;
; -0.500 ; 0.500        ; 1.000          ; Low Pulse Width  ; CLOCK_50 ; Rise       ; ddfs:inst|freq_divider:f_div_inst|count[15] ;
; -0.500 ; 0.500        ; 1.000          ; High Pulse Width ; CLOCK_50 ; Rise       ; ddfs:inst|freq_divider:f_div_inst|count[16] ;
; -0.500 ; 0.500        ; 1.000          ; Low Pulse Width  ; CLOCK_50 ; Rise       ; ddfs:inst|freq_divider:f_div_inst|count[16] ;
; -0.500 ; 0.500        ; 1.000          ; High Pulse Width ; CLOCK_50 ; Rise       ; ddfs:inst|freq_divider:f_div_inst|count[17] ;
; -0.500 ; 0.500        ; 1.000          ; Low Pulse Width  ; CLOCK_50 ; Rise       ; ddfs:inst|freq_divider:f_div_inst|count[17] ;
; -0.500 ; 0.500        ; 1.000          ; High Pulse Width ; CLOCK_50 ; Rise       ; ddfs:inst|freq_divider:f_div_inst|count[18] ;
; -0.500 ; 0.500        ; 1.000          ; Low Pulse Width  ; CLOCK_50 ; Rise       ; ddfs:inst|freq_divider:f_div_inst|count[18] ;
; -0.500 ; 0.500        ; 1.000          ; High Pulse Width ; CLOCK_50 ; Rise       ; ddfs:inst|freq_divider:f_div_inst|count[19] ;
; -0.500 ; 0.500        ; 1.000          ; Low Pulse Width  ; CLOCK_50 ; Rise       ; ddfs:inst|freq_divider:f_div_inst|count[19] ;
; -0.500 ; 0.500        ; 1.000          ; High Pulse Width ; CLOCK_50 ; Rise       ; ddfs:inst|freq_divider:f_div_inst|count[1]  ;
; -0.500 ; 0.500        ; 1.000          ; Low Pulse Width  ; CLOCK_50 ; Rise       ; ddfs:inst|freq_divider:f_div_inst|count[1]  ;
; -0.500 ; 0.500        ; 1.000          ; High Pulse Width ; CLOCK_50 ; Rise       ; ddfs:inst|freq_divider:f_div_inst|count[2]  ;
; -0.500 ; 0.500        ; 1.000          ; Low Pulse Width  ; CLOCK_50 ; Rise       ; ddfs:inst|freq_divider:f_div_inst|count[2]  ;
; -0.500 ; 0.500        ; 1.000          ; High Pulse Width ; CLOCK_50 ; Rise       ; ddfs:inst|freq_divider:f_div_inst|count[3]  ;
; -0.500 ; 0.500        ; 1.000          ; Low Pulse Width  ; CLOCK_50 ; Rise       ; ddfs:inst|freq_divider:f_div_inst|count[3]  ;
; -0.500 ; 0.500        ; 1.000          ; High Pulse Width ; CLOCK_50 ; Rise       ; ddfs:inst|freq_divider:f_div_inst|count[4]  ;
; -0.500 ; 0.500        ; 1.000          ; Low Pulse Width  ; CLOCK_50 ; Rise       ; ddfs:inst|freq_divider:f_div_inst|count[4]  ;
; -0.500 ; 0.500        ; 1.000          ; High Pulse Width ; CLOCK_50 ; Rise       ; ddfs:inst|freq_divider:f_div_inst|count[5]  ;
; -0.500 ; 0.500        ; 1.000          ; Low Pulse Width  ; CLOCK_50 ; Rise       ; ddfs:inst|freq_divider:f_div_inst|count[5]  ;
; -0.500 ; 0.500        ; 1.000          ; High Pulse Width ; CLOCK_50 ; Rise       ; ddfs:inst|freq_divider:f_div_inst|count[6]  ;
; -0.500 ; 0.500        ; 1.000          ; Low Pulse Width  ; CLOCK_50 ; Rise       ; ddfs:inst|freq_divider:f_div_inst|count[6]  ;
; -0.500 ; 0.500        ; 1.000          ; High Pulse Width ; CLOCK_50 ; Rise       ; ddfs:inst|freq_divider:f_div_inst|count[7]  ;
; -0.500 ; 0.500        ; 1.000          ; Low Pulse Width  ; CLOCK_50 ; Rise       ; ddfs:inst|freq_divider:f_div_inst|count[7]  ;
; -0.500 ; 0.500        ; 1.000          ; High Pulse Width ; CLOCK_50 ; Rise       ; ddfs:inst|freq_divider:f_div_inst|count[8]  ;
; -0.500 ; 0.500        ; 1.000          ; Low Pulse Width  ; CLOCK_50 ; Rise       ; ddfs:inst|freq_divider:f_div_inst|count[8]  ;
; -0.500 ; 0.500        ; 1.000          ; High Pulse Width ; CLOCK_50 ; Rise       ; ddfs:inst|freq_divider:f_div_inst|count[9]  ;
; -0.500 ; 0.500        ; 1.000          ; Low Pulse Width  ; CLOCK_50 ; Rise       ; ddfs:inst|freq_divider:f_div_inst|count[9]  ;
; 0.500  ; 0.500        ; 0.000          ; High Pulse Width ; CLOCK_50 ; Rise       ; CLOCK_50|combout                            ;
; 0.500  ; 0.500        ; 0.000          ; Low Pulse Width  ; CLOCK_50 ; Rise       ; CLOCK_50|combout                            ;
; 0.500  ; 0.500        ; 0.000          ; High Pulse Width ; CLOCK_50 ; Rise       ; CLOCK_50~clkctrl|inclk[0]                   ;
; 0.500  ; 0.500        ; 0.000          ; Low Pulse Width  ; CLOCK_50 ; Rise       ; CLOCK_50~clkctrl|inclk[0]                   ;
; 0.500  ; 0.500        ; 0.000          ; High Pulse Width ; CLOCK_50 ; Rise       ; CLOCK_50~clkctrl|outclk                     ;
; 0.500  ; 0.500        ; 0.000          ; Low Pulse Width  ; CLOCK_50 ; Rise       ; CLOCK_50~clkctrl|outclk                     ;
; 0.500  ; 0.500        ; 0.000          ; High Pulse Width ; CLOCK_50 ; Rise       ; inst|f_div_inst|count[0]|clk                ;
; 0.500  ; 0.500        ; 0.000          ; Low Pulse Width  ; CLOCK_50 ; Rise       ; inst|f_div_inst|count[0]|clk                ;
; 0.500  ; 0.500        ; 0.000          ; High Pulse Width ; CLOCK_50 ; Rise       ; inst|f_div_inst|count[10]|clk               ;
; 0.500  ; 0.500        ; 0.000          ; Low Pulse Width  ; CLOCK_50 ; Rise       ; inst|f_div_inst|count[10]|clk               ;
; 0.500  ; 0.500        ; 0.000          ; High Pulse Width ; CLOCK_50 ; Rise       ; inst|f_div_inst|count[11]|clk               ;
; 0.500  ; 0.500        ; 0.000          ; Low Pulse Width  ; CLOCK_50 ; Rise       ; inst|f_div_inst|count[11]|clk               ;
; 0.500  ; 0.500        ; 0.000          ; High Pulse Width ; CLOCK_50 ; Rise       ; inst|f_div_inst|count[12]|clk               ;
; 0.500  ; 0.500        ; 0.000          ; Low Pulse Width  ; CLOCK_50 ; Rise       ; inst|f_div_inst|count[12]|clk               ;
; 0.500  ; 0.500        ; 0.000          ; High Pulse Width ; CLOCK_50 ; Rise       ; inst|f_div_inst|count[13]|clk               ;
; 0.500  ; 0.500        ; 0.000          ; Low Pulse Width  ; CLOCK_50 ; Rise       ; inst|f_div_inst|count[13]|clk               ;
; 0.500  ; 0.500        ; 0.000          ; High Pulse Width ; CLOCK_50 ; Rise       ; inst|f_div_inst|count[14]|clk               ;
; 0.500  ; 0.500        ; 0.000          ; Low Pulse Width  ; CLOCK_50 ; Rise       ; inst|f_div_inst|count[14]|clk               ;
; 0.500  ; 0.500        ; 0.000          ; High Pulse Width ; CLOCK_50 ; Rise       ; inst|f_div_inst|count[15]|clk               ;
; 0.500  ; 0.500        ; 0.000          ; Low Pulse Width  ; CLOCK_50 ; Rise       ; inst|f_div_inst|count[15]|clk               ;
; 0.500  ; 0.500        ; 0.000          ; High Pulse Width ; CLOCK_50 ; Rise       ; inst|f_div_inst|count[16]|clk               ;
; 0.500  ; 0.500        ; 0.000          ; Low Pulse Width  ; CLOCK_50 ; Rise       ; inst|f_div_inst|count[16]|clk               ;
; 0.500  ; 0.500        ; 0.000          ; High Pulse Width ; CLOCK_50 ; Rise       ; inst|f_div_inst|count[17]|clk               ;
; 0.500  ; 0.500        ; 0.000          ; Low Pulse Width  ; CLOCK_50 ; Rise       ; inst|f_div_inst|count[17]|clk               ;
; 0.500  ; 0.500        ; 0.000          ; High Pulse Width ; CLOCK_50 ; Rise       ; inst|f_div_inst|count[18]|clk               ;
; 0.500  ; 0.500        ; 0.000          ; Low Pulse Width  ; CLOCK_50 ; Rise       ; inst|f_div_inst|count[18]|clk               ;
; 0.500  ; 0.500        ; 0.000          ; High Pulse Width ; CLOCK_50 ; Rise       ; inst|f_div_inst|count[19]|clk               ;
; 0.500  ; 0.500        ; 0.000          ; Low Pulse Width  ; CLOCK_50 ; Rise       ; inst|f_div_inst|count[19]|clk               ;
; 0.500  ; 0.500        ; 0.000          ; High Pulse Width ; CLOCK_50 ; Rise       ; inst|f_div_inst|count[1]|clk                ;
; 0.500  ; 0.500        ; 0.000          ; Low Pulse Width  ; CLOCK_50 ; Rise       ; inst|f_div_inst|count[1]|clk                ;
; 0.500  ; 0.500        ; 0.000          ; High Pulse Width ; CLOCK_50 ; Rise       ; inst|f_div_inst|count[2]|clk                ;
; 0.500  ; 0.500        ; 0.000          ; Low Pulse Width  ; CLOCK_50 ; Rise       ; inst|f_div_inst|count[2]|clk                ;
; 0.500  ; 0.500        ; 0.000          ; High Pulse Width ; CLOCK_50 ; Rise       ; inst|f_div_inst|count[3]|clk                ;
; 0.500  ; 0.500        ; 0.000          ; Low Pulse Width  ; CLOCK_50 ; Rise       ; inst|f_div_inst|count[3]|clk                ;
; 0.500  ; 0.500        ; 0.000          ; High Pulse Width ; CLOCK_50 ; Rise       ; inst|f_div_inst|count[4]|clk                ;
; 0.500  ; 0.500        ; 0.000          ; Low Pulse Width  ; CLOCK_50 ; Rise       ; inst|f_div_inst|count[4]|clk                ;
; 0.500  ; 0.500        ; 0.000          ; High Pulse Width ; CLOCK_50 ; Rise       ; inst|f_div_inst|count[5]|clk                ;
; 0.500  ; 0.500        ; 0.000          ; Low Pulse Width  ; CLOCK_50 ; Rise       ; inst|f_div_inst|count[5]|clk                ;
; 0.500  ; 0.500        ; 0.000          ; High Pulse Width ; CLOCK_50 ; Rise       ; inst|f_div_inst|count[6]|clk                ;
; 0.500  ; 0.500        ; 0.000          ; Low Pulse Width  ; CLOCK_50 ; Rise       ; inst|f_div_inst|count[6]|clk                ;
; 0.500  ; 0.500        ; 0.000          ; High Pulse Width ; CLOCK_50 ; Rise       ; inst|f_div_inst|count[7]|clk                ;
; 0.500  ; 0.500        ; 0.000          ; Low Pulse Width  ; CLOCK_50 ; Rise       ; inst|f_div_inst|count[7]|clk                ;
; 0.500  ; 0.500        ; 0.000          ; High Pulse Width ; CLOCK_50 ; Rise       ; inst|f_div_inst|count[8]|clk                ;
; 0.500  ; 0.500        ; 0.000          ; Low Pulse Width  ; CLOCK_50 ; Rise       ; inst|f_div_inst|count[8]|clk                ;
; 0.500  ; 0.500        ; 0.000          ; High Pulse Width ; CLOCK_50 ; Rise       ; inst|f_div_inst|count[9]|clk                ;
; 0.500  ; 0.500        ; 0.000          ; Low Pulse Width  ; CLOCK_50 ; Rise       ; inst|f_div_inst|count[9]|clk                ;
+--------+--------------+----------------+------------------+----------+------------+---------------------------------------------+


+------------------------------------------------------------------------------------------------------------------------------------+
; Setup Times                                                                                                                        ;
+-----------+---------------------------------------------+-------+-------+------------+---------------------------------------------+
; Data Port ; Clock Port                                  ; Rise  ; Fall  ; Clock Edge ; Clock Reference                             ;
+-----------+---------------------------------------------+-------+-------+------------+---------------------------------------------+
; SW[*]     ; CLOCK_50                                    ; 9.300 ; 9.300 ; Rise       ; CLOCK_50                                    ;
;  SW[11]   ; CLOCK_50                                    ; 0.800 ; 0.800 ; Rise       ; CLOCK_50                                    ;
;  SW[12]   ; CLOCK_50                                    ; 5.324 ; 5.324 ; Rise       ; CLOCK_50                                    ;
;  SW[13]   ; CLOCK_50                                    ; 9.300 ; 9.300 ; Rise       ; CLOCK_50                                    ;
;  SW[14]   ; CLOCK_50                                    ; 9.101 ; 9.101 ; Rise       ; CLOCK_50                                    ;
; SW[*]     ; ddfs:inst|freq_divider:f_div_inst|count[19] ; 6.011 ; 6.011 ; Rise       ; ddfs:inst|freq_divider:f_div_inst|count[19] ;
;  SW[3]    ; ddfs:inst|freq_divider:f_div_inst|count[19] ; 1.910 ; 1.910 ; Rise       ; ddfs:inst|freq_divider:f_div_inst|count[19] ;
;  SW[4]    ; ddfs:inst|freq_divider:f_div_inst|count[19] ; 5.952 ; 5.952 ; Rise       ; ddfs:inst|freq_divider:f_div_inst|count[19] ;
;  SW[5]    ; ddfs:inst|freq_divider:f_div_inst|count[19] ; 5.758 ; 5.758 ; Rise       ; ddfs:inst|freq_divider:f_div_inst|count[19] ;
;  SW[6]    ; ddfs:inst|freq_divider:f_div_inst|count[19] ; 5.522 ; 5.522 ; Rise       ; ddfs:inst|freq_divider:f_div_inst|count[19] ;
;  SW[7]    ; ddfs:inst|freq_divider:f_div_inst|count[19] ; 6.011 ; 6.011 ; Rise       ; ddfs:inst|freq_divider:f_div_inst|count[19] ;
;  SW[8]    ; ddfs:inst|freq_divider:f_div_inst|count[19] ; 5.971 ; 5.971 ; Rise       ; ddfs:inst|freq_divider:f_div_inst|count[19] ;
;  SW[9]    ; ddfs:inst|freq_divider:f_div_inst|count[19] ; 5.916 ; 5.916 ; Rise       ; ddfs:inst|freq_divider:f_div_inst|count[19] ;
;  SW[10]   ; ddfs:inst|freq_divider:f_div_inst|count[19] ; 5.550 ; 5.550 ; Rise       ; ddfs:inst|freq_divider:f_div_inst|count[19] ;
+-----------+---------------------------------------------+-------+-------+------------+---------------------------------------------+


+--------------------------------------------------------------------------------------------------------------------------------------+
; Hold Times                                                                                                                           ;
+-----------+---------------------------------------------+--------+--------+------------+---------------------------------------------+
; Data Port ; Clock Port                                  ; Rise   ; Fall   ; Clock Edge ; Clock Reference                             ;
+-----------+---------------------------------------------+--------+--------+------------+---------------------------------------------+
; SW[*]     ; CLOCK_50                                    ; 0.601  ; 0.601  ; Rise       ; CLOCK_50                                    ;
;  SW[11]   ; CLOCK_50                                    ; 0.601  ; 0.601  ; Rise       ; CLOCK_50                                    ;
;  SW[12]   ; CLOCK_50                                    ; -0.326 ; -0.326 ; Rise       ; CLOCK_50                                    ;
;  SW[13]   ; CLOCK_50                                    ; -2.931 ; -2.931 ; Rise       ; CLOCK_50                                    ;
;  SW[14]   ; CLOCK_50                                    ; -3.004 ; -3.004 ; Rise       ; CLOCK_50                                    ;
; SW[*]     ; ddfs:inst|freq_divider:f_div_inst|count[19] ; -0.758 ; -0.758 ; Rise       ; ddfs:inst|freq_divider:f_div_inst|count[19] ;
;  SW[3]    ; ddfs:inst|freq_divider:f_div_inst|count[19] ; -0.758 ; -0.758 ; Rise       ; ddfs:inst|freq_divider:f_div_inst|count[19] ;
;  SW[4]    ; ddfs:inst|freq_divider:f_div_inst|count[19] ; -1.896 ; -1.896 ; Rise       ; ddfs:inst|freq_divider:f_div_inst|count[19] ;
;  SW[5]    ; ddfs:inst|freq_divider:f_div_inst|count[19] ; -2.708 ; -2.708 ; Rise       ; ddfs:inst|freq_divider:f_div_inst|count[19] ;
;  SW[6]    ; ddfs:inst|freq_divider:f_div_inst|count[19] ; -2.296 ; -2.296 ; Rise       ; ddfs:inst|freq_divider:f_div_inst|count[19] ;
;  SW[7]    ; ddfs:inst|freq_divider:f_div_inst|count[19] ; -2.646 ; -2.646 ; Rise       ; ddfs:inst|freq_divider:f_div_inst|count[19] ;
;  SW[8]    ; ddfs:inst|freq_divider:f_div_inst|count[19] ; -2.630 ; -2.630 ; Rise       ; ddfs:inst|freq_divider:f_div_inst|count[19] ;
;  SW[9]    ; ddfs:inst|freq_divider:f_div_inst|count[19] ; -2.903 ; -2.903 ; Rise       ; ddfs:inst|freq_divider:f_div_inst|count[19] ;
;  SW[10]   ; ddfs:inst|freq_divider:f_div_inst|count[19] ; -3.079 ; -3.079 ; Rise       ; ddfs:inst|freq_divider:f_div_inst|count[19] ;
+-----------+---------------------------------------------+--------+--------+------------+---------------------------------------------+


+--------------------------------------------------------------------------------------------------------------------------------------+
; Clock to Output Times                                                                                                                ;
+-----------+---------------------------------------------+--------+--------+------------+---------------------------------------------+
; Data Port ; Clock Port                                  ; Rise   ; Fall   ; Clock Edge ; Clock Reference                             ;
+-----------+---------------------------------------------+--------+--------+------------+---------------------------------------------+
; LEDR[*]   ; ddfs:inst|freq_divider:f_div_inst|count[19] ; 15.819 ; 15.819 ; Rise       ; ddfs:inst|freq_divider:f_div_inst|count[19] ;
;  LEDR[0]  ; ddfs:inst|freq_divider:f_div_inst|count[19] ; 11.689 ; 11.689 ; Rise       ; ddfs:inst|freq_divider:f_div_inst|count[19] ;
;  LEDR[1]  ; ddfs:inst|freq_divider:f_div_inst|count[19] ; 14.071 ; 14.071 ; Rise       ; ddfs:inst|freq_divider:f_div_inst|count[19] ;
;  LEDR[2]  ; ddfs:inst|freq_divider:f_div_inst|count[19] ; 13.804 ; 13.804 ; Rise       ; ddfs:inst|freq_divider:f_div_inst|count[19] ;
;  LEDR[3]  ; ddfs:inst|freq_divider:f_div_inst|count[19] ; 14.135 ; 14.135 ; Rise       ; ddfs:inst|freq_divider:f_div_inst|count[19] ;
;  LEDR[4]  ; ddfs:inst|freq_divider:f_div_inst|count[19] ; 14.085 ; 14.085 ; Rise       ; ddfs:inst|freq_divider:f_div_inst|count[19] ;
;  LEDR[5]  ; ddfs:inst|freq_divider:f_div_inst|count[19] ; 13.925 ; 13.925 ; Rise       ; ddfs:inst|freq_divider:f_div_inst|count[19] ;
;  LEDR[6]  ; ddfs:inst|freq_divider:f_div_inst|count[19] ; 14.258 ; 14.258 ; Rise       ; ddfs:inst|freq_divider:f_div_inst|count[19] ;
;  LEDR[7]  ; ddfs:inst|freq_divider:f_div_inst|count[19] ; 14.447 ; 14.447 ; Rise       ; ddfs:inst|freq_divider:f_div_inst|count[19] ;
;  LEDR[8]  ; ddfs:inst|freq_divider:f_div_inst|count[19] ; 14.493 ; 14.493 ; Rise       ; ddfs:inst|freq_divider:f_div_inst|count[19] ;
;  LEDR[9]  ; ddfs:inst|freq_divider:f_div_inst|count[19] ; 15.407 ; 15.407 ; Rise       ; ddfs:inst|freq_divider:f_div_inst|count[19] ;
;  LEDR[10] ; ddfs:inst|freq_divider:f_div_inst|count[19] ; 15.094 ; 15.094 ; Rise       ; ddfs:inst|freq_divider:f_div_inst|count[19] ;
;  LEDR[11] ; ddfs:inst|freq_divider:f_div_inst|count[19] ; 15.819 ; 15.819 ; Rise       ; ddfs:inst|freq_divider:f_div_inst|count[19] ;
+-----------+---------------------------------------------+--------+--------+------------+---------------------------------------------+


+--------------------------------------------------------------------------------------------------------------------------------------+
; Minimum Clock to Output Times                                                                                                        ;
+-----------+---------------------------------------------+--------+--------+------------+---------------------------------------------+
; Data Port ; Clock Port                                  ; Rise   ; Fall   ; Clock Edge ; Clock Reference                             ;
+-----------+---------------------------------------------+--------+--------+------------+---------------------------------------------+
; LEDR[*]   ; ddfs:inst|freq_divider:f_div_inst|count[19] ; 8.991  ; 8.991  ; Rise       ; ddfs:inst|freq_divider:f_div_inst|count[19] ;
;  LEDR[0]  ; ddfs:inst|freq_divider:f_div_inst|count[19] ; 11.689 ; 11.689 ; Rise       ; ddfs:inst|freq_divider:f_div_inst|count[19] ;
;  LEDR[1]  ; ddfs:inst|freq_divider:f_div_inst|count[19] ; 9.717  ; 9.717  ; Rise       ; ddfs:inst|freq_divider:f_div_inst|count[19] ;
;  LEDR[2]  ; ddfs:inst|freq_divider:f_div_inst|count[19] ; 9.540  ; 9.540  ; Rise       ; ddfs:inst|freq_divider:f_div_inst|count[19] ;
;  LEDR[3]  ; ddfs:inst|freq_divider:f_div_inst|count[19] ; 9.409  ; 9.409  ; Rise       ; ddfs:inst|freq_divider:f_div_inst|count[19] ;
;  LEDR[4]  ; ddfs:inst|freq_divider:f_div_inst|count[19] ; 9.683  ; 9.683  ; Rise       ; ddfs:inst|freq_divider:f_div_inst|count[19] ;
;  LEDR[5]  ; ddfs:inst|freq_divider:f_div_inst|count[19] ; 9.451  ; 9.451  ; Rise       ; ddfs:inst|freq_divider:f_div_inst|count[19] ;
;  LEDR[6]  ; ddfs:inst|freq_divider:f_div_inst|count[19] ; 9.175  ; 9.175  ; Rise       ; ddfs:inst|freq_divider:f_div_inst|count[19] ;
;  LEDR[7]  ; ddfs:inst|freq_divider:f_div_inst|count[19] ; 9.170  ; 9.170  ; Rise       ; ddfs:inst|freq_divider:f_div_inst|count[19] ;
;  LEDR[8]  ; ddfs:inst|freq_divider:f_div_inst|count[19] ; 9.516  ; 9.516  ; Rise       ; ddfs:inst|freq_divider:f_div_inst|count[19] ;
;  LEDR[9]  ; ddfs:inst|freq_divider:f_div_inst|count[19] ; 10.029 ; 10.029 ; Rise       ; ddfs:inst|freq_divider:f_div_inst|count[19] ;
;  LEDR[10] ; ddfs:inst|freq_divider:f_div_inst|count[19] ; 9.978  ; 9.978  ; Rise       ; ddfs:inst|freq_divider:f_div_inst|count[19] ;
;  LEDR[11] ; ddfs:inst|freq_divider:f_div_inst|count[19] ; 8.991  ; 8.991  ; Rise       ; ddfs:inst|freq_divider:f_div_inst|count[19] ;
+-----------+---------------------------------------------+--------+--------+------------+---------------------------------------------+


+--------------------------------------------------------------+
; Propagation Delay                                            ;
+------------+-------------+--------+--------+--------+--------+
; Input Port ; Output Port ; RR     ; RF     ; FR     ; FF     ;
+------------+-------------+--------+--------+--------+--------+
; SW[0]      ; LEDR[0]     ; 7.529  ; 7.529  ; 7.529  ; 7.529  ;
; SW[0]      ; LEDR[1]     ; 9.911  ; 9.911  ; 9.911  ; 9.911  ;
; SW[0]      ; LEDR[2]     ; 9.644  ; 9.644  ; 9.644  ; 9.644  ;
; SW[0]      ; LEDR[3]     ; 9.975  ; 9.975  ; 9.975  ; 9.975  ;
; SW[0]      ; LEDR[4]     ; 9.925  ; 9.925  ; 9.925  ; 9.925  ;
; SW[0]      ; LEDR[5]     ; 9.765  ; 9.765  ; 9.765  ; 9.765  ;
; SW[0]      ; LEDR[6]     ; 10.098 ; 10.098 ; 10.098 ; 10.098 ;
; SW[0]      ; LEDR[7]     ; 10.287 ; 10.287 ; 10.287 ; 10.287 ;
; SW[0]      ; LEDR[8]     ; 10.333 ; 10.333 ; 10.333 ; 10.333 ;
; SW[0]      ; LEDR[9]     ; 11.247 ; 11.247 ; 11.247 ; 11.247 ;
; SW[0]      ; LEDR[10]    ; 10.934 ; 10.934 ; 10.934 ; 10.934 ;
; SW[0]      ; LEDR[11]    ; 11.659 ; 11.659 ; 11.659 ; 11.659 ;
; SW[1]      ; LEDR[0]     ; 7.227  ;        ;        ; 7.227  ;
; SW[1]      ; LEDR[1]     ; 9.609  ; 9.609  ; 9.609  ; 9.609  ;
; SW[1]      ; LEDR[2]     ; 9.342  ; 9.342  ; 9.342  ; 9.342  ;
; SW[1]      ; LEDR[3]     ; 9.673  ; 9.673  ; 9.673  ; 9.673  ;
; SW[1]      ; LEDR[4]     ; 9.623  ; 9.623  ; 9.623  ; 9.623  ;
; SW[1]      ; LEDR[5]     ; 9.463  ; 9.463  ; 9.463  ; 9.463  ;
; SW[1]      ; LEDR[6]     ; 9.796  ; 9.796  ; 9.796  ; 9.796  ;
; SW[1]      ; LEDR[7]     ; 9.985  ; 9.985  ; 9.985  ; 9.985  ;
; SW[1]      ; LEDR[8]     ; 10.031 ; 10.031 ; 10.031 ; 10.031 ;
; SW[1]      ; LEDR[9]     ; 10.945 ; 10.945 ; 10.945 ; 10.945 ;
; SW[1]      ; LEDR[10]    ; 10.632 ; 10.632 ; 10.632 ; 10.632 ;
; SW[1]      ; LEDR[11]    ;        ; 11.357 ; 11.357 ;        ;
; SW[2]      ; LEDR[1]     ; 9.455  ; 9.455  ; 9.455  ; 9.455  ;
; SW[2]      ; LEDR[2]     ; 9.278  ; 9.278  ; 9.278  ; 9.278  ;
; SW[2]      ; LEDR[3]     ; 9.147  ; 9.147  ; 9.147  ; 9.147  ;
; SW[2]      ; LEDR[4]     ; 9.421  ; 9.421  ; 9.421  ; 9.421  ;
; SW[2]      ; LEDR[5]     ; 9.189  ; 9.189  ; 9.189  ; 9.189  ;
; SW[2]      ; LEDR[6]     ; 8.913  ; 8.913  ; 8.913  ; 8.913  ;
; SW[2]      ; LEDR[7]     ; 8.908  ; 8.908  ; 8.908  ; 8.908  ;
; SW[2]      ; LEDR[8]     ; 9.254  ; 9.254  ; 9.254  ; 9.254  ;
; SW[2]      ; LEDR[9]     ; 9.767  ; 9.767  ; 9.767  ; 9.767  ;
; SW[2]      ; LEDR[10]    ; 9.716  ; 9.716  ; 9.716  ; 9.716  ;
; SW[2]      ; LEDR[11]    ;        ; 8.814  ; 8.814  ;        ;
; SW[3]      ; LEDR[1]     ; 10.800 ; 10.800 ; 10.800 ; 10.800 ;
; SW[3]      ; LEDR[2]     ; 10.872 ; 10.872 ; 10.872 ; 10.872 ;
; SW[3]      ; LEDR[3]     ; 11.203 ; 11.203 ; 11.203 ; 11.203 ;
; SW[3]      ; LEDR[4]     ; 11.153 ; 11.153 ; 11.153 ; 11.153 ;
; SW[3]      ; LEDR[5]     ; 10.993 ; 10.993 ; 10.993 ; 10.993 ;
; SW[3]      ; LEDR[6]     ; 11.326 ; 11.326 ; 11.326 ; 11.326 ;
; SW[3]      ; LEDR[7]     ; 11.515 ; 11.515 ; 11.515 ; 11.515 ;
; SW[3]      ; LEDR[8]     ; 11.561 ; 11.561 ; 11.561 ; 11.561 ;
; SW[3]      ; LEDR[9]     ; 12.475 ; 12.475 ; 12.475 ; 12.475 ;
; SW[3]      ; LEDR[10]    ; 12.162 ; 12.162 ; 12.162 ; 12.162 ;
; SW[3]      ; LEDR[11]    ; 12.887 ; 12.887 ; 12.887 ; 12.887 ;
+------------+-------------+--------+--------+--------+--------+


+------------------------------------------------------------+
; Minimum Propagation Delay                                  ;
+------------+-------------+-------+--------+--------+-------+
; Input Port ; Output Port ; RR    ; RF     ; FR     ; FF    ;
+------------+-------------+-------+--------+--------+-------+
; SW[0]      ; LEDR[0]     ; 7.529 ; 7.529  ; 7.529  ; 7.529 ;
; SW[0]      ; LEDR[1]     ; 8.051 ; 8.051  ; 8.051  ; 8.051 ;
; SW[0]      ; LEDR[2]     ; 8.357 ; 8.357  ; 8.357  ; 8.357 ;
; SW[0]      ; LEDR[3]     ; 8.348 ; 8.348  ; 8.348  ; 8.348 ;
; SW[0]      ; LEDR[4]     ; 8.207 ; 8.207  ; 8.207  ; 8.207 ;
; SW[0]      ; LEDR[5]     ; 8.115 ; 8.115  ; 8.115  ; 8.115 ;
; SW[0]      ; LEDR[6]     ; 7.945 ; 7.945  ; 7.945  ; 7.945 ;
; SW[0]      ; LEDR[7]     ; 8.047 ; 8.047  ; 8.047  ; 8.047 ;
; SW[0]      ; LEDR[8]     ; 7.847 ; 7.847  ; 7.847  ; 7.847 ;
; SW[0]      ; LEDR[9]     ; 8.220 ; 8.220  ; 8.220  ; 8.220 ;
; SW[0]      ; LEDR[10]    ; 8.308 ; 8.308  ; 8.308  ; 8.308 ;
; SW[0]      ; LEDR[11]    ; 8.414 ; 8.414  ; 8.414  ; 8.414 ;
; SW[1]      ; LEDR[0]     ; 7.227 ;        ;        ; 7.227 ;
; SW[1]      ; LEDR[1]     ; 7.894 ; 8.771  ; 8.771  ; 7.894 ;
; SW[1]      ; LEDR[2]     ; 8.055 ; 8.631  ; 8.631  ; 8.055 ;
; SW[1]      ; LEDR[3]     ; 8.191 ; 8.687  ; 8.687  ; 8.191 ;
; SW[1]      ; LEDR[4]     ; 8.352 ; 8.922  ; 8.922  ; 8.352 ;
; SW[1]      ; LEDR[5]     ; 7.815 ; 8.326  ; 8.326  ; 7.815 ;
; SW[1]      ; LEDR[6]     ; 7.788 ; 8.667  ; 8.667  ; 7.788 ;
; SW[1]      ; LEDR[7]     ; 7.750 ; 8.622  ; 8.622  ; 7.750 ;
; SW[1]      ; LEDR[8]     ; 7.999 ; 8.968  ; 8.968  ; 7.999 ;
; SW[1]      ; LEDR[9]     ; 8.064 ; 9.479  ; 9.479  ; 8.064 ;
; SW[1]      ; LEDR[10]    ; 8.459 ; 9.441  ; 9.441  ; 8.459 ;
; SW[1]      ; LEDR[11]    ;       ; 10.230 ; 10.230 ;       ;
; SW[2]      ; LEDR[1]     ; 8.847 ; 8.847  ; 8.847  ; 8.847 ;
; SW[2]      ; LEDR[2]     ; 8.670 ; 8.670  ; 8.670  ; 8.670 ;
; SW[2]      ; LEDR[3]     ; 8.539 ; 8.539  ; 8.539  ; 8.539 ;
; SW[2]      ; LEDR[4]     ; 8.813 ; 8.813  ; 8.813  ; 8.813 ;
; SW[2]      ; LEDR[5]     ; 8.581 ; 8.581  ; 8.581  ; 8.581 ;
; SW[2]      ; LEDR[6]     ; 8.305 ; 8.305  ; 8.305  ; 8.305 ;
; SW[2]      ; LEDR[7]     ; 8.300 ; 8.300  ; 8.300  ; 8.300 ;
; SW[2]      ; LEDR[8]     ; 8.646 ; 8.646  ; 8.646  ; 8.646 ;
; SW[2]      ; LEDR[9]     ; 9.159 ; 9.159  ; 9.159  ; 9.159 ;
; SW[2]      ; LEDR[10]    ; 9.108 ; 9.108  ; 9.108  ; 9.108 ;
; SW[2]      ; LEDR[11]    ;       ; 8.729  ; 8.729  ;       ;
; SW[3]      ; LEDR[1]     ; 9.129 ; 9.129  ; 9.129  ; 9.129 ;
; SW[3]      ; LEDR[2]     ; 8.952 ; 8.952  ; 8.952  ; 8.952 ;
; SW[3]      ; LEDR[3]     ; 8.821 ; 8.821  ; 8.821  ; 8.821 ;
; SW[3]      ; LEDR[4]     ; 9.095 ; 9.095  ; 9.095  ; 9.095 ;
; SW[3]      ; LEDR[5]     ; 8.863 ; 8.863  ; 8.863  ; 8.863 ;
; SW[3]      ; LEDR[6]     ; 8.587 ; 8.587  ; 8.587  ; 8.587 ;
; SW[3]      ; LEDR[7]     ; 8.582 ; 8.582  ; 8.582  ; 8.582 ;
; SW[3]      ; LEDR[8]     ; 8.928 ; 8.928  ; 8.928  ; 8.928 ;
; SW[3]      ; LEDR[9]     ; 9.441 ; 9.441  ; 9.441  ; 9.441 ;
; SW[3]      ; LEDR[10]    ; 9.390 ; 9.390  ; 9.390  ; 9.390 ;
; SW[3]      ; LEDR[11]    ; 8.421 ; 8.941  ; 8.941  ; 8.421 ;
+------------+-------------+-------+--------+--------+-------+


+----------------------------------------------------------------------+
; Fast Model Setup Summary                                             ;
+---------------------------------------------+--------+---------------+
; Clock                                       ; Slack  ; End Point TNS ;
+---------------------------------------------+--------+---------------+
; ddfs:inst|freq_divider:f_div_inst|count[19] ; -1.041 ; -14.579       ;
; CLOCK_50                                    ; -0.999 ; -17.194       ;
+---------------------------------------------+--------+---------------+


+----------------------------------------------------------------------+
; Fast Model Hold Summary                                              ;
+---------------------------------------------+--------+---------------+
; Clock                                       ; Slack  ; End Point TNS ;
+---------------------------------------------+--------+---------------+
; CLOCK_50                                    ; -1.214 ; -20.463       ;
; ddfs:inst|freq_divider:f_div_inst|count[19] ; 0.544  ; 0.000         ;
+---------------------------------------------+--------+---------------+


-------------------------------
; Fast Model Recovery Summary ;
-------------------------------
No paths to report.


------------------------------
; Fast Model Removal Summary ;
------------------------------
No paths to report.


+----------------------------------------------------------------------+
; Fast Model Minimum Pulse Width Summary                               ;
+---------------------------------------------+--------+---------------+
; Clock                                       ; Slack  ; End Point TNS ;
+---------------------------------------------+--------+---------------+
; ddfs:inst|freq_divider:f_div_inst|count[19] ; -1.423 ; -99.380       ;
; CLOCK_50                                    ; -1.380 ; -21.380       ;
+---------------------------------------------+--------+---------------+


+--------------------------------------------------------------------------------------------------------------------------------------------------------------------------------------+
; Fast Model Setup: 'ddfs:inst|freq_divider:f_div_inst|count[19]'                                                                                                                      ;
+--------+-------------------+--------------------+---------------------------------------------+---------------------------------------------+--------------+------------+------------+
; Slack  ; From Node         ; To Node            ; Launch Clock                                ; Latch Clock                                 ; Relationship ; Clock Skew ; Data Delay ;
+--------+-------------------+--------------------+---------------------------------------------+---------------------------------------------+--------------+------------+------------+
; -1.041 ; ddfs:inst|cont[2] ; ddfs:inst|cont[6]  ; ddfs:inst|freq_divider:f_div_inst|count[19] ; ddfs:inst|freq_divider:f_div_inst|count[19] ; 1.000        ; 0.001      ; 2.074      ;
; -1.040 ; ddfs:inst|cont[2] ; ddfs:inst|cont[7]  ; ddfs:inst|freq_divider:f_div_inst|count[19] ; ddfs:inst|freq_divider:f_div_inst|count[19] ; 1.000        ; 0.001      ; 2.073      ;
; -1.025 ; ddfs:inst|cont[0] ; ddfs:inst|cont[6]  ; ddfs:inst|freq_divider:f_div_inst|count[19] ; ddfs:inst|freq_divider:f_div_inst|count[19] ; 1.000        ; 0.002      ; 2.059      ;
; -1.024 ; ddfs:inst|cont[0] ; ddfs:inst|cont[7]  ; ddfs:inst|freq_divider:f_div_inst|count[19] ; ddfs:inst|freq_divider:f_div_inst|count[19] ; 1.000        ; 0.002      ; 2.058      ;
; -1.001 ; ddfs:inst|cont[2] ; ddfs:inst|cont[10] ; ddfs:inst|freq_divider:f_div_inst|count[19] ; ddfs:inst|freq_divider:f_div_inst|count[19] ; 1.000        ; 0.000      ; 2.033      ;
; -0.998 ; ddfs:inst|cont[2] ; ddfs:inst|cont[11] ; ddfs:inst|freq_divider:f_div_inst|count[19] ; ddfs:inst|freq_divider:f_div_inst|count[19] ; 1.000        ; 0.000      ; 2.030      ;
; -0.994 ; ddfs:inst|cont[3] ; ddfs:inst|cont[6]  ; ddfs:inst|freq_divider:f_div_inst|count[19] ; ddfs:inst|freq_divider:f_div_inst|count[19] ; 1.000        ; 0.001      ; 2.027      ;
; -0.993 ; ddfs:inst|cont[3] ; ddfs:inst|cont[7]  ; ddfs:inst|freq_divider:f_div_inst|count[19] ; ddfs:inst|freq_divider:f_div_inst|count[19] ; 1.000        ; 0.001      ; 2.026      ;
; -0.993 ; ddfs:inst|cont[1] ; ddfs:inst|cont[6]  ; ddfs:inst|freq_divider:f_div_inst|count[19] ; ddfs:inst|freq_divider:f_div_inst|count[19] ; 1.000        ; 0.002      ; 2.027      ;
; -0.992 ; ddfs:inst|cont[1] ; ddfs:inst|cont[7]  ; ddfs:inst|freq_divider:f_div_inst|count[19] ; ddfs:inst|freq_divider:f_div_inst|count[19] ; 1.000        ; 0.002      ; 2.026      ;
; -0.985 ; ddfs:inst|cont[2] ; ddfs:inst|cont[1]  ; ddfs:inst|freq_divider:f_div_inst|count[19] ; ddfs:inst|freq_divider:f_div_inst|count[19] ; 1.000        ; -0.001     ; 2.016      ;
; -0.985 ; ddfs:inst|cont[0] ; ddfs:inst|cont[10] ; ddfs:inst|freq_divider:f_div_inst|count[19] ; ddfs:inst|freq_divider:f_div_inst|count[19] ; 1.000        ; 0.001      ; 2.018      ;
; -0.984 ; ddfs:inst|cont[2] ; ddfs:inst|cont[0]  ; ddfs:inst|freq_divider:f_div_inst|count[19] ; ddfs:inst|freq_divider:f_div_inst|count[19] ; 1.000        ; -0.001     ; 2.015      ;
; -0.982 ; ddfs:inst|cont[0] ; ddfs:inst|cont[11] ; ddfs:inst|freq_divider:f_div_inst|count[19] ; ddfs:inst|freq_divider:f_div_inst|count[19] ; 1.000        ; 0.001      ; 2.015      ;
; -0.973 ; ddfs:inst|cont[2] ; ddfs:inst|cont[4]  ; ddfs:inst|freq_divider:f_div_inst|count[19] ; ddfs:inst|freq_divider:f_div_inst|count[19] ; 1.000        ; 0.000      ; 2.005      ;
; -0.973 ; ddfs:inst|cont[2] ; ddfs:inst|cont[9]  ; ddfs:inst|freq_divider:f_div_inst|count[19] ; ddfs:inst|freq_divider:f_div_inst|count[19] ; 1.000        ; 0.000      ; 2.005      ;
; -0.972 ; ddfs:inst|cont[2] ; ddfs:inst|cont[8]  ; ddfs:inst|freq_divider:f_div_inst|count[19] ; ddfs:inst|freq_divider:f_div_inst|count[19] ; 1.000        ; 0.000      ; 2.004      ;
; -0.971 ; ddfs:inst|cont[2] ; ddfs:inst|cont[2]  ; ddfs:inst|freq_divider:f_div_inst|count[19] ; ddfs:inst|freq_divider:f_div_inst|count[19] ; 1.000        ; 0.000      ; 2.003      ;
; -0.970 ; ddfs:inst|cont[2] ; ddfs:inst|cont[5]  ; ddfs:inst|freq_divider:f_div_inst|count[19] ; ddfs:inst|freq_divider:f_div_inst|count[19] ; 1.000        ; 0.000      ; 2.002      ;
; -0.969 ; ddfs:inst|cont[0] ; ddfs:inst|cont[1]  ; ddfs:inst|freq_divider:f_div_inst|count[19] ; ddfs:inst|freq_divider:f_div_inst|count[19] ; 1.000        ; 0.000      ; 2.001      ;
; -0.968 ; ddfs:inst|cont[4] ; ddfs:inst|cont[6]  ; ddfs:inst|freq_divider:f_div_inst|count[19] ; ddfs:inst|freq_divider:f_div_inst|count[19] ; 1.000        ; 0.001      ; 2.001      ;
; -0.968 ; ddfs:inst|cont[0] ; ddfs:inst|cont[0]  ; ddfs:inst|freq_divider:f_div_inst|count[19] ; ddfs:inst|freq_divider:f_div_inst|count[19] ; 1.000        ; 0.000      ; 2.000      ;
; -0.967 ; ddfs:inst|cont[2] ; ddfs:inst|cont[3]  ; ddfs:inst|freq_divider:f_div_inst|count[19] ; ddfs:inst|freq_divider:f_div_inst|count[19] ; 1.000        ; 0.000      ; 1.999      ;
; -0.967 ; ddfs:inst|cont[4] ; ddfs:inst|cont[7]  ; ddfs:inst|freq_divider:f_div_inst|count[19] ; ddfs:inst|freq_divider:f_div_inst|count[19] ; 1.000        ; 0.001      ; 2.000      ;
; -0.957 ; ddfs:inst|cont[0] ; ddfs:inst|cont[4]  ; ddfs:inst|freq_divider:f_div_inst|count[19] ; ddfs:inst|freq_divider:f_div_inst|count[19] ; 1.000        ; 0.001      ; 1.990      ;
; -0.957 ; ddfs:inst|cont[0] ; ddfs:inst|cont[9]  ; ddfs:inst|freq_divider:f_div_inst|count[19] ; ddfs:inst|freq_divider:f_div_inst|count[19] ; 1.000        ; 0.001      ; 1.990      ;
; -0.956 ; ddfs:inst|cont[0] ; ddfs:inst|cont[8]  ; ddfs:inst|freq_divider:f_div_inst|count[19] ; ddfs:inst|freq_divider:f_div_inst|count[19] ; 1.000        ; 0.001      ; 1.989      ;
; -0.955 ; ddfs:inst|cont[0] ; ddfs:inst|cont[2]  ; ddfs:inst|freq_divider:f_div_inst|count[19] ; ddfs:inst|freq_divider:f_div_inst|count[19] ; 1.000        ; 0.001      ; 1.988      ;
; -0.954 ; ddfs:inst|cont[3] ; ddfs:inst|cont[10] ; ddfs:inst|freq_divider:f_div_inst|count[19] ; ddfs:inst|freq_divider:f_div_inst|count[19] ; 1.000        ; 0.000      ; 1.986      ;
; -0.954 ; ddfs:inst|cont[0] ; ddfs:inst|cont[5]  ; ddfs:inst|freq_divider:f_div_inst|count[19] ; ddfs:inst|freq_divider:f_div_inst|count[19] ; 1.000        ; 0.001      ; 1.987      ;
; -0.953 ; ddfs:inst|cont[1] ; ddfs:inst|cont[10] ; ddfs:inst|freq_divider:f_div_inst|count[19] ; ddfs:inst|freq_divider:f_div_inst|count[19] ; 1.000        ; 0.001      ; 1.986      ;
; -0.952 ; ddfs:inst|cont[6] ; ddfs:inst|cont[6]  ; ddfs:inst|freq_divider:f_div_inst|count[19] ; ddfs:inst|freq_divider:f_div_inst|count[19] ; 1.000        ; 0.000      ; 1.984      ;
; -0.951 ; ddfs:inst|cont[6] ; ddfs:inst|cont[7]  ; ddfs:inst|freq_divider:f_div_inst|count[19] ; ddfs:inst|freq_divider:f_div_inst|count[19] ; 1.000        ; 0.000      ; 1.983      ;
; -0.951 ; ddfs:inst|cont[3] ; ddfs:inst|cont[11] ; ddfs:inst|freq_divider:f_div_inst|count[19] ; ddfs:inst|freq_divider:f_div_inst|count[19] ; 1.000        ; 0.000      ; 1.983      ;
; -0.951 ; ddfs:inst|cont[0] ; ddfs:inst|cont[3]  ; ddfs:inst|freq_divider:f_div_inst|count[19] ; ddfs:inst|freq_divider:f_div_inst|count[19] ; 1.000        ; 0.001      ; 1.984      ;
; -0.950 ; ddfs:inst|cont[1] ; ddfs:inst|cont[11] ; ddfs:inst|freq_divider:f_div_inst|count[19] ; ddfs:inst|freq_divider:f_div_inst|count[19] ; 1.000        ; 0.001      ; 1.983      ;
; -0.944 ; ddfs:inst|cont[4] ; ddfs:inst|cont[10] ; ddfs:inst|freq_divider:f_div_inst|count[19] ; ddfs:inst|freq_divider:f_div_inst|count[19] ; 1.000        ; 0.000      ; 1.976      ;
; -0.941 ; ddfs:inst|cont[4] ; ddfs:inst|cont[11] ; ddfs:inst|freq_divider:f_div_inst|count[19] ; ddfs:inst|freq_divider:f_div_inst|count[19] ; 1.000        ; 0.000      ; 1.973      ;
; -0.938 ; ddfs:inst|cont[3] ; ddfs:inst|cont[1]  ; ddfs:inst|freq_divider:f_div_inst|count[19] ; ddfs:inst|freq_divider:f_div_inst|count[19] ; 1.000        ; -0.001     ; 1.969      ;
; -0.937 ; ddfs:inst|cont[3] ; ddfs:inst|cont[0]  ; ddfs:inst|freq_divider:f_div_inst|count[19] ; ddfs:inst|freq_divider:f_div_inst|count[19] ; 1.000        ; -0.001     ; 1.968      ;
; -0.937 ; ddfs:inst|cont[1] ; ddfs:inst|cont[1]  ; ddfs:inst|freq_divider:f_div_inst|count[19] ; ddfs:inst|freq_divider:f_div_inst|count[19] ; 1.000        ; 0.000      ; 1.969      ;
; -0.936 ; ddfs:inst|cont[1] ; ddfs:inst|cont[0]  ; ddfs:inst|freq_divider:f_div_inst|count[19] ; ddfs:inst|freq_divider:f_div_inst|count[19] ; 1.000        ; 0.000      ; 1.968      ;
; -0.926 ; ddfs:inst|cont[3] ; ddfs:inst|cont[4]  ; ddfs:inst|freq_divider:f_div_inst|count[19] ; ddfs:inst|freq_divider:f_div_inst|count[19] ; 1.000        ; 0.000      ; 1.958      ;
; -0.926 ; ddfs:inst|cont[3] ; ddfs:inst|cont[9]  ; ddfs:inst|freq_divider:f_div_inst|count[19] ; ddfs:inst|freq_divider:f_div_inst|count[19] ; 1.000        ; 0.000      ; 1.958      ;
; -0.925 ; ddfs:inst|cont[3] ; ddfs:inst|cont[8]  ; ddfs:inst|freq_divider:f_div_inst|count[19] ; ddfs:inst|freq_divider:f_div_inst|count[19] ; 1.000        ; 0.000      ; 1.957      ;
; -0.925 ; ddfs:inst|cont[1] ; ddfs:inst|cont[4]  ; ddfs:inst|freq_divider:f_div_inst|count[19] ; ddfs:inst|freq_divider:f_div_inst|count[19] ; 1.000        ; 0.001      ; 1.958      ;
; -0.925 ; ddfs:inst|cont[1] ; ddfs:inst|cont[9]  ; ddfs:inst|freq_divider:f_div_inst|count[19] ; ddfs:inst|freq_divider:f_div_inst|count[19] ; 1.000        ; 0.001      ; 1.958      ;
; -0.924 ; ddfs:inst|cont[3] ; ddfs:inst|cont[2]  ; ddfs:inst|freq_divider:f_div_inst|count[19] ; ddfs:inst|freq_divider:f_div_inst|count[19] ; 1.000        ; 0.000      ; 1.956      ;
; -0.924 ; ddfs:inst|cont[1] ; ddfs:inst|cont[8]  ; ddfs:inst|freq_divider:f_div_inst|count[19] ; ddfs:inst|freq_divider:f_div_inst|count[19] ; 1.000        ; 0.001      ; 1.957      ;
; -0.923 ; ddfs:inst|cont[3] ; ddfs:inst|cont[5]  ; ddfs:inst|freq_divider:f_div_inst|count[19] ; ddfs:inst|freq_divider:f_div_inst|count[19] ; 1.000        ; 0.000      ; 1.955      ;
; -0.923 ; ddfs:inst|cont[1] ; ddfs:inst|cont[2]  ; ddfs:inst|freq_divider:f_div_inst|count[19] ; ddfs:inst|freq_divider:f_div_inst|count[19] ; 1.000        ; 0.001      ; 1.956      ;
; -0.922 ; ddfs:inst|cont[1] ; ddfs:inst|cont[5]  ; ddfs:inst|freq_divider:f_div_inst|count[19] ; ddfs:inst|freq_divider:f_div_inst|count[19] ; 1.000        ; 0.001      ; 1.955      ;
; -0.920 ; ddfs:inst|cont[3] ; ddfs:inst|cont[3]  ; ddfs:inst|freq_divider:f_div_inst|count[19] ; ddfs:inst|freq_divider:f_div_inst|count[19] ; 1.000        ; 0.000      ; 1.952      ;
; -0.919 ; ddfs:inst|cont[1] ; ddfs:inst|cont[3]  ; ddfs:inst|freq_divider:f_div_inst|count[19] ; ddfs:inst|freq_divider:f_div_inst|count[19] ; 1.000        ; 0.001      ; 1.952      ;
; -0.912 ; ddfs:inst|cont[6] ; ddfs:inst|cont[10] ; ddfs:inst|freq_divider:f_div_inst|count[19] ; ddfs:inst|freq_divider:f_div_inst|count[19] ; 1.000        ; -0.001     ; 1.943      ;
; -0.912 ; ddfs:inst|cont[4] ; ddfs:inst|cont[1]  ; ddfs:inst|freq_divider:f_div_inst|count[19] ; ddfs:inst|freq_divider:f_div_inst|count[19] ; 1.000        ; -0.001     ; 1.943      ;
; -0.911 ; ddfs:inst|cont[4] ; ddfs:inst|cont[0]  ; ddfs:inst|freq_divider:f_div_inst|count[19] ; ddfs:inst|freq_divider:f_div_inst|count[19] ; 1.000        ; -0.001     ; 1.942      ;
; -0.909 ; ddfs:inst|cont[6] ; ddfs:inst|cont[11] ; ddfs:inst|freq_divider:f_div_inst|count[19] ; ddfs:inst|freq_divider:f_div_inst|count[19] ; 1.000        ; -0.001     ; 1.940      ;
; -0.907 ; ddfs:inst|cont[7] ; ddfs:inst|cont[6]  ; ddfs:inst|freq_divider:f_div_inst|count[19] ; ddfs:inst|freq_divider:f_div_inst|count[19] ; 1.000        ; 0.000      ; 1.939      ;
; -0.906 ; ddfs:inst|cont[7] ; ddfs:inst|cont[7]  ; ddfs:inst|freq_divider:f_div_inst|count[19] ; ddfs:inst|freq_divider:f_div_inst|count[19] ; 1.000        ; 0.000      ; 1.938      ;
; -0.900 ; ddfs:inst|cont[4] ; ddfs:inst|cont[4]  ; ddfs:inst|freq_divider:f_div_inst|count[19] ; ddfs:inst|freq_divider:f_div_inst|count[19] ; 1.000        ; 0.000      ; 1.932      ;
; -0.900 ; ddfs:inst|cont[4] ; ddfs:inst|cont[9]  ; ddfs:inst|freq_divider:f_div_inst|count[19] ; ddfs:inst|freq_divider:f_div_inst|count[19] ; 1.000        ; 0.000      ; 1.932      ;
; -0.899 ; ddfs:inst|cont[4] ; ddfs:inst|cont[8]  ; ddfs:inst|freq_divider:f_div_inst|count[19] ; ddfs:inst|freq_divider:f_div_inst|count[19] ; 1.000        ; 0.000      ; 1.931      ;
; -0.898 ; ddfs:inst|cont[4] ; ddfs:inst|cont[2]  ; ddfs:inst|freq_divider:f_div_inst|count[19] ; ddfs:inst|freq_divider:f_div_inst|count[19] ; 1.000        ; 0.000      ; 1.930      ;
; -0.897 ; ddfs:inst|cont[4] ; ddfs:inst|cont[5]  ; ddfs:inst|freq_divider:f_div_inst|count[19] ; ddfs:inst|freq_divider:f_div_inst|count[19] ; 1.000        ; 0.000      ; 1.929      ;
; -0.896 ; ddfs:inst|cont[6] ; ddfs:inst|cont[1]  ; ddfs:inst|freq_divider:f_div_inst|count[19] ; ddfs:inst|freq_divider:f_div_inst|count[19] ; 1.000        ; -0.002     ; 1.926      ;
; -0.895 ; ddfs:inst|cont[6] ; ddfs:inst|cont[0]  ; ddfs:inst|freq_divider:f_div_inst|count[19] ; ddfs:inst|freq_divider:f_div_inst|count[19] ; 1.000        ; -0.002     ; 1.925      ;
; -0.894 ; ddfs:inst|cont[4] ; ddfs:inst|cont[3]  ; ddfs:inst|freq_divider:f_div_inst|count[19] ; ddfs:inst|freq_divider:f_div_inst|count[19] ; 1.000        ; 0.000      ; 1.926      ;
; -0.884 ; ddfs:inst|cont[6] ; ddfs:inst|cont[4]  ; ddfs:inst|freq_divider:f_div_inst|count[19] ; ddfs:inst|freq_divider:f_div_inst|count[19] ; 1.000        ; -0.001     ; 1.915      ;
; -0.884 ; ddfs:inst|cont[6] ; ddfs:inst|cont[9]  ; ddfs:inst|freq_divider:f_div_inst|count[19] ; ddfs:inst|freq_divider:f_div_inst|count[19] ; 1.000        ; -0.001     ; 1.915      ;
; -0.883 ; ddfs:inst|cont[6] ; ddfs:inst|cont[8]  ; ddfs:inst|freq_divider:f_div_inst|count[19] ; ddfs:inst|freq_divider:f_div_inst|count[19] ; 1.000        ; -0.001     ; 1.914      ;
; -0.882 ; ddfs:inst|cont[6] ; ddfs:inst|cont[2]  ; ddfs:inst|freq_divider:f_div_inst|count[19] ; ddfs:inst|freq_divider:f_div_inst|count[19] ; 1.000        ; -0.001     ; 1.913      ;
; -0.881 ; ddfs:inst|cont[6] ; ddfs:inst|cont[5]  ; ddfs:inst|freq_divider:f_div_inst|count[19] ; ddfs:inst|freq_divider:f_div_inst|count[19] ; 1.000        ; -0.001     ; 1.912      ;
; -0.878 ; ddfs:inst|cont[6] ; ddfs:inst|cont[3]  ; ddfs:inst|freq_divider:f_div_inst|count[19] ; ddfs:inst|freq_divider:f_div_inst|count[19] ; 1.000        ; -0.001     ; 1.909      ;
; -0.870 ; ddfs:inst|cont[5] ; ddfs:inst|cont[6]  ; ddfs:inst|freq_divider:f_div_inst|count[19] ; ddfs:inst|freq_divider:f_div_inst|count[19] ; 1.000        ; 0.001      ; 1.903      ;
; -0.869 ; ddfs:inst|cont[5] ; ddfs:inst|cont[7]  ; ddfs:inst|freq_divider:f_div_inst|count[19] ; ddfs:inst|freq_divider:f_div_inst|count[19] ; 1.000        ; 0.001      ; 1.902      ;
; -0.867 ; ddfs:inst|cont[7] ; ddfs:inst|cont[10] ; ddfs:inst|freq_divider:f_div_inst|count[19] ; ddfs:inst|freq_divider:f_div_inst|count[19] ; 1.000        ; -0.001     ; 1.898      ;
; -0.864 ; ddfs:inst|cont[7] ; ddfs:inst|cont[11] ; ddfs:inst|freq_divider:f_div_inst|count[19] ; ddfs:inst|freq_divider:f_div_inst|count[19] ; 1.000        ; -0.001     ; 1.895      ;
; -0.851 ; ddfs:inst|cont[7] ; ddfs:inst|cont[1]  ; ddfs:inst|freq_divider:f_div_inst|count[19] ; ddfs:inst|freq_divider:f_div_inst|count[19] ; 1.000        ; -0.002     ; 1.881      ;
; -0.850 ; ddfs:inst|cont[7] ; ddfs:inst|cont[0]  ; ddfs:inst|freq_divider:f_div_inst|count[19] ; ddfs:inst|freq_divider:f_div_inst|count[19] ; 1.000        ; -0.002     ; 1.880      ;
; -0.839 ; ddfs:inst|cont[7] ; ddfs:inst|cont[4]  ; ddfs:inst|freq_divider:f_div_inst|count[19] ; ddfs:inst|freq_divider:f_div_inst|count[19] ; 1.000        ; -0.001     ; 1.870      ;
; -0.839 ; ddfs:inst|cont[7] ; ddfs:inst|cont[9]  ; ddfs:inst|freq_divider:f_div_inst|count[19] ; ddfs:inst|freq_divider:f_div_inst|count[19] ; 1.000        ; -0.001     ; 1.870      ;
; -0.838 ; ddfs:inst|cont[7] ; ddfs:inst|cont[8]  ; ddfs:inst|freq_divider:f_div_inst|count[19] ; ddfs:inst|freq_divider:f_div_inst|count[19] ; 1.000        ; -0.001     ; 1.869      ;
; -0.837 ; ddfs:inst|cont[7] ; ddfs:inst|cont[2]  ; ddfs:inst|freq_divider:f_div_inst|count[19] ; ddfs:inst|freq_divider:f_div_inst|count[19] ; 1.000        ; -0.001     ; 1.868      ;
; -0.836 ; ddfs:inst|cont[7] ; ddfs:inst|cont[5]  ; ddfs:inst|freq_divider:f_div_inst|count[19] ; ddfs:inst|freq_divider:f_div_inst|count[19] ; 1.000        ; -0.001     ; 1.867      ;
; -0.833 ; ddfs:inst|cont[7] ; ddfs:inst|cont[3]  ; ddfs:inst|freq_divider:f_div_inst|count[19] ; ddfs:inst|freq_divider:f_div_inst|count[19] ; 1.000        ; -0.001     ; 1.864      ;
; -0.830 ; ddfs:inst|cont[5] ; ddfs:inst|cont[10] ; ddfs:inst|freq_divider:f_div_inst|count[19] ; ddfs:inst|freq_divider:f_div_inst|count[19] ; 1.000        ; 0.000      ; 1.862      ;
; -0.827 ; ddfs:inst|cont[5] ; ddfs:inst|cont[11] ; ddfs:inst|freq_divider:f_div_inst|count[19] ; ddfs:inst|freq_divider:f_div_inst|count[19] ; 1.000        ; 0.000      ; 1.859      ;
; -0.814 ; ddfs:inst|cont[5] ; ddfs:inst|cont[1]  ; ddfs:inst|freq_divider:f_div_inst|count[19] ; ddfs:inst|freq_divider:f_div_inst|count[19] ; 1.000        ; -0.001     ; 1.845      ;
; -0.813 ; ddfs:inst|cont[5] ; ddfs:inst|cont[0]  ; ddfs:inst|freq_divider:f_div_inst|count[19] ; ddfs:inst|freq_divider:f_div_inst|count[19] ; 1.000        ; -0.001     ; 1.844      ;
; -0.802 ; ddfs:inst|cont[5] ; ddfs:inst|cont[4]  ; ddfs:inst|freq_divider:f_div_inst|count[19] ; ddfs:inst|freq_divider:f_div_inst|count[19] ; 1.000        ; 0.000      ; 1.834      ;
; -0.802 ; ddfs:inst|cont[5] ; ddfs:inst|cont[9]  ; ddfs:inst|freq_divider:f_div_inst|count[19] ; ddfs:inst|freq_divider:f_div_inst|count[19] ; 1.000        ; 0.000      ; 1.834      ;
; -0.801 ; ddfs:inst|cont[5] ; ddfs:inst|cont[8]  ; ddfs:inst|freq_divider:f_div_inst|count[19] ; ddfs:inst|freq_divider:f_div_inst|count[19] ; 1.000        ; 0.000      ; 1.833      ;
; -0.800 ; ddfs:inst|cont[5] ; ddfs:inst|cont[2]  ; ddfs:inst|freq_divider:f_div_inst|count[19] ; ddfs:inst|freq_divider:f_div_inst|count[19] ; 1.000        ; 0.000      ; 1.832      ;
; -0.799 ; ddfs:inst|cont[5] ; ddfs:inst|cont[5]  ; ddfs:inst|freq_divider:f_div_inst|count[19] ; ddfs:inst|freq_divider:f_div_inst|count[19] ; 1.000        ; 0.000      ; 1.831      ;
; -0.796 ; ddfs:inst|cont[5] ; ddfs:inst|cont[3]  ; ddfs:inst|freq_divider:f_div_inst|count[19] ; ddfs:inst|freq_divider:f_div_inst|count[19] ; 1.000        ; 0.000      ; 1.828      ;
; -0.742 ; ddfs:inst|cont[8] ; ddfs:inst|cont[10] ; ddfs:inst|freq_divider:f_div_inst|count[19] ; ddfs:inst|freq_divider:f_div_inst|count[19] ; 1.000        ; 0.000      ; 1.774      ;
; -0.739 ; ddfs:inst|cont[8] ; ddfs:inst|cont[11] ; ddfs:inst|freq_divider:f_div_inst|count[19] ; ddfs:inst|freq_divider:f_div_inst|count[19] ; 1.000        ; 0.000      ; 1.771      ;
; -0.725 ; ddfs:inst|cont[8] ; ddfs:inst|cont[6]  ; ddfs:inst|freq_divider:f_div_inst|count[19] ; ddfs:inst|freq_divider:f_div_inst|count[19] ; 1.000        ; 0.001      ; 1.758      ;
; -0.724 ; ddfs:inst|cont[8] ; ddfs:inst|cont[7]  ; ddfs:inst|freq_divider:f_div_inst|count[19] ; ddfs:inst|freq_divider:f_div_inst|count[19] ; 1.000        ; 0.001      ; 1.757      ;
+--------+-------------------+--------------------+---------------------------------------------+---------------------------------------------+--------------+------------+------------+


+-------------------------------------------------------------------------------------------------------------------------------------------------------------------------+
; Fast Model Setup: 'CLOCK_50'                                                                                                                                            ;
+--------+--------------------------------------------+---------------------------------------------+--------------+-------------+--------------+------------+------------+
; Slack  ; From Node                                  ; To Node                                     ; Launch Clock ; Latch Clock ; Relationship ; Clock Skew ; Data Delay ;
+--------+--------------------------------------------+---------------------------------------------+--------------+-------------+--------------+------------+------------+
; -0.999 ; ddfs:inst|freq_divider:f_div_inst|count[0] ; ddfs:inst|freq_divider:f_div_inst|count[3]  ; CLOCK_50     ; CLOCK_50    ; 1.000        ; 0.000      ; 2.031      ;
; -0.999 ; ddfs:inst|freq_divider:f_div_inst|count[0] ; ddfs:inst|freq_divider:f_div_inst|count[6]  ; CLOCK_50     ; CLOCK_50    ; 1.000        ; 0.000      ; 2.031      ;
; -0.997 ; ddfs:inst|freq_divider:f_div_inst|count[0] ; ddfs:inst|freq_divider:f_div_inst|count[1]  ; CLOCK_50     ; CLOCK_50    ; 1.000        ; 0.000      ; 2.029      ;
; -0.997 ; ddfs:inst|freq_divider:f_div_inst|count[0] ; ddfs:inst|freq_divider:f_div_inst|count[2]  ; CLOCK_50     ; CLOCK_50    ; 1.000        ; 0.000      ; 2.029      ;
; -0.995 ; ddfs:inst|freq_divider:f_div_inst|count[0] ; ddfs:inst|freq_divider:f_div_inst|count[0]  ; CLOCK_50     ; CLOCK_50    ; 1.000        ; 0.000      ; 2.027      ;
; -0.995 ; ddfs:inst|freq_divider:f_div_inst|count[0] ; ddfs:inst|freq_divider:f_div_inst|count[8]  ; CLOCK_50     ; CLOCK_50    ; 1.000        ; 0.000      ; 2.027      ;
; -0.974 ; ddfs:inst|freq_divider:f_div_inst|count[0] ; ddfs:inst|freq_divider:f_div_inst|count[16] ; CLOCK_50     ; CLOCK_50    ; 1.000        ; -0.007     ; 1.999      ;
; -0.974 ; ddfs:inst|freq_divider:f_div_inst|count[5] ; ddfs:inst|freq_divider:f_div_inst|count[3]  ; CLOCK_50     ; CLOCK_50    ; 1.000        ; 0.006      ; 2.012      ;
; -0.974 ; ddfs:inst|freq_divider:f_div_inst|count[5] ; ddfs:inst|freq_divider:f_div_inst|count[6]  ; CLOCK_50     ; CLOCK_50    ; 1.000        ; 0.006      ; 2.012      ;
; -0.972 ; ddfs:inst|freq_divider:f_div_inst|count[5] ; ddfs:inst|freq_divider:f_div_inst|count[1]  ; CLOCK_50     ; CLOCK_50    ; 1.000        ; 0.006      ; 2.010      ;
; -0.972 ; ddfs:inst|freq_divider:f_div_inst|count[5] ; ddfs:inst|freq_divider:f_div_inst|count[2]  ; CLOCK_50     ; CLOCK_50    ; 1.000        ; 0.006      ; 2.010      ;
; -0.970 ; ddfs:inst|freq_divider:f_div_inst|count[5] ; ddfs:inst|freq_divider:f_div_inst|count[0]  ; CLOCK_50     ; CLOCK_50    ; 1.000        ; 0.006      ; 2.008      ;
; -0.970 ; ddfs:inst|freq_divider:f_div_inst|count[5] ; ddfs:inst|freq_divider:f_div_inst|count[8]  ; CLOCK_50     ; CLOCK_50    ; 1.000        ; 0.006      ; 2.008      ;
; -0.962 ; ddfs:inst|freq_divider:f_div_inst|count[1] ; ddfs:inst|freq_divider:f_div_inst|count[3]  ; CLOCK_50     ; CLOCK_50    ; 1.000        ; 0.000      ; 1.994      ;
; -0.962 ; ddfs:inst|freq_divider:f_div_inst|count[1] ; ddfs:inst|freq_divider:f_div_inst|count[6]  ; CLOCK_50     ; CLOCK_50    ; 1.000        ; 0.000      ; 1.994      ;
; -0.960 ; ddfs:inst|freq_divider:f_div_inst|count[1] ; ddfs:inst|freq_divider:f_div_inst|count[1]  ; CLOCK_50     ; CLOCK_50    ; 1.000        ; 0.000      ; 1.992      ;
; -0.960 ; ddfs:inst|freq_divider:f_div_inst|count[1] ; ddfs:inst|freq_divider:f_div_inst|count[2]  ; CLOCK_50     ; CLOCK_50    ; 1.000        ; 0.000      ; 1.992      ;
; -0.958 ; ddfs:inst|freq_divider:f_div_inst|count[1] ; ddfs:inst|freq_divider:f_div_inst|count[0]  ; CLOCK_50     ; CLOCK_50    ; 1.000        ; 0.000      ; 1.990      ;
; -0.958 ; ddfs:inst|freq_divider:f_div_inst|count[1] ; ddfs:inst|freq_divider:f_div_inst|count[8]  ; CLOCK_50     ; CLOCK_50    ; 1.000        ; 0.000      ; 1.990      ;
; -0.949 ; ddfs:inst|freq_divider:f_div_inst|count[5] ; ddfs:inst|freq_divider:f_div_inst|count[16] ; CLOCK_50     ; CLOCK_50    ; 1.000        ; -0.001     ; 1.980      ;
; -0.937 ; ddfs:inst|freq_divider:f_div_inst|count[1] ; ddfs:inst|freq_divider:f_div_inst|count[16] ; CLOCK_50     ; CLOCK_50    ; 1.000        ; -0.007     ; 1.962      ;
; -0.908 ; ddfs:inst|freq_divider:f_div_inst|count[0] ; ddfs:inst|freq_divider:f_div_inst|count[19] ; CLOCK_50     ; CLOCK_50    ; 1.000        ; -0.007     ; 1.933      ;
; -0.888 ; ddfs:inst|freq_divider:f_div_inst|count[4] ; ddfs:inst|freq_divider:f_div_inst|count[3]  ; CLOCK_50     ; CLOCK_50    ; 1.000        ; 0.001      ; 1.921      ;
; -0.888 ; ddfs:inst|freq_divider:f_div_inst|count[2] ; ddfs:inst|freq_divider:f_div_inst|count[3]  ; CLOCK_50     ; CLOCK_50    ; 1.000        ; 0.000      ; 1.920      ;
; -0.888 ; ddfs:inst|freq_divider:f_div_inst|count[4] ; ddfs:inst|freq_divider:f_div_inst|count[6]  ; CLOCK_50     ; CLOCK_50    ; 1.000        ; 0.001      ; 1.921      ;
; -0.888 ; ddfs:inst|freq_divider:f_div_inst|count[2] ; ddfs:inst|freq_divider:f_div_inst|count[6]  ; CLOCK_50     ; CLOCK_50    ; 1.000        ; 0.000      ; 1.920      ;
; -0.886 ; ddfs:inst|freq_divider:f_div_inst|count[4] ; ddfs:inst|freq_divider:f_div_inst|count[1]  ; CLOCK_50     ; CLOCK_50    ; 1.000        ; 0.001      ; 1.919      ;
; -0.886 ; ddfs:inst|freq_divider:f_div_inst|count[2] ; ddfs:inst|freq_divider:f_div_inst|count[1]  ; CLOCK_50     ; CLOCK_50    ; 1.000        ; 0.000      ; 1.918      ;
; -0.886 ; ddfs:inst|freq_divider:f_div_inst|count[4] ; ddfs:inst|freq_divider:f_div_inst|count[2]  ; CLOCK_50     ; CLOCK_50    ; 1.000        ; 0.001      ; 1.919      ;
; -0.886 ; ddfs:inst|freq_divider:f_div_inst|count[2] ; ddfs:inst|freq_divider:f_div_inst|count[2]  ; CLOCK_50     ; CLOCK_50    ; 1.000        ; 0.000      ; 1.918      ;
; -0.884 ; ddfs:inst|freq_divider:f_div_inst|count[4] ; ddfs:inst|freq_divider:f_div_inst|count[0]  ; CLOCK_50     ; CLOCK_50    ; 1.000        ; 0.001      ; 1.917      ;
; -0.884 ; ddfs:inst|freq_divider:f_div_inst|count[2] ; ddfs:inst|freq_divider:f_div_inst|count[0]  ; CLOCK_50     ; CLOCK_50    ; 1.000        ; 0.000      ; 1.916      ;
; -0.884 ; ddfs:inst|freq_divider:f_div_inst|count[4] ; ddfs:inst|freq_divider:f_div_inst|count[8]  ; CLOCK_50     ; CLOCK_50    ; 1.000        ; 0.001      ; 1.917      ;
; -0.884 ; ddfs:inst|freq_divider:f_div_inst|count[2] ; ddfs:inst|freq_divider:f_div_inst|count[8]  ; CLOCK_50     ; CLOCK_50    ; 1.000        ; 0.000      ; 1.916      ;
; -0.864 ; ddfs:inst|freq_divider:f_div_inst|count[0] ; ddfs:inst|freq_divider:f_div_inst|count[18] ; CLOCK_50     ; CLOCK_50    ; 1.000        ; -0.007     ; 1.889      ;
; -0.863 ; ddfs:inst|freq_divider:f_div_inst|count[0] ; ddfs:inst|freq_divider:f_div_inst|count[17] ; CLOCK_50     ; CLOCK_50    ; 1.000        ; -0.007     ; 1.888      ;
; -0.863 ; ddfs:inst|freq_divider:f_div_inst|count[4] ; ddfs:inst|freq_divider:f_div_inst|count[16] ; CLOCK_50     ; CLOCK_50    ; 1.000        ; -0.006     ; 1.889      ;
; -0.863 ; ddfs:inst|freq_divider:f_div_inst|count[2] ; ddfs:inst|freq_divider:f_div_inst|count[16] ; CLOCK_50     ; CLOCK_50    ; 1.000        ; -0.007     ; 1.888      ;
; -0.859 ; ddfs:inst|freq_divider:f_div_inst|count[9] ; ddfs:inst|freq_divider:f_div_inst|count[3]  ; CLOCK_50     ; CLOCK_50    ; 1.000        ; 0.004      ; 1.895      ;
; -0.859 ; ddfs:inst|freq_divider:f_div_inst|count[9] ; ddfs:inst|freq_divider:f_div_inst|count[6]  ; CLOCK_50     ; CLOCK_50    ; 1.000        ; 0.004      ; 1.895      ;
; -0.857 ; ddfs:inst|freq_divider:f_div_inst|count[9] ; ddfs:inst|freq_divider:f_div_inst|count[1]  ; CLOCK_50     ; CLOCK_50    ; 1.000        ; 0.004      ; 1.893      ;
; -0.857 ; ddfs:inst|freq_divider:f_div_inst|count[9] ; ddfs:inst|freq_divider:f_div_inst|count[2]  ; CLOCK_50     ; CLOCK_50    ; 1.000        ; 0.004      ; 1.893      ;
; -0.855 ; ddfs:inst|freq_divider:f_div_inst|count[9] ; ddfs:inst|freq_divider:f_div_inst|count[0]  ; CLOCK_50     ; CLOCK_50    ; 1.000        ; 0.004      ; 1.891      ;
; -0.855 ; ddfs:inst|freq_divider:f_div_inst|count[9] ; ddfs:inst|freq_divider:f_div_inst|count[8]  ; CLOCK_50     ; CLOCK_50    ; 1.000        ; 0.004      ; 1.891      ;
; -0.839 ; ddfs:inst|freq_divider:f_div_inst|count[0] ; ddfs:inst|freq_divider:f_div_inst|count[9]  ; CLOCK_50     ; CLOCK_50    ; 1.000        ; -0.004     ; 1.867      ;
; -0.839 ; ddfs:inst|freq_divider:f_div_inst|count[3] ; ddfs:inst|freq_divider:f_div_inst|count[3]  ; CLOCK_50     ; CLOCK_50    ; 1.000        ; 0.000      ; 1.871      ;
; -0.839 ; ddfs:inst|freq_divider:f_div_inst|count[3] ; ddfs:inst|freq_divider:f_div_inst|count[6]  ; CLOCK_50     ; CLOCK_50    ; 1.000        ; 0.000      ; 1.871      ;
; -0.839 ; ddfs:inst|freq_divider:f_div_inst|count[5] ; ddfs:inst|freq_divider:f_div_inst|count[18] ; CLOCK_50     ; CLOCK_50    ; 1.000        ; -0.001     ; 1.870      ;
; -0.838 ; ddfs:inst|freq_divider:f_div_inst|count[5] ; ddfs:inst|freq_divider:f_div_inst|count[17] ; CLOCK_50     ; CLOCK_50    ; 1.000        ; -0.001     ; 1.869      ;
; -0.837 ; ddfs:inst|freq_divider:f_div_inst|count[3] ; ddfs:inst|freq_divider:f_div_inst|count[1]  ; CLOCK_50     ; CLOCK_50    ; 1.000        ; 0.000      ; 1.869      ;
; -0.837 ; ddfs:inst|freq_divider:f_div_inst|count[3] ; ddfs:inst|freq_divider:f_div_inst|count[2]  ; CLOCK_50     ; CLOCK_50    ; 1.000        ; 0.000      ; 1.869      ;
; -0.835 ; ddfs:inst|freq_divider:f_div_inst|count[3] ; ddfs:inst|freq_divider:f_div_inst|count[0]  ; CLOCK_50     ; CLOCK_50    ; 1.000        ; 0.000      ; 1.867      ;
; -0.835 ; ddfs:inst|freq_divider:f_div_inst|count[3] ; ddfs:inst|freq_divider:f_div_inst|count[8]  ; CLOCK_50     ; CLOCK_50    ; 1.000        ; 0.000      ; 1.867      ;
; -0.834 ; ddfs:inst|freq_divider:f_div_inst|count[9] ; ddfs:inst|freq_divider:f_div_inst|count[16] ; CLOCK_50     ; CLOCK_50    ; 1.000        ; -0.003     ; 1.863      ;
; -0.827 ; ddfs:inst|freq_divider:f_div_inst|count[1] ; ddfs:inst|freq_divider:f_div_inst|count[18] ; CLOCK_50     ; CLOCK_50    ; 1.000        ; -0.007     ; 1.852      ;
; -0.826 ; ddfs:inst|freq_divider:f_div_inst|count[1] ; ddfs:inst|freq_divider:f_div_inst|count[17] ; CLOCK_50     ; CLOCK_50    ; 1.000        ; -0.007     ; 1.851      ;
; -0.814 ; ddfs:inst|freq_divider:f_div_inst|count[3] ; ddfs:inst|freq_divider:f_div_inst|count[16] ; CLOCK_50     ; CLOCK_50    ; 1.000        ; -0.007     ; 1.839      ;
; -0.814 ; ddfs:inst|freq_divider:f_div_inst|count[5] ; ddfs:inst|freq_divider:f_div_inst|count[9]  ; CLOCK_50     ; CLOCK_50    ; 1.000        ; 0.002      ; 1.848      ;
; -0.808 ; ddfs:inst|freq_divider:f_div_inst|count[0] ; ddfs:inst|freq_divider:f_div_inst|count[4]  ; CLOCK_50     ; CLOCK_50    ; 1.000        ; -0.001     ; 1.839      ;
; -0.807 ; ddfs:inst|freq_divider:f_div_inst|count[0] ; ddfs:inst|freq_divider:f_div_inst|count[7]  ; CLOCK_50     ; CLOCK_50    ; 1.000        ; -0.001     ; 1.838      ;
; -0.802 ; ddfs:inst|freq_divider:f_div_inst|count[1] ; ddfs:inst|freq_divider:f_div_inst|count[19] ; CLOCK_50     ; CLOCK_50    ; 1.000        ; -0.007     ; 1.827      ;
; -0.802 ; ddfs:inst|freq_divider:f_div_inst|count[1] ; ddfs:inst|freq_divider:f_div_inst|count[9]  ; CLOCK_50     ; CLOCK_50    ; 1.000        ; -0.004     ; 1.830      ;
; -0.790 ; ddfs:inst|freq_divider:f_div_inst|count[5] ; ddfs:inst|freq_divider:f_div_inst|count[19] ; CLOCK_50     ; CLOCK_50    ; 1.000        ; -0.001     ; 1.821      ;
; -0.787 ; ddfs:inst|freq_divider:f_div_inst|count[2] ; ddfs:inst|freq_divider:f_div_inst|count[19] ; CLOCK_50     ; CLOCK_50    ; 1.000        ; -0.007     ; 1.812      ;
; -0.783 ; ddfs:inst|freq_divider:f_div_inst|count[7] ; ddfs:inst|freq_divider:f_div_inst|count[3]  ; CLOCK_50     ; CLOCK_50    ; 1.000        ; 0.001      ; 1.816      ;
; -0.783 ; ddfs:inst|freq_divider:f_div_inst|count[7] ; ddfs:inst|freq_divider:f_div_inst|count[6]  ; CLOCK_50     ; CLOCK_50    ; 1.000        ; 0.001      ; 1.816      ;
; -0.783 ; ddfs:inst|freq_divider:f_div_inst|count[5] ; ddfs:inst|freq_divider:f_div_inst|count[4]  ; CLOCK_50     ; CLOCK_50    ; 1.000        ; 0.005      ; 1.820      ;
; -0.782 ; ddfs:inst|freq_divider:f_div_inst|count[5] ; ddfs:inst|freq_divider:f_div_inst|count[7]  ; CLOCK_50     ; CLOCK_50    ; 1.000        ; 0.005      ; 1.819      ;
; -0.781 ; ddfs:inst|freq_divider:f_div_inst|count[7] ; ddfs:inst|freq_divider:f_div_inst|count[1]  ; CLOCK_50     ; CLOCK_50    ; 1.000        ; 0.001      ; 1.814      ;
; -0.781 ; ddfs:inst|freq_divider:f_div_inst|count[7] ; ddfs:inst|freq_divider:f_div_inst|count[2]  ; CLOCK_50     ; CLOCK_50    ; 1.000        ; 0.001      ; 1.814      ;
; -0.779 ; ddfs:inst|freq_divider:f_div_inst|count[7] ; ddfs:inst|freq_divider:f_div_inst|count[0]  ; CLOCK_50     ; CLOCK_50    ; 1.000        ; 0.001      ; 1.812      ;
; -0.779 ; ddfs:inst|freq_divider:f_div_inst|count[7] ; ddfs:inst|freq_divider:f_div_inst|count[8]  ; CLOCK_50     ; CLOCK_50    ; 1.000        ; 0.001      ; 1.812      ;
; -0.772 ; ddfs:inst|freq_divider:f_div_inst|count[0] ; ddfs:inst|freq_divider:f_div_inst|count[15] ; CLOCK_50     ; CLOCK_50    ; 1.000        ; -0.006     ; 1.798      ;
; -0.771 ; ddfs:inst|freq_divider:f_div_inst|count[1] ; ddfs:inst|freq_divider:f_div_inst|count[4]  ; CLOCK_50     ; CLOCK_50    ; 1.000        ; -0.001     ; 1.802      ;
; -0.770 ; ddfs:inst|freq_divider:f_div_inst|count[1] ; ddfs:inst|freq_divider:f_div_inst|count[7]  ; CLOCK_50     ; CLOCK_50    ; 1.000        ; -0.001     ; 1.801      ;
; -0.768 ; ddfs:inst|freq_divider:f_div_inst|count[0] ; ddfs:inst|freq_divider:f_div_inst|count[13] ; CLOCK_50     ; CLOCK_50    ; 1.000        ; -0.006     ; 1.794      ;
; -0.767 ; ddfs:inst|freq_divider:f_div_inst|count[0] ; ddfs:inst|freq_divider:f_div_inst|count[5]  ; CLOCK_50     ; CLOCK_50    ; 1.000        ; -0.006     ; 1.793      ;
; -0.758 ; ddfs:inst|freq_divider:f_div_inst|count[7] ; ddfs:inst|freq_divider:f_div_inst|count[16] ; CLOCK_50     ; CLOCK_50    ; 1.000        ; -0.006     ; 1.784      ;
; -0.753 ; ddfs:inst|freq_divider:f_div_inst|count[4] ; ddfs:inst|freq_divider:f_div_inst|count[18] ; CLOCK_50     ; CLOCK_50    ; 1.000        ; -0.006     ; 1.779      ;
; -0.753 ; ddfs:inst|freq_divider:f_div_inst|count[2] ; ddfs:inst|freq_divider:f_div_inst|count[18] ; CLOCK_50     ; CLOCK_50    ; 1.000        ; -0.007     ; 1.778      ;
; -0.752 ; ddfs:inst|freq_divider:f_div_inst|count[4] ; ddfs:inst|freq_divider:f_div_inst|count[17] ; CLOCK_50     ; CLOCK_50    ; 1.000        ; -0.006     ; 1.778      ;
; -0.752 ; ddfs:inst|freq_divider:f_div_inst|count[2] ; ddfs:inst|freq_divider:f_div_inst|count[17] ; CLOCK_50     ; CLOCK_50    ; 1.000        ; -0.007     ; 1.777      ;
; -0.746 ; ddfs:inst|freq_divider:f_div_inst|count[6] ; ddfs:inst|freq_divider:f_div_inst|count[3]  ; CLOCK_50     ; CLOCK_50    ; 1.000        ; 0.000      ; 1.778      ;
; -0.746 ; ddfs:inst|freq_divider:f_div_inst|count[6] ; ddfs:inst|freq_divider:f_div_inst|count[6]  ; CLOCK_50     ; CLOCK_50    ; 1.000        ; 0.000      ; 1.778      ;
; -0.744 ; ddfs:inst|freq_divider:f_div_inst|count[6] ; ddfs:inst|freq_divider:f_div_inst|count[1]  ; CLOCK_50     ; CLOCK_50    ; 1.000        ; 0.000      ; 1.776      ;
; -0.744 ; ddfs:inst|freq_divider:f_div_inst|count[6] ; ddfs:inst|freq_divider:f_div_inst|count[2]  ; CLOCK_50     ; CLOCK_50    ; 1.000        ; 0.000      ; 1.776      ;
; -0.743 ; ddfs:inst|freq_divider:f_div_inst|count[5] ; ddfs:inst|freq_divider:f_div_inst|count[13] ; CLOCK_50     ; CLOCK_50    ; 1.000        ; 0.000      ; 1.775      ;
; -0.742 ; ddfs:inst|freq_divider:f_div_inst|count[6] ; ddfs:inst|freq_divider:f_div_inst|count[0]  ; CLOCK_50     ; CLOCK_50    ; 1.000        ; 0.000      ; 1.774      ;
; -0.742 ; ddfs:inst|freq_divider:f_div_inst|count[6] ; ddfs:inst|freq_divider:f_div_inst|count[8]  ; CLOCK_50     ; CLOCK_50    ; 1.000        ; 0.000      ; 1.774      ;
; -0.742 ; ddfs:inst|freq_divider:f_div_inst|count[5] ; ddfs:inst|freq_divider:f_div_inst|count[5]  ; CLOCK_50     ; CLOCK_50    ; 1.000        ; 0.000      ; 1.774      ;
; -0.742 ; ddfs:inst|freq_divider:f_div_inst|count[5] ; ddfs:inst|freq_divider:f_div_inst|count[15] ; CLOCK_50     ; CLOCK_50    ; 1.000        ; 0.000      ; 1.774      ;
; -0.735 ; ddfs:inst|freq_divider:f_div_inst|count[0] ; ddfs:inst|freq_divider:f_div_inst|count[10] ; CLOCK_50     ; CLOCK_50    ; 1.000        ; -0.006     ; 1.761      ;
; -0.731 ; ddfs:inst|freq_divider:f_div_inst|count[1] ; ddfs:inst|freq_divider:f_div_inst|count[13] ; CLOCK_50     ; CLOCK_50    ; 1.000        ; -0.006     ; 1.757      ;
; -0.730 ; ddfs:inst|freq_divider:f_div_inst|count[1] ; ddfs:inst|freq_divider:f_div_inst|count[5]  ; CLOCK_50     ; CLOCK_50    ; 1.000        ; -0.006     ; 1.756      ;
; -0.730 ; ddfs:inst|freq_divider:f_div_inst|count[1] ; ddfs:inst|freq_divider:f_div_inst|count[15] ; CLOCK_50     ; CLOCK_50    ; 1.000        ; -0.006     ; 1.756      ;
; -0.728 ; ddfs:inst|freq_divider:f_div_inst|count[4] ; ddfs:inst|freq_divider:f_div_inst|count[9]  ; CLOCK_50     ; CLOCK_50    ; 1.000        ; -0.003     ; 1.757      ;
; -0.728 ; ddfs:inst|freq_divider:f_div_inst|count[2] ; ddfs:inst|freq_divider:f_div_inst|count[9]  ; CLOCK_50     ; CLOCK_50    ; 1.000        ; -0.004     ; 1.756      ;
; -0.724 ; ddfs:inst|freq_divider:f_div_inst|count[9] ; ddfs:inst|freq_divider:f_div_inst|count[18] ; CLOCK_50     ; CLOCK_50    ; 1.000        ; -0.003     ; 1.753      ;
; -0.723 ; ddfs:inst|freq_divider:f_div_inst|count[0] ; ddfs:inst|freq_divider:f_div_inst|count[11] ; CLOCK_50     ; CLOCK_50    ; 1.000        ; -0.007     ; 1.748      ;
; -0.723 ; ddfs:inst|freq_divider:f_div_inst|count[9] ; ddfs:inst|freq_divider:f_div_inst|count[17] ; CLOCK_50     ; CLOCK_50    ; 1.000        ; -0.003     ; 1.752      ;
+--------+--------------------------------------------+---------------------------------------------+--------------+-------------+--------------+------------+------------+


+---------------------------------------------------------------------------------------------------------------------------------------------------------------------------------------------------------+
; Fast Model Hold: 'CLOCK_50'                                                                                                                                                                             ;
+--------+---------------------------------------------+---------------------------------------------+---------------------------------------------+-------------+--------------+------------+------------+
; Slack  ; From Node                                   ; To Node                                     ; Launch Clock                                ; Latch Clock ; Relationship ; Clock Skew ; Data Delay ;
+--------+---------------------------------------------+---------------------------------------------+---------------------------------------------+-------------+--------------+------------+------------+
; -1.214 ; ddfs:inst|freq_divider:f_div_inst|count[19] ; ddfs:inst|freq_divider:f_div_inst|count[19] ; ddfs:inst|freq_divider:f_div_inst|count[19] ; CLOCK_50    ; 0.000        ; 1.633      ; 0.712      ;
; -1.187 ; ddfs:inst|freq_divider:f_div_inst|count[19] ; ddfs:inst|freq_divider:f_div_inst|count[12] ; ddfs:inst|freq_divider:f_div_inst|count[19] ; CLOCK_50    ; 0.000        ; 1.634      ; 0.740      ;
; -1.169 ; ddfs:inst|freq_divider:f_div_inst|count[19] ; ddfs:inst|freq_divider:f_div_inst|count[14] ; ddfs:inst|freq_divider:f_div_inst|count[19] ; CLOCK_50    ; 0.000        ; 1.633      ; 0.757      ;
; -1.147 ; ddfs:inst|freq_divider:f_div_inst|count[19] ; ddfs:inst|freq_divider:f_div_inst|count[11] ; ddfs:inst|freq_divider:f_div_inst|count[19] ; CLOCK_50    ; 0.000        ; 1.633      ; 0.779      ;
; -1.135 ; ddfs:inst|freq_divider:f_div_inst|count[19] ; ddfs:inst|freq_divider:f_div_inst|count[10] ; ddfs:inst|freq_divider:f_div_inst|count[19] ; CLOCK_50    ; 0.000        ; 1.634      ; 0.792      ;
; -1.103 ; ddfs:inst|freq_divider:f_div_inst|count[19] ; ddfs:inst|freq_divider:f_div_inst|count[5]  ; ddfs:inst|freq_divider:f_div_inst|count[19] ; CLOCK_50    ; 0.000        ; 1.634      ; 0.824      ;
; -1.103 ; ddfs:inst|freq_divider:f_div_inst|count[19] ; ddfs:inst|freq_divider:f_div_inst|count[15] ; ddfs:inst|freq_divider:f_div_inst|count[19] ; CLOCK_50    ; 0.000        ; 1.634      ; 0.824      ;
; -1.102 ; ddfs:inst|freq_divider:f_div_inst|count[19] ; ddfs:inst|freq_divider:f_div_inst|count[13] ; ddfs:inst|freq_divider:f_div_inst|count[19] ; CLOCK_50    ; 0.000        ; 1.634      ; 0.825      ;
; -1.063 ; ddfs:inst|freq_divider:f_div_inst|count[19] ; ddfs:inst|freq_divider:f_div_inst|count[7]  ; ddfs:inst|freq_divider:f_div_inst|count[19] ; CLOCK_50    ; 0.000        ; 1.639      ; 0.869      ;
; -1.062 ; ddfs:inst|freq_divider:f_div_inst|count[19] ; ddfs:inst|freq_divider:f_div_inst|count[4]  ; ddfs:inst|freq_divider:f_div_inst|count[19] ; CLOCK_50    ; 0.000        ; 1.639      ; 0.870      ;
; -1.031 ; ddfs:inst|freq_divider:f_div_inst|count[19] ; ddfs:inst|freq_divider:f_div_inst|count[9]  ; ddfs:inst|freq_divider:f_div_inst|count[19] ; CLOCK_50    ; 0.000        ; 1.636      ; 0.898      ;
; -1.007 ; ddfs:inst|freq_divider:f_div_inst|count[19] ; ddfs:inst|freq_divider:f_div_inst|count[17] ; ddfs:inst|freq_divider:f_div_inst|count[19] ; CLOCK_50    ; 0.000        ; 1.633      ; 0.919      ;
; -1.006 ; ddfs:inst|freq_divider:f_div_inst|count[19] ; ddfs:inst|freq_divider:f_div_inst|count[18] ; ddfs:inst|freq_divider:f_div_inst|count[19] ; CLOCK_50    ; 0.000        ; 1.633      ; 0.920      ;
; -0.896 ; ddfs:inst|freq_divider:f_div_inst|count[19] ; ddfs:inst|freq_divider:f_div_inst|count[16] ; ddfs:inst|freq_divider:f_div_inst|count[19] ; CLOCK_50    ; 0.000        ; 1.633      ; 1.030      ;
; -0.875 ; ddfs:inst|freq_divider:f_div_inst|count[19] ; ddfs:inst|freq_divider:f_div_inst|count[0]  ; ddfs:inst|freq_divider:f_div_inst|count[19] ; CLOCK_50    ; 0.000        ; 1.640      ; 1.058      ;
; -0.875 ; ddfs:inst|freq_divider:f_div_inst|count[19] ; ddfs:inst|freq_divider:f_div_inst|count[8]  ; ddfs:inst|freq_divider:f_div_inst|count[19] ; CLOCK_50    ; 0.000        ; 1.640      ; 1.058      ;
; -0.873 ; ddfs:inst|freq_divider:f_div_inst|count[19] ; ddfs:inst|freq_divider:f_div_inst|count[1]  ; ddfs:inst|freq_divider:f_div_inst|count[19] ; CLOCK_50    ; 0.000        ; 1.640      ; 1.060      ;
; -0.873 ; ddfs:inst|freq_divider:f_div_inst|count[19] ; ddfs:inst|freq_divider:f_div_inst|count[2]  ; ddfs:inst|freq_divider:f_div_inst|count[19] ; CLOCK_50    ; 0.000        ; 1.640      ; 1.060      ;
; -0.871 ; ddfs:inst|freq_divider:f_div_inst|count[19] ; ddfs:inst|freq_divider:f_div_inst|count[3]  ; ddfs:inst|freq_divider:f_div_inst|count[19] ; CLOCK_50    ; 0.000        ; 1.640      ; 1.062      ;
; -0.871 ; ddfs:inst|freq_divider:f_div_inst|count[19] ; ddfs:inst|freq_divider:f_div_inst|count[6]  ; ddfs:inst|freq_divider:f_div_inst|count[19] ; CLOCK_50    ; 0.000        ; 1.640      ; 1.062      ;
; -0.714 ; ddfs:inst|freq_divider:f_div_inst|count[19] ; ddfs:inst|freq_divider:f_div_inst|count[19] ; ddfs:inst|freq_divider:f_div_inst|count[19] ; CLOCK_50    ; -0.500       ; 1.633      ; 0.712      ;
; -0.687 ; ddfs:inst|freq_divider:f_div_inst|count[19] ; ddfs:inst|freq_divider:f_div_inst|count[12] ; ddfs:inst|freq_divider:f_div_inst|count[19] ; CLOCK_50    ; -0.500       ; 1.634      ; 0.740      ;
; -0.669 ; ddfs:inst|freq_divider:f_div_inst|count[19] ; ddfs:inst|freq_divider:f_div_inst|count[14] ; ddfs:inst|freq_divider:f_div_inst|count[19] ; CLOCK_50    ; -0.500       ; 1.633      ; 0.757      ;
; -0.647 ; ddfs:inst|freq_divider:f_div_inst|count[19] ; ddfs:inst|freq_divider:f_div_inst|count[11] ; ddfs:inst|freq_divider:f_div_inst|count[19] ; CLOCK_50    ; -0.500       ; 1.633      ; 0.779      ;
; -0.635 ; ddfs:inst|freq_divider:f_div_inst|count[19] ; ddfs:inst|freq_divider:f_div_inst|count[10] ; ddfs:inst|freq_divider:f_div_inst|count[19] ; CLOCK_50    ; -0.500       ; 1.634      ; 0.792      ;
; -0.603 ; ddfs:inst|freq_divider:f_div_inst|count[19] ; ddfs:inst|freq_divider:f_div_inst|count[5]  ; ddfs:inst|freq_divider:f_div_inst|count[19] ; CLOCK_50    ; -0.500       ; 1.634      ; 0.824      ;
; -0.603 ; ddfs:inst|freq_divider:f_div_inst|count[19] ; ddfs:inst|freq_divider:f_div_inst|count[15] ; ddfs:inst|freq_divider:f_div_inst|count[19] ; CLOCK_50    ; -0.500       ; 1.634      ; 0.824      ;
; -0.602 ; ddfs:inst|freq_divider:f_div_inst|count[19] ; ddfs:inst|freq_divider:f_div_inst|count[13] ; ddfs:inst|freq_divider:f_div_inst|count[19] ; CLOCK_50    ; -0.500       ; 1.634      ; 0.825      ;
; -0.563 ; ddfs:inst|freq_divider:f_div_inst|count[19] ; ddfs:inst|freq_divider:f_div_inst|count[7]  ; ddfs:inst|freq_divider:f_div_inst|count[19] ; CLOCK_50    ; -0.500       ; 1.639      ; 0.869      ;
; -0.562 ; ddfs:inst|freq_divider:f_div_inst|count[19] ; ddfs:inst|freq_divider:f_div_inst|count[4]  ; ddfs:inst|freq_divider:f_div_inst|count[19] ; CLOCK_50    ; -0.500       ; 1.639      ; 0.870      ;
; -0.531 ; ddfs:inst|freq_divider:f_div_inst|count[19] ; ddfs:inst|freq_divider:f_div_inst|count[9]  ; ddfs:inst|freq_divider:f_div_inst|count[19] ; CLOCK_50    ; -0.500       ; 1.636      ; 0.898      ;
; -0.507 ; ddfs:inst|freq_divider:f_div_inst|count[19] ; ddfs:inst|freq_divider:f_div_inst|count[17] ; ddfs:inst|freq_divider:f_div_inst|count[19] ; CLOCK_50    ; -0.500       ; 1.633      ; 0.919      ;
; -0.506 ; ddfs:inst|freq_divider:f_div_inst|count[19] ; ddfs:inst|freq_divider:f_div_inst|count[18] ; ddfs:inst|freq_divider:f_div_inst|count[19] ; CLOCK_50    ; -0.500       ; 1.633      ; 0.920      ;
; -0.396 ; ddfs:inst|freq_divider:f_div_inst|count[19] ; ddfs:inst|freq_divider:f_div_inst|count[16] ; ddfs:inst|freq_divider:f_div_inst|count[19] ; CLOCK_50    ; -0.500       ; 1.633      ; 1.030      ;
; -0.375 ; ddfs:inst|freq_divider:f_div_inst|count[19] ; ddfs:inst|freq_divider:f_div_inst|count[0]  ; ddfs:inst|freq_divider:f_div_inst|count[19] ; CLOCK_50    ; -0.500       ; 1.640      ; 1.058      ;
; -0.375 ; ddfs:inst|freq_divider:f_div_inst|count[19] ; ddfs:inst|freq_divider:f_div_inst|count[8]  ; ddfs:inst|freq_divider:f_div_inst|count[19] ; CLOCK_50    ; -0.500       ; 1.640      ; 1.058      ;
; -0.373 ; ddfs:inst|freq_divider:f_div_inst|count[19] ; ddfs:inst|freq_divider:f_div_inst|count[1]  ; ddfs:inst|freq_divider:f_div_inst|count[19] ; CLOCK_50    ; -0.500       ; 1.640      ; 1.060      ;
; -0.373 ; ddfs:inst|freq_divider:f_div_inst|count[19] ; ddfs:inst|freq_divider:f_div_inst|count[2]  ; ddfs:inst|freq_divider:f_div_inst|count[19] ; CLOCK_50    ; -0.500       ; 1.640      ; 1.060      ;
; -0.371 ; ddfs:inst|freq_divider:f_div_inst|count[19] ; ddfs:inst|freq_divider:f_div_inst|count[3]  ; ddfs:inst|freq_divider:f_div_inst|count[19] ; CLOCK_50    ; -0.500       ; 1.640      ; 1.062      ;
; -0.371 ; ddfs:inst|freq_divider:f_div_inst|count[19] ; ddfs:inst|freq_divider:f_div_inst|count[6]  ; ddfs:inst|freq_divider:f_div_inst|count[19] ; CLOCK_50    ; -0.500       ; 1.640      ; 1.062      ;
; 0.577  ; ddfs:inst|freq_divider:f_div_inst|count[17] ; ddfs:inst|freq_divider:f_div_inst|count[17] ; CLOCK_50                                    ; CLOCK_50    ; 0.000        ; 0.000      ; 0.729      ;
; 0.580  ; ddfs:inst|freq_divider:f_div_inst|count[18] ; ddfs:inst|freq_divider:f_div_inst|count[18] ; CLOCK_50                                    ; CLOCK_50    ; 0.000        ; 0.000      ; 0.732      ;
; 0.582  ; ddfs:inst|freq_divider:f_div_inst|count[4]  ; ddfs:inst|freq_divider:f_div_inst|count[4]  ; CLOCK_50                                    ; CLOCK_50    ; 0.000        ; 0.000      ; 0.734      ;
; 0.590  ; ddfs:inst|freq_divider:f_div_inst|count[14] ; ddfs:inst|freq_divider:f_div_inst|count[14] ; CLOCK_50                                    ; CLOCK_50    ; 0.000        ; 0.000      ; 0.742      ;
; 0.641  ; ddfs:inst|freq_divider:f_div_inst|count[7]  ; ddfs:inst|freq_divider:f_div_inst|count[7]  ; CLOCK_50                                    ; CLOCK_50    ; 0.000        ; 0.000      ; 0.793      ;
; 0.652  ; ddfs:inst|freq_divider:f_div_inst|count[16] ; ddfs:inst|freq_divider:f_div_inst|count[16] ; CLOCK_50                                    ; CLOCK_50    ; 0.000        ; 0.000      ; 0.804      ;
; 0.683  ; ddfs:inst|freq_divider:f_div_inst|count[11] ; ddfs:inst|freq_divider:f_div_inst|count[11] ; CLOCK_50                                    ; CLOCK_50    ; 0.000        ; 0.000      ; 0.835      ;
; 0.716  ; ddfs:inst|freq_divider:f_div_inst|count[16] ; ddfs:inst|freq_divider:f_div_inst|count[17] ; CLOCK_50                                    ; CLOCK_50    ; 0.000        ; 0.000      ; 0.868      ;
; 0.738  ; ddfs:inst|freq_divider:f_div_inst|count[12] ; ddfs:inst|freq_divider:f_div_inst|count[12] ; CLOCK_50                                    ; CLOCK_50    ; 0.000        ; 0.000      ; 0.890      ;
; 0.773  ; ddfs:inst|freq_divider:f_div_inst|count[17] ; ddfs:inst|freq_divider:f_div_inst|count[18] ; CLOCK_50                                    ; CLOCK_50    ; 0.000        ; 0.000      ; 0.925      ;
; 0.777  ; ddfs:inst|freq_divider:f_div_inst|count[10] ; ddfs:inst|freq_divider:f_div_inst|count[10] ; CLOCK_50                                    ; CLOCK_50    ; 0.000        ; 0.000      ; 0.929      ;
; 0.799  ; ddfs:inst|freq_divider:f_div_inst|count[3]  ; ddfs:inst|freq_divider:f_div_inst|count[4]  ; CLOCK_50                                    ; CLOCK_50    ; 0.000        ; -0.001     ; 0.950      ;
; 0.800  ; ddfs:inst|freq_divider:f_div_inst|count[11] ; ddfs:inst|freq_divider:f_div_inst|count[14] ; CLOCK_50                                    ; CLOCK_50    ; 0.000        ; 0.000      ; 0.952      ;
; 0.801  ; ddfs:inst|freq_divider:f_div_inst|count[14] ; ddfs:inst|freq_divider:f_div_inst|count[17] ; CLOCK_50                                    ; CLOCK_50    ; 0.000        ; 0.000      ; 0.953      ;
; 0.811  ; ddfs:inst|freq_divider:f_div_inst|count[11] ; ddfs:inst|freq_divider:f_div_inst|count[12] ; CLOCK_50                                    ; CLOCK_50    ; 0.000        ; 0.001      ; 0.964      ;
; 0.813  ; ddfs:inst|freq_divider:f_div_inst|count[16] ; ddfs:inst|freq_divider:f_div_inst|count[18] ; CLOCK_50                                    ; CLOCK_50    ; 0.000        ; 0.000      ; 0.965      ;
; 0.814  ; ddfs:inst|freq_divider:f_div_inst|count[6]  ; ddfs:inst|freq_divider:f_div_inst|count[6]  ; CLOCK_50                                    ; CLOCK_50    ; 0.000        ; 0.000      ; 0.966      ;
; 0.816  ; ddfs:inst|freq_divider:f_div_inst|count[8]  ; ddfs:inst|freq_divider:f_div_inst|count[8]  ; CLOCK_50                                    ; CLOCK_50    ; 0.000        ; 0.000      ; 0.968      ;
; 0.817  ; ddfs:inst|freq_divider:f_div_inst|count[18] ; ddfs:inst|freq_divider:f_div_inst|count[19] ; CLOCK_50                                    ; CLOCK_50    ; 0.000        ; 0.000      ; 0.969      ;
; 0.818  ; ddfs:inst|freq_divider:f_div_inst|count[3]  ; ddfs:inst|freq_divider:f_div_inst|count[3]  ; CLOCK_50                                    ; CLOCK_50    ; 0.000        ; 0.000      ; 0.970      ;
; 0.830  ; ddfs:inst|freq_divider:f_div_inst|count[12] ; ddfs:inst|freq_divider:f_div_inst|count[14] ; CLOCK_50                                    ; CLOCK_50    ; 0.000        ; -0.001     ; 0.981      ;
; 0.837  ; ddfs:inst|freq_divider:f_div_inst|count[15] ; ddfs:inst|freq_divider:f_div_inst|count[15] ; CLOCK_50                                    ; CLOCK_50    ; 0.000        ; 0.000      ; 0.989      ;
; 0.840  ; ddfs:inst|freq_divider:f_div_inst|count[14] ; ddfs:inst|freq_divider:f_div_inst|count[16] ; CLOCK_50                                    ; CLOCK_50    ; 0.000        ; 0.000      ; 0.992      ;
; 0.840  ; ddfs:inst|freq_divider:f_div_inst|count[18] ; ddfs:inst|freq_divider:f_div_inst|count[12] ; CLOCK_50                                    ; CLOCK_50    ; 0.000        ; 0.001      ; 0.993      ;
; 0.842  ; ddfs:inst|freq_divider:f_div_inst|count[13] ; ddfs:inst|freq_divider:f_div_inst|count[13] ; CLOCK_50                                    ; CLOCK_50    ; 0.000        ; 0.000      ; 0.994      ;
; 0.845  ; ddfs:inst|freq_divider:f_div_inst|count[15] ; ddfs:inst|freq_divider:f_div_inst|count[17] ; CLOCK_50                                    ; CLOCK_50    ; 0.000        ; -0.001     ; 0.996      ;
; 0.854  ; ddfs:inst|freq_divider:f_div_inst|count[11] ; ddfs:inst|freq_divider:f_div_inst|count[13] ; CLOCK_50                                    ; CLOCK_50    ; 0.000        ; 0.001      ; 1.007      ;
; 0.858  ; ddfs:inst|freq_divider:f_div_inst|count[18] ; ddfs:inst|freq_divider:f_div_inst|count[14] ; CLOCK_50                                    ; CLOCK_50    ; 0.000        ; 0.000      ; 1.010      ;
; 0.862  ; ddfs:inst|freq_divider:f_div_inst|count[4]  ; ddfs:inst|freq_divider:f_div_inst|count[7]  ; CLOCK_50                                    ; CLOCK_50    ; 0.000        ; 0.000      ; 1.014      ;
; 0.863  ; ddfs:inst|freq_divider:f_div_inst|count[1]  ; ddfs:inst|freq_divider:f_div_inst|count[1]  ; CLOCK_50                                    ; CLOCK_50    ; 0.000        ; 0.000      ; 1.015      ;
; 0.864  ; ddfs:inst|freq_divider:f_div_inst|count[7]  ; ddfs:inst|freq_divider:f_div_inst|count[8]  ; CLOCK_50                                    ; CLOCK_50    ; 0.000        ; 0.001      ; 1.017      ;
; 0.867  ; ddfs:inst|freq_divider:f_div_inst|count[6]  ; ddfs:inst|freq_divider:f_div_inst|count[7]  ; CLOCK_50                                    ; CLOCK_50    ; 0.000        ; -0.001     ; 1.018      ;
; 0.880  ; ddfs:inst|freq_divider:f_div_inst|count[18] ; ddfs:inst|freq_divider:f_div_inst|count[11] ; CLOCK_50                                    ; CLOCK_50    ; 0.000        ; 0.000      ; 1.032      ;
; 0.882  ; ddfs:inst|freq_divider:f_div_inst|count[10] ; ddfs:inst|freq_divider:f_div_inst|count[11] ; CLOCK_50                                    ; CLOCK_50    ; 0.000        ; -0.001     ; 1.033      ;
; 0.884  ; ddfs:inst|freq_divider:f_div_inst|count[15] ; ddfs:inst|freq_divider:f_div_inst|count[16] ; CLOCK_50                                    ; CLOCK_50    ; 0.000        ; -0.001     ; 1.035      ;
; 0.884  ; ddfs:inst|freq_divider:f_div_inst|count[12] ; ddfs:inst|freq_divider:f_div_inst|count[13] ; CLOCK_50                                    ; CLOCK_50    ; 0.000        ; 0.000      ; 1.036      ;
; 0.891  ; ddfs:inst|freq_divider:f_div_inst|count[13] ; ddfs:inst|freq_divider:f_div_inst|count[14] ; CLOCK_50                                    ; CLOCK_50    ; 0.000        ; -0.001     ; 1.042      ;
; 0.892  ; ddfs:inst|freq_divider:f_div_inst|count[18] ; ddfs:inst|freq_divider:f_div_inst|count[10] ; CLOCK_50                                    ; CLOCK_50    ; 0.000        ; 0.001      ; 1.045      ;
; 0.894  ; ddfs:inst|freq_divider:f_div_inst|count[10] ; ddfs:inst|freq_divider:f_div_inst|count[14] ; CLOCK_50                                    ; CLOCK_50    ; 0.000        ; -0.001     ; 1.045      ;
; 0.896  ; ddfs:inst|freq_divider:f_div_inst|count[14] ; ddfs:inst|freq_divider:f_div_inst|count[15] ; CLOCK_50                                    ; CLOCK_50    ; 0.000        ; 0.001      ; 1.049      ;
; 0.898  ; ddfs:inst|freq_divider:f_div_inst|count[14] ; ddfs:inst|freq_divider:f_div_inst|count[18] ; CLOCK_50                                    ; CLOCK_50    ; 0.000        ; 0.000      ; 1.050      ;
; 0.905  ; ddfs:inst|freq_divider:f_div_inst|count[10] ; ddfs:inst|freq_divider:f_div_inst|count[12] ; CLOCK_50                                    ; CLOCK_50    ; 0.000        ; 0.000      ; 1.057      ;
; 0.906  ; ddfs:inst|freq_divider:f_div_inst|count[0]  ; ddfs:inst|freq_divider:f_div_inst|count[0]  ; CLOCK_50                                    ; CLOCK_50    ; 0.000        ; 0.000      ; 1.058      ;
; 0.906  ; ddfs:inst|freq_divider:f_div_inst|count[11] ; ddfs:inst|freq_divider:f_div_inst|count[17] ; CLOCK_50                                    ; CLOCK_50    ; 0.000        ; 0.000      ; 1.058      ;
; 0.907  ; ddfs:inst|freq_divider:f_div_inst|count[17] ; ddfs:inst|freq_divider:f_div_inst|count[19] ; CLOCK_50                                    ; CLOCK_50    ; 0.000        ; 0.000      ; 1.059      ;
; 0.912  ; ddfs:inst|freq_divider:f_div_inst|count[4]  ; ddfs:inst|freq_divider:f_div_inst|count[6]  ; CLOCK_50                                    ; CLOCK_50    ; 0.000        ; 0.001      ; 1.065      ;
; 0.920  ; ddfs:inst|freq_divider:f_div_inst|count[2]  ; ddfs:inst|freq_divider:f_div_inst|count[4]  ; CLOCK_50                                    ; CLOCK_50    ; 0.000        ; -0.001     ; 1.071      ;
; 0.924  ; ddfs:inst|freq_divider:f_div_inst|count[18] ; ddfs:inst|freq_divider:f_div_inst|count[5]  ; CLOCK_50                                    ; CLOCK_50    ; 0.000        ; 0.001      ; 1.077      ;
; 0.924  ; ddfs:inst|freq_divider:f_div_inst|count[18] ; ddfs:inst|freq_divider:f_div_inst|count[15] ; CLOCK_50                                    ; CLOCK_50    ; 0.000        ; 0.001      ; 1.077      ;
; 0.925  ; ddfs:inst|freq_divider:f_div_inst|count[18] ; ddfs:inst|freq_divider:f_div_inst|count[13] ; CLOCK_50                                    ; CLOCK_50    ; 0.000        ; 0.001      ; 1.078      ;
; 0.935  ; ddfs:inst|freq_divider:f_div_inst|count[15] ; ddfs:inst|freq_divider:f_div_inst|count[12] ; CLOCK_50                                    ; CLOCK_50    ; 0.000        ; 0.000      ; 1.087      ;
; 0.935  ; ddfs:inst|freq_divider:f_div_inst|count[1]  ; ddfs:inst|freq_divider:f_div_inst|count[4]  ; CLOCK_50                                    ; CLOCK_50    ; 0.000        ; -0.001     ; 1.086      ;
; 0.936  ; ddfs:inst|freq_divider:f_div_inst|count[12] ; ddfs:inst|freq_divider:f_div_inst|count[17] ; CLOCK_50                                    ; CLOCK_50    ; 0.000        ; -0.001     ; 1.087      ;
; 0.938  ; ddfs:inst|freq_divider:f_div_inst|count[4]  ; ddfs:inst|freq_divider:f_div_inst|count[5]  ; CLOCK_50                                    ; CLOCK_50    ; 0.000        ; -0.005     ; 1.085      ;
; 0.942  ; ddfs:inst|freq_divider:f_div_inst|count[15] ; ddfs:inst|freq_divider:f_div_inst|count[18] ; CLOCK_50                                    ; CLOCK_50    ; 0.000        ; -0.001     ; 1.093      ;
; 0.945  ; ddfs:inst|freq_divider:f_div_inst|count[11] ; ddfs:inst|freq_divider:f_div_inst|count[16] ; CLOCK_50                                    ; CLOCK_50    ; 0.000        ; 0.000      ; 1.097      ;
; 0.947  ; ddfs:inst|freq_divider:f_div_inst|count[16] ; ddfs:inst|freq_divider:f_div_inst|count[19] ; CLOCK_50                                    ; CLOCK_50    ; 0.000        ; 0.000      ; 1.099      ;
; 0.948  ; ddfs:inst|freq_divider:f_div_inst|count[10] ; ddfs:inst|freq_divider:f_div_inst|count[13] ; CLOCK_50                                    ; CLOCK_50    ; 0.000        ; 0.000      ; 1.100      ;
; 0.951  ; ddfs:inst|freq_divider:f_div_inst|count[17] ; ddfs:inst|freq_divider:f_div_inst|count[12] ; CLOCK_50                                    ; CLOCK_50    ; 0.000        ; 0.001      ; 1.104      ;
; 0.953  ; ddfs:inst|freq_divider:f_div_inst|count[15] ; ddfs:inst|freq_divider:f_div_inst|count[14] ; CLOCK_50                                    ; CLOCK_50    ; 0.000        ; -0.001     ; 1.104      ;
+--------+---------------------------------------------+---------------------------------------------+---------------------------------------------+-------------+--------------+------------+------------+


+----------------------------------------------------------------------------------------------------------------------------------------------------------------------------------------------------------------------------------------------------------------------------------+
; Fast Model Hold: 'ddfs:inst|freq_divider:f_div_inst|count[19]'                                                                                                                                                                                                                   ;
+-------+--------------------+----------------------------------------------------------------------------------------------------------------+---------------------------------------------+---------------------------------------------+--------------+------------+------------+
; Slack ; From Node          ; To Node                                                                                                        ; Launch Clock                                ; Latch Clock                                 ; Relationship ; Clock Skew ; Data Delay ;
+-------+--------------------+----------------------------------------------------------------------------------------------------------------+---------------------------------------------+---------------------------------------------+--------------+------------+------------+
; 0.544 ; ddfs:inst|cont[11] ; ddfs:inst|cont_rt[11]                                                                                          ; ddfs:inst|freq_divider:f_div_inst|count[19] ; ddfs:inst|freq_divider:f_div_inst|count[19] ; 0.000        ; -0.002     ; 0.694      ;
; 0.618 ; ddfs:inst|cont[10] ; ddfs:inst|cont_rt[10]                                                                                          ; ddfs:inst|freq_divider:f_div_inst|count[19] ; ddfs:inst|freq_divider:f_div_inst|count[19] ; 0.000        ; -0.002     ; 0.768      ;
; 0.645 ; ddfs:inst|cont[8]  ; ddfs:inst|sin_lut:lut_inst|altsyncram:rom_rtl_0|altsyncram_p171:auto_generated|ram_block1a4~porta_address_reg8 ; ddfs:inst|freq_divider:f_div_inst|count[19] ; ddfs:inst|freq_divider:f_div_inst|count[19] ; 0.000        ; 0.060      ; 0.843      ;
; 0.649 ; ddfs:inst|cont[9]  ; ddfs:inst|sin_lut:lut_inst|altsyncram:rom_rtl_0|altsyncram_p171:auto_generated|ram_block1a4~porta_address_reg9 ; ddfs:inst|freq_divider:f_div_inst|count[19] ; ddfs:inst|freq_divider:f_div_inst|count[19] ; 0.000        ; 0.060      ; 0.847      ;
; 0.651 ; ddfs:inst|cont[7]  ; ddfs:inst|sin_lut:lut_inst|altsyncram:rom_rtl_0|altsyncram_p171:auto_generated|ram_block1a4~porta_address_reg7 ; ddfs:inst|freq_divider:f_div_inst|count[19] ; ddfs:inst|freq_divider:f_div_inst|count[19] ; 0.000        ; 0.059      ; 0.848      ;
; 0.653 ; ddfs:inst|cont[3]  ; ddfs:inst|sin_lut:lut_inst|altsyncram:rom_rtl_0|altsyncram_p171:auto_generated|ram_block1a4~porta_address_reg3 ; ddfs:inst|freq_divider:f_div_inst|count[19] ; ddfs:inst|freq_divider:f_div_inst|count[19] ; 0.000        ; 0.060      ; 0.851      ;
; 0.662 ; ddfs:inst|cont[0]  ; ddfs:inst|cont[0]                                                                                              ; ddfs:inst|freq_divider:f_div_inst|count[19] ; ddfs:inst|freq_divider:f_div_inst|count[19] ; 0.000        ; 0.000      ; 0.814      ;
; 0.665 ; ddfs:inst|cont[6]  ; ddfs:inst|sin_lut:lut_inst|altsyncram:rom_rtl_0|altsyncram_p171:auto_generated|ram_block1a4~porta_address_reg6 ; ddfs:inst|freq_divider:f_div_inst|count[19] ; ddfs:inst|freq_divider:f_div_inst|count[19] ; 0.000        ; 0.059      ; 0.862      ;
; 0.682 ; ddfs:inst|cont[5]  ; ddfs:inst|sin_lut:lut_inst|altsyncram:rom_rtl_0|altsyncram_p171:auto_generated|ram_block1a4~porta_address_reg5 ; ddfs:inst|freq_divider:f_div_inst|count[19] ; ddfs:inst|freq_divider:f_div_inst|count[19] ; 0.000        ; 0.060      ; 0.880      ;
; 0.742 ; ddfs:inst|cont[1]  ; ddfs:inst|cont[1]                                                                                              ; ddfs:inst|freq_divider:f_div_inst|count[19] ; ddfs:inst|freq_divider:f_div_inst|count[19] ; 0.000        ; 0.000      ; 0.894      ;
; 0.761 ; ddfs:inst|cont[0]  ; ddfs:inst|sin_lut:lut_inst|altsyncram:rom_rtl_0|altsyncram_p171:auto_generated|ram_block1a4~porta_address_reg0 ; ddfs:inst|freq_divider:f_div_inst|count[19] ; ddfs:inst|freq_divider:f_div_inst|count[19] ; 0.000        ; 0.061      ; 0.960      ;
; 0.774 ; ddfs:inst|cont[2]  ; ddfs:inst|sin_lut:lut_inst|altsyncram:rom_rtl_0|altsyncram_p171:auto_generated|ram_block1a4~porta_address_reg2 ; ddfs:inst|freq_divider:f_div_inst|count[19] ; ddfs:inst|freq_divider:f_div_inst|count[19] ; 0.000        ; 0.060      ; 0.972      ;
; 0.783 ; ddfs:inst|cont[10] ; ddfs:inst|sin_lut:lut_inst|altsyncram:rom_rtl_0|altsyncram_p171:auto_generated|ram_block1a4~porta_address_reg3 ; ddfs:inst|freq_divider:f_div_inst|count[19] ; ddfs:inst|freq_divider:f_div_inst|count[19] ; 0.000        ; 0.060      ; 0.981      ;
; 0.784 ; ddfs:inst|cont[9]  ; ddfs:inst|sin_lut:lut_inst|altsyncram:rom_rtl_0|altsyncram_p171:auto_generated|ram_block1a8~porta_address_reg9 ; ddfs:inst|freq_divider:f_div_inst|count[19] ; ddfs:inst|freq_divider:f_div_inst|count[19] ; 0.000        ; 0.054      ; 0.976      ;
; 0.784 ; ddfs:inst|cont[10] ; ddfs:inst|sin_lut:lut_inst|altsyncram:rom_rtl_0|altsyncram_p171:auto_generated|ram_block1a4~porta_address_reg7 ; ddfs:inst|freq_divider:f_div_inst|count[19] ; ddfs:inst|freq_divider:f_div_inst|count[19] ; 0.000        ; 0.060      ; 0.982      ;
; 0.789 ; ddfs:inst|cont[10] ; ddfs:inst|cont[11]                                                                                             ; ddfs:inst|freq_divider:f_div_inst|count[19] ; ddfs:inst|freq_divider:f_div_inst|count[19] ; 0.000        ; 0.000      ; 0.941      ;
; 0.789 ; ddfs:inst|cont[10] ; ddfs:inst|sin_lut:lut_inst|altsyncram:rom_rtl_0|altsyncram_p171:auto_generated|ram_block1a4~porta_address_reg4 ; ddfs:inst|freq_divider:f_div_inst|count[19] ; ddfs:inst|freq_divider:f_div_inst|count[19] ; 0.000        ; 0.060      ; 0.987      ;
; 0.789 ; ddfs:inst|cont[10] ; ddfs:inst|sin_lut:lut_inst|altsyncram:rom_rtl_0|altsyncram_p171:auto_generated|ram_block1a4~porta_address_reg6 ; ddfs:inst|freq_divider:f_div_inst|count[19] ; ddfs:inst|freq_divider:f_div_inst|count[19] ; 0.000        ; 0.060      ; 0.987      ;
; 0.790 ; ddfs:inst|cont[8]  ; ddfs:inst|sin_lut:lut_inst|altsyncram:rom_rtl_0|altsyncram_p171:auto_generated|ram_block1a8~porta_address_reg8 ; ddfs:inst|freq_divider:f_div_inst|count[19] ; ddfs:inst|freq_divider:f_div_inst|count[19] ; 0.000        ; 0.054      ; 0.982      ;
; 0.791 ; ddfs:inst|cont[10] ; ddfs:inst|sin_lut:lut_inst|altsyncram:rom_rtl_0|altsyncram_p171:auto_generated|ram_block1a4~porta_address_reg8 ; ddfs:inst|freq_divider:f_div_inst|count[19] ; ddfs:inst|freq_divider:f_div_inst|count[19] ; 0.000        ; 0.060      ; 0.989      ;
; 0.792 ; ddfs:inst|cont[10] ; ddfs:inst|cont[10]                                                                                             ; ddfs:inst|freq_divider:f_div_inst|count[19] ; ddfs:inst|freq_divider:f_div_inst|count[19] ; 0.000        ; 0.000      ; 0.944      ;
; 0.794 ; ddfs:inst|cont[10] ; ddfs:inst|sin_lut:lut_inst|altsyncram:rom_rtl_0|altsyncram_p171:auto_generated|ram_block1a4~porta_address_reg5 ; ddfs:inst|freq_divider:f_div_inst|count[19] ; ddfs:inst|freq_divider:f_div_inst|count[19] ; 0.000        ; 0.060      ; 0.992      ;
; 0.795 ; ddfs:inst|cont[10] ; ddfs:inst|sin_lut:lut_inst|altsyncram:rom_rtl_0|altsyncram_p171:auto_generated|ram_block1a4~porta_address_reg9 ; ddfs:inst|freq_divider:f_div_inst|count[19] ; ddfs:inst|freq_divider:f_div_inst|count[19] ; 0.000        ; 0.060      ; 0.993      ;
; 0.796 ; ddfs:inst|cont[4]  ; ddfs:inst|sin_lut:lut_inst|altsyncram:rom_rtl_0|altsyncram_p171:auto_generated|ram_block1a4~porta_address_reg4 ; ddfs:inst|freq_divider:f_div_inst|count[19] ; ddfs:inst|freq_divider:f_div_inst|count[19] ; 0.000        ; 0.060      ; 0.994      ;
; 0.798 ; ddfs:inst|cont[7]  ; ddfs:inst|sin_lut:lut_inst|altsyncram:rom_rtl_0|altsyncram_p171:auto_generated|ram_block1a8~porta_address_reg7 ; ddfs:inst|freq_divider:f_div_inst|count[19] ; ddfs:inst|freq_divider:f_div_inst|count[19] ; 0.000        ; 0.053      ; 0.989      ;
; 0.798 ; ddfs:inst|cont[3]  ; ddfs:inst|sin_lut:lut_inst|altsyncram:rom_rtl_0|altsyncram_p171:auto_generated|ram_block1a8~porta_address_reg3 ; ddfs:inst|freq_divider:f_div_inst|count[19] ; ddfs:inst|freq_divider:f_div_inst|count[19] ; 0.000        ; 0.054      ; 0.990      ;
; 0.810 ; ddfs:inst|cont[9]  ; ddfs:inst|sin_lut:lut_inst|altsyncram:rom_rtl_0|altsyncram_p171:auto_generated|ram_block1a1~porta_address_reg9 ; ddfs:inst|freq_divider:f_div_inst|count[19] ; ddfs:inst|freq_divider:f_div_inst|count[19] ; 0.000        ; 0.046      ; 0.994      ;
; 0.811 ; ddfs:inst|cont[6]  ; ddfs:inst|sin_lut:lut_inst|altsyncram:rom_rtl_0|altsyncram_p171:auto_generated|ram_block1a8~porta_address_reg6 ; ddfs:inst|freq_divider:f_div_inst|count[19] ; ddfs:inst|freq_divider:f_div_inst|count[19] ; 0.000        ; 0.053      ; 1.002      ;
; 0.816 ; ddfs:inst|cont[3]  ; ddfs:inst|cont[3]                                                                                              ; ddfs:inst|freq_divider:f_div_inst|count[19] ; ddfs:inst|freq_divider:f_div_inst|count[19] ; 0.000        ; 0.000      ; 0.968      ;
; 0.816 ; ddfs:inst|cont[8]  ; ddfs:inst|sin_lut:lut_inst|altsyncram:rom_rtl_0|altsyncram_p171:auto_generated|ram_block1a1~porta_address_reg8 ; ddfs:inst|freq_divider:f_div_inst|count[19] ; ddfs:inst|freq_divider:f_div_inst|count[19] ; 0.000        ; 0.046      ; 1.000      ;
; 0.818 ; ddfs:inst|cont[4]  ; ddfs:inst|cont[4]                                                                                              ; ddfs:inst|freq_divider:f_div_inst|count[19] ; ddfs:inst|freq_divider:f_div_inst|count[19] ; 0.000        ; 0.000      ; 0.970      ;
; 0.819 ; ddfs:inst|cont[7]  ; ddfs:inst|sin_lut:lut_inst|altsyncram:rom_rtl_0|altsyncram_p171:auto_generated|ram_block1a1~porta_address_reg7 ; ddfs:inst|freq_divider:f_div_inst|count[19] ; ddfs:inst|freq_divider:f_div_inst|count[19] ; 0.000        ; 0.045      ; 1.002      ;
; 0.820 ; ddfs:inst|cont[2]  ; ddfs:inst|cont[2]                                                                                              ; ddfs:inst|freq_divider:f_div_inst|count[19] ; ddfs:inst|freq_divider:f_div_inst|count[19] ; 0.000        ; 0.000      ; 0.972      ;
; 0.823 ; ddfs:inst|cont[1]  ; ddfs:inst|sin_lut:lut_inst|altsyncram:rom_rtl_0|altsyncram_p171:auto_generated|ram_block1a4~porta_address_reg1 ; ddfs:inst|freq_divider:f_div_inst|count[19] ; ddfs:inst|freq_divider:f_div_inst|count[19] ; 0.000        ; 0.061      ; 1.022      ;
; 0.823 ; ddfs:inst|cont[3]  ; ddfs:inst|sin_lut:lut_inst|altsyncram:rom_rtl_0|altsyncram_p171:auto_generated|ram_block1a1~porta_address_reg3 ; ddfs:inst|freq_divider:f_div_inst|count[19] ; ddfs:inst|freq_divider:f_div_inst|count[19] ; 0.000        ; 0.046      ; 1.007      ;
; 0.823 ; ddfs:inst|cont[10] ; ddfs:inst|cont[3]                                                                                              ; ddfs:inst|freq_divider:f_div_inst|count[19] ; ddfs:inst|freq_divider:f_div_inst|count[19] ; 0.000        ; 0.000      ; 0.975      ;
; 0.824 ; ddfs:inst|cont[5]  ; ddfs:inst|sin_lut:lut_inst|altsyncram:rom_rtl_0|altsyncram_p171:auto_generated|ram_block1a8~porta_address_reg5 ; ddfs:inst|freq_divider:f_div_inst|count[19] ; ddfs:inst|freq_divider:f_div_inst|count[19] ; 0.000        ; 0.054      ; 1.016      ;
; 0.825 ; ddfs:inst|cont[10] ; ddfs:inst|cont[5]                                                                                              ; ddfs:inst|freq_divider:f_div_inst|count[19] ; ddfs:inst|freq_divider:f_div_inst|count[19] ; 0.000        ; 0.000      ; 0.977      ;
; 0.826 ; ddfs:inst|cont[10] ; ddfs:inst|cont[2]                                                                                              ; ddfs:inst|freq_divider:f_div_inst|count[19] ; ddfs:inst|freq_divider:f_div_inst|count[19] ; 0.000        ; 0.000      ; 0.978      ;
; 0.827 ; ddfs:inst|cont[10] ; ddfs:inst|cont[8]                                                                                              ; ddfs:inst|freq_divider:f_div_inst|count[19] ; ddfs:inst|freq_divider:f_div_inst|count[19] ; 0.000        ; 0.000      ; 0.979      ;
; 0.827 ; ddfs:inst|cont[6]  ; ddfs:inst|sin_lut:lut_inst|altsyncram:rom_rtl_0|altsyncram_p171:auto_generated|ram_block1a1~porta_address_reg6 ; ddfs:inst|freq_divider:f_div_inst|count[19] ; ddfs:inst|freq_divider:f_div_inst|count[19] ; 0.000        ; 0.045      ; 1.010      ;
; 0.828 ; ddfs:inst|cont[10] ; ddfs:inst|cont[9]                                                                                              ; ddfs:inst|freq_divider:f_div_inst|count[19] ; ddfs:inst|freq_divider:f_div_inst|count[19] ; 0.000        ; 0.000      ; 0.980      ;
; 0.828 ; ddfs:inst|cont[11] ; ddfs:inst|cont[11]                                                                                             ; ddfs:inst|freq_divider:f_div_inst|count[19] ; ddfs:inst|freq_divider:f_div_inst|count[19] ; 0.000        ; 0.000      ; 0.980      ;
; 0.828 ; ddfs:inst|cont[10] ; ddfs:inst|cont[4]                                                                                              ; ddfs:inst|freq_divider:f_div_inst|count[19] ; ddfs:inst|freq_divider:f_div_inst|count[19] ; 0.000        ; 0.000      ; 0.980      ;
; 0.844 ; ddfs:inst|cont[5]  ; ddfs:inst|sin_lut:lut_inst|altsyncram:rom_rtl_0|altsyncram_p171:auto_generated|ram_block1a1~porta_address_reg5 ; ddfs:inst|freq_divider:f_div_inst|count[19] ; ddfs:inst|freq_divider:f_div_inst|count[19] ; 0.000        ; 0.046      ; 1.028      ;
; 0.862 ; ddfs:inst|cont[11] ; ddfs:inst|cont[10]                                                                                             ; ddfs:inst|freq_divider:f_div_inst|count[19] ; ddfs:inst|freq_divider:f_div_inst|count[19] ; 0.000        ; 0.000      ; 1.014      ;
; 0.875 ; ddfs:inst|cont[1]  ; ddfs:inst|cont[2]                                                                                              ; ddfs:inst|freq_divider:f_div_inst|count[19] ; ddfs:inst|freq_divider:f_div_inst|count[19] ; 0.000        ; 0.001      ; 1.028      ;
; 0.877 ; ddfs:inst|cont[0]  ; ddfs:inst|cont[1]                                                                                              ; ddfs:inst|freq_divider:f_div_inst|count[19] ; ddfs:inst|freq_divider:f_div_inst|count[19] ; 0.000        ; 0.000      ; 1.029      ;
; 0.880 ; ddfs:inst|cont[11] ; ddfs:inst|cont[7]                                                                                              ; ddfs:inst|freq_divider:f_div_inst|count[19] ; ddfs:inst|freq_divider:f_div_inst|count[19] ; 0.000        ; 0.001      ; 1.033      ;
; 0.880 ; ddfs:inst|cont[11] ; ddfs:inst|cont[6]                                                                                              ; ddfs:inst|freq_divider:f_div_inst|count[19] ; ddfs:inst|freq_divider:f_div_inst|count[19] ; 0.000        ; 0.001      ; 1.033      ;
; 0.902 ; ddfs:inst|cont[0]  ; ddfs:inst|sin_lut:lut_inst|altsyncram:rom_rtl_0|altsyncram_p171:auto_generated|ram_block1a8~porta_address_reg0 ; ddfs:inst|freq_divider:f_div_inst|count[19] ; ddfs:inst|freq_divider:f_div_inst|count[19] ; 0.000        ; 0.055      ; 1.095      ;
; 0.907 ; ddfs:inst|cont[0]  ; ddfs:inst|cont[2]                                                                                              ; ddfs:inst|freq_divider:f_div_inst|count[19] ; ddfs:inst|freq_divider:f_div_inst|count[19] ; 0.000        ; 0.001      ; 1.060      ;
; 0.911 ; ddfs:inst|cont[0]  ; ddfs:inst|sin_lut:lut_inst|altsyncram:rom_rtl_0|altsyncram_p171:auto_generated|ram_block1a1~porta_address_reg0 ; ddfs:inst|freq_divider:f_div_inst|count[19] ; ddfs:inst|freq_divider:f_div_inst|count[19] ; 0.000        ; 0.047      ; 1.096      ;
; 0.913 ; ddfs:inst|cont[10] ; ddfs:inst|sin_lut:lut_inst|altsyncram:rom_rtl_0|altsyncram_p171:auto_generated|ram_block1a4~porta_address_reg2 ; ddfs:inst|freq_divider:f_div_inst|count[19] ; ddfs:inst|freq_divider:f_div_inst|count[19] ; 0.000        ; 0.060      ; 1.111      ;
; 0.914 ; ddfs:inst|cont[10] ; ddfs:inst|sin_lut:lut_inst|altsyncram:rom_rtl_0|altsyncram_p171:auto_generated|ram_block1a4~porta_address_reg0 ; ddfs:inst|freq_divider:f_div_inst|count[19] ; ddfs:inst|freq_divider:f_div_inst|count[19] ; 0.000        ; 0.060      ; 1.112      ;
; 0.914 ; ddfs:inst|cont[10] ; ddfs:inst|sin_lut:lut_inst|altsyncram:rom_rtl_0|altsyncram_p171:auto_generated|ram_block1a4~porta_address_reg1 ; ddfs:inst|freq_divider:f_div_inst|count[19] ; ddfs:inst|freq_divider:f_div_inst|count[19] ; 0.000        ; 0.060      ; 1.112      ;
; 0.917 ; ddfs:inst|cont[5]  ; ddfs:inst|cont[5]                                                                                              ; ddfs:inst|freq_divider:f_div_inst|count[19] ; ddfs:inst|freq_divider:f_div_inst|count[19] ; 0.000        ; 0.000      ; 1.069      ;
; 0.918 ; ddfs:inst|cont[1]  ; ddfs:inst|cont[3]                                                                                              ; ddfs:inst|freq_divider:f_div_inst|count[19] ; ddfs:inst|freq_divider:f_div_inst|count[19] ; 0.000        ; 0.001      ; 1.071      ;
; 0.928 ; ddfs:inst|cont[10] ; ddfs:inst|sin_lut:lut_inst|altsyncram:rom_rtl_0|altsyncram_p171:auto_generated|ram_block1a8~porta_address_reg3 ; ddfs:inst|freq_divider:f_div_inst|count[19] ; ddfs:inst|freq_divider:f_div_inst|count[19] ; 0.000        ; 0.054      ; 1.120      ;
; 0.930 ; ddfs:inst|cont[10] ; ddfs:inst|sin_lut:lut_inst|altsyncram:rom_rtl_0|altsyncram_p171:auto_generated|ram_block1a8~porta_address_reg9 ; ddfs:inst|freq_divider:f_div_inst|count[19] ; ddfs:inst|freq_divider:f_div_inst|count[19] ; 0.000        ; 0.054      ; 1.122      ;
; 0.931 ; ddfs:inst|cont[10] ; ddfs:inst|sin_lut:lut_inst|altsyncram:rom_rtl_0|altsyncram_p171:auto_generated|ram_block1a8~porta_address_reg7 ; ddfs:inst|freq_divider:f_div_inst|count[19] ; ddfs:inst|freq_divider:f_div_inst|count[19] ; 0.000        ; 0.054      ; 1.123      ;
; 0.935 ; ddfs:inst|cont[10] ; ddfs:inst|sin_lut:lut_inst|altsyncram:rom_rtl_0|altsyncram_p171:auto_generated|ram_block1a8~porta_address_reg6 ; ddfs:inst|freq_divider:f_div_inst|count[19] ; ddfs:inst|freq_divider:f_div_inst|count[19] ; 0.000        ; 0.054      ; 1.127      ;
; 0.936 ; ddfs:inst|cont[10] ; ddfs:inst|sin_lut:lut_inst|altsyncram:rom_rtl_0|altsyncram_p171:auto_generated|ram_block1a8~porta_address_reg8 ; ddfs:inst|freq_divider:f_div_inst|count[19] ; ddfs:inst|freq_divider:f_div_inst|count[19] ; 0.000        ; 0.054      ; 1.128      ;
; 0.936 ; ddfs:inst|cont[10] ; ddfs:inst|sin_lut:lut_inst|altsyncram:rom_rtl_0|altsyncram_p171:auto_generated|ram_block1a8~porta_address_reg5 ; ddfs:inst|freq_divider:f_div_inst|count[19] ; ddfs:inst|freq_divider:f_div_inst|count[19] ; 0.000        ; 0.054      ; 1.128      ;
; 0.937 ; ddfs:inst|cont[10] ; ddfs:inst|sin_lut:lut_inst|altsyncram:rom_rtl_0|altsyncram_p171:auto_generated|ram_block1a8~porta_address_reg4 ; ddfs:inst|freq_divider:f_div_inst|count[19] ; ddfs:inst|freq_divider:f_div_inst|count[19] ; 0.000        ; 0.054      ; 1.129      ;
; 0.940 ; ddfs:inst|cont[10] ; ddfs:inst|cont[0]                                                                                              ; ddfs:inst|freq_divider:f_div_inst|count[19] ; ddfs:inst|freq_divider:f_div_inst|count[19] ; 0.000        ; -0.001     ; 1.091      ;
; 0.940 ; ddfs:inst|cont[10] ; ddfs:inst|cont[1]                                                                                              ; ddfs:inst|freq_divider:f_div_inst|count[19] ; ddfs:inst|freq_divider:f_div_inst|count[19] ; 0.000        ; -0.001     ; 1.091      ;
; 0.942 ; ddfs:inst|cont[2]  ; ddfs:inst|sin_lut:lut_inst|altsyncram:rom_rtl_0|altsyncram_p171:auto_generated|ram_block1a1~porta_address_reg2 ; ddfs:inst|freq_divider:f_div_inst|count[19] ; ddfs:inst|freq_divider:f_div_inst|count[19] ; 0.000        ; 0.046      ; 1.126      ;
; 0.942 ; ddfs:inst|cont[1]  ; ddfs:inst|cont[4]                                                                                              ; ddfs:inst|freq_divider:f_div_inst|count[19] ; ddfs:inst|freq_divider:f_div_inst|count[19] ; 0.000        ; 0.001      ; 1.095      ;
; 0.943 ; ddfs:inst|cont[3]  ; ddfs:inst|cont[4]                                                                                              ; ddfs:inst|freq_divider:f_div_inst|count[19] ; ddfs:inst|freq_divider:f_div_inst|count[19] ; 0.000        ; 0.000      ; 1.095      ;
; 0.944 ; ddfs:inst|cont[4]  ; ddfs:inst|sin_lut:lut_inst|altsyncram:rom_rtl_0|altsyncram_p171:auto_generated|ram_block1a8~porta_address_reg4 ; ddfs:inst|freq_divider:f_div_inst|count[19] ; ddfs:inst|freq_divider:f_div_inst|count[19] ; 0.000        ; 0.054      ; 1.136      ;
; 0.950 ; ddfs:inst|cont[0]  ; ddfs:inst|cont[3]                                                                                              ; ddfs:inst|freq_divider:f_div_inst|count[19] ; ddfs:inst|freq_divider:f_div_inst|count[19] ; 0.000        ; 0.001      ; 1.103      ;
; 0.951 ; ddfs:inst|cont[1]  ; ddfs:inst|cont[11]                                                                                             ; ddfs:inst|freq_divider:f_div_inst|count[19] ; ddfs:inst|freq_divider:f_div_inst|count[19] ; 0.000        ; 0.001      ; 1.104      ;
; 0.951 ; ddfs:inst|cont[10] ; ddfs:inst|sin_lut:lut_inst|altsyncram:rom_rtl_0|altsyncram_p171:auto_generated|ram_block1a1~porta_address_reg6 ; ddfs:inst|freq_divider:f_div_inst|count[19] ; ddfs:inst|freq_divider:f_div_inst|count[19] ; 0.000        ; 0.046      ; 1.135      ;
; 0.952 ; ddfs:inst|cont[10] ; ddfs:inst|sin_lut:lut_inst|altsyncram:rom_rtl_0|altsyncram_p171:auto_generated|ram_block1a1~porta_address_reg7 ; ddfs:inst|freq_divider:f_div_inst|count[19] ; ddfs:inst|freq_divider:f_div_inst|count[19] ; 0.000        ; 0.046      ; 1.136      ;
; 0.953 ; ddfs:inst|cont[10] ; ddfs:inst|sin_lut:lut_inst|altsyncram:rom_rtl_0|altsyncram_p171:auto_generated|ram_block1a1~porta_address_reg3 ; ddfs:inst|freq_divider:f_div_inst|count[19] ; ddfs:inst|freq_divider:f_div_inst|count[19] ; 0.000        ; 0.046      ; 1.137      ;
; 0.955 ; ddfs:inst|cont[8]  ; ddfs:inst|cont[8]                                                                                              ; ddfs:inst|freq_divider:f_div_inst|count[19] ; ddfs:inst|freq_divider:f_div_inst|count[19] ; 0.000        ; 0.000      ; 1.107      ;
; 0.956 ; ddfs:inst|cont[1]  ; ddfs:inst|sin_lut:lut_inst|altsyncram:rom_rtl_0|altsyncram_p171:auto_generated|ram_block1a8~porta_address_reg1 ; ddfs:inst|freq_divider:f_div_inst|count[19] ; ddfs:inst|freq_divider:f_div_inst|count[19] ; 0.000        ; 0.055      ; 1.149      ;
; 0.956 ; ddfs:inst|cont[1]  ; ddfs:inst|cont[10]                                                                                             ; ddfs:inst|freq_divider:f_div_inst|count[19] ; ddfs:inst|freq_divider:f_div_inst|count[19] ; 0.000        ; 0.001      ; 1.109      ;
; 0.956 ; ddfs:inst|cont[10] ; ddfs:inst|sin_lut:lut_inst|altsyncram:rom_rtl_0|altsyncram_p171:auto_generated|ram_block1a1~porta_address_reg9 ; ddfs:inst|freq_divider:f_div_inst|count[19] ; ddfs:inst|freq_divider:f_div_inst|count[19] ; 0.000        ; 0.046      ; 1.140      ;
; 0.956 ; ddfs:inst|cont[10] ; ddfs:inst|sin_lut:lut_inst|altsyncram:rom_rtl_0|altsyncram_p171:auto_generated|ram_block1a1~porta_address_reg5 ; ddfs:inst|freq_divider:f_div_inst|count[19] ; ddfs:inst|freq_divider:f_div_inst|count[19] ; 0.000        ; 0.046      ; 1.140      ;
; 0.957 ; ddfs:inst|cont[9]  ; ddfs:inst|cont[9]                                                                                              ; ddfs:inst|freq_divider:f_div_inst|count[19] ; ddfs:inst|freq_divider:f_div_inst|count[19] ; 0.000        ; 0.000      ; 1.109      ;
; 0.962 ; ddfs:inst|cont[10] ; ddfs:inst|sin_lut:lut_inst|altsyncram:rom_rtl_0|altsyncram_p171:auto_generated|ram_block1a1~porta_address_reg8 ; ddfs:inst|freq_divider:f_div_inst|count[19] ; ddfs:inst|freq_divider:f_div_inst|count[19] ; 0.000        ; 0.046      ; 1.146      ;
; 0.966 ; ddfs:inst|cont[2]  ; ddfs:inst|cont[3]                                                                                              ; ddfs:inst|freq_divider:f_div_inst|count[19] ; ddfs:inst|freq_divider:f_div_inst|count[19] ; 0.000        ; 0.000      ; 1.118      ;
; 0.971 ; ddfs:inst|cont[10] ; ddfs:inst|sin_lut:lut_inst|altsyncram:rom_rtl_0|altsyncram_p171:auto_generated|ram_block1a1~porta_address_reg4 ; ddfs:inst|freq_divider:f_div_inst|count[19] ; ddfs:inst|freq_divider:f_div_inst|count[19] ; 0.000        ; 0.046      ; 1.155      ;
; 0.973 ; ddfs:inst|cont[6]  ; ddfs:inst|cont[6]                                                                                              ; ddfs:inst|freq_divider:f_div_inst|count[19] ; ddfs:inst|freq_divider:f_div_inst|count[19] ; 0.000        ; 0.000      ; 1.125      ;
; 0.974 ; ddfs:inst|cont[0]  ; ddfs:inst|cont[4]                                                                                              ; ddfs:inst|freq_divider:f_div_inst|count[19] ; ddfs:inst|freq_divider:f_div_inst|count[19] ; 0.000        ; 0.001      ; 1.127      ;
; 0.978 ; ddfs:inst|cont[4]  ; ddfs:inst|sin_lut:lut_inst|altsyncram:rom_rtl_0|altsyncram_p171:auto_generated|ram_block1a1~porta_address_reg4 ; ddfs:inst|freq_divider:f_div_inst|count[19] ; ddfs:inst|freq_divider:f_div_inst|count[19] ; 0.000        ; 0.046      ; 1.162      ;
; 0.983 ; ddfs:inst|cont[1]  ; ddfs:inst|sin_lut:lut_inst|altsyncram:rom_rtl_0|altsyncram_p171:auto_generated|ram_block1a1~porta_address_reg1 ; ddfs:inst|freq_divider:f_div_inst|count[19] ; ddfs:inst|freq_divider:f_div_inst|count[19] ; 0.000        ; 0.047      ; 1.168      ;
; 0.984 ; ddfs:inst|cont[9]  ; ddfs:inst|cont[11]                                                                                             ; ddfs:inst|freq_divider:f_div_inst|count[19] ; ddfs:inst|freq_divider:f_div_inst|count[19] ; 0.000        ; 0.000      ; 1.136      ;
; 0.987 ; ddfs:inst|cont[11] ; ddfs:inst|cont[2]                                                                                              ; ddfs:inst|freq_divider:f_div_inst|count[19] ; ddfs:inst|freq_divider:f_div_inst|count[19] ; 0.000        ; 0.000      ; 1.139      ;
; 0.987 ; ddfs:inst|cont[11] ; ddfs:inst|cont[8]                                                                                              ; ddfs:inst|freq_divider:f_div_inst|count[19] ; ddfs:inst|freq_divider:f_div_inst|count[19] ; 0.000        ; 0.000      ; 1.139      ;
; 0.987 ; ddfs:inst|cont[11] ; ddfs:inst|cont[9]                                                                                              ; ddfs:inst|freq_divider:f_div_inst|count[19] ; ddfs:inst|freq_divider:f_div_inst|count[19] ; 0.000        ; 0.000      ; 1.139      ;
; 0.988 ; ddfs:inst|cont[11] ; ddfs:inst|cont[3]                                                                                              ; ddfs:inst|freq_divider:f_div_inst|count[19] ; ddfs:inst|freq_divider:f_div_inst|count[19] ; 0.000        ; 0.000      ; 1.140      ;
; 0.988 ; ddfs:inst|cont[11] ; ddfs:inst|cont[4]                                                                                              ; ddfs:inst|freq_divider:f_div_inst|count[19] ; ddfs:inst|freq_divider:f_div_inst|count[19] ; 0.000        ; 0.000      ; 1.140      ;
; 0.988 ; ddfs:inst|cont[11] ; ddfs:inst|cont[5]                                                                                              ; ddfs:inst|freq_divider:f_div_inst|count[19] ; ddfs:inst|freq_divider:f_div_inst|count[19] ; 0.000        ; 0.000      ; 1.140      ;
; 0.989 ; ddfs:inst|cont[9]  ; ddfs:inst|cont[10]                                                                                             ; ddfs:inst|freq_divider:f_div_inst|count[19] ; ddfs:inst|freq_divider:f_div_inst|count[19] ; 0.000        ; 0.000      ; 1.141      ;
; 0.990 ; ddfs:inst|cont[2]  ; ddfs:inst|cont[4]                                                                                              ; ddfs:inst|freq_divider:f_div_inst|count[19] ; ddfs:inst|freq_divider:f_div_inst|count[19] ; 0.000        ; 0.000      ; 1.142      ;
; 0.994 ; ddfs:inst|cont[5]  ; ddfs:inst|cont[6]                                                                                              ; ddfs:inst|freq_divider:f_div_inst|count[19] ; ddfs:inst|freq_divider:f_div_inst|count[19] ; 0.000        ; 0.001      ; 1.147      ;
; 1.002 ; ddfs:inst|cont[10] ; ddfs:inst|cont[7]                                                                                              ; ddfs:inst|freq_divider:f_div_inst|count[19] ; ddfs:inst|freq_divider:f_div_inst|count[19] ; 0.000        ; 0.001      ; 1.155      ;
+-------+--------------------+----------------------------------------------------------------------------------------------------------------+---------------------------------------------+---------------------------------------------+--------------+------------+------------+


+---------------------------------------------------------------------------------------------------------------------------------------------------------------------------------------------------------------------------------------+
; Fast Model Minimum Pulse Width: 'ddfs:inst|freq_divider:f_div_inst|count[19]'                                                                                                                                                         ;
+--------+--------------+----------------+------------------+---------------------------------------------+------------+----------------------------------------------------------------------------------------------------------------+
; Slack  ; Actual Width ; Required Width ; Type             ; Clock                                       ; Clock Edge ; Target                                                                                                         ;
+--------+--------------+----------------+------------------+---------------------------------------------+------------+----------------------------------------------------------------------------------------------------------------+
; -1.423 ; 0.500        ; 1.923          ; High Pulse Width ; ddfs:inst|freq_divider:f_div_inst|count[19] ; Rise       ; ddfs:inst|sin_lut:lut_inst|altsyncram:rom_rtl_0|altsyncram_p171:auto_generated|ram_block1a1~porta_address_reg0 ;
; -1.423 ; 0.500        ; 1.923          ; Low Pulse Width  ; ddfs:inst|freq_divider:f_div_inst|count[19] ; Rise       ; ddfs:inst|sin_lut:lut_inst|altsyncram:rom_rtl_0|altsyncram_p171:auto_generated|ram_block1a1~porta_address_reg0 ;
; -1.423 ; 0.500        ; 1.923          ; High Pulse Width ; ddfs:inst|freq_divider:f_div_inst|count[19] ; Rise       ; ddfs:inst|sin_lut:lut_inst|altsyncram:rom_rtl_0|altsyncram_p171:auto_generated|ram_block1a1~porta_address_reg1 ;
; -1.423 ; 0.500        ; 1.923          ; Low Pulse Width  ; ddfs:inst|freq_divider:f_div_inst|count[19] ; Rise       ; ddfs:inst|sin_lut:lut_inst|altsyncram:rom_rtl_0|altsyncram_p171:auto_generated|ram_block1a1~porta_address_reg1 ;
; -1.423 ; 0.500        ; 1.923          ; High Pulse Width ; ddfs:inst|freq_divider:f_div_inst|count[19] ; Rise       ; ddfs:inst|sin_lut:lut_inst|altsyncram:rom_rtl_0|altsyncram_p171:auto_generated|ram_block1a1~porta_address_reg2 ;
; -1.423 ; 0.500        ; 1.923          ; Low Pulse Width  ; ddfs:inst|freq_divider:f_div_inst|count[19] ; Rise       ; ddfs:inst|sin_lut:lut_inst|altsyncram:rom_rtl_0|altsyncram_p171:auto_generated|ram_block1a1~porta_address_reg2 ;
; -1.423 ; 0.500        ; 1.923          ; High Pulse Width ; ddfs:inst|freq_divider:f_div_inst|count[19] ; Rise       ; ddfs:inst|sin_lut:lut_inst|altsyncram:rom_rtl_0|altsyncram_p171:auto_generated|ram_block1a1~porta_address_reg3 ;
; -1.423 ; 0.500        ; 1.923          ; Low Pulse Width  ; ddfs:inst|freq_divider:f_div_inst|count[19] ; Rise       ; ddfs:inst|sin_lut:lut_inst|altsyncram:rom_rtl_0|altsyncram_p171:auto_generated|ram_block1a1~porta_address_reg3 ;
; -1.423 ; 0.500        ; 1.923          ; High Pulse Width ; ddfs:inst|freq_divider:f_div_inst|count[19] ; Rise       ; ddfs:inst|sin_lut:lut_inst|altsyncram:rom_rtl_0|altsyncram_p171:auto_generated|ram_block1a1~porta_address_reg4 ;
; -1.423 ; 0.500        ; 1.923          ; Low Pulse Width  ; ddfs:inst|freq_divider:f_div_inst|count[19] ; Rise       ; ddfs:inst|sin_lut:lut_inst|altsyncram:rom_rtl_0|altsyncram_p171:auto_generated|ram_block1a1~porta_address_reg4 ;
; -1.423 ; 0.500        ; 1.923          ; High Pulse Width ; ddfs:inst|freq_divider:f_div_inst|count[19] ; Rise       ; ddfs:inst|sin_lut:lut_inst|altsyncram:rom_rtl_0|altsyncram_p171:auto_generated|ram_block1a1~porta_address_reg5 ;
; -1.423 ; 0.500        ; 1.923          ; Low Pulse Width  ; ddfs:inst|freq_divider:f_div_inst|count[19] ; Rise       ; ddfs:inst|sin_lut:lut_inst|altsyncram:rom_rtl_0|altsyncram_p171:auto_generated|ram_block1a1~porta_address_reg5 ;
; -1.423 ; 0.500        ; 1.923          ; High Pulse Width ; ddfs:inst|freq_divider:f_div_inst|count[19] ; Rise       ; ddfs:inst|sin_lut:lut_inst|altsyncram:rom_rtl_0|altsyncram_p171:auto_generated|ram_block1a1~porta_address_reg6 ;
; -1.423 ; 0.500        ; 1.923          ; Low Pulse Width  ; ddfs:inst|freq_divider:f_div_inst|count[19] ; Rise       ; ddfs:inst|sin_lut:lut_inst|altsyncram:rom_rtl_0|altsyncram_p171:auto_generated|ram_block1a1~porta_address_reg6 ;
; -1.423 ; 0.500        ; 1.923          ; High Pulse Width ; ddfs:inst|freq_divider:f_div_inst|count[19] ; Rise       ; ddfs:inst|sin_lut:lut_inst|altsyncram:rom_rtl_0|altsyncram_p171:auto_generated|ram_block1a1~porta_address_reg7 ;
; -1.423 ; 0.500        ; 1.923          ; Low Pulse Width  ; ddfs:inst|freq_divider:f_div_inst|count[19] ; Rise       ; ddfs:inst|sin_lut:lut_inst|altsyncram:rom_rtl_0|altsyncram_p171:auto_generated|ram_block1a1~porta_address_reg7 ;
; -1.423 ; 0.500        ; 1.923          ; High Pulse Width ; ddfs:inst|freq_divider:f_div_inst|count[19] ; Rise       ; ddfs:inst|sin_lut:lut_inst|altsyncram:rom_rtl_0|altsyncram_p171:auto_generated|ram_block1a1~porta_address_reg8 ;
; -1.423 ; 0.500        ; 1.923          ; Low Pulse Width  ; ddfs:inst|freq_divider:f_div_inst|count[19] ; Rise       ; ddfs:inst|sin_lut:lut_inst|altsyncram:rom_rtl_0|altsyncram_p171:auto_generated|ram_block1a1~porta_address_reg8 ;
; -1.423 ; 0.500        ; 1.923          ; High Pulse Width ; ddfs:inst|freq_divider:f_div_inst|count[19] ; Rise       ; ddfs:inst|sin_lut:lut_inst|altsyncram:rom_rtl_0|altsyncram_p171:auto_generated|ram_block1a1~porta_address_reg9 ;
; -1.423 ; 0.500        ; 1.923          ; Low Pulse Width  ; ddfs:inst|freq_divider:f_div_inst|count[19] ; Rise       ; ddfs:inst|sin_lut:lut_inst|altsyncram:rom_rtl_0|altsyncram_p171:auto_generated|ram_block1a1~porta_address_reg9 ;
; -1.423 ; 0.500        ; 1.923          ; High Pulse Width ; ddfs:inst|freq_divider:f_div_inst|count[19] ; Rise       ; ddfs:inst|sin_lut:lut_inst|altsyncram:rom_rtl_0|altsyncram_p171:auto_generated|ram_block1a4~porta_address_reg0 ;
; -1.423 ; 0.500        ; 1.923          ; Low Pulse Width  ; ddfs:inst|freq_divider:f_div_inst|count[19] ; Rise       ; ddfs:inst|sin_lut:lut_inst|altsyncram:rom_rtl_0|altsyncram_p171:auto_generated|ram_block1a4~porta_address_reg0 ;
; -1.423 ; 0.500        ; 1.923          ; High Pulse Width ; ddfs:inst|freq_divider:f_div_inst|count[19] ; Rise       ; ddfs:inst|sin_lut:lut_inst|altsyncram:rom_rtl_0|altsyncram_p171:auto_generated|ram_block1a4~porta_address_reg1 ;
; -1.423 ; 0.500        ; 1.923          ; Low Pulse Width  ; ddfs:inst|freq_divider:f_div_inst|count[19] ; Rise       ; ddfs:inst|sin_lut:lut_inst|altsyncram:rom_rtl_0|altsyncram_p171:auto_generated|ram_block1a4~porta_address_reg1 ;
; -1.423 ; 0.500        ; 1.923          ; High Pulse Width ; ddfs:inst|freq_divider:f_div_inst|count[19] ; Rise       ; ddfs:inst|sin_lut:lut_inst|altsyncram:rom_rtl_0|altsyncram_p171:auto_generated|ram_block1a4~porta_address_reg2 ;
; -1.423 ; 0.500        ; 1.923          ; Low Pulse Width  ; ddfs:inst|freq_divider:f_div_inst|count[19] ; Rise       ; ddfs:inst|sin_lut:lut_inst|altsyncram:rom_rtl_0|altsyncram_p171:auto_generated|ram_block1a4~porta_address_reg2 ;
; -1.423 ; 0.500        ; 1.923          ; High Pulse Width ; ddfs:inst|freq_divider:f_div_inst|count[19] ; Rise       ; ddfs:inst|sin_lut:lut_inst|altsyncram:rom_rtl_0|altsyncram_p171:auto_generated|ram_block1a4~porta_address_reg3 ;
; -1.423 ; 0.500        ; 1.923          ; Low Pulse Width  ; ddfs:inst|freq_divider:f_div_inst|count[19] ; Rise       ; ddfs:inst|sin_lut:lut_inst|altsyncram:rom_rtl_0|altsyncram_p171:auto_generated|ram_block1a4~porta_address_reg3 ;
; -1.423 ; 0.500        ; 1.923          ; High Pulse Width ; ddfs:inst|freq_divider:f_div_inst|count[19] ; Rise       ; ddfs:inst|sin_lut:lut_inst|altsyncram:rom_rtl_0|altsyncram_p171:auto_generated|ram_block1a4~porta_address_reg4 ;
; -1.423 ; 0.500        ; 1.923          ; Low Pulse Width  ; ddfs:inst|freq_divider:f_div_inst|count[19] ; Rise       ; ddfs:inst|sin_lut:lut_inst|altsyncram:rom_rtl_0|altsyncram_p171:auto_generated|ram_block1a4~porta_address_reg4 ;
; -1.423 ; 0.500        ; 1.923          ; High Pulse Width ; ddfs:inst|freq_divider:f_div_inst|count[19] ; Rise       ; ddfs:inst|sin_lut:lut_inst|altsyncram:rom_rtl_0|altsyncram_p171:auto_generated|ram_block1a4~porta_address_reg5 ;
; -1.423 ; 0.500        ; 1.923          ; Low Pulse Width  ; ddfs:inst|freq_divider:f_div_inst|count[19] ; Rise       ; ddfs:inst|sin_lut:lut_inst|altsyncram:rom_rtl_0|altsyncram_p171:auto_generated|ram_block1a4~porta_address_reg5 ;
; -1.423 ; 0.500        ; 1.923          ; High Pulse Width ; ddfs:inst|freq_divider:f_div_inst|count[19] ; Rise       ; ddfs:inst|sin_lut:lut_inst|altsyncram:rom_rtl_0|altsyncram_p171:auto_generated|ram_block1a4~porta_address_reg6 ;
; -1.423 ; 0.500        ; 1.923          ; Low Pulse Width  ; ddfs:inst|freq_divider:f_div_inst|count[19] ; Rise       ; ddfs:inst|sin_lut:lut_inst|altsyncram:rom_rtl_0|altsyncram_p171:auto_generated|ram_block1a4~porta_address_reg6 ;
; -1.423 ; 0.500        ; 1.923          ; High Pulse Width ; ddfs:inst|freq_divider:f_div_inst|count[19] ; Rise       ; ddfs:inst|sin_lut:lut_inst|altsyncram:rom_rtl_0|altsyncram_p171:auto_generated|ram_block1a4~porta_address_reg7 ;
; -1.423 ; 0.500        ; 1.923          ; Low Pulse Width  ; ddfs:inst|freq_divider:f_div_inst|count[19] ; Rise       ; ddfs:inst|sin_lut:lut_inst|altsyncram:rom_rtl_0|altsyncram_p171:auto_generated|ram_block1a4~porta_address_reg7 ;
; -1.423 ; 0.500        ; 1.923          ; High Pulse Width ; ddfs:inst|freq_divider:f_div_inst|count[19] ; Rise       ; ddfs:inst|sin_lut:lut_inst|altsyncram:rom_rtl_0|altsyncram_p171:auto_generated|ram_block1a4~porta_address_reg8 ;
; -1.423 ; 0.500        ; 1.923          ; Low Pulse Width  ; ddfs:inst|freq_divider:f_div_inst|count[19] ; Rise       ; ddfs:inst|sin_lut:lut_inst|altsyncram:rom_rtl_0|altsyncram_p171:auto_generated|ram_block1a4~porta_address_reg8 ;
; -1.423 ; 0.500        ; 1.923          ; High Pulse Width ; ddfs:inst|freq_divider:f_div_inst|count[19] ; Rise       ; ddfs:inst|sin_lut:lut_inst|altsyncram:rom_rtl_0|altsyncram_p171:auto_generated|ram_block1a4~porta_address_reg9 ;
; -1.423 ; 0.500        ; 1.923          ; Low Pulse Width  ; ddfs:inst|freq_divider:f_div_inst|count[19] ; Rise       ; ddfs:inst|sin_lut:lut_inst|altsyncram:rom_rtl_0|altsyncram_p171:auto_generated|ram_block1a4~porta_address_reg9 ;
; -1.423 ; 0.500        ; 1.923          ; High Pulse Width ; ddfs:inst|freq_divider:f_div_inst|count[19] ; Rise       ; ddfs:inst|sin_lut:lut_inst|altsyncram:rom_rtl_0|altsyncram_p171:auto_generated|ram_block1a8~porta_address_reg0 ;
; -1.423 ; 0.500        ; 1.923          ; Low Pulse Width  ; ddfs:inst|freq_divider:f_div_inst|count[19] ; Rise       ; ddfs:inst|sin_lut:lut_inst|altsyncram:rom_rtl_0|altsyncram_p171:auto_generated|ram_block1a8~porta_address_reg0 ;
; -1.423 ; 0.500        ; 1.923          ; High Pulse Width ; ddfs:inst|freq_divider:f_div_inst|count[19] ; Rise       ; ddfs:inst|sin_lut:lut_inst|altsyncram:rom_rtl_0|altsyncram_p171:auto_generated|ram_block1a8~porta_address_reg1 ;
; -1.423 ; 0.500        ; 1.923          ; Low Pulse Width  ; ddfs:inst|freq_divider:f_div_inst|count[19] ; Rise       ; ddfs:inst|sin_lut:lut_inst|altsyncram:rom_rtl_0|altsyncram_p171:auto_generated|ram_block1a8~porta_address_reg1 ;
; -1.423 ; 0.500        ; 1.923          ; High Pulse Width ; ddfs:inst|freq_divider:f_div_inst|count[19] ; Rise       ; ddfs:inst|sin_lut:lut_inst|altsyncram:rom_rtl_0|altsyncram_p171:auto_generated|ram_block1a8~porta_address_reg2 ;
; -1.423 ; 0.500        ; 1.923          ; Low Pulse Width  ; ddfs:inst|freq_divider:f_div_inst|count[19] ; Rise       ; ddfs:inst|sin_lut:lut_inst|altsyncram:rom_rtl_0|altsyncram_p171:auto_generated|ram_block1a8~porta_address_reg2 ;
; -1.423 ; 0.500        ; 1.923          ; High Pulse Width ; ddfs:inst|freq_divider:f_div_inst|count[19] ; Rise       ; ddfs:inst|sin_lut:lut_inst|altsyncram:rom_rtl_0|altsyncram_p171:auto_generated|ram_block1a8~porta_address_reg3 ;
; -1.423 ; 0.500        ; 1.923          ; Low Pulse Width  ; ddfs:inst|freq_divider:f_div_inst|count[19] ; Rise       ; ddfs:inst|sin_lut:lut_inst|altsyncram:rom_rtl_0|altsyncram_p171:auto_generated|ram_block1a8~porta_address_reg3 ;
; -1.423 ; 0.500        ; 1.923          ; High Pulse Width ; ddfs:inst|freq_divider:f_div_inst|count[19] ; Rise       ; ddfs:inst|sin_lut:lut_inst|altsyncram:rom_rtl_0|altsyncram_p171:auto_generated|ram_block1a8~porta_address_reg4 ;
; -1.423 ; 0.500        ; 1.923          ; Low Pulse Width  ; ddfs:inst|freq_divider:f_div_inst|count[19] ; Rise       ; ddfs:inst|sin_lut:lut_inst|altsyncram:rom_rtl_0|altsyncram_p171:auto_generated|ram_block1a8~porta_address_reg4 ;
; -1.423 ; 0.500        ; 1.923          ; High Pulse Width ; ddfs:inst|freq_divider:f_div_inst|count[19] ; Rise       ; ddfs:inst|sin_lut:lut_inst|altsyncram:rom_rtl_0|altsyncram_p171:auto_generated|ram_block1a8~porta_address_reg5 ;
; -1.423 ; 0.500        ; 1.923          ; Low Pulse Width  ; ddfs:inst|freq_divider:f_div_inst|count[19] ; Rise       ; ddfs:inst|sin_lut:lut_inst|altsyncram:rom_rtl_0|altsyncram_p171:auto_generated|ram_block1a8~porta_address_reg5 ;
; -1.423 ; 0.500        ; 1.923          ; High Pulse Width ; ddfs:inst|freq_divider:f_div_inst|count[19] ; Rise       ; ddfs:inst|sin_lut:lut_inst|altsyncram:rom_rtl_0|altsyncram_p171:auto_generated|ram_block1a8~porta_address_reg6 ;
; -1.423 ; 0.500        ; 1.923          ; Low Pulse Width  ; ddfs:inst|freq_divider:f_div_inst|count[19] ; Rise       ; ddfs:inst|sin_lut:lut_inst|altsyncram:rom_rtl_0|altsyncram_p171:auto_generated|ram_block1a8~porta_address_reg6 ;
; -1.423 ; 0.500        ; 1.923          ; High Pulse Width ; ddfs:inst|freq_divider:f_div_inst|count[19] ; Rise       ; ddfs:inst|sin_lut:lut_inst|altsyncram:rom_rtl_0|altsyncram_p171:auto_generated|ram_block1a8~porta_address_reg7 ;
; -1.423 ; 0.500        ; 1.923          ; Low Pulse Width  ; ddfs:inst|freq_divider:f_div_inst|count[19] ; Rise       ; ddfs:inst|sin_lut:lut_inst|altsyncram:rom_rtl_0|altsyncram_p171:auto_generated|ram_block1a8~porta_address_reg7 ;
; -1.423 ; 0.500        ; 1.923          ; High Pulse Width ; ddfs:inst|freq_divider:f_div_inst|count[19] ; Rise       ; ddfs:inst|sin_lut:lut_inst|altsyncram:rom_rtl_0|altsyncram_p171:auto_generated|ram_block1a8~porta_address_reg8 ;
; -1.423 ; 0.500        ; 1.923          ; Low Pulse Width  ; ddfs:inst|freq_divider:f_div_inst|count[19] ; Rise       ; ddfs:inst|sin_lut:lut_inst|altsyncram:rom_rtl_0|altsyncram_p171:auto_generated|ram_block1a8~porta_address_reg8 ;
; -1.423 ; 0.500        ; 1.923          ; High Pulse Width ; ddfs:inst|freq_divider:f_div_inst|count[19] ; Rise       ; ddfs:inst|sin_lut:lut_inst|altsyncram:rom_rtl_0|altsyncram_p171:auto_generated|ram_block1a8~porta_address_reg9 ;
; -1.423 ; 0.500        ; 1.923          ; Low Pulse Width  ; ddfs:inst|freq_divider:f_div_inst|count[19] ; Rise       ; ddfs:inst|sin_lut:lut_inst|altsyncram:rom_rtl_0|altsyncram_p171:auto_generated|ram_block1a8~porta_address_reg9 ;
; -0.500 ; 0.500        ; 1.000          ; High Pulse Width ; ddfs:inst|freq_divider:f_div_inst|count[19] ; Rise       ; ddfs:inst|cont[0]                                                                                              ;
; -0.500 ; 0.500        ; 1.000          ; Low Pulse Width  ; ddfs:inst|freq_divider:f_div_inst|count[19] ; Rise       ; ddfs:inst|cont[0]                                                                                              ;
; -0.500 ; 0.500        ; 1.000          ; High Pulse Width ; ddfs:inst|freq_divider:f_div_inst|count[19] ; Rise       ; ddfs:inst|cont[10]                                                                                             ;
; -0.500 ; 0.500        ; 1.000          ; Low Pulse Width  ; ddfs:inst|freq_divider:f_div_inst|count[19] ; Rise       ; ddfs:inst|cont[10]                                                                                             ;
; -0.500 ; 0.500        ; 1.000          ; High Pulse Width ; ddfs:inst|freq_divider:f_div_inst|count[19] ; Rise       ; ddfs:inst|cont[11]                                                                                             ;
; -0.500 ; 0.500        ; 1.000          ; Low Pulse Width  ; ddfs:inst|freq_divider:f_div_inst|count[19] ; Rise       ; ddfs:inst|cont[11]                                                                                             ;
; -0.500 ; 0.500        ; 1.000          ; High Pulse Width ; ddfs:inst|freq_divider:f_div_inst|count[19] ; Rise       ; ddfs:inst|cont[1]                                                                                              ;
; -0.500 ; 0.500        ; 1.000          ; Low Pulse Width  ; ddfs:inst|freq_divider:f_div_inst|count[19] ; Rise       ; ddfs:inst|cont[1]                                                                                              ;
; -0.500 ; 0.500        ; 1.000          ; High Pulse Width ; ddfs:inst|freq_divider:f_div_inst|count[19] ; Rise       ; ddfs:inst|cont[2]                                                                                              ;
; -0.500 ; 0.500        ; 1.000          ; Low Pulse Width  ; ddfs:inst|freq_divider:f_div_inst|count[19] ; Rise       ; ddfs:inst|cont[2]                                                                                              ;
; -0.500 ; 0.500        ; 1.000          ; High Pulse Width ; ddfs:inst|freq_divider:f_div_inst|count[19] ; Rise       ; ddfs:inst|cont[3]                                                                                              ;
; -0.500 ; 0.500        ; 1.000          ; Low Pulse Width  ; ddfs:inst|freq_divider:f_div_inst|count[19] ; Rise       ; ddfs:inst|cont[3]                                                                                              ;
; -0.500 ; 0.500        ; 1.000          ; High Pulse Width ; ddfs:inst|freq_divider:f_div_inst|count[19] ; Rise       ; ddfs:inst|cont[4]                                                                                              ;
; -0.500 ; 0.500        ; 1.000          ; Low Pulse Width  ; ddfs:inst|freq_divider:f_div_inst|count[19] ; Rise       ; ddfs:inst|cont[4]                                                                                              ;
; -0.500 ; 0.500        ; 1.000          ; High Pulse Width ; ddfs:inst|freq_divider:f_div_inst|count[19] ; Rise       ; ddfs:inst|cont[5]                                                                                              ;
; -0.500 ; 0.500        ; 1.000          ; Low Pulse Width  ; ddfs:inst|freq_divider:f_div_inst|count[19] ; Rise       ; ddfs:inst|cont[5]                                                                                              ;
; -0.500 ; 0.500        ; 1.000          ; High Pulse Width ; ddfs:inst|freq_divider:f_div_inst|count[19] ; Rise       ; ddfs:inst|cont[6]                                                                                              ;
; -0.500 ; 0.500        ; 1.000          ; Low Pulse Width  ; ddfs:inst|freq_divider:f_div_inst|count[19] ; Rise       ; ddfs:inst|cont[6]                                                                                              ;
; -0.500 ; 0.500        ; 1.000          ; High Pulse Width ; ddfs:inst|freq_divider:f_div_inst|count[19] ; Rise       ; ddfs:inst|cont[7]                                                                                              ;
; -0.500 ; 0.500        ; 1.000          ; Low Pulse Width  ; ddfs:inst|freq_divider:f_div_inst|count[19] ; Rise       ; ddfs:inst|cont[7]                                                                                              ;
; -0.500 ; 0.500        ; 1.000          ; High Pulse Width ; ddfs:inst|freq_divider:f_div_inst|count[19] ; Rise       ; ddfs:inst|cont[8]                                                                                              ;
; -0.500 ; 0.500        ; 1.000          ; Low Pulse Width  ; ddfs:inst|freq_divider:f_div_inst|count[19] ; Rise       ; ddfs:inst|cont[8]                                                                                              ;
; -0.500 ; 0.500        ; 1.000          ; High Pulse Width ; ddfs:inst|freq_divider:f_div_inst|count[19] ; Rise       ; ddfs:inst|cont[9]                                                                                              ;
; -0.500 ; 0.500        ; 1.000          ; Low Pulse Width  ; ddfs:inst|freq_divider:f_div_inst|count[19] ; Rise       ; ddfs:inst|cont[9]                                                                                              ;
; -0.500 ; 0.500        ; 1.000          ; High Pulse Width ; ddfs:inst|freq_divider:f_div_inst|count[19] ; Rise       ; ddfs:inst|cont_rt[10]                                                                                          ;
; -0.500 ; 0.500        ; 1.000          ; Low Pulse Width  ; ddfs:inst|freq_divider:f_div_inst|count[19] ; Rise       ; ddfs:inst|cont_rt[10]                                                                                          ;
; -0.500 ; 0.500        ; 1.000          ; High Pulse Width ; ddfs:inst|freq_divider:f_div_inst|count[19] ; Rise       ; ddfs:inst|cont_rt[11]                                                                                          ;
; -0.500 ; 0.500        ; 1.000          ; Low Pulse Width  ; ddfs:inst|freq_divider:f_div_inst|count[19] ; Rise       ; ddfs:inst|cont_rt[11]                                                                                          ;
; 0.500  ; 0.500        ; 0.000          ; High Pulse Width ; ddfs:inst|freq_divider:f_div_inst|count[19] ; Rise       ; inst|cont[0]|clk                                                                                               ;
; 0.500  ; 0.500        ; 0.000          ; Low Pulse Width  ; ddfs:inst|freq_divider:f_div_inst|count[19] ; Rise       ; inst|cont[0]|clk                                                                                               ;
; 0.500  ; 0.500        ; 0.000          ; High Pulse Width ; ddfs:inst|freq_divider:f_div_inst|count[19] ; Rise       ; inst|cont[10]|clk                                                                                              ;
; 0.500  ; 0.500        ; 0.000          ; Low Pulse Width  ; ddfs:inst|freq_divider:f_div_inst|count[19] ; Rise       ; inst|cont[10]|clk                                                                                              ;
; 0.500  ; 0.500        ; 0.000          ; High Pulse Width ; ddfs:inst|freq_divider:f_div_inst|count[19] ; Rise       ; inst|cont[11]|clk                                                                                              ;
; 0.500  ; 0.500        ; 0.000          ; Low Pulse Width  ; ddfs:inst|freq_divider:f_div_inst|count[19] ; Rise       ; inst|cont[11]|clk                                                                                              ;
; 0.500  ; 0.500        ; 0.000          ; High Pulse Width ; ddfs:inst|freq_divider:f_div_inst|count[19] ; Rise       ; inst|cont[1]|clk                                                                                               ;
; 0.500  ; 0.500        ; 0.000          ; Low Pulse Width  ; ddfs:inst|freq_divider:f_div_inst|count[19] ; Rise       ; inst|cont[1]|clk                                                                                               ;
; 0.500  ; 0.500        ; 0.000          ; High Pulse Width ; ddfs:inst|freq_divider:f_div_inst|count[19] ; Rise       ; inst|cont[2]|clk                                                                                               ;
; 0.500  ; 0.500        ; 0.000          ; Low Pulse Width  ; ddfs:inst|freq_divider:f_div_inst|count[19] ; Rise       ; inst|cont[2]|clk                                                                                               ;
; 0.500  ; 0.500        ; 0.000          ; High Pulse Width ; ddfs:inst|freq_divider:f_div_inst|count[19] ; Rise       ; inst|cont[3]|clk                                                                                               ;
; 0.500  ; 0.500        ; 0.000          ; Low Pulse Width  ; ddfs:inst|freq_divider:f_div_inst|count[19] ; Rise       ; inst|cont[3]|clk                                                                                               ;
+--------+--------------+----------------+------------------+---------------------------------------------+------------+----------------------------------------------------------------------------------------------------------------+


+---------------------------------------------------------------------------------------------------------------------------------+
; Fast Model Minimum Pulse Width: 'CLOCK_50'                                                                                      ;
+--------+--------------+----------------+------------------+----------+------------+---------------------------------------------+
; Slack  ; Actual Width ; Required Width ; Type             ; Clock    ; Clock Edge ; Target                                      ;
+--------+--------------+----------------+------------------+----------+------------+---------------------------------------------+
; -1.380 ; 1.000        ; 2.380          ; Port Rate        ; CLOCK_50 ; Rise       ; CLOCK_50                                    ;
; -0.500 ; 0.500        ; 1.000          ; High Pulse Width ; CLOCK_50 ; Rise       ; ddfs:inst|freq_divider:f_div_inst|count[0]  ;
; -0.500 ; 0.500        ; 1.000          ; Low Pulse Width  ; CLOCK_50 ; Rise       ; ddfs:inst|freq_divider:f_div_inst|count[0]  ;
; -0.500 ; 0.500        ; 1.000          ; High Pulse Width ; CLOCK_50 ; Rise       ; ddfs:inst|freq_divider:f_div_inst|count[10] ;
; -0.500 ; 0.500        ; 1.000          ; Low Pulse Width  ; CLOCK_50 ; Rise       ; ddfs:inst|freq_divider:f_div_inst|count[10] ;
; -0.500 ; 0.500        ; 1.000          ; High Pulse Width ; CLOCK_50 ; Rise       ; ddfs:inst|freq_divider:f_div_inst|count[11] ;
; -0.500 ; 0.500        ; 1.000          ; Low Pulse Width  ; CLOCK_50 ; Rise       ; ddfs:inst|freq_divider:f_div_inst|count[11] ;
; -0.500 ; 0.500        ; 1.000          ; High Pulse Width ; CLOCK_50 ; Rise       ; ddfs:inst|freq_divider:f_div_inst|count[12] ;
; -0.500 ; 0.500        ; 1.000          ; Low Pulse Width  ; CLOCK_50 ; Rise       ; ddfs:inst|freq_divider:f_div_inst|count[12] ;
; -0.500 ; 0.500        ; 1.000          ; High Pulse Width ; CLOCK_50 ; Rise       ; ddfs:inst|freq_divider:f_div_inst|count[13] ;
; -0.500 ; 0.500        ; 1.000          ; Low Pulse Width  ; CLOCK_50 ; Rise       ; ddfs:inst|freq_divider:f_div_inst|count[13] ;
; -0.500 ; 0.500        ; 1.000          ; High Pulse Width ; CLOCK_50 ; Rise       ; ddfs:inst|freq_divider:f_div_inst|count[14] ;
; -0.500 ; 0.500        ; 1.000          ; Low Pulse Width  ; CLOCK_50 ; Rise       ; ddfs:inst|freq_divider:f_div_inst|count[14] ;
; -0.500 ; 0.500        ; 1.000          ; High Pulse Width ; CLOCK_50 ; Rise       ; ddfs:inst|freq_divider:f_div_inst|count[15] ;
; -0.500 ; 0.500        ; 1.000          ; Low Pulse Width  ; CLOCK_50 ; Rise       ; ddfs:inst|freq_divider:f_div_inst|count[15] ;
; -0.500 ; 0.500        ; 1.000          ; High Pulse Width ; CLOCK_50 ; Rise       ; ddfs:inst|freq_divider:f_div_inst|count[16] ;
; -0.500 ; 0.500        ; 1.000          ; Low Pulse Width  ; CLOCK_50 ; Rise       ; ddfs:inst|freq_divider:f_div_inst|count[16] ;
; -0.500 ; 0.500        ; 1.000          ; High Pulse Width ; CLOCK_50 ; Rise       ; ddfs:inst|freq_divider:f_div_inst|count[17] ;
; -0.500 ; 0.500        ; 1.000          ; Low Pulse Width  ; CLOCK_50 ; Rise       ; ddfs:inst|freq_divider:f_div_inst|count[17] ;
; -0.500 ; 0.500        ; 1.000          ; High Pulse Width ; CLOCK_50 ; Rise       ; ddfs:inst|freq_divider:f_div_inst|count[18] ;
; -0.500 ; 0.500        ; 1.000          ; Low Pulse Width  ; CLOCK_50 ; Rise       ; ddfs:inst|freq_divider:f_div_inst|count[18] ;
; -0.500 ; 0.500        ; 1.000          ; High Pulse Width ; CLOCK_50 ; Rise       ; ddfs:inst|freq_divider:f_div_inst|count[19] ;
; -0.500 ; 0.500        ; 1.000          ; Low Pulse Width  ; CLOCK_50 ; Rise       ; ddfs:inst|freq_divider:f_div_inst|count[19] ;
; -0.500 ; 0.500        ; 1.000          ; High Pulse Width ; CLOCK_50 ; Rise       ; ddfs:inst|freq_divider:f_div_inst|count[1]  ;
; -0.500 ; 0.500        ; 1.000          ; Low Pulse Width  ; CLOCK_50 ; Rise       ; ddfs:inst|freq_divider:f_div_inst|count[1]  ;
; -0.500 ; 0.500        ; 1.000          ; High Pulse Width ; CLOCK_50 ; Rise       ; ddfs:inst|freq_divider:f_div_inst|count[2]  ;
; -0.500 ; 0.500        ; 1.000          ; Low Pulse Width  ; CLOCK_50 ; Rise       ; ddfs:inst|freq_divider:f_div_inst|count[2]  ;
; -0.500 ; 0.500        ; 1.000          ; High Pulse Width ; CLOCK_50 ; Rise       ; ddfs:inst|freq_divider:f_div_inst|count[3]  ;
; -0.500 ; 0.500        ; 1.000          ; Low Pulse Width  ; CLOCK_50 ; Rise       ; ddfs:inst|freq_divider:f_div_inst|count[3]  ;
; -0.500 ; 0.500        ; 1.000          ; High Pulse Width ; CLOCK_50 ; Rise       ; ddfs:inst|freq_divider:f_div_inst|count[4]  ;
; -0.500 ; 0.500        ; 1.000          ; Low Pulse Width  ; CLOCK_50 ; Rise       ; ddfs:inst|freq_divider:f_div_inst|count[4]  ;
; -0.500 ; 0.500        ; 1.000          ; High Pulse Width ; CLOCK_50 ; Rise       ; ddfs:inst|freq_divider:f_div_inst|count[5]  ;
; -0.500 ; 0.500        ; 1.000          ; Low Pulse Width  ; CLOCK_50 ; Rise       ; ddfs:inst|freq_divider:f_div_inst|count[5]  ;
; -0.500 ; 0.500        ; 1.000          ; High Pulse Width ; CLOCK_50 ; Rise       ; ddfs:inst|freq_divider:f_div_inst|count[6]  ;
; -0.500 ; 0.500        ; 1.000          ; Low Pulse Width  ; CLOCK_50 ; Rise       ; ddfs:inst|freq_divider:f_div_inst|count[6]  ;
; -0.500 ; 0.500        ; 1.000          ; High Pulse Width ; CLOCK_50 ; Rise       ; ddfs:inst|freq_divider:f_div_inst|count[7]  ;
; -0.500 ; 0.500        ; 1.000          ; Low Pulse Width  ; CLOCK_50 ; Rise       ; ddfs:inst|freq_divider:f_div_inst|count[7]  ;
; -0.500 ; 0.500        ; 1.000          ; High Pulse Width ; CLOCK_50 ; Rise       ; ddfs:inst|freq_divider:f_div_inst|count[8]  ;
; -0.500 ; 0.500        ; 1.000          ; Low Pulse Width  ; CLOCK_50 ; Rise       ; ddfs:inst|freq_divider:f_div_inst|count[8]  ;
; -0.500 ; 0.500        ; 1.000          ; High Pulse Width ; CLOCK_50 ; Rise       ; ddfs:inst|freq_divider:f_div_inst|count[9]  ;
; -0.500 ; 0.500        ; 1.000          ; Low Pulse Width  ; CLOCK_50 ; Rise       ; ddfs:inst|freq_divider:f_div_inst|count[9]  ;
; 0.500  ; 0.500        ; 0.000          ; High Pulse Width ; CLOCK_50 ; Rise       ; CLOCK_50|combout                            ;
; 0.500  ; 0.500        ; 0.000          ; Low Pulse Width  ; CLOCK_50 ; Rise       ; CLOCK_50|combout                            ;
; 0.500  ; 0.500        ; 0.000          ; High Pulse Width ; CLOCK_50 ; Rise       ; CLOCK_50~clkctrl|inclk[0]                   ;
; 0.500  ; 0.500        ; 0.000          ; Low Pulse Width  ; CLOCK_50 ; Rise       ; CLOCK_50~clkctrl|inclk[0]                   ;
; 0.500  ; 0.500        ; 0.000          ; High Pulse Width ; CLOCK_50 ; Rise       ; CLOCK_50~clkctrl|outclk                     ;
; 0.500  ; 0.500        ; 0.000          ; Low Pulse Width  ; CLOCK_50 ; Rise       ; CLOCK_50~clkctrl|outclk                     ;
; 0.500  ; 0.500        ; 0.000          ; High Pulse Width ; CLOCK_50 ; Rise       ; inst|f_div_inst|count[0]|clk                ;
; 0.500  ; 0.500        ; 0.000          ; Low Pulse Width  ; CLOCK_50 ; Rise       ; inst|f_div_inst|count[0]|clk                ;
; 0.500  ; 0.500        ; 0.000          ; High Pulse Width ; CLOCK_50 ; Rise       ; inst|f_div_inst|count[10]|clk               ;
; 0.500  ; 0.500        ; 0.000          ; Low Pulse Width  ; CLOCK_50 ; Rise       ; inst|f_div_inst|count[10]|clk               ;
; 0.500  ; 0.500        ; 0.000          ; High Pulse Width ; CLOCK_50 ; Rise       ; inst|f_div_inst|count[11]|clk               ;
; 0.500  ; 0.500        ; 0.000          ; Low Pulse Width  ; CLOCK_50 ; Rise       ; inst|f_div_inst|count[11]|clk               ;
; 0.500  ; 0.500        ; 0.000          ; High Pulse Width ; CLOCK_50 ; Rise       ; inst|f_div_inst|count[12]|clk               ;
; 0.500  ; 0.500        ; 0.000          ; Low Pulse Width  ; CLOCK_50 ; Rise       ; inst|f_div_inst|count[12]|clk               ;
; 0.500  ; 0.500        ; 0.000          ; High Pulse Width ; CLOCK_50 ; Rise       ; inst|f_div_inst|count[13]|clk               ;
; 0.500  ; 0.500        ; 0.000          ; Low Pulse Width  ; CLOCK_50 ; Rise       ; inst|f_div_inst|count[13]|clk               ;
; 0.500  ; 0.500        ; 0.000          ; High Pulse Width ; CLOCK_50 ; Rise       ; inst|f_div_inst|count[14]|clk               ;
; 0.500  ; 0.500        ; 0.000          ; Low Pulse Width  ; CLOCK_50 ; Rise       ; inst|f_div_inst|count[14]|clk               ;
; 0.500  ; 0.500        ; 0.000          ; High Pulse Width ; CLOCK_50 ; Rise       ; inst|f_div_inst|count[15]|clk               ;
; 0.500  ; 0.500        ; 0.000          ; Low Pulse Width  ; CLOCK_50 ; Rise       ; inst|f_div_inst|count[15]|clk               ;
; 0.500  ; 0.500        ; 0.000          ; High Pulse Width ; CLOCK_50 ; Rise       ; inst|f_div_inst|count[16]|clk               ;
; 0.500  ; 0.500        ; 0.000          ; Low Pulse Width  ; CLOCK_50 ; Rise       ; inst|f_div_inst|count[16]|clk               ;
; 0.500  ; 0.500        ; 0.000          ; High Pulse Width ; CLOCK_50 ; Rise       ; inst|f_div_inst|count[17]|clk               ;
; 0.500  ; 0.500        ; 0.000          ; Low Pulse Width  ; CLOCK_50 ; Rise       ; inst|f_div_inst|count[17]|clk               ;
; 0.500  ; 0.500        ; 0.000          ; High Pulse Width ; CLOCK_50 ; Rise       ; inst|f_div_inst|count[18]|clk               ;
; 0.500  ; 0.500        ; 0.000          ; Low Pulse Width  ; CLOCK_50 ; Rise       ; inst|f_div_inst|count[18]|clk               ;
; 0.500  ; 0.500        ; 0.000          ; High Pulse Width ; CLOCK_50 ; Rise       ; inst|f_div_inst|count[19]|clk               ;
; 0.500  ; 0.500        ; 0.000          ; Low Pulse Width  ; CLOCK_50 ; Rise       ; inst|f_div_inst|count[19]|clk               ;
; 0.500  ; 0.500        ; 0.000          ; High Pulse Width ; CLOCK_50 ; Rise       ; inst|f_div_inst|count[1]|clk                ;
; 0.500  ; 0.500        ; 0.000          ; Low Pulse Width  ; CLOCK_50 ; Rise       ; inst|f_div_inst|count[1]|clk                ;
; 0.500  ; 0.500        ; 0.000          ; High Pulse Width ; CLOCK_50 ; Rise       ; inst|f_div_inst|count[2]|clk                ;
; 0.500  ; 0.500        ; 0.000          ; Low Pulse Width  ; CLOCK_50 ; Rise       ; inst|f_div_inst|count[2]|clk                ;
; 0.500  ; 0.500        ; 0.000          ; High Pulse Width ; CLOCK_50 ; Rise       ; inst|f_div_inst|count[3]|clk                ;
; 0.500  ; 0.500        ; 0.000          ; Low Pulse Width  ; CLOCK_50 ; Rise       ; inst|f_div_inst|count[3]|clk                ;
; 0.500  ; 0.500        ; 0.000          ; High Pulse Width ; CLOCK_50 ; Rise       ; inst|f_div_inst|count[4]|clk                ;
; 0.500  ; 0.500        ; 0.000          ; Low Pulse Width  ; CLOCK_50 ; Rise       ; inst|f_div_inst|count[4]|clk                ;
; 0.500  ; 0.500        ; 0.000          ; High Pulse Width ; CLOCK_50 ; Rise       ; inst|f_div_inst|count[5]|clk                ;
; 0.500  ; 0.500        ; 0.000          ; Low Pulse Width  ; CLOCK_50 ; Rise       ; inst|f_div_inst|count[5]|clk                ;
; 0.500  ; 0.500        ; 0.000          ; High Pulse Width ; CLOCK_50 ; Rise       ; inst|f_div_inst|count[6]|clk                ;
; 0.500  ; 0.500        ; 0.000          ; Low Pulse Width  ; CLOCK_50 ; Rise       ; inst|f_div_inst|count[6]|clk                ;
; 0.500  ; 0.500        ; 0.000          ; High Pulse Width ; CLOCK_50 ; Rise       ; inst|f_div_inst|count[7]|clk                ;
; 0.500  ; 0.500        ; 0.000          ; Low Pulse Width  ; CLOCK_50 ; Rise       ; inst|f_div_inst|count[7]|clk                ;
; 0.500  ; 0.500        ; 0.000          ; High Pulse Width ; CLOCK_50 ; Rise       ; inst|f_div_inst|count[8]|clk                ;
; 0.500  ; 0.500        ; 0.000          ; Low Pulse Width  ; CLOCK_50 ; Rise       ; inst|f_div_inst|count[8]|clk                ;
; 0.500  ; 0.500        ; 0.000          ; High Pulse Width ; CLOCK_50 ; Rise       ; inst|f_div_inst|count[9]|clk                ;
; 0.500  ; 0.500        ; 0.000          ; Low Pulse Width  ; CLOCK_50 ; Rise       ; inst|f_div_inst|count[9]|clk                ;
+--------+--------------+----------------+------------------+----------+------------+---------------------------------------------+


+------------------------------------------------------------------------------------------------------------------------------------+
; Setup Times                                                                                                                        ;
+-----------+---------------------------------------------+-------+-------+------------+---------------------------------------------+
; Data Port ; Clock Port                                  ; Rise  ; Fall  ; Clock Edge ; Clock Reference                             ;
+-----------+---------------------------------------------+-------+-------+------------+---------------------------------------------+
; SW[*]     ; CLOCK_50                                    ; 4.470 ; 4.470 ; Rise       ; CLOCK_50                                    ;
;  SW[11]   ; CLOCK_50                                    ; 0.048 ; 0.048 ; Rise       ; CLOCK_50                                    ;
;  SW[12]   ; CLOCK_50                                    ; 2.036 ; 2.036 ; Rise       ; CLOCK_50                                    ;
;  SW[13]   ; CLOCK_50                                    ; 4.470 ; 4.470 ; Rise       ; CLOCK_50                                    ;
;  SW[14]   ; CLOCK_50                                    ; 4.420 ; 4.420 ; Rise       ; CLOCK_50                                    ;
; SW[*]     ; ddfs:inst|freq_divider:f_div_inst|count[19] ; 2.421 ; 2.421 ; Rise       ; ddfs:inst|freq_divider:f_div_inst|count[19] ;
;  SW[3]    ; ddfs:inst|freq_divider:f_div_inst|count[19] ; 0.686 ; 0.686 ; Rise       ; ddfs:inst|freq_divider:f_div_inst|count[19] ;
;  SW[4]    ; ddfs:inst|freq_divider:f_div_inst|count[19] ; 2.394 ; 2.394 ; Rise       ; ddfs:inst|freq_divider:f_div_inst|count[19] ;
;  SW[5]    ; ddfs:inst|freq_divider:f_div_inst|count[19] ; 2.314 ; 2.314 ; Rise       ; ddfs:inst|freq_divider:f_div_inst|count[19] ;
;  SW[6]    ; ddfs:inst|freq_divider:f_div_inst|count[19] ; 2.123 ; 2.123 ; Rise       ; ddfs:inst|freq_divider:f_div_inst|count[19] ;
;  SW[7]    ; ddfs:inst|freq_divider:f_div_inst|count[19] ; 2.416 ; 2.416 ; Rise       ; ddfs:inst|freq_divider:f_div_inst|count[19] ;
;  SW[8]    ; ddfs:inst|freq_divider:f_div_inst|count[19] ; 2.421 ; 2.421 ; Rise       ; ddfs:inst|freq_divider:f_div_inst|count[19] ;
;  SW[9]    ; ddfs:inst|freq_divider:f_div_inst|count[19] ; 2.412 ; 2.412 ; Rise       ; ddfs:inst|freq_divider:f_div_inst|count[19] ;
;  SW[10]   ; ddfs:inst|freq_divider:f_div_inst|count[19] ; 2.145 ; 2.145 ; Rise       ; ddfs:inst|freq_divider:f_div_inst|count[19] ;
+-----------+---------------------------------------------+-------+-------+------------+---------------------------------------------+


+--------------------------------------------------------------------------------------------------------------------------------------+
; Hold Times                                                                                                                           ;
+-----------+---------------------------------------------+--------+--------+------------+---------------------------------------------+
; Data Port ; Clock Port                                  ; Rise   ; Fall   ; Clock Edge ; Clock Reference                             ;
+-----------+---------------------------------------------+--------+--------+------------+---------------------------------------------+
; SW[*]     ; CLOCK_50                                    ; 0.622  ; 0.622  ; Rise       ; CLOCK_50                                    ;
;  SW[11]   ; CLOCK_50                                    ; 0.622  ; 0.622  ; Rise       ; CLOCK_50                                    ;
;  SW[12]   ; CLOCK_50                                    ; 0.183  ; 0.183  ; Rise       ; CLOCK_50                                    ;
;  SW[13]   ; CLOCK_50                                    ; -1.620 ; -1.620 ; Rise       ; CLOCK_50                                    ;
;  SW[14]   ; CLOCK_50                                    ; -1.649 ; -1.649 ; Rise       ; CLOCK_50                                    ;
; SW[*]     ; ddfs:inst|freq_divider:f_div_inst|count[19] ; -0.137 ; -0.137 ; Rise       ; ddfs:inst|freq_divider:f_div_inst|count[19] ;
;  SW[3]    ; ddfs:inst|freq_divider:f_div_inst|count[19] ; -0.137 ; -0.137 ; Rise       ; ddfs:inst|freq_divider:f_div_inst|count[19] ;
;  SW[4]    ; ddfs:inst|freq_divider:f_div_inst|count[19] ; -0.600 ; -0.600 ; Rise       ; ddfs:inst|freq_divider:f_div_inst|count[19] ;
;  SW[5]    ; ddfs:inst|freq_divider:f_div_inst|count[19] ; -0.972 ; -0.972 ; Rise       ; ddfs:inst|freq_divider:f_div_inst|count[19] ;
;  SW[6]    ; ddfs:inst|freq_divider:f_div_inst|count[19] ; -0.756 ; -0.756 ; Rise       ; ddfs:inst|freq_divider:f_div_inst|count[19] ;
;  SW[7]    ; ddfs:inst|freq_divider:f_div_inst|count[19] ; -0.995 ; -0.995 ; Rise       ; ddfs:inst|freq_divider:f_div_inst|count[19] ;
;  SW[8]    ; ddfs:inst|freq_divider:f_div_inst|count[19] ; -1.022 ; -1.022 ; Rise       ; ddfs:inst|freq_divider:f_div_inst|count[19] ;
;  SW[9]    ; ddfs:inst|freq_divider:f_div_inst|count[19] ; -1.151 ; -1.151 ; Rise       ; ddfs:inst|freq_divider:f_div_inst|count[19] ;
;  SW[10]   ; ddfs:inst|freq_divider:f_div_inst|count[19] ; -1.144 ; -1.144 ; Rise       ; ddfs:inst|freq_divider:f_div_inst|count[19] ;
+-----------+---------------------------------------------+--------+--------+------------+---------------------------------------------+


+------------------------------------------------------------------------------------------------------------------------------------+
; Clock to Output Times                                                                                                              ;
+-----------+---------------------------------------------+-------+-------+------------+---------------------------------------------+
; Data Port ; Clock Port                                  ; Rise  ; Fall  ; Clock Edge ; Clock Reference                             ;
+-----------+---------------------------------------------+-------+-------+------------+---------------------------------------------+
; LEDR[*]   ; ddfs:inst|freq_divider:f_div_inst|count[19] ; 8.445 ; 8.445 ; Rise       ; ddfs:inst|freq_divider:f_div_inst|count[19] ;
;  LEDR[0]  ; ddfs:inst|freq_divider:f_div_inst|count[19] ; 6.588 ; 6.588 ; Rise       ; ddfs:inst|freq_divider:f_div_inst|count[19] ;
;  LEDR[1]  ; ddfs:inst|freq_divider:f_div_inst|count[19] ; 7.594 ; 7.594 ; Rise       ; ddfs:inst|freq_divider:f_div_inst|count[19] ;
;  LEDR[2]  ; ddfs:inst|freq_divider:f_div_inst|count[19] ; 7.469 ; 7.469 ; Rise       ; ddfs:inst|freq_divider:f_div_inst|count[19] ;
;  LEDR[3]  ; ddfs:inst|freq_divider:f_div_inst|count[19] ; 7.608 ; 7.608 ; Rise       ; ddfs:inst|freq_divider:f_div_inst|count[19] ;
;  LEDR[4]  ; ddfs:inst|freq_divider:f_div_inst|count[19] ; 7.605 ; 7.605 ; Rise       ; ddfs:inst|freq_divider:f_div_inst|count[19] ;
;  LEDR[5]  ; ddfs:inst|freq_divider:f_div_inst|count[19] ; 7.537 ; 7.537 ; Rise       ; ddfs:inst|freq_divider:f_div_inst|count[19] ;
;  LEDR[6]  ; ddfs:inst|freq_divider:f_div_inst|count[19] ; 7.677 ; 7.677 ; Rise       ; ddfs:inst|freq_divider:f_div_inst|count[19] ;
;  LEDR[7]  ; ddfs:inst|freq_divider:f_div_inst|count[19] ; 7.777 ; 7.777 ; Rise       ; ddfs:inst|freq_divider:f_div_inst|count[19] ;
;  LEDR[8]  ; ddfs:inst|freq_divider:f_div_inst|count[19] ; 7.846 ; 7.846 ; Rise       ; ddfs:inst|freq_divider:f_div_inst|count[19] ;
;  LEDR[9]  ; ddfs:inst|freq_divider:f_div_inst|count[19] ; 8.237 ; 8.237 ; Rise       ; ddfs:inst|freq_divider:f_div_inst|count[19] ;
;  LEDR[10] ; ddfs:inst|freq_divider:f_div_inst|count[19] ; 8.103 ; 8.103 ; Rise       ; ddfs:inst|freq_divider:f_div_inst|count[19] ;
;  LEDR[11] ; ddfs:inst|freq_divider:f_div_inst|count[19] ; 8.445 ; 8.445 ; Rise       ; ddfs:inst|freq_divider:f_div_inst|count[19] ;
+-----------+---------------------------------------------+-------+-------+------------+---------------------------------------------+


+------------------------------------------------------------------------------------------------------------------------------------+
; Minimum Clock to Output Times                                                                                                      ;
+-----------+---------------------------------------------+-------+-------+------------+---------------------------------------------+
; Data Port ; Clock Port                                  ; Rise  ; Fall  ; Clock Edge ; Clock Reference                             ;
+-----------+---------------------------------------------+-------+-------+------------+---------------------------------------------+
; LEDR[*]   ; ddfs:inst|freq_divider:f_div_inst|count[19] ; 4.807 ; 4.807 ; Rise       ; ddfs:inst|freq_divider:f_div_inst|count[19] ;
;  LEDR[0]  ; ddfs:inst|freq_divider:f_div_inst|count[19] ; 6.588 ; 6.588 ; Rise       ; ddfs:inst|freq_divider:f_div_inst|count[19] ;
;  LEDR[1]  ; ddfs:inst|freq_divider:f_div_inst|count[19] ; 5.134 ; 5.134 ; Rise       ; ddfs:inst|freq_divider:f_div_inst|count[19] ;
;  LEDR[2]  ; ddfs:inst|freq_divider:f_div_inst|count[19] ; 5.040 ; 5.040 ; Rise       ; ddfs:inst|freq_divider:f_div_inst|count[19] ;
;  LEDR[3]  ; ddfs:inst|freq_divider:f_div_inst|count[19] ; 4.985 ; 4.985 ; Rise       ; ddfs:inst|freq_divider:f_div_inst|count[19] ;
;  LEDR[4]  ; ddfs:inst|freq_divider:f_div_inst|count[19] ; 5.107 ; 5.107 ; Rise       ; ddfs:inst|freq_divider:f_div_inst|count[19] ;
;  LEDR[5]  ; ddfs:inst|freq_divider:f_div_inst|count[19] ; 5.004 ; 5.004 ; Rise       ; ddfs:inst|freq_divider:f_div_inst|count[19] ;
;  LEDR[6]  ; ddfs:inst|freq_divider:f_div_inst|count[19] ; 4.878 ; 4.878 ; Rise       ; ddfs:inst|freq_divider:f_div_inst|count[19] ;
;  LEDR[7]  ; ddfs:inst|freq_divider:f_div_inst|count[19] ; 4.876 ; 4.876 ; Rise       ; ddfs:inst|freq_divider:f_div_inst|count[19] ;
;  LEDR[8]  ; ddfs:inst|freq_divider:f_div_inst|count[19] ; 5.060 ; 5.060 ; Rise       ; ddfs:inst|freq_divider:f_div_inst|count[19] ;
;  LEDR[9]  ; ddfs:inst|freq_divider:f_div_inst|count[19] ; 5.277 ; 5.277 ; Rise       ; ddfs:inst|freq_divider:f_div_inst|count[19] ;
;  LEDR[10] ; ddfs:inst|freq_divider:f_div_inst|count[19] ; 5.245 ; 5.245 ; Rise       ; ddfs:inst|freq_divider:f_div_inst|count[19] ;
;  LEDR[11] ; ddfs:inst|freq_divider:f_div_inst|count[19] ; 4.807 ; 4.807 ; Rise       ; ddfs:inst|freq_divider:f_div_inst|count[19] ;
+-----------+---------------------------------------------+-------+-------+------------+---------------------------------------------+


+----------------------------------------------------------+
; Propagation Delay                                        ;
+------------+-------------+-------+-------+-------+-------+
; Input Port ; Output Port ; RR    ; RF    ; FR    ; FF    ;
+------------+-------------+-------+-------+-------+-------+
; SW[0]      ; LEDR[0]     ; 3.865 ; 3.865 ; 3.865 ; 3.865 ;
; SW[0]      ; LEDR[1]     ; 4.871 ; 4.871 ; 4.871 ; 4.871 ;
; SW[0]      ; LEDR[2]     ; 4.746 ; 4.746 ; 4.746 ; 4.746 ;
; SW[0]      ; LEDR[3]     ; 4.885 ; 4.885 ; 4.885 ; 4.885 ;
; SW[0]      ; LEDR[4]     ; 4.882 ; 4.882 ; 4.882 ; 4.882 ;
; SW[0]      ; LEDR[5]     ; 4.814 ; 4.814 ; 4.814 ; 4.814 ;
; SW[0]      ; LEDR[6]     ; 4.954 ; 4.954 ; 4.954 ; 4.954 ;
; SW[0]      ; LEDR[7]     ; 5.054 ; 5.054 ; 5.054 ; 5.054 ;
; SW[0]      ; LEDR[8]     ; 5.123 ; 5.123 ; 5.123 ; 5.123 ;
; SW[0]      ; LEDR[9]     ; 5.514 ; 5.514 ; 5.514 ; 5.514 ;
; SW[0]      ; LEDR[10]    ; 5.380 ; 5.380 ; 5.380 ; 5.380 ;
; SW[0]      ; LEDR[11]    ; 5.722 ; 5.722 ; 5.722 ; 5.722 ;
; SW[1]      ; LEDR[0]     ; 3.731 ;       ;       ; 3.731 ;
; SW[1]      ; LEDR[1]     ; 4.737 ; 4.737 ; 4.737 ; 4.737 ;
; SW[1]      ; LEDR[2]     ; 4.612 ; 4.612 ; 4.612 ; 4.612 ;
; SW[1]      ; LEDR[3]     ; 4.751 ; 4.751 ; 4.751 ; 4.751 ;
; SW[1]      ; LEDR[4]     ; 4.748 ; 4.748 ; 4.748 ; 4.748 ;
; SW[1]      ; LEDR[5]     ; 4.680 ; 4.680 ; 4.680 ; 4.680 ;
; SW[1]      ; LEDR[6]     ; 4.820 ; 4.820 ; 4.820 ; 4.820 ;
; SW[1]      ; LEDR[7]     ; 4.920 ; 4.920 ; 4.920 ; 4.920 ;
; SW[1]      ; LEDR[8]     ; 4.989 ; 4.989 ; 4.989 ; 4.989 ;
; SW[1]      ; LEDR[9]     ; 5.380 ; 5.380 ; 5.380 ; 5.380 ;
; SW[1]      ; LEDR[10]    ; 5.246 ; 5.246 ; 5.246 ; 5.246 ;
; SW[1]      ; LEDR[11]    ;       ; 5.588 ; 5.588 ;       ;
; SW[2]      ; LEDR[1]     ; 4.734 ; 4.734 ; 4.734 ; 4.734 ;
; SW[2]      ; LEDR[2]     ; 4.640 ; 4.640 ; 4.640 ; 4.640 ;
; SW[2]      ; LEDR[3]     ; 4.585 ; 4.585 ; 4.585 ; 4.585 ;
; SW[2]      ; LEDR[4]     ; 4.707 ; 4.707 ; 4.707 ; 4.707 ;
; SW[2]      ; LEDR[5]     ; 4.604 ; 4.604 ; 4.604 ; 4.604 ;
; SW[2]      ; LEDR[6]     ; 4.478 ; 4.478 ; 4.478 ; 4.478 ;
; SW[2]      ; LEDR[7]     ; 4.476 ; 4.476 ; 4.476 ; 4.476 ;
; SW[2]      ; LEDR[8]     ; 4.660 ; 4.660 ; 4.660 ; 4.660 ;
; SW[2]      ; LEDR[9]     ; 4.877 ; 4.877 ; 4.877 ; 4.877 ;
; SW[2]      ; LEDR[10]    ; 4.845 ; 4.845 ; 4.845 ; 4.845 ;
; SW[2]      ; LEDR[11]    ;       ; 4.432 ; 4.432 ;       ;
; SW[3]      ; LEDR[1]     ; 5.385 ; 5.385 ; 5.385 ; 5.385 ;
; SW[3]      ; LEDR[2]     ; 5.363 ; 5.363 ; 5.363 ; 5.363 ;
; SW[3]      ; LEDR[3]     ; 5.502 ; 5.502 ; 5.502 ; 5.502 ;
; SW[3]      ; LEDR[4]     ; 5.499 ; 5.499 ; 5.499 ; 5.499 ;
; SW[3]      ; LEDR[5]     ; 5.431 ; 5.431 ; 5.431 ; 5.431 ;
; SW[3]      ; LEDR[6]     ; 5.571 ; 5.571 ; 5.571 ; 5.571 ;
; SW[3]      ; LEDR[7]     ; 5.671 ; 5.671 ; 5.671 ; 5.671 ;
; SW[3]      ; LEDR[8]     ; 5.740 ; 5.740 ; 5.740 ; 5.740 ;
; SW[3]      ; LEDR[9]     ; 6.131 ; 6.131 ; 6.131 ; 6.131 ;
; SW[3]      ; LEDR[10]    ; 5.997 ; 5.997 ; 5.997 ; 5.997 ;
; SW[3]      ; LEDR[11]    ; 6.339 ; 6.339 ; 6.339 ; 6.339 ;
+------------+-------------+-------+-------+-------+-------+


+----------------------------------------------------------+
; Minimum Propagation Delay                                ;
+------------+-------------+-------+-------+-------+-------+
; Input Port ; Output Port ; RR    ; RF    ; FR    ; FF    ;
+------------+-------------+-------+-------+-------+-------+
; SW[0]      ; LEDR[0]     ; 3.865 ; 3.865 ; 3.865 ; 3.865 ;
; SW[0]      ; LEDR[1]     ; 4.101 ; 4.101 ; 4.101 ; 4.101 ;
; SW[0]      ; LEDR[2]     ; 4.212 ; 4.212 ; 4.212 ; 4.212 ;
; SW[0]      ; LEDR[3]     ; 4.226 ; 4.226 ; 4.226 ; 4.226 ;
; SW[0]      ; LEDR[4]     ; 4.158 ; 4.158 ; 4.158 ; 4.158 ;
; SW[0]      ; LEDR[5]     ; 4.125 ; 4.125 ; 4.125 ; 4.125 ;
; SW[0]      ; LEDR[6]     ; 4.033 ; 4.033 ; 4.033 ; 4.033 ;
; SW[0]      ; LEDR[7]     ; 4.090 ; 4.090 ; 4.090 ; 4.090 ;
; SW[0]      ; LEDR[8]     ; 4.023 ; 4.023 ; 4.023 ; 4.023 ;
; SW[0]      ; LEDR[9]     ; 4.186 ; 4.186 ; 4.186 ; 4.186 ;
; SW[0]      ; LEDR[10]    ; 4.211 ; 4.211 ; 4.211 ; 4.211 ;
; SW[0]      ; LEDR[11]    ; 4.259 ; 4.259 ; 4.259 ; 4.259 ;
; SW[1]      ; LEDR[0]     ; 3.731 ;       ;       ; 3.731 ;
; SW[1]      ; LEDR[1]     ; 4.032 ; 4.420 ; 4.420 ; 4.032 ;
; SW[1]      ; LEDR[2]     ; 4.073 ; 4.322 ; 4.322 ; 4.073 ;
; SW[1]      ; LEDR[3]     ; 4.156 ; 4.365 ; 4.365 ; 4.156 ;
; SW[1]      ; LEDR[4]     ; 4.213 ; 4.458 ; 4.458 ; 4.213 ;
; SW[1]      ; LEDR[5]     ; 3.983 ; 4.217 ; 4.217 ; 3.983 ;
; SW[1]      ; LEDR[6]     ; 3.963 ; 4.341 ; 4.341 ; 3.963 ;
; SW[1]      ; LEDR[7]     ; 3.950 ; 4.333 ; 4.333 ; 3.950 ;
; SW[1]      ; LEDR[8]     ; 4.083 ; 4.507 ; 4.507 ; 4.083 ;
; SW[1]      ; LEDR[9]     ; 4.118 ; 4.739 ; 4.739 ; 4.118 ;
; SW[1]      ; LEDR[10]    ; 4.271 ; 4.702 ; 4.702 ; 4.271 ;
; SW[1]      ; LEDR[11]    ;       ; 5.050 ; 5.050 ;       ;
; SW[2]      ; LEDR[1]     ; 4.469 ; 4.469 ; 4.469 ; 4.469 ;
; SW[2]      ; LEDR[2]     ; 4.375 ; 4.375 ; 4.375 ; 4.375 ;
; SW[2]      ; LEDR[3]     ; 4.320 ; 4.320 ; 4.320 ; 4.320 ;
; SW[2]      ; LEDR[4]     ; 4.442 ; 4.442 ; 4.442 ; 4.442 ;
; SW[2]      ; LEDR[5]     ; 4.339 ; 4.339 ; 4.339 ; 4.339 ;
; SW[2]      ; LEDR[6]     ; 4.213 ; 4.213 ; 4.213 ; 4.213 ;
; SW[2]      ; LEDR[7]     ; 4.211 ; 4.211 ; 4.211 ; 4.211 ;
; SW[2]      ; LEDR[8]     ; 4.395 ; 4.395 ; 4.395 ; 4.395 ;
; SW[2]      ; LEDR[9]     ; 4.612 ; 4.612 ; 4.612 ; 4.612 ;
; SW[2]      ; LEDR[10]    ; 4.580 ; 4.580 ; 4.580 ; 4.580 ;
; SW[2]      ; LEDR[11]    ;       ; 4.407 ; 4.407 ;       ;
; SW[3]      ; LEDR[1]     ; 4.689 ; 4.689 ; 4.689 ; 4.689 ;
; SW[3]      ; LEDR[2]     ; 4.595 ; 4.595 ; 4.595 ; 4.595 ;
; SW[3]      ; LEDR[3]     ; 4.540 ; 4.540 ; 4.540 ; 4.540 ;
; SW[3]      ; LEDR[4]     ; 4.662 ; 4.662 ; 4.662 ; 4.662 ;
; SW[3]      ; LEDR[5]     ; 4.559 ; 4.559 ; 4.559 ; 4.559 ;
; SW[3]      ; LEDR[6]     ; 4.433 ; 4.433 ; 4.433 ; 4.433 ;
; SW[3]      ; LEDR[7]     ; 4.431 ; 4.431 ; 4.431 ; 4.431 ;
; SW[3]      ; LEDR[8]     ; 4.615 ; 4.615 ; 4.615 ; 4.615 ;
; SW[3]      ; LEDR[9]     ; 4.832 ; 4.832 ; 4.832 ; 4.832 ;
; SW[3]      ; LEDR[10]    ; 4.800 ; 4.800 ; 4.800 ; 4.800 ;
; SW[3]      ; LEDR[11]    ; 4.355 ; 4.565 ; 4.565 ; 4.355 ;
+------------+-------------+-------+-------+-------+-------+


+--------------------------------------------------------------------------------------------------------------+
; Multicorner Timing Analysis Summary                                                                          ;
+----------------------------------------------+----------+---------+----------+---------+---------------------+
; Clock                                        ; Setup    ; Hold    ; Recovery ; Removal ; Minimum Pulse Width ;
+----------------------------------------------+----------+---------+----------+---------+---------------------+
; Worst-case Slack                             ; -3.643   ; -1.671  ; N/A      ; N/A     ; -1.423              ;
;  CLOCK_50                                    ; -3.317   ; -1.671  ; N/A      ; N/A     ; -1.380              ;
;  ddfs:inst|freq_divider:f_div_inst|count[19] ; -3.643   ; 0.544   ; N/A      ; N/A     ; -1.423              ;
; Design-wide TNS                              ; -143.827 ; -23.897 ; 0.0      ; 0.0     ; -120.76             ;
;  CLOCK_50                                    ; -60.008  ; -23.897 ; N/A      ; N/A     ; -21.380             ;
;  ddfs:inst|freq_divider:f_div_inst|count[19] ; -83.819  ; 0.000   ; N/A      ; N/A     ; -99.380             ;
+----------------------------------------------+----------+---------+----------+---------+---------------------+


+------------------------------------------------------------------------------------------------------------------------------------+
; Setup Times                                                                                                                        ;
+-----------+---------------------------------------------+-------+-------+------------+---------------------------------------------+
; Data Port ; Clock Port                                  ; Rise  ; Fall  ; Clock Edge ; Clock Reference                             ;
+-----------+---------------------------------------------+-------+-------+------------+---------------------------------------------+
; SW[*]     ; CLOCK_50                                    ; 9.300 ; 9.300 ; Rise       ; CLOCK_50                                    ;
;  SW[11]   ; CLOCK_50                                    ; 0.800 ; 0.800 ; Rise       ; CLOCK_50                                    ;
;  SW[12]   ; CLOCK_50                                    ; 5.324 ; 5.324 ; Rise       ; CLOCK_50                                    ;
;  SW[13]   ; CLOCK_50                                    ; 9.300 ; 9.300 ; Rise       ; CLOCK_50                                    ;
;  SW[14]   ; CLOCK_50                                    ; 9.101 ; 9.101 ; Rise       ; CLOCK_50                                    ;
; SW[*]     ; ddfs:inst|freq_divider:f_div_inst|count[19] ; 6.011 ; 6.011 ; Rise       ; ddfs:inst|freq_divider:f_div_inst|count[19] ;
;  SW[3]    ; ddfs:inst|freq_divider:f_div_inst|count[19] ; 1.910 ; 1.910 ; Rise       ; ddfs:inst|freq_divider:f_div_inst|count[19] ;
;  SW[4]    ; ddfs:inst|freq_divider:f_div_inst|count[19] ; 5.952 ; 5.952 ; Rise       ; ddfs:inst|freq_divider:f_div_inst|count[19] ;
;  SW[5]    ; ddfs:inst|freq_divider:f_div_inst|count[19] ; 5.758 ; 5.758 ; Rise       ; ddfs:inst|freq_divider:f_div_inst|count[19] ;
;  SW[6]    ; ddfs:inst|freq_divider:f_div_inst|count[19] ; 5.522 ; 5.522 ; Rise       ; ddfs:inst|freq_divider:f_div_inst|count[19] ;
;  SW[7]    ; ddfs:inst|freq_divider:f_div_inst|count[19] ; 6.011 ; 6.011 ; Rise       ; ddfs:inst|freq_divider:f_div_inst|count[19] ;
;  SW[8]    ; ddfs:inst|freq_divider:f_div_inst|count[19] ; 5.971 ; 5.971 ; Rise       ; ddfs:inst|freq_divider:f_div_inst|count[19] ;
;  SW[9]    ; ddfs:inst|freq_divider:f_div_inst|count[19] ; 5.916 ; 5.916 ; Rise       ; ddfs:inst|freq_divider:f_div_inst|count[19] ;
;  SW[10]   ; ddfs:inst|freq_divider:f_div_inst|count[19] ; 5.550 ; 5.550 ; Rise       ; ddfs:inst|freq_divider:f_div_inst|count[19] ;
+-----------+---------------------------------------------+-------+-------+------------+---------------------------------------------+


+--------------------------------------------------------------------------------------------------------------------------------------+
; Hold Times                                                                                                                           ;
+-----------+---------------------------------------------+--------+--------+------------+---------------------------------------------+
; Data Port ; Clock Port                                  ; Rise   ; Fall   ; Clock Edge ; Clock Reference                             ;
+-----------+---------------------------------------------+--------+--------+------------+---------------------------------------------+
; SW[*]     ; CLOCK_50                                    ; 0.622  ; 0.622  ; Rise       ; CLOCK_50                                    ;
;  SW[11]   ; CLOCK_50                                    ; 0.622  ; 0.622  ; Rise       ; CLOCK_50                                    ;
;  SW[12]   ; CLOCK_50                                    ; 0.183  ; 0.183  ; Rise       ; CLOCK_50                                    ;
;  SW[13]   ; CLOCK_50                                    ; -1.620 ; -1.620 ; Rise       ; CLOCK_50                                    ;
;  SW[14]   ; CLOCK_50                                    ; -1.649 ; -1.649 ; Rise       ; CLOCK_50                                    ;
; SW[*]     ; ddfs:inst|freq_divider:f_div_inst|count[19] ; -0.137 ; -0.137 ; Rise       ; ddfs:inst|freq_divider:f_div_inst|count[19] ;
;  SW[3]    ; ddfs:inst|freq_divider:f_div_inst|count[19] ; -0.137 ; -0.137 ; Rise       ; ddfs:inst|freq_divider:f_div_inst|count[19] ;
;  SW[4]    ; ddfs:inst|freq_divider:f_div_inst|count[19] ; -0.600 ; -0.600 ; Rise       ; ddfs:inst|freq_divider:f_div_inst|count[19] ;
;  SW[5]    ; ddfs:inst|freq_divider:f_div_inst|count[19] ; -0.972 ; -0.972 ; Rise       ; ddfs:inst|freq_divider:f_div_inst|count[19] ;
;  SW[6]    ; ddfs:inst|freq_divider:f_div_inst|count[19] ; -0.756 ; -0.756 ; Rise       ; ddfs:inst|freq_divider:f_div_inst|count[19] ;
;  SW[7]    ; ddfs:inst|freq_divider:f_div_inst|count[19] ; -0.995 ; -0.995 ; Rise       ; ddfs:inst|freq_divider:f_div_inst|count[19] ;
;  SW[8]    ; ddfs:inst|freq_divider:f_div_inst|count[19] ; -1.022 ; -1.022 ; Rise       ; ddfs:inst|freq_divider:f_div_inst|count[19] ;
;  SW[9]    ; ddfs:inst|freq_divider:f_div_inst|count[19] ; -1.151 ; -1.151 ; Rise       ; ddfs:inst|freq_divider:f_div_inst|count[19] ;
;  SW[10]   ; ddfs:inst|freq_divider:f_div_inst|count[19] ; -1.144 ; -1.144 ; Rise       ; ddfs:inst|freq_divider:f_div_inst|count[19] ;
+-----------+---------------------------------------------+--------+--------+------------+---------------------------------------------+


+--------------------------------------------------------------------------------------------------------------------------------------+
; Clock to Output Times                                                                                                                ;
+-----------+---------------------------------------------+--------+--------+------------+---------------------------------------------+
; Data Port ; Clock Port                                  ; Rise   ; Fall   ; Clock Edge ; Clock Reference                             ;
+-----------+---------------------------------------------+--------+--------+------------+---------------------------------------------+
; LEDR[*]   ; ddfs:inst|freq_divider:f_div_inst|count[19] ; 15.819 ; 15.819 ; Rise       ; ddfs:inst|freq_divider:f_div_inst|count[19] ;
;  LEDR[0]  ; ddfs:inst|freq_divider:f_div_inst|count[19] ; 11.689 ; 11.689 ; Rise       ; ddfs:inst|freq_divider:f_div_inst|count[19] ;
;  LEDR[1]  ; ddfs:inst|freq_divider:f_div_inst|count[19] ; 14.071 ; 14.071 ; Rise       ; ddfs:inst|freq_divider:f_div_inst|count[19] ;
;  LEDR[2]  ; ddfs:inst|freq_divider:f_div_inst|count[19] ; 13.804 ; 13.804 ; Rise       ; ddfs:inst|freq_divider:f_div_inst|count[19] ;
;  LEDR[3]  ; ddfs:inst|freq_divider:f_div_inst|count[19] ; 14.135 ; 14.135 ; Rise       ; ddfs:inst|freq_divider:f_div_inst|count[19] ;
;  LEDR[4]  ; ddfs:inst|freq_divider:f_div_inst|count[19] ; 14.085 ; 14.085 ; Rise       ; ddfs:inst|freq_divider:f_div_inst|count[19] ;
;  LEDR[5]  ; ddfs:inst|freq_divider:f_div_inst|count[19] ; 13.925 ; 13.925 ; Rise       ; ddfs:inst|freq_divider:f_div_inst|count[19] ;
;  LEDR[6]  ; ddfs:inst|freq_divider:f_div_inst|count[19] ; 14.258 ; 14.258 ; Rise       ; ddfs:inst|freq_divider:f_div_inst|count[19] ;
;  LEDR[7]  ; ddfs:inst|freq_divider:f_div_inst|count[19] ; 14.447 ; 14.447 ; Rise       ; ddfs:inst|freq_divider:f_div_inst|count[19] ;
;  LEDR[8]  ; ddfs:inst|freq_divider:f_div_inst|count[19] ; 14.493 ; 14.493 ; Rise       ; ddfs:inst|freq_divider:f_div_inst|count[19] ;
;  LEDR[9]  ; ddfs:inst|freq_divider:f_div_inst|count[19] ; 15.407 ; 15.407 ; Rise       ; ddfs:inst|freq_divider:f_div_inst|count[19] ;
;  LEDR[10] ; ddfs:inst|freq_divider:f_div_inst|count[19] ; 15.094 ; 15.094 ; Rise       ; ddfs:inst|freq_divider:f_div_inst|count[19] ;
;  LEDR[11] ; ddfs:inst|freq_divider:f_div_inst|count[19] ; 15.819 ; 15.819 ; Rise       ; ddfs:inst|freq_divider:f_div_inst|count[19] ;
+-----------+---------------------------------------------+--------+--------+------------+---------------------------------------------+


+------------------------------------------------------------------------------------------------------------------------------------+
; Minimum Clock to Output Times                                                                                                      ;
+-----------+---------------------------------------------+-------+-------+------------+---------------------------------------------+
; Data Port ; Clock Port                                  ; Rise  ; Fall  ; Clock Edge ; Clock Reference                             ;
+-----------+---------------------------------------------+-------+-------+------------+---------------------------------------------+
; LEDR[*]   ; ddfs:inst|freq_divider:f_div_inst|count[19] ; 4.807 ; 4.807 ; Rise       ; ddfs:inst|freq_divider:f_div_inst|count[19] ;
;  LEDR[0]  ; ddfs:inst|freq_divider:f_div_inst|count[19] ; 6.588 ; 6.588 ; Rise       ; ddfs:inst|freq_divider:f_div_inst|count[19] ;
;  LEDR[1]  ; ddfs:inst|freq_divider:f_div_inst|count[19] ; 5.134 ; 5.134 ; Rise       ; ddfs:inst|freq_divider:f_div_inst|count[19] ;
;  LEDR[2]  ; ddfs:inst|freq_divider:f_div_inst|count[19] ; 5.040 ; 5.040 ; Rise       ; ddfs:inst|freq_divider:f_div_inst|count[19] ;
;  LEDR[3]  ; ddfs:inst|freq_divider:f_div_inst|count[19] ; 4.985 ; 4.985 ; Rise       ; ddfs:inst|freq_divider:f_div_inst|count[19] ;
;  LEDR[4]  ; ddfs:inst|freq_divider:f_div_inst|count[19] ; 5.107 ; 5.107 ; Rise       ; ddfs:inst|freq_divider:f_div_inst|count[19] ;
;  LEDR[5]  ; ddfs:inst|freq_divider:f_div_inst|count[19] ; 5.004 ; 5.004 ; Rise       ; ddfs:inst|freq_divider:f_div_inst|count[19] ;
;  LEDR[6]  ; ddfs:inst|freq_divider:f_div_inst|count[19] ; 4.878 ; 4.878 ; Rise       ; ddfs:inst|freq_divider:f_div_inst|count[19] ;
;  LEDR[7]  ; ddfs:inst|freq_divider:f_div_inst|count[19] ; 4.876 ; 4.876 ; Rise       ; ddfs:inst|freq_divider:f_div_inst|count[19] ;
;  LEDR[8]  ; ddfs:inst|freq_divider:f_div_inst|count[19] ; 5.060 ; 5.060 ; Rise       ; ddfs:inst|freq_divider:f_div_inst|count[19] ;
;  LEDR[9]  ; ddfs:inst|freq_divider:f_div_inst|count[19] ; 5.277 ; 5.277 ; Rise       ; ddfs:inst|freq_divider:f_div_inst|count[19] ;
;  LEDR[10] ; ddfs:inst|freq_divider:f_div_inst|count[19] ; 5.245 ; 5.245 ; Rise       ; ddfs:inst|freq_divider:f_div_inst|count[19] ;
;  LEDR[11] ; ddfs:inst|freq_divider:f_div_inst|count[19] ; 4.807 ; 4.807 ; Rise       ; ddfs:inst|freq_divider:f_div_inst|count[19] ;
+-----------+---------------------------------------------+-------+-------+------------+---------------------------------------------+


+--------------------------------------------------------------+
; Progagation Delay                                            ;
+------------+-------------+--------+--------+--------+--------+
; Input Port ; Output Port ; RR     ; RF     ; FR     ; FF     ;
+------------+-------------+--------+--------+--------+--------+
; SW[0]      ; LEDR[0]     ; 7.529  ; 7.529  ; 7.529  ; 7.529  ;
; SW[0]      ; LEDR[1]     ; 9.911  ; 9.911  ; 9.911  ; 9.911  ;
; SW[0]      ; LEDR[2]     ; 9.644  ; 9.644  ; 9.644  ; 9.644  ;
; SW[0]      ; LEDR[3]     ; 9.975  ; 9.975  ; 9.975  ; 9.975  ;
; SW[0]      ; LEDR[4]     ; 9.925  ; 9.925  ; 9.925  ; 9.925  ;
; SW[0]      ; LEDR[5]     ; 9.765  ; 9.765  ; 9.765  ; 9.765  ;
; SW[0]      ; LEDR[6]     ; 10.098 ; 10.098 ; 10.098 ; 10.098 ;
; SW[0]      ; LEDR[7]     ; 10.287 ; 10.287 ; 10.287 ; 10.287 ;
; SW[0]      ; LEDR[8]     ; 10.333 ; 10.333 ; 10.333 ; 10.333 ;
; SW[0]      ; LEDR[9]     ; 11.247 ; 11.247 ; 11.247 ; 11.247 ;
; SW[0]      ; LEDR[10]    ; 10.934 ; 10.934 ; 10.934 ; 10.934 ;
; SW[0]      ; LEDR[11]    ; 11.659 ; 11.659 ; 11.659 ; 11.659 ;
; SW[1]      ; LEDR[0]     ; 7.227  ;        ;        ; 7.227  ;
; SW[1]      ; LEDR[1]     ; 9.609  ; 9.609  ; 9.609  ; 9.609  ;
; SW[1]      ; LEDR[2]     ; 9.342  ; 9.342  ; 9.342  ; 9.342  ;
; SW[1]      ; LEDR[3]     ; 9.673  ; 9.673  ; 9.673  ; 9.673  ;
; SW[1]      ; LEDR[4]     ; 9.623  ; 9.623  ; 9.623  ; 9.623  ;
; SW[1]      ; LEDR[5]     ; 9.463  ; 9.463  ; 9.463  ; 9.463  ;
; SW[1]      ; LEDR[6]     ; 9.796  ; 9.796  ; 9.796  ; 9.796  ;
; SW[1]      ; LEDR[7]     ; 9.985  ; 9.985  ; 9.985  ; 9.985  ;
; SW[1]      ; LEDR[8]     ; 10.031 ; 10.031 ; 10.031 ; 10.031 ;
; SW[1]      ; LEDR[9]     ; 10.945 ; 10.945 ; 10.945 ; 10.945 ;
; SW[1]      ; LEDR[10]    ; 10.632 ; 10.632 ; 10.632 ; 10.632 ;
; SW[1]      ; LEDR[11]    ;        ; 11.357 ; 11.357 ;        ;
; SW[2]      ; LEDR[1]     ; 9.455  ; 9.455  ; 9.455  ; 9.455  ;
; SW[2]      ; LEDR[2]     ; 9.278  ; 9.278  ; 9.278  ; 9.278  ;
; SW[2]      ; LEDR[3]     ; 9.147  ; 9.147  ; 9.147  ; 9.147  ;
; SW[2]      ; LEDR[4]     ; 9.421  ; 9.421  ; 9.421  ; 9.421  ;
; SW[2]      ; LEDR[5]     ; 9.189  ; 9.189  ; 9.189  ; 9.189  ;
; SW[2]      ; LEDR[6]     ; 8.913  ; 8.913  ; 8.913  ; 8.913  ;
; SW[2]      ; LEDR[7]     ; 8.908  ; 8.908  ; 8.908  ; 8.908  ;
; SW[2]      ; LEDR[8]     ; 9.254  ; 9.254  ; 9.254  ; 9.254  ;
; SW[2]      ; LEDR[9]     ; 9.767  ; 9.767  ; 9.767  ; 9.767  ;
; SW[2]      ; LEDR[10]    ; 9.716  ; 9.716  ; 9.716  ; 9.716  ;
; SW[2]      ; LEDR[11]    ;        ; 8.814  ; 8.814  ;        ;
; SW[3]      ; LEDR[1]     ; 10.800 ; 10.800 ; 10.800 ; 10.800 ;
; SW[3]      ; LEDR[2]     ; 10.872 ; 10.872 ; 10.872 ; 10.872 ;
; SW[3]      ; LEDR[3]     ; 11.203 ; 11.203 ; 11.203 ; 11.203 ;
; SW[3]      ; LEDR[4]     ; 11.153 ; 11.153 ; 11.153 ; 11.153 ;
; SW[3]      ; LEDR[5]     ; 10.993 ; 10.993 ; 10.993 ; 10.993 ;
; SW[3]      ; LEDR[6]     ; 11.326 ; 11.326 ; 11.326 ; 11.326 ;
; SW[3]      ; LEDR[7]     ; 11.515 ; 11.515 ; 11.515 ; 11.515 ;
; SW[3]      ; LEDR[8]     ; 11.561 ; 11.561 ; 11.561 ; 11.561 ;
; SW[3]      ; LEDR[9]     ; 12.475 ; 12.475 ; 12.475 ; 12.475 ;
; SW[3]      ; LEDR[10]    ; 12.162 ; 12.162 ; 12.162 ; 12.162 ;
; SW[3]      ; LEDR[11]    ; 12.887 ; 12.887 ; 12.887 ; 12.887 ;
+------------+-------------+--------+--------+--------+--------+


+----------------------------------------------------------+
; Minimum Progagation Delay                                ;
+------------+-------------+-------+-------+-------+-------+
; Input Port ; Output Port ; RR    ; RF    ; FR    ; FF    ;
+------------+-------------+-------+-------+-------+-------+
; SW[0]      ; LEDR[0]     ; 3.865 ; 3.865 ; 3.865 ; 3.865 ;
; SW[0]      ; LEDR[1]     ; 4.101 ; 4.101 ; 4.101 ; 4.101 ;
; SW[0]      ; LEDR[2]     ; 4.212 ; 4.212 ; 4.212 ; 4.212 ;
; SW[0]      ; LEDR[3]     ; 4.226 ; 4.226 ; 4.226 ; 4.226 ;
; SW[0]      ; LEDR[4]     ; 4.158 ; 4.158 ; 4.158 ; 4.158 ;
; SW[0]      ; LEDR[5]     ; 4.125 ; 4.125 ; 4.125 ; 4.125 ;
; SW[0]      ; LEDR[6]     ; 4.033 ; 4.033 ; 4.033 ; 4.033 ;
; SW[0]      ; LEDR[7]     ; 4.090 ; 4.090 ; 4.090 ; 4.090 ;
; SW[0]      ; LEDR[8]     ; 4.023 ; 4.023 ; 4.023 ; 4.023 ;
; SW[0]      ; LEDR[9]     ; 4.186 ; 4.186 ; 4.186 ; 4.186 ;
; SW[0]      ; LEDR[10]    ; 4.211 ; 4.211 ; 4.211 ; 4.211 ;
; SW[0]      ; LEDR[11]    ; 4.259 ; 4.259 ; 4.259 ; 4.259 ;
; SW[1]      ; LEDR[0]     ; 3.731 ;       ;       ; 3.731 ;
; SW[1]      ; LEDR[1]     ; 4.032 ; 4.420 ; 4.420 ; 4.032 ;
; SW[1]      ; LEDR[2]     ; 4.073 ; 4.322 ; 4.322 ; 4.073 ;
; SW[1]      ; LEDR[3]     ; 4.156 ; 4.365 ; 4.365 ; 4.156 ;
; SW[1]      ; LEDR[4]     ; 4.213 ; 4.458 ; 4.458 ; 4.213 ;
; SW[1]      ; LEDR[5]     ; 3.983 ; 4.217 ; 4.217 ; 3.983 ;
; SW[1]      ; LEDR[6]     ; 3.963 ; 4.341 ; 4.341 ; 3.963 ;
; SW[1]      ; LEDR[7]     ; 3.950 ; 4.333 ; 4.333 ; 3.950 ;
; SW[1]      ; LEDR[8]     ; 4.083 ; 4.507 ; 4.507 ; 4.083 ;
; SW[1]      ; LEDR[9]     ; 4.118 ; 4.739 ; 4.739 ; 4.118 ;
; SW[1]      ; LEDR[10]    ; 4.271 ; 4.702 ; 4.702 ; 4.271 ;
; SW[1]      ; LEDR[11]    ;       ; 5.050 ; 5.050 ;       ;
; SW[2]      ; LEDR[1]     ; 4.469 ; 4.469 ; 4.469 ; 4.469 ;
; SW[2]      ; LEDR[2]     ; 4.375 ; 4.375 ; 4.375 ; 4.375 ;
; SW[2]      ; LEDR[3]     ; 4.320 ; 4.320 ; 4.320 ; 4.320 ;
; SW[2]      ; LEDR[4]     ; 4.442 ; 4.442 ; 4.442 ; 4.442 ;
; SW[2]      ; LEDR[5]     ; 4.339 ; 4.339 ; 4.339 ; 4.339 ;
; SW[2]      ; LEDR[6]     ; 4.213 ; 4.213 ; 4.213 ; 4.213 ;
; SW[2]      ; LEDR[7]     ; 4.211 ; 4.211 ; 4.211 ; 4.211 ;
; SW[2]      ; LEDR[8]     ; 4.395 ; 4.395 ; 4.395 ; 4.395 ;
; SW[2]      ; LEDR[9]     ; 4.612 ; 4.612 ; 4.612 ; 4.612 ;
; SW[2]      ; LEDR[10]    ; 4.580 ; 4.580 ; 4.580 ; 4.580 ;
; SW[2]      ; LEDR[11]    ;       ; 4.407 ; 4.407 ;       ;
; SW[3]      ; LEDR[1]     ; 4.689 ; 4.689 ; 4.689 ; 4.689 ;
; SW[3]      ; LEDR[2]     ; 4.595 ; 4.595 ; 4.595 ; 4.595 ;
; SW[3]      ; LEDR[3]     ; 4.540 ; 4.540 ; 4.540 ; 4.540 ;
; SW[3]      ; LEDR[4]     ; 4.662 ; 4.662 ; 4.662 ; 4.662 ;
; SW[3]      ; LEDR[5]     ; 4.559 ; 4.559 ; 4.559 ; 4.559 ;
; SW[3]      ; LEDR[6]     ; 4.433 ; 4.433 ; 4.433 ; 4.433 ;
; SW[3]      ; LEDR[7]     ; 4.431 ; 4.431 ; 4.431 ; 4.431 ;
; SW[3]      ; LEDR[8]     ; 4.615 ; 4.615 ; 4.615 ; 4.615 ;
; SW[3]      ; LEDR[9]     ; 4.832 ; 4.832 ; 4.832 ; 4.832 ;
; SW[3]      ; LEDR[10]    ; 4.800 ; 4.800 ; 4.800 ; 4.800 ;
; SW[3]      ; LEDR[11]    ; 4.355 ; 4.565 ; 4.565 ; 4.355 ;
+------------+-------------+-------+-------+-------+-------+


+---------------------------------------------------------------------------------------------------------------------------------------+
; Setup Transfers                                                                                                                       ;
+---------------------------------------------+---------------------------------------------+----------+----------+----------+----------+
; From Clock                                  ; To Clock                                    ; RR Paths ; FR Paths ; RF Paths ; FF Paths ;
+---------------------------------------------+---------------------------------------------+----------+----------+----------+----------+
; CLOCK_50                                    ; CLOCK_50                                    ; 589      ; 0        ; 0        ; 0        ;
; ddfs:inst|freq_divider:f_div_inst|count[19] ; CLOCK_50                                    ; 21       ; 21       ; 0        ; 0        ;
; ddfs:inst|freq_divider:f_div_inst|count[19] ; ddfs:inst|freq_divider:f_div_inst|count[19] ; 2888     ; 0        ; 0        ; 0        ;
+---------------------------------------------+---------------------------------------------+----------+----------+----------+----------+
Entries labeled "false path" only account for clock-to-clock false paths and not path-based false paths. As a result, actual path counts may be lower than reported.


+---------------------------------------------------------------------------------------------------------------------------------------+
; Hold Transfers                                                                                                                        ;
+---------------------------------------------+---------------------------------------------+----------+----------+----------+----------+
; From Clock                                  ; To Clock                                    ; RR Paths ; FR Paths ; RF Paths ; FF Paths ;
+---------------------------------------------+---------------------------------------------+----------+----------+----------+----------+
; CLOCK_50                                    ; CLOCK_50                                    ; 589      ; 0        ; 0        ; 0        ;
; ddfs:inst|freq_divider:f_div_inst|count[19] ; CLOCK_50                                    ; 21       ; 21       ; 0        ; 0        ;
; ddfs:inst|freq_divider:f_div_inst|count[19] ; ddfs:inst|freq_divider:f_div_inst|count[19] ; 2888     ; 0        ; 0        ; 0        ;
+---------------------------------------------+---------------------------------------------+----------+----------+----------+----------+
Entries labeled "false path" only account for clock-to-clock false paths and not path-based false paths. As a result, actual path counts may be lower than reported.


---------------
; Report TCCS ;
---------------
No dedicated SERDES Transmitter circuitry present in device or used in design


---------------
; Report RSKM ;
---------------
No dedicated SERDES Receiver circuitry present in device or used in design


+------------------------------------------------+
; Unconstrained Paths                            ;
+---------------------------------+-------+------+
; Property                        ; Setup ; Hold ;
+---------------------------------+-------+------+
; Illegal Clocks                  ; 0     ; 0    ;
; Unconstrained Clocks            ; 0     ; 0    ;
; Unconstrained Input Ports       ; 15    ; 15   ;
; Unconstrained Input Port Paths  ; 252   ; 252  ;
; Unconstrained Output Ports      ; 12    ; 12   ;
; Unconstrained Output Port Paths ; 415   ; 415  ;
+---------------------------------+-------+------+


+------------------------------------+
; TimeQuest Timing Analyzer Messages ;
+------------------------------------+
Info: *******************************************************************
Info: Running Quartus II 64-Bit TimeQuest Timing Analyzer
    Info: Version 13.0.1 Build 232 06/12/2013 Service Pack 1 SJ Web Edition
    Info: Processing started: Wed Dec 17 18:01:07 2025
Info: Command: quartus_sta funct_gen -c funct_gen
Info: qsta_default_script.tcl version: #1
Warning (20028): Parallel compilation is not licensed and has been disabled
Info (21077): Low junction temperature is 0 degrees C
Info (21077): High junction temperature is 85 degrees C
Critical Warning (332012): Synopsys Design Constraints File file not found: 'funct_gen.sdc'. A Synopsys Design Constraints File is required by the TimeQuest Timing Analyzer to get proper timing constraints. Without it, the Compiler will not properly optimize the design.
Info (332142): No user constrained base clocks found in the design. Calling "derive_clocks -period 1.0"
Info (332105): Deriving Clocks
    Info (332105): create_clock -period 1.000 -name ddfs:inst|freq_divider:f_div_inst|count[19] ddfs:inst|freq_divider:f_div_inst|count[19]
    Info (332105): create_clock -period 1.000 -name CLOCK_50 CLOCK_50
Info: Found TIMEQUEST_REPORT_SCRIPT_INCLUDE_DEFAULT_ANALYSIS = ON
Info: Analyzing Slow Model
Critical Warning (332148): Timing requirements not met
Info (332146): Worst-case setup slack is -3.643
    Info (332119):     Slack End Point TNS Clock 
    Info (332119): ========= ============= =====================
    Info (332119):    -3.643       -83.819 ddfs:inst|freq_divider:f_div_inst|count[19] 
    Info (332119):    -3.317       -60.008 CLOCK_50 
Info (332146): Worst-case hold slack is -1.671
    Info (332119):     Slack End Point TNS Clock 
    Info (332119): ========= ============= =====================
    Info (332119):    -1.671       -23.897 CLOCK_50 
    Info (332119):     1.135         0.000 ddfs:inst|freq_divider:f_div_inst|count[19] 
Info (332140): No Recovery paths to report
Info (332140): No Removal paths to report
Info (332146): Worst-case minimum pulse width slack is -1.423
    Info (332119):     Slack End Point TNS Clock 
    Info (332119): ========= ============= =====================
    Info (332119):    -1.423       -99.380 ddfs:inst|freq_divider:f_div_inst|count[19] 
    Info (332119):    -1.380       -21.380 CLOCK_50 
Info (332001): The selected device family is not supported by the report_metastability command.
Info: Analyzing Fast Model
Critical Warning (332148): Timing requirements not met
Info (332146): Worst-case setup slack is -1.041
    Info (332119):     Slack End Point TNS Clock 
    Info (332119): ========= ============= =====================
    Info (332119):    -1.041       -14.579 ddfs:inst|freq_divider:f_div_inst|count[19] 
    Info (332119):    -0.999       -17.194 CLOCK_50 
Info (332146): Worst-case hold slack is -1.214
    Info (332119):     Slack End Point TNS Clock 
    Info (332119): ========= ============= =====================
    Info (332119):    -1.214       -20.463 CLOCK_50 
    Info (332119):     0.544         0.000 ddfs:inst|freq_divider:f_div_inst|count[19] 
Info (332140): No Recovery paths to report
Info (332140): No Removal paths to report
Info (332146): Worst-case minimum pulse width slack is -1.423
    Info (332119):     Slack End Point TNS Clock 
    Info (332119): ========= ============= =====================
    Info (332119):    -1.423       -99.380 ddfs:inst|freq_divider:f_div_inst|count[19] 
    Info (332119):    -1.380       -21.380 CLOCK_50 
Info (332001): The selected device family is not supported by the report_metastability command.
Info (332102): Design is not fully constrained for setup requirements
Info (332102): Design is not fully constrained for hold requirements
Info: Quartus II 64-Bit TimeQuest Timing Analyzer was successful. 0 errors, 4 warnings
    Info: Peak virtual memory: 4546 megabytes
    Info: Processing ended: Wed Dec 17 18:01:09 2025
    Info: Elapsed time: 00:00:02
    Info: Total CPU time (on all processors): 00:00:02


