TimeQuest Timing Analyzer report for main_function_generator
Tue Dec 23 19:05:29 2025
Quartus II 64-Bit Version 13.0.1 Build 232 06/12/2013 Service Pack 1 SJ Web Edition


---------------------
; Table of Contents ;
---------------------
  1. Legal Notice
  2. TimeQuest Timing Analyzer Summary
  3. Parallel Compilation
  4. SDC File List
  5. Clocks
  6. Slow Model Fmax Summary
  7. Slow Model Setup Summary
  8. Slow Model Hold Summary
  9. Slow Model Recovery Summary
 10. Slow Model Removal Summary
 11. Slow Model Minimum Pulse Width Summary
 12. Slow Model Setup: 'ddfs:inst15|freq_divider_DDFS:f_div_inst|count[19]'
 13. Slow Model Setup: 'inst|altpll_component|pll|clk[0]'
 14. Slow Model Setup: 'CLOCK_50'
 15. Slow Model Setup: 'keypad_freq_sel_module:inst1|freq_divider_keypad_module:freq_div|q'
 16. Slow Model Hold: 'CLOCK_50'
 17. Slow Model Hold: 'keypad_freq_sel_module:inst1|freq_divider_keypad_module:freq_div|q'
 18. Slow Model Hold: 'inst|altpll_component|pll|clk[0]'
 19. Slow Model Hold: 'ddfs:inst15|freq_divider_DDFS:f_div_inst|count[19]'
 20. Slow Model Recovery: 'ddfs:inst15|freq_divider_DDFS:f_div_inst|count[19]'
 21. Slow Model Removal: 'ddfs:inst15|freq_divider_DDFS:f_div_inst|count[19]'
 22. Slow Model Minimum Pulse Width: 'inst|altpll_component|pll|clk[0]'
 23. Slow Model Minimum Pulse Width: 'CLOCK_50'
 24. Slow Model Minimum Pulse Width: 'ddfs:inst15|freq_divider_DDFS:f_div_inst|count[19]'
 25. Slow Model Minimum Pulse Width: 'keypad_freq_sel_module:inst1|freq_divider_keypad_module:freq_div|q'
 26. Clock to Output Times
 27. Minimum Clock to Output Times
 28. Fast Model Setup Summary
 29. Fast Model Hold Summary
 30. Fast Model Recovery Summary
 31. Fast Model Removal Summary
 32. Fast Model Minimum Pulse Width Summary
 33. Fast Model Setup: 'ddfs:inst15|freq_divider_DDFS:f_div_inst|count[19]'
 34. Fast Model Setup: 'inst|altpll_component|pll|clk[0]'
 35. Fast Model Setup: 'CLOCK_50'
 36. Fast Model Setup: 'keypad_freq_sel_module:inst1|freq_divider_keypad_module:freq_div|q'
 37. Fast Model Hold: 'CLOCK_50'
 38. Fast Model Hold: 'keypad_freq_sel_module:inst1|freq_divider_keypad_module:freq_div|q'
 39. Fast Model Hold: 'inst|altpll_component|pll|clk[0]'
 40. Fast Model Hold: 'ddfs:inst15|freq_divider_DDFS:f_div_inst|count[19]'
 41. Fast Model Recovery: 'ddfs:inst15|freq_divider_DDFS:f_div_inst|count[19]'
 42. Fast Model Removal: 'ddfs:inst15|freq_divider_DDFS:f_div_inst|count[19]'
 43. Fast Model Minimum Pulse Width: 'inst|altpll_component|pll|clk[0]'
 44. Fast Model Minimum Pulse Width: 'CLOCK_50'
 45. Fast Model Minimum Pulse Width: 'ddfs:inst15|freq_divider_DDFS:f_div_inst|count[19]'
 46. Fast Model Minimum Pulse Width: 'keypad_freq_sel_module:inst1|freq_divider_keypad_module:freq_div|q'
 47. Clock to Output Times
 48. Minimum Clock to Output Times
 49. Multicorner Timing Analysis Summary
 50. Clock to Output Times
 51. Minimum Clock to Output Times
 52. Setup Transfers
 53. Hold Transfers
 54. Recovery Transfers
 55. Removal Transfers
 56. Report TCCS
 57. Report RSKM
 58. Unconstrained Paths
 59. TimeQuest Timing Analyzer Messages



----------------
; Legal Notice ;
----------------
Copyright (C) 1991-2013 Altera Corporation
Your use of Altera Corporation's design tools, logic functions 
and other software and tools, and its AMPP partner logic 
functions, and any output files from any of the foregoing 
(including device programming or simulation files), and any 
associated documentation or information are expressly subject 
to the terms and conditions of the Altera Program License 
Subscription Agreement, Altera MegaCore Function License 
Agreement, or other applicable license agreement, including, 
without limitation, that your use is for the sole purpose of 
programming logic devices manufactured by Altera and sold by 
Altera or its authorized distributors.  Please refer to the 
applicable agreement for further details.



+----------------------------------------------------------------------------------------+
; TimeQuest Timing Analyzer Summary                                                      ;
+--------------------+-------------------------------------------------------------------+
; Quartus II Version ; Version 13.0.1 Build 232 06/12/2013 Service Pack 1 SJ Web Edition ;
; Revision Name      ; main_function_generator                                           ;
; Device Family      ; Cyclone II                                                        ;
; Device Name        ; EP2C35F672C6                                                      ;
; Timing Models      ; Final                                                             ;
; Delay Model        ; Combined                                                          ;
; Rise/Fall Delays   ; Unavailable                                                       ;
+--------------------+-------------------------------------------------------------------+


Parallel compilation was disabled, but you have multiple processors available. Enable parallel compilation to reduce compilation time.
+-------------------------------------+
; Parallel Compilation                ;
+----------------------------+--------+
; Processors                 ; Number ;
+----------------------------+--------+
; Number detected on machine ; 12     ;
; Maximum allowed            ; 1      ;
+----------------------------+--------+


+---------------------------------------------------------------------+
; SDC File List                                                       ;
+---------------------------------+--------+--------------------------+
; SDC File Path                   ; Status ; Read at                  ;
+---------------------------------+--------+--------------------------+
; main_function_generator.out.sdc ; OK     ; Tue Dec 23 19:05:28 2025 ;
+---------------------------------+--------+--------------------------+


+-------------------------------------------------------------------------------------------------------------------------------------------------------------------------------------------------------------------------------------------------------------------------------------------------------------------------------------------+
; Clocks                                                                                                                                                                                                                                                                                                                                    ;
+--------------------------------------------------------------------+-----------+--------+-----------+-------+--------+------------+-----------+-------------+-------+--------+-----------+------------+----------+----------+------------------------------------+------------------------------------------------------------------------+
; Clock Name                                                         ; Type      ; Period ; Frequency ; Rise  ; Fall   ; Duty Cycle ; Divide by ; Multiply by ; Phase ; Offset ; Edge List ; Edge Shift ; Inverted ; Master   ; Source                             ; Targets                                                                ;
+--------------------------------------------------------------------+-----------+--------+-----------+-------+--------+------------+-----------+-------------+-------+--------+-----------+------------+----------+----------+------------------------------------+------------------------------------------------------------------------+
; CLOCK_50                                                           ; Base      ; 20.000 ; 50.0 MHz  ; 0.000 ; 10.000 ;            ;           ;             ;       ;        ;           ;            ;          ;          ;                                    ; { CLOCK_50 }                                                           ;
; ddfs:inst15|freq_divider_DDFS:f_div_inst|count[19]                 ; Base      ; 20.000 ; 50.0 MHz  ; 0.000 ; 10.000 ;            ;           ;             ;       ;        ;           ;            ;          ;          ;                                    ; { ddfs:inst15|freq_divider_DDFS:f_div_inst|count[19] }                 ;
; inst|altpll_component|pll|clk[0]                                   ; Generated ; 10.000 ; 100.0 MHz ; 0.000 ; 5.000  ; 50.00      ; 1         ; 2           ;       ;        ;           ;            ; false    ; CLOCK_50 ; inst|altpll_component|pll|inclk[0] ; { inst|altpll_component|pll|clk[0] }                                   ;
; keypad_freq_sel_module:inst1|freq_divider_keypad_module:freq_div|q ; Base      ; 20.000 ; 50.0 MHz  ; 0.000 ; 10.000 ;            ;           ;             ;       ;        ;           ;            ;          ;          ;                                    ; { keypad_freq_sel_module:inst1|freq_divider_keypad_module:freq_div|q } ;
+--------------------------------------------------------------------+-----------+--------+-----------+-------+--------+------------+-----------+-------------+-------+--------+-----------+------------+----------+----------+------------------------------------+------------------------------------------------------------------------+


+----------------------------------------------------------------------------------------------------------+
; Slow Model Fmax Summary                                                                                  ;
+------------+-----------------+--------------------------------------------------------------------+------+
; Fmax       ; Restricted Fmax ; Clock Name                                                         ; Note ;
+------------+-----------------+--------------------------------------------------------------------+------+
; 60.85 MHz  ; 60.85 MHz       ; CLOCK_50                                                           ;      ;
; 64.03 MHz  ; 64.03 MHz       ; ddfs:inst15|freq_divider_DDFS:f_div_inst|count[19]                 ;      ;
; 65.68 MHz  ; 65.68 MHz       ; keypad_freq_sel_module:inst1|freq_divider_keypad_module:freq_div|q ;      ;
; 138.89 MHz ; 138.89 MHz      ; inst|altpll_component|pll|clk[0]                                   ;      ;
+------------+-----------------+--------------------------------------------------------------------+------+
This panel reports FMAX for every clock in the design, regardless of the user-specified clock periods.  FMAX is only computed for paths where the source and destination registers or ports are driven by the same clock.  Paths of different clocks, including generated clocks, are ignored.  For paths between a clock and its inversion, FMAX is computed as if the rising and falling edges are scaled along with FMAX, such that the duty cycle (in terms of a percentage) is maintained. Altera recommends that you always use clock constraints and other slack reports for sign-off analysis.


+--------------------------------------------------------------------------------------------+
; Slow Model Setup Summary                                                                   ;
+--------------------------------------------------------------------+-------+---------------+
; Clock                                                              ; Slack ; End Point TNS ;
+--------------------------------------------------------------------+-------+---------------+
; ddfs:inst15|freq_divider_DDFS:f_div_inst|count[19]                 ; 2.352 ; 0.000         ;
; inst|altpll_component|pll|clk[0]                                   ; 2.800 ; 0.000         ;
; CLOCK_50                                                           ; 3.567 ; 0.000         ;
; keypad_freq_sel_module:inst1|freq_divider_keypad_module:freq_div|q ; 4.774 ; 0.000         ;
+--------------------------------------------------------------------+-------+---------------+


+--------------------------------------------------------------------------------------------+
; Slow Model Hold Summary                                                                    ;
+--------------------------------------------------------------------+-------+---------------+
; Clock                                                              ; Slack ; End Point TNS ;
+--------------------------------------------------------------------+-------+---------------+
; CLOCK_50                                                           ; 0.391 ; 0.000         ;
; keypad_freq_sel_module:inst1|freq_divider_keypad_module:freq_div|q ; 0.391 ; 0.000         ;
; inst|altpll_component|pll|clk[0]                                   ; 0.520 ; 0.000         ;
; ddfs:inst15|freq_divider_DDFS:f_div_inst|count[19]                 ; 1.200 ; 0.000         ;
+--------------------------------------------------------------------+-------+---------------+


+-----------------------------------------------------------------------------+
; Slow Model Recovery Summary                                                 ;
+----------------------------------------------------+--------+---------------+
; Clock                                              ; Slack  ; End Point TNS ;
+----------------------------------------------------+--------+---------------+
; ddfs:inst15|freq_divider_DDFS:f_div_inst|count[19] ; 16.595 ; 0.000         ;
+----------------------------------------------------+--------+---------------+


+----------------------------------------------------------------------------+
; Slow Model Removal Summary                                                 ;
+----------------------------------------------------+-------+---------------+
; Clock                                              ; Slack ; End Point TNS ;
+----------------------------------------------------+-------+---------------+
; ddfs:inst15|freq_divider_DDFS:f_div_inst|count[19] ; 3.153 ; 0.000         ;
+----------------------------------------------------+-------+---------------+


+--------------------------------------------------------------------------------------------+
; Slow Model Minimum Pulse Width Summary                                                     ;
+--------------------------------------------------------------------+-------+---------------+
; Clock                                                              ; Slack ; End Point TNS ;
+--------------------------------------------------------------------+-------+---------------+
; inst|altpll_component|pll|clk[0]                                   ; 4.000 ; 0.000         ;
; CLOCK_50                                                           ; 8.077 ; 0.000         ;
; ddfs:inst15|freq_divider_DDFS:f_div_inst|count[19]                 ; 8.077 ; 0.000         ;
; keypad_freq_sel_module:inst1|freq_divider_keypad_module:freq_div|q ; 9.000 ; 0.000         ;
+--------------------------------------------------------------------+-------+---------------+


+----------------------------------------------------------------------------------------------------------------------------------------------------------------------------------------------------------------------------------------------------------------------------------------+
; Slow Model Setup: 'ddfs:inst15|freq_divider_DDFS:f_div_inst|count[19]'                                                                                                                                                                                                                 ;
+-------+------------------------------------------------------------------------------------------------------------------+----------+----------------------------------------------------+----------------------------------------------------+--------------+------------+------------+
; Slack ; From Node                                                                                                        ; To Node  ; Launch Clock                                       ; Latch Clock                                        ; Relationship ; Clock Skew ; Data Delay ;
+-------+------------------------------------------------------------------------------------------------------------------+----------+----------------------------------------------------+----------------------------------------------------+--------------+------------+------------+
; 2.352 ; ddfs:inst15|freq_divider_DDFS:f_div_inst|count[19]                                                               ; VGA_CLK  ; ddfs:inst15|freq_divider_DDFS:f_div_inst|count[19] ; ddfs:inst15|freq_divider_DDFS:f_div_inst|count[19] ; 10.000       ; 0.000      ; 5.898      ;
; 4.382 ; ddfs:inst15|sin_lut:lut_inst|altsyncram:rom_rtl_0|altsyncram_qm81:auto_generated|ram_block1a1~porta_address_reg0 ; VGA_R[8] ; ddfs:inst15|freq_divider_DDFS:f_div_inst|count[19] ; ddfs:inst15|freq_divider_DDFS:f_div_inst|count[19] ; 20.000       ; -2.934     ; 10.684     ;
; 4.382 ; ddfs:inst15|sin_lut:lut_inst|altsyncram:rom_rtl_0|altsyncram_qm81:auto_generated|ram_block1a1~porta_address_reg1 ; VGA_R[8] ; ddfs:inst15|freq_divider_DDFS:f_div_inst|count[19] ; ddfs:inst15|freq_divider_DDFS:f_div_inst|count[19] ; 20.000       ; -2.934     ; 10.684     ;
; 4.382 ; ddfs:inst15|sin_lut:lut_inst|altsyncram:rom_rtl_0|altsyncram_qm81:auto_generated|ram_block1a1~porta_address_reg2 ; VGA_R[8] ; ddfs:inst15|freq_divider_DDFS:f_div_inst|count[19] ; ddfs:inst15|freq_divider_DDFS:f_div_inst|count[19] ; 20.000       ; -2.934     ; 10.684     ;
; 4.382 ; ddfs:inst15|sin_lut:lut_inst|altsyncram:rom_rtl_0|altsyncram_qm81:auto_generated|ram_block1a1~porta_address_reg3 ; VGA_R[8] ; ddfs:inst15|freq_divider_DDFS:f_div_inst|count[19] ; ddfs:inst15|freq_divider_DDFS:f_div_inst|count[19] ; 20.000       ; -2.934     ; 10.684     ;
; 4.382 ; ddfs:inst15|sin_lut:lut_inst|altsyncram:rom_rtl_0|altsyncram_qm81:auto_generated|ram_block1a1~porta_address_reg4 ; VGA_R[8] ; ddfs:inst15|freq_divider_DDFS:f_div_inst|count[19] ; ddfs:inst15|freq_divider_DDFS:f_div_inst|count[19] ; 20.000       ; -2.934     ; 10.684     ;
; 4.382 ; ddfs:inst15|sin_lut:lut_inst|altsyncram:rom_rtl_0|altsyncram_qm81:auto_generated|ram_block1a1~porta_address_reg5 ; VGA_R[8] ; ddfs:inst15|freq_divider_DDFS:f_div_inst|count[19] ; ddfs:inst15|freq_divider_DDFS:f_div_inst|count[19] ; 20.000       ; -2.934     ; 10.684     ;
; 4.382 ; ddfs:inst15|sin_lut:lut_inst|altsyncram:rom_rtl_0|altsyncram_qm81:auto_generated|ram_block1a1~porta_address_reg6 ; VGA_R[8] ; ddfs:inst15|freq_divider_DDFS:f_div_inst|count[19] ; ddfs:inst15|freq_divider_DDFS:f_div_inst|count[19] ; 20.000       ; -2.934     ; 10.684     ;
; 4.382 ; ddfs:inst15|sin_lut:lut_inst|altsyncram:rom_rtl_0|altsyncram_qm81:auto_generated|ram_block1a1~porta_address_reg7 ; VGA_R[8] ; ddfs:inst15|freq_divider_DDFS:f_div_inst|count[19] ; ddfs:inst15|freq_divider_DDFS:f_div_inst|count[19] ; 20.000       ; -2.934     ; 10.684     ;
; 4.382 ; ddfs:inst15|sin_lut:lut_inst|altsyncram:rom_rtl_0|altsyncram_qm81:auto_generated|ram_block1a1~porta_address_reg8 ; VGA_R[8] ; ddfs:inst15|freq_divider_DDFS:f_div_inst|count[19] ; ddfs:inst15|freq_divider_DDFS:f_div_inst|count[19] ; 20.000       ; -2.934     ; 10.684     ;
; 4.382 ; ddfs:inst15|sin_lut:lut_inst|altsyncram:rom_rtl_0|altsyncram_qm81:auto_generated|ram_block1a1~porta_address_reg9 ; VGA_R[8] ; ddfs:inst15|freq_divider_DDFS:f_div_inst|count[19] ; ddfs:inst15|freq_divider_DDFS:f_div_inst|count[19] ; 20.000       ; -2.934     ; 10.684     ;
; 4.490 ; ddfs:inst15|sin_lut:lut_inst|altsyncram:rom_rtl_0|altsyncram_qm81:auto_generated|ram_block1a1~porta_address_reg0 ; VGA_R[6] ; ddfs:inst15|freq_divider_DDFS:f_div_inst|count[19] ; ddfs:inst15|freq_divider_DDFS:f_div_inst|count[19] ; 20.000       ; -2.934     ; 10.576     ;
; 4.490 ; ddfs:inst15|sin_lut:lut_inst|altsyncram:rom_rtl_0|altsyncram_qm81:auto_generated|ram_block1a1~porta_address_reg1 ; VGA_R[6] ; ddfs:inst15|freq_divider_DDFS:f_div_inst|count[19] ; ddfs:inst15|freq_divider_DDFS:f_div_inst|count[19] ; 20.000       ; -2.934     ; 10.576     ;
; 4.490 ; ddfs:inst15|sin_lut:lut_inst|altsyncram:rom_rtl_0|altsyncram_qm81:auto_generated|ram_block1a1~porta_address_reg2 ; VGA_R[6] ; ddfs:inst15|freq_divider_DDFS:f_div_inst|count[19] ; ddfs:inst15|freq_divider_DDFS:f_div_inst|count[19] ; 20.000       ; -2.934     ; 10.576     ;
; 4.490 ; ddfs:inst15|sin_lut:lut_inst|altsyncram:rom_rtl_0|altsyncram_qm81:auto_generated|ram_block1a1~porta_address_reg3 ; VGA_R[6] ; ddfs:inst15|freq_divider_DDFS:f_div_inst|count[19] ; ddfs:inst15|freq_divider_DDFS:f_div_inst|count[19] ; 20.000       ; -2.934     ; 10.576     ;
; 4.490 ; ddfs:inst15|sin_lut:lut_inst|altsyncram:rom_rtl_0|altsyncram_qm81:auto_generated|ram_block1a1~porta_address_reg4 ; VGA_R[6] ; ddfs:inst15|freq_divider_DDFS:f_div_inst|count[19] ; ddfs:inst15|freq_divider_DDFS:f_div_inst|count[19] ; 20.000       ; -2.934     ; 10.576     ;
; 4.490 ; ddfs:inst15|sin_lut:lut_inst|altsyncram:rom_rtl_0|altsyncram_qm81:auto_generated|ram_block1a1~porta_address_reg5 ; VGA_R[6] ; ddfs:inst15|freq_divider_DDFS:f_div_inst|count[19] ; ddfs:inst15|freq_divider_DDFS:f_div_inst|count[19] ; 20.000       ; -2.934     ; 10.576     ;
; 4.490 ; ddfs:inst15|sin_lut:lut_inst|altsyncram:rom_rtl_0|altsyncram_qm81:auto_generated|ram_block1a1~porta_address_reg6 ; VGA_R[6] ; ddfs:inst15|freq_divider_DDFS:f_div_inst|count[19] ; ddfs:inst15|freq_divider_DDFS:f_div_inst|count[19] ; 20.000       ; -2.934     ; 10.576     ;
; 4.490 ; ddfs:inst15|sin_lut:lut_inst|altsyncram:rom_rtl_0|altsyncram_qm81:auto_generated|ram_block1a1~porta_address_reg7 ; VGA_R[6] ; ddfs:inst15|freq_divider_DDFS:f_div_inst|count[19] ; ddfs:inst15|freq_divider_DDFS:f_div_inst|count[19] ; 20.000       ; -2.934     ; 10.576     ;
; 4.490 ; ddfs:inst15|sin_lut:lut_inst|altsyncram:rom_rtl_0|altsyncram_qm81:auto_generated|ram_block1a1~porta_address_reg8 ; VGA_R[6] ; ddfs:inst15|freq_divider_DDFS:f_div_inst|count[19] ; ddfs:inst15|freq_divider_DDFS:f_div_inst|count[19] ; 20.000       ; -2.934     ; 10.576     ;
; 4.490 ; ddfs:inst15|sin_lut:lut_inst|altsyncram:rom_rtl_0|altsyncram_qm81:auto_generated|ram_block1a1~porta_address_reg9 ; VGA_R[6] ; ddfs:inst15|freq_divider_DDFS:f_div_inst|count[19] ; ddfs:inst15|freq_divider_DDFS:f_div_inst|count[19] ; 20.000       ; -2.934     ; 10.576     ;
; 4.501 ; ddfs:inst15|sin_lut:lut_inst|altsyncram:rom_rtl_0|altsyncram_qm81:auto_generated|ram_block1a4~porta_address_reg0 ; VGA_R[8] ; ddfs:inst15|freq_divider_DDFS:f_div_inst|count[19] ; ddfs:inst15|freq_divider_DDFS:f_div_inst|count[19] ; 20.000       ; -2.931     ; 10.568     ;
; 4.501 ; ddfs:inst15|sin_lut:lut_inst|altsyncram:rom_rtl_0|altsyncram_qm81:auto_generated|ram_block1a4~porta_address_reg1 ; VGA_R[8] ; ddfs:inst15|freq_divider_DDFS:f_div_inst|count[19] ; ddfs:inst15|freq_divider_DDFS:f_div_inst|count[19] ; 20.000       ; -2.931     ; 10.568     ;
; 4.501 ; ddfs:inst15|sin_lut:lut_inst|altsyncram:rom_rtl_0|altsyncram_qm81:auto_generated|ram_block1a4~porta_address_reg2 ; VGA_R[8] ; ddfs:inst15|freq_divider_DDFS:f_div_inst|count[19] ; ddfs:inst15|freq_divider_DDFS:f_div_inst|count[19] ; 20.000       ; -2.931     ; 10.568     ;
; 4.501 ; ddfs:inst15|sin_lut:lut_inst|altsyncram:rom_rtl_0|altsyncram_qm81:auto_generated|ram_block1a4~porta_address_reg3 ; VGA_R[8] ; ddfs:inst15|freq_divider_DDFS:f_div_inst|count[19] ; ddfs:inst15|freq_divider_DDFS:f_div_inst|count[19] ; 20.000       ; -2.931     ; 10.568     ;
; 4.501 ; ddfs:inst15|sin_lut:lut_inst|altsyncram:rom_rtl_0|altsyncram_qm81:auto_generated|ram_block1a4~porta_address_reg4 ; VGA_R[8] ; ddfs:inst15|freq_divider_DDFS:f_div_inst|count[19] ; ddfs:inst15|freq_divider_DDFS:f_div_inst|count[19] ; 20.000       ; -2.931     ; 10.568     ;
; 4.501 ; ddfs:inst15|sin_lut:lut_inst|altsyncram:rom_rtl_0|altsyncram_qm81:auto_generated|ram_block1a4~porta_address_reg5 ; VGA_R[8] ; ddfs:inst15|freq_divider_DDFS:f_div_inst|count[19] ; ddfs:inst15|freq_divider_DDFS:f_div_inst|count[19] ; 20.000       ; -2.931     ; 10.568     ;
; 4.501 ; ddfs:inst15|sin_lut:lut_inst|altsyncram:rom_rtl_0|altsyncram_qm81:auto_generated|ram_block1a4~porta_address_reg6 ; VGA_R[8] ; ddfs:inst15|freq_divider_DDFS:f_div_inst|count[19] ; ddfs:inst15|freq_divider_DDFS:f_div_inst|count[19] ; 20.000       ; -2.931     ; 10.568     ;
; 4.501 ; ddfs:inst15|sin_lut:lut_inst|altsyncram:rom_rtl_0|altsyncram_qm81:auto_generated|ram_block1a4~porta_address_reg7 ; VGA_R[8] ; ddfs:inst15|freq_divider_DDFS:f_div_inst|count[19] ; ddfs:inst15|freq_divider_DDFS:f_div_inst|count[19] ; 20.000       ; -2.931     ; 10.568     ;
; 4.501 ; ddfs:inst15|sin_lut:lut_inst|altsyncram:rom_rtl_0|altsyncram_qm81:auto_generated|ram_block1a4~porta_address_reg8 ; VGA_R[8] ; ddfs:inst15|freq_divider_DDFS:f_div_inst|count[19] ; ddfs:inst15|freq_divider_DDFS:f_div_inst|count[19] ; 20.000       ; -2.931     ; 10.568     ;
; 4.501 ; ddfs:inst15|sin_lut:lut_inst|altsyncram:rom_rtl_0|altsyncram_qm81:auto_generated|ram_block1a4~porta_address_reg9 ; VGA_R[8] ; ddfs:inst15|freq_divider_DDFS:f_div_inst|count[19] ; ddfs:inst15|freq_divider_DDFS:f_div_inst|count[19] ; 20.000       ; -2.931     ; 10.568     ;
; 4.535 ; ddfs:inst15|sin_lut:lut_inst|altsyncram:rom_rtl_0|altsyncram_qm81:auto_generated|ram_block1a1~porta_address_reg0 ; VGA_R[9] ; ddfs:inst15|freq_divider_DDFS:f_div_inst|count[19] ; ddfs:inst15|freq_divider_DDFS:f_div_inst|count[19] ; 20.000       ; -2.934     ; 10.531     ;
; 4.535 ; ddfs:inst15|sin_lut:lut_inst|altsyncram:rom_rtl_0|altsyncram_qm81:auto_generated|ram_block1a1~porta_address_reg1 ; VGA_R[9] ; ddfs:inst15|freq_divider_DDFS:f_div_inst|count[19] ; ddfs:inst15|freq_divider_DDFS:f_div_inst|count[19] ; 20.000       ; -2.934     ; 10.531     ;
; 4.535 ; ddfs:inst15|sin_lut:lut_inst|altsyncram:rom_rtl_0|altsyncram_qm81:auto_generated|ram_block1a1~porta_address_reg2 ; VGA_R[9] ; ddfs:inst15|freq_divider_DDFS:f_div_inst|count[19] ; ddfs:inst15|freq_divider_DDFS:f_div_inst|count[19] ; 20.000       ; -2.934     ; 10.531     ;
; 4.535 ; ddfs:inst15|sin_lut:lut_inst|altsyncram:rom_rtl_0|altsyncram_qm81:auto_generated|ram_block1a1~porta_address_reg3 ; VGA_R[9] ; ddfs:inst15|freq_divider_DDFS:f_div_inst|count[19] ; ddfs:inst15|freq_divider_DDFS:f_div_inst|count[19] ; 20.000       ; -2.934     ; 10.531     ;
; 4.535 ; ddfs:inst15|sin_lut:lut_inst|altsyncram:rom_rtl_0|altsyncram_qm81:auto_generated|ram_block1a1~porta_address_reg4 ; VGA_R[9] ; ddfs:inst15|freq_divider_DDFS:f_div_inst|count[19] ; ddfs:inst15|freq_divider_DDFS:f_div_inst|count[19] ; 20.000       ; -2.934     ; 10.531     ;
; 4.535 ; ddfs:inst15|sin_lut:lut_inst|altsyncram:rom_rtl_0|altsyncram_qm81:auto_generated|ram_block1a1~porta_address_reg5 ; VGA_R[9] ; ddfs:inst15|freq_divider_DDFS:f_div_inst|count[19] ; ddfs:inst15|freq_divider_DDFS:f_div_inst|count[19] ; 20.000       ; -2.934     ; 10.531     ;
; 4.535 ; ddfs:inst15|sin_lut:lut_inst|altsyncram:rom_rtl_0|altsyncram_qm81:auto_generated|ram_block1a1~porta_address_reg6 ; VGA_R[9] ; ddfs:inst15|freq_divider_DDFS:f_div_inst|count[19] ; ddfs:inst15|freq_divider_DDFS:f_div_inst|count[19] ; 20.000       ; -2.934     ; 10.531     ;
; 4.535 ; ddfs:inst15|sin_lut:lut_inst|altsyncram:rom_rtl_0|altsyncram_qm81:auto_generated|ram_block1a1~porta_address_reg7 ; VGA_R[9] ; ddfs:inst15|freq_divider_DDFS:f_div_inst|count[19] ; ddfs:inst15|freq_divider_DDFS:f_div_inst|count[19] ; 20.000       ; -2.934     ; 10.531     ;
; 4.535 ; ddfs:inst15|sin_lut:lut_inst|altsyncram:rom_rtl_0|altsyncram_qm81:auto_generated|ram_block1a1~porta_address_reg8 ; VGA_R[9] ; ddfs:inst15|freq_divider_DDFS:f_div_inst|count[19] ; ddfs:inst15|freq_divider_DDFS:f_div_inst|count[19] ; 20.000       ; -2.934     ; 10.531     ;
; 4.535 ; ddfs:inst15|sin_lut:lut_inst|altsyncram:rom_rtl_0|altsyncram_qm81:auto_generated|ram_block1a1~porta_address_reg9 ; VGA_R[9] ; ddfs:inst15|freq_divider_DDFS:f_div_inst|count[19] ; ddfs:inst15|freq_divider_DDFS:f_div_inst|count[19] ; 20.000       ; -2.934     ; 10.531     ;
; 4.609 ; ddfs:inst15|sin_lut:lut_inst|altsyncram:rom_rtl_0|altsyncram_qm81:auto_generated|ram_block1a4~porta_address_reg0 ; VGA_R[6] ; ddfs:inst15|freq_divider_DDFS:f_div_inst|count[19] ; ddfs:inst15|freq_divider_DDFS:f_div_inst|count[19] ; 20.000       ; -2.931     ; 10.460     ;
; 4.609 ; ddfs:inst15|sin_lut:lut_inst|altsyncram:rom_rtl_0|altsyncram_qm81:auto_generated|ram_block1a4~porta_address_reg1 ; VGA_R[6] ; ddfs:inst15|freq_divider_DDFS:f_div_inst|count[19] ; ddfs:inst15|freq_divider_DDFS:f_div_inst|count[19] ; 20.000       ; -2.931     ; 10.460     ;
; 4.609 ; ddfs:inst15|sin_lut:lut_inst|altsyncram:rom_rtl_0|altsyncram_qm81:auto_generated|ram_block1a4~porta_address_reg2 ; VGA_R[6] ; ddfs:inst15|freq_divider_DDFS:f_div_inst|count[19] ; ddfs:inst15|freq_divider_DDFS:f_div_inst|count[19] ; 20.000       ; -2.931     ; 10.460     ;
; 4.609 ; ddfs:inst15|sin_lut:lut_inst|altsyncram:rom_rtl_0|altsyncram_qm81:auto_generated|ram_block1a4~porta_address_reg3 ; VGA_R[6] ; ddfs:inst15|freq_divider_DDFS:f_div_inst|count[19] ; ddfs:inst15|freq_divider_DDFS:f_div_inst|count[19] ; 20.000       ; -2.931     ; 10.460     ;
; 4.609 ; ddfs:inst15|sin_lut:lut_inst|altsyncram:rom_rtl_0|altsyncram_qm81:auto_generated|ram_block1a4~porta_address_reg4 ; VGA_R[6] ; ddfs:inst15|freq_divider_DDFS:f_div_inst|count[19] ; ddfs:inst15|freq_divider_DDFS:f_div_inst|count[19] ; 20.000       ; -2.931     ; 10.460     ;
; 4.609 ; ddfs:inst15|sin_lut:lut_inst|altsyncram:rom_rtl_0|altsyncram_qm81:auto_generated|ram_block1a4~porta_address_reg5 ; VGA_R[6] ; ddfs:inst15|freq_divider_DDFS:f_div_inst|count[19] ; ddfs:inst15|freq_divider_DDFS:f_div_inst|count[19] ; 20.000       ; -2.931     ; 10.460     ;
; 4.609 ; ddfs:inst15|sin_lut:lut_inst|altsyncram:rom_rtl_0|altsyncram_qm81:auto_generated|ram_block1a4~porta_address_reg6 ; VGA_R[6] ; ddfs:inst15|freq_divider_DDFS:f_div_inst|count[19] ; ddfs:inst15|freq_divider_DDFS:f_div_inst|count[19] ; 20.000       ; -2.931     ; 10.460     ;
; 4.609 ; ddfs:inst15|sin_lut:lut_inst|altsyncram:rom_rtl_0|altsyncram_qm81:auto_generated|ram_block1a4~porta_address_reg7 ; VGA_R[6] ; ddfs:inst15|freq_divider_DDFS:f_div_inst|count[19] ; ddfs:inst15|freq_divider_DDFS:f_div_inst|count[19] ; 20.000       ; -2.931     ; 10.460     ;
; 4.609 ; ddfs:inst15|sin_lut:lut_inst|altsyncram:rom_rtl_0|altsyncram_qm81:auto_generated|ram_block1a4~porta_address_reg8 ; VGA_R[6] ; ddfs:inst15|freq_divider_DDFS:f_div_inst|count[19] ; ddfs:inst15|freq_divider_DDFS:f_div_inst|count[19] ; 20.000       ; -2.931     ; 10.460     ;
; 4.609 ; ddfs:inst15|sin_lut:lut_inst|altsyncram:rom_rtl_0|altsyncram_qm81:auto_generated|ram_block1a4~porta_address_reg9 ; VGA_R[6] ; ddfs:inst15|freq_divider_DDFS:f_div_inst|count[19] ; ddfs:inst15|freq_divider_DDFS:f_div_inst|count[19] ; 20.000       ; -2.931     ; 10.460     ;
; 4.637 ; ddfs:inst15|sin_lut:lut_inst|altsyncram:rom_rtl_0|altsyncram_qm81:auto_generated|ram_block1a1~porta_address_reg0 ; VGA_R[7] ; ddfs:inst15|freq_divider_DDFS:f_div_inst|count[19] ; ddfs:inst15|freq_divider_DDFS:f_div_inst|count[19] ; 20.000       ; -2.934     ; 10.429     ;
; 4.637 ; ddfs:inst15|sin_lut:lut_inst|altsyncram:rom_rtl_0|altsyncram_qm81:auto_generated|ram_block1a1~porta_address_reg1 ; VGA_R[7] ; ddfs:inst15|freq_divider_DDFS:f_div_inst|count[19] ; ddfs:inst15|freq_divider_DDFS:f_div_inst|count[19] ; 20.000       ; -2.934     ; 10.429     ;
; 4.637 ; ddfs:inst15|sin_lut:lut_inst|altsyncram:rom_rtl_0|altsyncram_qm81:auto_generated|ram_block1a1~porta_address_reg2 ; VGA_R[7] ; ddfs:inst15|freq_divider_DDFS:f_div_inst|count[19] ; ddfs:inst15|freq_divider_DDFS:f_div_inst|count[19] ; 20.000       ; -2.934     ; 10.429     ;
; 4.637 ; ddfs:inst15|sin_lut:lut_inst|altsyncram:rom_rtl_0|altsyncram_qm81:auto_generated|ram_block1a1~porta_address_reg3 ; VGA_R[7] ; ddfs:inst15|freq_divider_DDFS:f_div_inst|count[19] ; ddfs:inst15|freq_divider_DDFS:f_div_inst|count[19] ; 20.000       ; -2.934     ; 10.429     ;
; 4.637 ; ddfs:inst15|sin_lut:lut_inst|altsyncram:rom_rtl_0|altsyncram_qm81:auto_generated|ram_block1a1~porta_address_reg4 ; VGA_R[7] ; ddfs:inst15|freq_divider_DDFS:f_div_inst|count[19] ; ddfs:inst15|freq_divider_DDFS:f_div_inst|count[19] ; 20.000       ; -2.934     ; 10.429     ;
; 4.637 ; ddfs:inst15|sin_lut:lut_inst|altsyncram:rom_rtl_0|altsyncram_qm81:auto_generated|ram_block1a1~porta_address_reg5 ; VGA_R[7] ; ddfs:inst15|freq_divider_DDFS:f_div_inst|count[19] ; ddfs:inst15|freq_divider_DDFS:f_div_inst|count[19] ; 20.000       ; -2.934     ; 10.429     ;
; 4.637 ; ddfs:inst15|sin_lut:lut_inst|altsyncram:rom_rtl_0|altsyncram_qm81:auto_generated|ram_block1a1~porta_address_reg6 ; VGA_R[7] ; ddfs:inst15|freq_divider_DDFS:f_div_inst|count[19] ; ddfs:inst15|freq_divider_DDFS:f_div_inst|count[19] ; 20.000       ; -2.934     ; 10.429     ;
; 4.637 ; ddfs:inst15|sin_lut:lut_inst|altsyncram:rom_rtl_0|altsyncram_qm81:auto_generated|ram_block1a1~porta_address_reg7 ; VGA_R[7] ; ddfs:inst15|freq_divider_DDFS:f_div_inst|count[19] ; ddfs:inst15|freq_divider_DDFS:f_div_inst|count[19] ; 20.000       ; -2.934     ; 10.429     ;
; 4.637 ; ddfs:inst15|sin_lut:lut_inst|altsyncram:rom_rtl_0|altsyncram_qm81:auto_generated|ram_block1a1~porta_address_reg8 ; VGA_R[7] ; ddfs:inst15|freq_divider_DDFS:f_div_inst|count[19] ; ddfs:inst15|freq_divider_DDFS:f_div_inst|count[19] ; 20.000       ; -2.934     ; 10.429     ;
; 4.637 ; ddfs:inst15|sin_lut:lut_inst|altsyncram:rom_rtl_0|altsyncram_qm81:auto_generated|ram_block1a1~porta_address_reg9 ; VGA_R[7] ; ddfs:inst15|freq_divider_DDFS:f_div_inst|count[19] ; ddfs:inst15|freq_divider_DDFS:f_div_inst|count[19] ; 20.000       ; -2.934     ; 10.429     ;
; 4.654 ; ddfs:inst15|sin_lut:lut_inst|altsyncram:rom_rtl_0|altsyncram_qm81:auto_generated|ram_block1a4~porta_address_reg0 ; VGA_R[9] ; ddfs:inst15|freq_divider_DDFS:f_div_inst|count[19] ; ddfs:inst15|freq_divider_DDFS:f_div_inst|count[19] ; 20.000       ; -2.931     ; 10.415     ;
; 4.654 ; ddfs:inst15|sin_lut:lut_inst|altsyncram:rom_rtl_0|altsyncram_qm81:auto_generated|ram_block1a4~porta_address_reg1 ; VGA_R[9] ; ddfs:inst15|freq_divider_DDFS:f_div_inst|count[19] ; ddfs:inst15|freq_divider_DDFS:f_div_inst|count[19] ; 20.000       ; -2.931     ; 10.415     ;
; 4.654 ; ddfs:inst15|sin_lut:lut_inst|altsyncram:rom_rtl_0|altsyncram_qm81:auto_generated|ram_block1a4~porta_address_reg2 ; VGA_R[9] ; ddfs:inst15|freq_divider_DDFS:f_div_inst|count[19] ; ddfs:inst15|freq_divider_DDFS:f_div_inst|count[19] ; 20.000       ; -2.931     ; 10.415     ;
; 4.654 ; ddfs:inst15|sin_lut:lut_inst|altsyncram:rom_rtl_0|altsyncram_qm81:auto_generated|ram_block1a4~porta_address_reg3 ; VGA_R[9] ; ddfs:inst15|freq_divider_DDFS:f_div_inst|count[19] ; ddfs:inst15|freq_divider_DDFS:f_div_inst|count[19] ; 20.000       ; -2.931     ; 10.415     ;
; 4.654 ; ddfs:inst15|sin_lut:lut_inst|altsyncram:rom_rtl_0|altsyncram_qm81:auto_generated|ram_block1a4~porta_address_reg4 ; VGA_R[9] ; ddfs:inst15|freq_divider_DDFS:f_div_inst|count[19] ; ddfs:inst15|freq_divider_DDFS:f_div_inst|count[19] ; 20.000       ; -2.931     ; 10.415     ;
; 4.654 ; ddfs:inst15|sin_lut:lut_inst|altsyncram:rom_rtl_0|altsyncram_qm81:auto_generated|ram_block1a4~porta_address_reg5 ; VGA_R[9] ; ddfs:inst15|freq_divider_DDFS:f_div_inst|count[19] ; ddfs:inst15|freq_divider_DDFS:f_div_inst|count[19] ; 20.000       ; -2.931     ; 10.415     ;
; 4.654 ; ddfs:inst15|sin_lut:lut_inst|altsyncram:rom_rtl_0|altsyncram_qm81:auto_generated|ram_block1a4~porta_address_reg6 ; VGA_R[9] ; ddfs:inst15|freq_divider_DDFS:f_div_inst|count[19] ; ddfs:inst15|freq_divider_DDFS:f_div_inst|count[19] ; 20.000       ; -2.931     ; 10.415     ;
; 4.654 ; ddfs:inst15|sin_lut:lut_inst|altsyncram:rom_rtl_0|altsyncram_qm81:auto_generated|ram_block1a4~porta_address_reg7 ; VGA_R[9] ; ddfs:inst15|freq_divider_DDFS:f_div_inst|count[19] ; ddfs:inst15|freq_divider_DDFS:f_div_inst|count[19] ; 20.000       ; -2.931     ; 10.415     ;
; 4.654 ; ddfs:inst15|sin_lut:lut_inst|altsyncram:rom_rtl_0|altsyncram_qm81:auto_generated|ram_block1a4~porta_address_reg8 ; VGA_R[9] ; ddfs:inst15|freq_divider_DDFS:f_div_inst|count[19] ; ddfs:inst15|freq_divider_DDFS:f_div_inst|count[19] ; 20.000       ; -2.931     ; 10.415     ;
; 4.654 ; ddfs:inst15|sin_lut:lut_inst|altsyncram:rom_rtl_0|altsyncram_qm81:auto_generated|ram_block1a4~porta_address_reg9 ; VGA_R[9] ; ddfs:inst15|freq_divider_DDFS:f_div_inst|count[19] ; ddfs:inst15|freq_divider_DDFS:f_div_inst|count[19] ; 20.000       ; -2.931     ; 10.415     ;
; 4.756 ; ddfs:inst15|sin_lut:lut_inst|altsyncram:rom_rtl_0|altsyncram_qm81:auto_generated|ram_block1a4~porta_address_reg0 ; VGA_R[7] ; ddfs:inst15|freq_divider_DDFS:f_div_inst|count[19] ; ddfs:inst15|freq_divider_DDFS:f_div_inst|count[19] ; 20.000       ; -2.931     ; 10.313     ;
; 4.756 ; ddfs:inst15|sin_lut:lut_inst|altsyncram:rom_rtl_0|altsyncram_qm81:auto_generated|ram_block1a4~porta_address_reg1 ; VGA_R[7] ; ddfs:inst15|freq_divider_DDFS:f_div_inst|count[19] ; ddfs:inst15|freq_divider_DDFS:f_div_inst|count[19] ; 20.000       ; -2.931     ; 10.313     ;
; 4.756 ; ddfs:inst15|sin_lut:lut_inst|altsyncram:rom_rtl_0|altsyncram_qm81:auto_generated|ram_block1a4~porta_address_reg2 ; VGA_R[7] ; ddfs:inst15|freq_divider_DDFS:f_div_inst|count[19] ; ddfs:inst15|freq_divider_DDFS:f_div_inst|count[19] ; 20.000       ; -2.931     ; 10.313     ;
; 4.756 ; ddfs:inst15|sin_lut:lut_inst|altsyncram:rom_rtl_0|altsyncram_qm81:auto_generated|ram_block1a4~porta_address_reg3 ; VGA_R[7] ; ddfs:inst15|freq_divider_DDFS:f_div_inst|count[19] ; ddfs:inst15|freq_divider_DDFS:f_div_inst|count[19] ; 20.000       ; -2.931     ; 10.313     ;
; 4.756 ; ddfs:inst15|sin_lut:lut_inst|altsyncram:rom_rtl_0|altsyncram_qm81:auto_generated|ram_block1a4~porta_address_reg4 ; VGA_R[7] ; ddfs:inst15|freq_divider_DDFS:f_div_inst|count[19] ; ddfs:inst15|freq_divider_DDFS:f_div_inst|count[19] ; 20.000       ; -2.931     ; 10.313     ;
; 4.756 ; ddfs:inst15|sin_lut:lut_inst|altsyncram:rom_rtl_0|altsyncram_qm81:auto_generated|ram_block1a4~porta_address_reg5 ; VGA_R[7] ; ddfs:inst15|freq_divider_DDFS:f_div_inst|count[19] ; ddfs:inst15|freq_divider_DDFS:f_div_inst|count[19] ; 20.000       ; -2.931     ; 10.313     ;
; 4.756 ; ddfs:inst15|sin_lut:lut_inst|altsyncram:rom_rtl_0|altsyncram_qm81:auto_generated|ram_block1a4~porta_address_reg6 ; VGA_R[7] ; ddfs:inst15|freq_divider_DDFS:f_div_inst|count[19] ; ddfs:inst15|freq_divider_DDFS:f_div_inst|count[19] ; 20.000       ; -2.931     ; 10.313     ;
; 4.756 ; ddfs:inst15|sin_lut:lut_inst|altsyncram:rom_rtl_0|altsyncram_qm81:auto_generated|ram_block1a4~porta_address_reg7 ; VGA_R[7] ; ddfs:inst15|freq_divider_DDFS:f_div_inst|count[19] ; ddfs:inst15|freq_divider_DDFS:f_div_inst|count[19] ; 20.000       ; -2.931     ; 10.313     ;
; 4.756 ; ddfs:inst15|sin_lut:lut_inst|altsyncram:rom_rtl_0|altsyncram_qm81:auto_generated|ram_block1a4~porta_address_reg8 ; VGA_R[7] ; ddfs:inst15|freq_divider_DDFS:f_div_inst|count[19] ; ddfs:inst15|freq_divider_DDFS:f_div_inst|count[19] ; 20.000       ; -2.931     ; 10.313     ;
; 4.756 ; ddfs:inst15|sin_lut:lut_inst|altsyncram:rom_rtl_0|altsyncram_qm81:auto_generated|ram_block1a4~porta_address_reg9 ; VGA_R[7] ; ddfs:inst15|freq_divider_DDFS:f_div_inst|count[19] ; ddfs:inst15|freq_divider_DDFS:f_div_inst|count[19] ; 20.000       ; -2.931     ; 10.313     ;
; 4.924 ; ddfs:inst15|sin_lut:lut_inst|altsyncram:rom_rtl_0|altsyncram_qm81:auto_generated|ram_block1a8~porta_address_reg0 ; VGA_R[8] ; ddfs:inst15|freq_divider_DDFS:f_div_inst|count[19] ; ddfs:inst15|freq_divider_DDFS:f_div_inst|count[19] ; 20.000       ; -2.935     ; 10.141     ;
; 4.924 ; ddfs:inst15|sin_lut:lut_inst|altsyncram:rom_rtl_0|altsyncram_qm81:auto_generated|ram_block1a8~porta_address_reg1 ; VGA_R[8] ; ddfs:inst15|freq_divider_DDFS:f_div_inst|count[19] ; ddfs:inst15|freq_divider_DDFS:f_div_inst|count[19] ; 20.000       ; -2.935     ; 10.141     ;
; 4.924 ; ddfs:inst15|sin_lut:lut_inst|altsyncram:rom_rtl_0|altsyncram_qm81:auto_generated|ram_block1a8~porta_address_reg2 ; VGA_R[8] ; ddfs:inst15|freq_divider_DDFS:f_div_inst|count[19] ; ddfs:inst15|freq_divider_DDFS:f_div_inst|count[19] ; 20.000       ; -2.935     ; 10.141     ;
; 4.924 ; ddfs:inst15|sin_lut:lut_inst|altsyncram:rom_rtl_0|altsyncram_qm81:auto_generated|ram_block1a8~porta_address_reg3 ; VGA_R[8] ; ddfs:inst15|freq_divider_DDFS:f_div_inst|count[19] ; ddfs:inst15|freq_divider_DDFS:f_div_inst|count[19] ; 20.000       ; -2.935     ; 10.141     ;
; 4.924 ; ddfs:inst15|sin_lut:lut_inst|altsyncram:rom_rtl_0|altsyncram_qm81:auto_generated|ram_block1a8~porta_address_reg4 ; VGA_R[8] ; ddfs:inst15|freq_divider_DDFS:f_div_inst|count[19] ; ddfs:inst15|freq_divider_DDFS:f_div_inst|count[19] ; 20.000       ; -2.935     ; 10.141     ;
; 4.924 ; ddfs:inst15|sin_lut:lut_inst|altsyncram:rom_rtl_0|altsyncram_qm81:auto_generated|ram_block1a8~porta_address_reg5 ; VGA_R[8] ; ddfs:inst15|freq_divider_DDFS:f_div_inst|count[19] ; ddfs:inst15|freq_divider_DDFS:f_div_inst|count[19] ; 20.000       ; -2.935     ; 10.141     ;
; 4.924 ; ddfs:inst15|sin_lut:lut_inst|altsyncram:rom_rtl_0|altsyncram_qm81:auto_generated|ram_block1a8~porta_address_reg6 ; VGA_R[8] ; ddfs:inst15|freq_divider_DDFS:f_div_inst|count[19] ; ddfs:inst15|freq_divider_DDFS:f_div_inst|count[19] ; 20.000       ; -2.935     ; 10.141     ;
; 4.924 ; ddfs:inst15|sin_lut:lut_inst|altsyncram:rom_rtl_0|altsyncram_qm81:auto_generated|ram_block1a8~porta_address_reg7 ; VGA_R[8] ; ddfs:inst15|freq_divider_DDFS:f_div_inst|count[19] ; ddfs:inst15|freq_divider_DDFS:f_div_inst|count[19] ; 20.000       ; -2.935     ; 10.141     ;
; 4.924 ; ddfs:inst15|sin_lut:lut_inst|altsyncram:rom_rtl_0|altsyncram_qm81:auto_generated|ram_block1a8~porta_address_reg8 ; VGA_R[8] ; ddfs:inst15|freq_divider_DDFS:f_div_inst|count[19] ; ddfs:inst15|freq_divider_DDFS:f_div_inst|count[19] ; 20.000       ; -2.935     ; 10.141     ;
; 4.924 ; ddfs:inst15|sin_lut:lut_inst|altsyncram:rom_rtl_0|altsyncram_qm81:auto_generated|ram_block1a8~porta_address_reg9 ; VGA_R[8] ; ddfs:inst15|freq_divider_DDFS:f_div_inst|count[19] ; ddfs:inst15|freq_divider_DDFS:f_div_inst|count[19] ; 20.000       ; -2.935     ; 10.141     ;
; 4.974 ; ddfs:inst15|sin_lut:lut_inst|altsyncram:rom_rtl_0|altsyncram_qm81:auto_generated|ram_block1a1~porta_address_reg0 ; VGA_R[5] ; ddfs:inst15|freq_divider_DDFS:f_div_inst|count[19] ; ddfs:inst15|freq_divider_DDFS:f_div_inst|count[19] ; 20.000       ; -2.934     ; 10.092     ;
; 4.974 ; ddfs:inst15|sin_lut:lut_inst|altsyncram:rom_rtl_0|altsyncram_qm81:auto_generated|ram_block1a1~porta_address_reg1 ; VGA_R[5] ; ddfs:inst15|freq_divider_DDFS:f_div_inst|count[19] ; ddfs:inst15|freq_divider_DDFS:f_div_inst|count[19] ; 20.000       ; -2.934     ; 10.092     ;
; 4.974 ; ddfs:inst15|sin_lut:lut_inst|altsyncram:rom_rtl_0|altsyncram_qm81:auto_generated|ram_block1a1~porta_address_reg2 ; VGA_R[5] ; ddfs:inst15|freq_divider_DDFS:f_div_inst|count[19] ; ddfs:inst15|freq_divider_DDFS:f_div_inst|count[19] ; 20.000       ; -2.934     ; 10.092     ;
; 4.974 ; ddfs:inst15|sin_lut:lut_inst|altsyncram:rom_rtl_0|altsyncram_qm81:auto_generated|ram_block1a1~porta_address_reg3 ; VGA_R[5] ; ddfs:inst15|freq_divider_DDFS:f_div_inst|count[19] ; ddfs:inst15|freq_divider_DDFS:f_div_inst|count[19] ; 20.000       ; -2.934     ; 10.092     ;
; 4.974 ; ddfs:inst15|sin_lut:lut_inst|altsyncram:rom_rtl_0|altsyncram_qm81:auto_generated|ram_block1a1~porta_address_reg4 ; VGA_R[5] ; ddfs:inst15|freq_divider_DDFS:f_div_inst|count[19] ; ddfs:inst15|freq_divider_DDFS:f_div_inst|count[19] ; 20.000       ; -2.934     ; 10.092     ;
; 4.974 ; ddfs:inst15|sin_lut:lut_inst|altsyncram:rom_rtl_0|altsyncram_qm81:auto_generated|ram_block1a1~porta_address_reg5 ; VGA_R[5] ; ddfs:inst15|freq_divider_DDFS:f_div_inst|count[19] ; ddfs:inst15|freq_divider_DDFS:f_div_inst|count[19] ; 20.000       ; -2.934     ; 10.092     ;
; 4.974 ; ddfs:inst15|sin_lut:lut_inst|altsyncram:rom_rtl_0|altsyncram_qm81:auto_generated|ram_block1a1~porta_address_reg6 ; VGA_R[5] ; ddfs:inst15|freq_divider_DDFS:f_div_inst|count[19] ; ddfs:inst15|freq_divider_DDFS:f_div_inst|count[19] ; 20.000       ; -2.934     ; 10.092     ;
; 4.974 ; ddfs:inst15|sin_lut:lut_inst|altsyncram:rom_rtl_0|altsyncram_qm81:auto_generated|ram_block1a1~porta_address_reg7 ; VGA_R[5] ; ddfs:inst15|freq_divider_DDFS:f_div_inst|count[19] ; ddfs:inst15|freq_divider_DDFS:f_div_inst|count[19] ; 20.000       ; -2.934     ; 10.092     ;
; 4.974 ; ddfs:inst15|sin_lut:lut_inst|altsyncram:rom_rtl_0|altsyncram_qm81:auto_generated|ram_block1a1~porta_address_reg8 ; VGA_R[5] ; ddfs:inst15|freq_divider_DDFS:f_div_inst|count[19] ; ddfs:inst15|freq_divider_DDFS:f_div_inst|count[19] ; 20.000       ; -2.934     ; 10.092     ;
+-------+------------------------------------------------------------------------------------------------------------------+----------+----------------------------------------------------+----------------------------------------------------+--------------+------------+------------+


+-------------------------------------------------------------------------------------------------------------------------------------------------------------------------------------------------------------------------------+
; Slow Model Setup: 'inst|altpll_component|pll|clk[0]'                                                                                                                                                                          ;
+-------+---------------------------------------------------+----------------------------------------------------+----------------------------------+----------------------------------+--------------+------------+------------+
; Slack ; From Node                                         ; To Node                                            ; Launch Clock                     ; Latch Clock                      ; Relationship ; Clock Skew ; Data Delay ;
+-------+---------------------------------------------------+----------------------------------------------------+----------------------------------+----------------------------------+--------------+------------+------------+
; 2.800 ; metastab_3xdff:inst4|freq_control_sync[1]         ; ddfs:inst15|freq_divider_DDFS:f_div_inst|count[8]  ; inst|altpll_component|pll|clk[0] ; inst|altpll_component|pll|clk[0] ; 10.000       ; -0.001     ; 7.235      ;
; 2.800 ; metastab_3xdff:inst4|freq_control_sync[1]         ; ddfs:inst15|freq_divider_DDFS:f_div_inst|count[9]  ; inst|altpll_component|pll|clk[0] ; inst|altpll_component|pll|clk[0] ; 10.000       ; -0.001     ; 7.235      ;
; 2.801 ; metastab_3xdff:inst4|freq_control_sync[1]         ; ddfs:inst15|freq_divider_DDFS:f_div_inst|count[3]  ; inst|altpll_component|pll|clk[0] ; inst|altpll_component|pll|clk[0] ; 10.000       ; -0.001     ; 7.234      ;
; 2.801 ; metastab_3xdff:inst4|freq_control_sync[1]         ; ddfs:inst15|freq_divider_DDFS:f_div_inst|count[5]  ; inst|altpll_component|pll|clk[0] ; inst|altpll_component|pll|clk[0] ; 10.000       ; -0.001     ; 7.234      ;
; 2.803 ; metastab_3xdff:inst4|freq_control_sync[1]         ; ddfs:inst15|freq_divider_DDFS:f_div_inst|count[0]  ; inst|altpll_component|pll|clk[0] ; inst|altpll_component|pll|clk[0] ; 10.000       ; -0.001     ; 7.232      ;
; 2.803 ; metastab_3xdff:inst4|freq_control_sync[1]         ; ddfs:inst15|freq_divider_DDFS:f_div_inst|count[1]  ; inst|altpll_component|pll|clk[0] ; inst|altpll_component|pll|clk[0] ; 10.000       ; -0.001     ; 7.232      ;
; 2.889 ; metastab_3xdff:inst4|freq_control_sync[2]         ; ddfs:inst15|freq_divider_DDFS:f_div_inst|count[8]  ; inst|altpll_component|pll|clk[0] ; inst|altpll_component|pll|clk[0] ; 10.000       ; -0.005     ; 7.142      ;
; 2.889 ; metastab_3xdff:inst4|freq_control_sync[2]         ; ddfs:inst15|freq_divider_DDFS:f_div_inst|count[9]  ; inst|altpll_component|pll|clk[0] ; inst|altpll_component|pll|clk[0] ; 10.000       ; -0.005     ; 7.142      ;
; 2.890 ; metastab_3xdff:inst4|freq_control_sync[2]         ; ddfs:inst15|freq_divider_DDFS:f_div_inst|count[3]  ; inst|altpll_component|pll|clk[0] ; inst|altpll_component|pll|clk[0] ; 10.000       ; -0.005     ; 7.141      ;
; 2.890 ; metastab_3xdff:inst4|freq_control_sync[2]         ; ddfs:inst15|freq_divider_DDFS:f_div_inst|count[5]  ; inst|altpll_component|pll|clk[0] ; inst|altpll_component|pll|clk[0] ; 10.000       ; -0.005     ; 7.141      ;
; 2.892 ; metastab_3xdff:inst4|freq_control_sync[2]         ; ddfs:inst15|freq_divider_DDFS:f_div_inst|count[0]  ; inst|altpll_component|pll|clk[0] ; inst|altpll_component|pll|clk[0] ; 10.000       ; -0.005     ; 7.139      ;
; 2.892 ; metastab_3xdff:inst4|freq_control_sync[2]         ; ddfs:inst15|freq_divider_DDFS:f_div_inst|count[1]  ; inst|altpll_component|pll|clk[0] ; inst|altpll_component|pll|clk[0] ; 10.000       ; -0.005     ; 7.139      ;
; 2.937 ; metastab_3xdff:inst4|freq_control_sync[1]         ; ddfs:inst15|freq_divider_DDFS:f_div_inst|count[15] ; inst|altpll_component|pll|clk[0] ; inst|altpll_component|pll|clk[0] ; 10.000       ; 0.004      ; 7.103      ;
; 3.000 ; metastab_3xdff:inst4|freq_control_sync[0]         ; ddfs:inst15|freq_divider_DDFS:f_div_inst|count[8]  ; inst|altpll_component|pll|clk[0] ; inst|altpll_component|pll|clk[0] ; 10.000       ; -0.005     ; 7.031      ;
; 3.000 ; metastab_3xdff:inst4|freq_control_sync[0]         ; ddfs:inst15|freq_divider_DDFS:f_div_inst|count[9]  ; inst|altpll_component|pll|clk[0] ; inst|altpll_component|pll|clk[0] ; 10.000       ; -0.005     ; 7.031      ;
; 3.001 ; metastab_3xdff:inst4|freq_control_sync[0]         ; ddfs:inst15|freq_divider_DDFS:f_div_inst|count[3]  ; inst|altpll_component|pll|clk[0] ; inst|altpll_component|pll|clk[0] ; 10.000       ; -0.005     ; 7.030      ;
; 3.001 ; metastab_3xdff:inst4|freq_control_sync[0]         ; ddfs:inst15|freq_divider_DDFS:f_div_inst|count[5]  ; inst|altpll_component|pll|clk[0] ; inst|altpll_component|pll|clk[0] ; 10.000       ; -0.005     ; 7.030      ;
; 3.003 ; metastab_3xdff:inst4|freq_control_sync[0]         ; ddfs:inst15|freq_divider_DDFS:f_div_inst|count[0]  ; inst|altpll_component|pll|clk[0] ; inst|altpll_component|pll|clk[0] ; 10.000       ; -0.005     ; 7.028      ;
; 3.003 ; metastab_3xdff:inst4|freq_control_sync[0]         ; ddfs:inst15|freq_divider_DDFS:f_div_inst|count[1]  ; inst|altpll_component|pll|clk[0] ; inst|altpll_component|pll|clk[0] ; 10.000       ; -0.005     ; 7.028      ;
; 3.026 ; metastab_3xdff:inst4|freq_control_sync[2]         ; ddfs:inst15|freq_divider_DDFS:f_div_inst|count[15] ; inst|altpll_component|pll|clk[0] ; inst|altpll_component|pll|clk[0] ; 10.000       ; 0.000      ; 7.010      ;
; 3.056 ; metastab_3xdff:inst4|freq_control_sync[1]         ; ddfs:inst15|freq_divider_DDFS:f_div_inst|count[2]  ; inst|altpll_component|pll|clk[0] ; inst|altpll_component|pll|clk[0] ; 10.000       ; 0.000      ; 6.980      ;
; 3.056 ; metastab_3xdff:inst4|freq_control_sync[1]         ; ddfs:inst15|freq_divider_DDFS:f_div_inst|count[6]  ; inst|altpll_component|pll|clk[0] ; inst|altpll_component|pll|clk[0] ; 10.000       ; 0.000      ; 6.980      ;
; 3.119 ; metastab_3xdff:inst4|freq_control_sync[1]         ; ddfs:inst15|freq_divider_DDFS:f_div_inst|count[18] ; inst|altpll_component|pll|clk[0] ; inst|altpll_component|pll|clk[0] ; 10.000       ; 0.004      ; 6.921      ;
; 3.137 ; metastab_3xdff:inst4|freq_control_sync[0]         ; ddfs:inst15|freq_divider_DDFS:f_div_inst|count[15] ; inst|altpll_component|pll|clk[0] ; inst|altpll_component|pll|clk[0] ; 10.000       ; 0.000      ; 6.899      ;
; 3.145 ; metastab_3xdff:inst4|freq_control_sync[2]         ; ddfs:inst15|freq_divider_DDFS:f_div_inst|count[2]  ; inst|altpll_component|pll|clk[0] ; inst|altpll_component|pll|clk[0] ; 10.000       ; -0.004     ; 6.887      ;
; 3.145 ; metastab_3xdff:inst4|freq_control_sync[2]         ; ddfs:inst15|freq_divider_DDFS:f_div_inst|count[6]  ; inst|altpll_component|pll|clk[0] ; inst|altpll_component|pll|clk[0] ; 10.000       ; -0.004     ; 6.887      ;
; 3.208 ; metastab_3xdff:inst4|freq_control_sync[2]         ; ddfs:inst15|freq_divider_DDFS:f_div_inst|count[18] ; inst|altpll_component|pll|clk[0] ; inst|altpll_component|pll|clk[0] ; 10.000       ; 0.000      ; 6.828      ;
; 3.256 ; metastab_3xdff:inst4|freq_control_sync[0]         ; ddfs:inst15|freq_divider_DDFS:f_div_inst|count[2]  ; inst|altpll_component|pll|clk[0] ; inst|altpll_component|pll|clk[0] ; 10.000       ; -0.004     ; 6.776      ;
; 3.256 ; metastab_3xdff:inst4|freq_control_sync[0]         ; ddfs:inst15|freq_divider_DDFS:f_div_inst|count[6]  ; inst|altpll_component|pll|clk[0] ; inst|altpll_component|pll|clk[0] ; 10.000       ; -0.004     ; 6.776      ;
; 3.317 ; metastab_3xdff:inst4|freq_control_sync[1]         ; ddfs:inst15|freq_divider_DDFS:f_div_inst|count[13] ; inst|altpll_component|pll|clk[0] ; inst|altpll_component|pll|clk[0] ; 10.000       ; 0.004      ; 6.723      ;
; 3.319 ; metastab_3xdff:inst4|freq_control_sync[0]         ; ddfs:inst15|freq_divider_DDFS:f_div_inst|count[18] ; inst|altpll_component|pll|clk[0] ; inst|altpll_component|pll|clk[0] ; 10.000       ; 0.000      ; 6.717      ;
; 3.406 ; metastab_3xdff:inst4|freq_control_sync[2]         ; ddfs:inst15|freq_divider_DDFS:f_div_inst|count[13] ; inst|altpll_component|pll|clk[0] ; inst|altpll_component|pll|clk[0] ; 10.000       ; 0.000      ; 6.630      ;
; 3.517 ; metastab_3xdff:inst4|freq_control_sync[0]         ; ddfs:inst15|freq_divider_DDFS:f_div_inst|count[13] ; inst|altpll_component|pll|clk[0] ; inst|altpll_component|pll|clk[0] ; 10.000       ; 0.000      ; 6.519      ;
; 3.592 ; metastab_3xdff:inst4|freq_control_sync[1]         ; ddfs:inst15|freq_divider_DDFS:f_div_inst|count[16] ; inst|altpll_component|pll|clk[0] ; inst|altpll_component|pll|clk[0] ; 10.000       ; 0.004      ; 6.448      ;
; 3.592 ; metastab_3xdff:inst4|freq_control_sync[1]         ; ddfs:inst15|freq_divider_DDFS:f_div_inst|count[17] ; inst|altpll_component|pll|clk[0] ; inst|altpll_component|pll|clk[0] ; 10.000       ; 0.004      ; 6.448      ;
; 3.681 ; metastab_3xdff:inst4|freq_control_sync[2]         ; ddfs:inst15|freq_divider_DDFS:f_div_inst|count[16] ; inst|altpll_component|pll|clk[0] ; inst|altpll_component|pll|clk[0] ; 10.000       ; 0.000      ; 6.355      ;
; 3.681 ; metastab_3xdff:inst4|freq_control_sync[2]         ; ddfs:inst15|freq_divider_DDFS:f_div_inst|count[17] ; inst|altpll_component|pll|clk[0] ; inst|altpll_component|pll|clk[0] ; 10.000       ; 0.000      ; 6.355      ;
; 3.780 ; metastab_3xdff:inst4|freq_control_sync[1]         ; ddfs:inst15|freq_divider_DDFS:f_div_inst|count[14] ; inst|altpll_component|pll|clk[0] ; inst|altpll_component|pll|clk[0] ; 10.000       ; 0.004      ; 6.260      ;
; 3.782 ; metastab_3xdff:inst4|freq_control_sync[1]         ; ddfs:inst15|freq_divider_DDFS:f_div_inst|count[11] ; inst|altpll_component|pll|clk[0] ; inst|altpll_component|pll|clk[0] ; 10.000       ; 0.004      ; 6.258      ;
; 3.783 ; metastab_3xdff:inst4|freq_control_sync[1]         ; ddfs:inst15|freq_divider_DDFS:f_div_inst|count[12] ; inst|altpll_component|pll|clk[0] ; inst|altpll_component|pll|clk[0] ; 10.000       ; 0.004      ; 6.257      ;
; 3.784 ; metastab_3xdff:inst4|freq_control_sync[1]         ; ddfs:inst15|freq_divider_DDFS:f_div_inst|count[7]  ; inst|altpll_component|pll|clk[0] ; inst|altpll_component|pll|clk[0] ; 10.000       ; 0.004      ; 6.256      ;
; 3.784 ; metastab_3xdff:inst4|freq_control_sync[1]         ; ddfs:inst15|freq_divider_DDFS:f_div_inst|count[10] ; inst|altpll_component|pll|clk[0] ; inst|altpll_component|pll|clk[0] ; 10.000       ; 0.004      ; 6.256      ;
; 3.792 ; metastab_3xdff:inst4|freq_control_sync[0]         ; ddfs:inst15|freq_divider_DDFS:f_div_inst|count[16] ; inst|altpll_component|pll|clk[0] ; inst|altpll_component|pll|clk[0] ; 10.000       ; 0.000      ; 6.244      ;
; 3.792 ; metastab_3xdff:inst4|freq_control_sync[0]         ; ddfs:inst15|freq_divider_DDFS:f_div_inst|count[17] ; inst|altpll_component|pll|clk[0] ; inst|altpll_component|pll|clk[0] ; 10.000       ; 0.000      ; 6.244      ;
; 3.869 ; metastab_3xdff:inst4|freq_control_sync[2]         ; ddfs:inst15|freq_divider_DDFS:f_div_inst|count[14] ; inst|altpll_component|pll|clk[0] ; inst|altpll_component|pll|clk[0] ; 10.000       ; 0.000      ; 6.167      ;
; 3.871 ; metastab_3xdff:inst4|freq_control_sync[2]         ; ddfs:inst15|freq_divider_DDFS:f_div_inst|count[11] ; inst|altpll_component|pll|clk[0] ; inst|altpll_component|pll|clk[0] ; 10.000       ; 0.000      ; 6.165      ;
; 3.872 ; metastab_3xdff:inst4|freq_control_sync[2]         ; ddfs:inst15|freq_divider_DDFS:f_div_inst|count[12] ; inst|altpll_component|pll|clk[0] ; inst|altpll_component|pll|clk[0] ; 10.000       ; 0.000      ; 6.164      ;
; 3.873 ; metastab_3xdff:inst4|freq_control_sync[2]         ; ddfs:inst15|freq_divider_DDFS:f_div_inst|count[7]  ; inst|altpll_component|pll|clk[0] ; inst|altpll_component|pll|clk[0] ; 10.000       ; 0.000      ; 6.163      ;
; 3.873 ; metastab_3xdff:inst4|freq_control_sync[2]         ; ddfs:inst15|freq_divider_DDFS:f_div_inst|count[10] ; inst|altpll_component|pll|clk[0] ; inst|altpll_component|pll|clk[0] ; 10.000       ; 0.000      ; 6.163      ;
; 3.980 ; metastab_3xdff:inst4|freq_control_sync[0]         ; ddfs:inst15|freq_divider_DDFS:f_div_inst|count[14] ; inst|altpll_component|pll|clk[0] ; inst|altpll_component|pll|clk[0] ; 10.000       ; 0.000      ; 6.056      ;
; 3.982 ; metastab_3xdff:inst4|freq_control_sync[0]         ; ddfs:inst15|freq_divider_DDFS:f_div_inst|count[11] ; inst|altpll_component|pll|clk[0] ; inst|altpll_component|pll|clk[0] ; 10.000       ; 0.000      ; 6.054      ;
; 3.983 ; metastab_3xdff:inst4|freq_control_sync[0]         ; ddfs:inst15|freq_divider_DDFS:f_div_inst|count[12] ; inst|altpll_component|pll|clk[0] ; inst|altpll_component|pll|clk[0] ; 10.000       ; 0.000      ; 6.053      ;
; 3.984 ; metastab_3xdff:inst4|freq_control_sync[0]         ; ddfs:inst15|freq_divider_DDFS:f_div_inst|count[7]  ; inst|altpll_component|pll|clk[0] ; inst|altpll_component|pll|clk[0] ; 10.000       ; 0.000      ; 6.052      ;
; 3.984 ; metastab_3xdff:inst4|freq_control_sync[0]         ; ddfs:inst15|freq_divider_DDFS:f_div_inst|count[10] ; inst|altpll_component|pll|clk[0] ; inst|altpll_component|pll|clk[0] ; 10.000       ; 0.000      ; 6.052      ;
; 4.008 ; metastab_3xdff:inst4|freq_control_sync[1]         ; ddfs:inst15|freq_divider_DDFS:f_div_inst|count[4]  ; inst|altpll_component|pll|clk[0] ; inst|altpll_component|pll|clk[0] ; 10.000       ; 0.004      ; 6.032      ;
; 4.010 ; metastab_3xdff:inst4|freq_control_sync[1]         ; ddfs:inst15|freq_divider_DDFS:f_div_inst|count[19] ; inst|altpll_component|pll|clk[0] ; inst|altpll_component|pll|clk[0] ; 10.000       ; 0.004      ; 6.030      ;
; 4.097 ; metastab_3xdff:inst4|freq_control_sync[2]         ; ddfs:inst15|freq_divider_DDFS:f_div_inst|count[4]  ; inst|altpll_component|pll|clk[0] ; inst|altpll_component|pll|clk[0] ; 10.000       ; 0.000      ; 5.939      ;
; 4.099 ; metastab_3xdff:inst4|freq_control_sync[2]         ; ddfs:inst15|freq_divider_DDFS:f_div_inst|count[19] ; inst|altpll_component|pll|clk[0] ; inst|altpll_component|pll|clk[0] ; 10.000       ; 0.000      ; 5.937      ;
; 4.208 ; metastab_3xdff:inst4|freq_control_sync[0]         ; ddfs:inst15|freq_divider_DDFS:f_div_inst|count[4]  ; inst|altpll_component|pll|clk[0] ; inst|altpll_component|pll|clk[0] ; 10.000       ; 0.000      ; 5.828      ;
; 4.210 ; metastab_3xdff:inst4|freq_control_sync[0]         ; ddfs:inst15|freq_divider_DDFS:f_div_inst|count[19] ; inst|altpll_component|pll|clk[0] ; inst|altpll_component|pll|clk[0] ; 10.000       ; 0.000      ; 5.826      ;
; 5.106 ; ddfs:inst15|freq_divider_DDFS:f_div_inst|count[4] ; ddfs:inst15|freq_divider_DDFS:f_div_inst|count[8]  ; inst|altpll_component|pll|clk[0] ; inst|altpll_component|pll|clk[0] ; 10.000       ; -0.005     ; 4.925      ;
; 5.106 ; ddfs:inst15|freq_divider_DDFS:f_div_inst|count[4] ; ddfs:inst15|freq_divider_DDFS:f_div_inst|count[9]  ; inst|altpll_component|pll|clk[0] ; inst|altpll_component|pll|clk[0] ; 10.000       ; -0.005     ; 4.925      ;
; 5.107 ; ddfs:inst15|freq_divider_DDFS:f_div_inst|count[4] ; ddfs:inst15|freq_divider_DDFS:f_div_inst|count[3]  ; inst|altpll_component|pll|clk[0] ; inst|altpll_component|pll|clk[0] ; 10.000       ; -0.005     ; 4.924      ;
; 5.107 ; ddfs:inst15|freq_divider_DDFS:f_div_inst|count[4] ; ddfs:inst15|freq_divider_DDFS:f_div_inst|count[5]  ; inst|altpll_component|pll|clk[0] ; inst|altpll_component|pll|clk[0] ; 10.000       ; -0.005     ; 4.924      ;
; 5.109 ; ddfs:inst15|freq_divider_DDFS:f_div_inst|count[4] ; ddfs:inst15|freq_divider_DDFS:f_div_inst|count[0]  ; inst|altpll_component|pll|clk[0] ; inst|altpll_component|pll|clk[0] ; 10.000       ; -0.005     ; 4.922      ;
; 5.109 ; ddfs:inst15|freq_divider_DDFS:f_div_inst|count[4] ; ddfs:inst15|freq_divider_DDFS:f_div_inst|count[1]  ; inst|altpll_component|pll|clk[0] ; inst|altpll_component|pll|clk[0] ; 10.000       ; -0.005     ; 4.922      ;
; 5.213 ; ddfs:inst15|freq_divider_DDFS:f_div_inst|count[0] ; ddfs:inst15|freq_divider_DDFS:f_div_inst|count[8]  ; inst|altpll_component|pll|clk[0] ; inst|altpll_component|pll|clk[0] ; 10.000       ; 0.000      ; 4.823      ;
; 5.213 ; ddfs:inst15|freq_divider_DDFS:f_div_inst|count[0] ; ddfs:inst15|freq_divider_DDFS:f_div_inst|count[9]  ; inst|altpll_component|pll|clk[0] ; inst|altpll_component|pll|clk[0] ; 10.000       ; 0.000      ; 4.823      ;
; 5.214 ; ddfs:inst15|freq_divider_DDFS:f_div_inst|count[0] ; ddfs:inst15|freq_divider_DDFS:f_div_inst|count[3]  ; inst|altpll_component|pll|clk[0] ; inst|altpll_component|pll|clk[0] ; 10.000       ; 0.000      ; 4.822      ;
; 5.214 ; ddfs:inst15|freq_divider_DDFS:f_div_inst|count[0] ; ddfs:inst15|freq_divider_DDFS:f_div_inst|count[5]  ; inst|altpll_component|pll|clk[0] ; inst|altpll_component|pll|clk[0] ; 10.000       ; 0.000      ; 4.822      ;
; 5.216 ; ddfs:inst15|freq_divider_DDFS:f_div_inst|count[0] ; ddfs:inst15|freq_divider_DDFS:f_div_inst|count[0]  ; inst|altpll_component|pll|clk[0] ; inst|altpll_component|pll|clk[0] ; 10.000       ; 0.000      ; 4.820      ;
; 5.216 ; ddfs:inst15|freq_divider_DDFS:f_div_inst|count[0] ; ddfs:inst15|freq_divider_DDFS:f_div_inst|count[1]  ; inst|altpll_component|pll|clk[0] ; inst|altpll_component|pll|clk[0] ; 10.000       ; 0.000      ; 4.820      ;
; 5.243 ; ddfs:inst15|freq_divider_DDFS:f_div_inst|count[4] ; ddfs:inst15|freq_divider_DDFS:f_div_inst|count[15] ; inst|altpll_component|pll|clk[0] ; inst|altpll_component|pll|clk[0] ; 10.000       ; 0.000      ; 4.793      ;
; 5.281 ; ddfs:inst15|freq_divider_DDFS:f_div_inst|count[1] ; ddfs:inst15|freq_divider_DDFS:f_div_inst|count[8]  ; inst|altpll_component|pll|clk[0] ; inst|altpll_component|pll|clk[0] ; 10.000       ; 0.000      ; 4.755      ;
; 5.281 ; ddfs:inst15|freq_divider_DDFS:f_div_inst|count[1] ; ddfs:inst15|freq_divider_DDFS:f_div_inst|count[9]  ; inst|altpll_component|pll|clk[0] ; inst|altpll_component|pll|clk[0] ; 10.000       ; 0.000      ; 4.755      ;
; 5.282 ; ddfs:inst15|freq_divider_DDFS:f_div_inst|count[1] ; ddfs:inst15|freq_divider_DDFS:f_div_inst|count[3]  ; inst|altpll_component|pll|clk[0] ; inst|altpll_component|pll|clk[0] ; 10.000       ; 0.000      ; 4.754      ;
; 5.282 ; ddfs:inst15|freq_divider_DDFS:f_div_inst|count[1] ; ddfs:inst15|freq_divider_DDFS:f_div_inst|count[5]  ; inst|altpll_component|pll|clk[0] ; inst|altpll_component|pll|clk[0] ; 10.000       ; 0.000      ; 4.754      ;
; 5.284 ; ddfs:inst15|freq_divider_DDFS:f_div_inst|count[1] ; ddfs:inst15|freq_divider_DDFS:f_div_inst|count[0]  ; inst|altpll_component|pll|clk[0] ; inst|altpll_component|pll|clk[0] ; 10.000       ; 0.000      ; 4.752      ;
; 5.284 ; ddfs:inst15|freq_divider_DDFS:f_div_inst|count[1] ; ddfs:inst15|freq_divider_DDFS:f_div_inst|count[1]  ; inst|altpll_component|pll|clk[0] ; inst|altpll_component|pll|clk[0] ; 10.000       ; 0.000      ; 4.752      ;
; 5.293 ; ddfs:inst15|freq_divider_DDFS:f_div_inst|count[3] ; ddfs:inst15|freq_divider_DDFS:f_div_inst|count[8]  ; inst|altpll_component|pll|clk[0] ; inst|altpll_component|pll|clk[0] ; 10.000       ; 0.000      ; 4.743      ;
; 5.293 ; ddfs:inst15|freq_divider_DDFS:f_div_inst|count[3] ; ddfs:inst15|freq_divider_DDFS:f_div_inst|count[9]  ; inst|altpll_component|pll|clk[0] ; inst|altpll_component|pll|clk[0] ; 10.000       ; 0.000      ; 4.743      ;
; 5.294 ; ddfs:inst15|freq_divider_DDFS:f_div_inst|count[3] ; ddfs:inst15|freq_divider_DDFS:f_div_inst|count[3]  ; inst|altpll_component|pll|clk[0] ; inst|altpll_component|pll|clk[0] ; 10.000       ; 0.000      ; 4.742      ;
; 5.294 ; ddfs:inst15|freq_divider_DDFS:f_div_inst|count[3] ; ddfs:inst15|freq_divider_DDFS:f_div_inst|count[5]  ; inst|altpll_component|pll|clk[0] ; inst|altpll_component|pll|clk[0] ; 10.000       ; 0.000      ; 4.742      ;
; 5.296 ; ddfs:inst15|freq_divider_DDFS:f_div_inst|count[3] ; ddfs:inst15|freq_divider_DDFS:f_div_inst|count[0]  ; inst|altpll_component|pll|clk[0] ; inst|altpll_component|pll|clk[0] ; 10.000       ; 0.000      ; 4.740      ;
; 5.296 ; ddfs:inst15|freq_divider_DDFS:f_div_inst|count[3] ; ddfs:inst15|freq_divider_DDFS:f_div_inst|count[1]  ; inst|altpll_component|pll|clk[0] ; inst|altpll_component|pll|clk[0] ; 10.000       ; 0.000      ; 4.740      ;
; 5.350 ; ddfs:inst15|freq_divider_DDFS:f_div_inst|count[0] ; ddfs:inst15|freq_divider_DDFS:f_div_inst|count[15] ; inst|altpll_component|pll|clk[0] ; inst|altpll_component|pll|clk[0] ; 10.000       ; 0.005      ; 4.691      ;
; 5.362 ; ddfs:inst15|freq_divider_DDFS:f_div_inst|count[4] ; ddfs:inst15|freq_divider_DDFS:f_div_inst|count[2]  ; inst|altpll_component|pll|clk[0] ; inst|altpll_component|pll|clk[0] ; 10.000       ; -0.004     ; 4.670      ;
; 5.362 ; ddfs:inst15|freq_divider_DDFS:f_div_inst|count[4] ; ddfs:inst15|freq_divider_DDFS:f_div_inst|count[6]  ; inst|altpll_component|pll|clk[0] ; inst|altpll_component|pll|clk[0] ; 10.000       ; -0.004     ; 4.670      ;
; 5.418 ; ddfs:inst15|freq_divider_DDFS:f_div_inst|count[1] ; ddfs:inst15|freq_divider_DDFS:f_div_inst|count[15] ; inst|altpll_component|pll|clk[0] ; inst|altpll_component|pll|clk[0] ; 10.000       ; 0.005      ; 4.623      ;
; 5.425 ; ddfs:inst15|freq_divider_DDFS:f_div_inst|count[4] ; ddfs:inst15|freq_divider_DDFS:f_div_inst|count[18] ; inst|altpll_component|pll|clk[0] ; inst|altpll_component|pll|clk[0] ; 10.000       ; 0.000      ; 4.611      ;
; 5.430 ; ddfs:inst15|freq_divider_DDFS:f_div_inst|count[3] ; ddfs:inst15|freq_divider_DDFS:f_div_inst|count[15] ; inst|altpll_component|pll|clk[0] ; inst|altpll_component|pll|clk[0] ; 10.000       ; 0.005      ; 4.611      ;
; 5.469 ; ddfs:inst15|freq_divider_DDFS:f_div_inst|count[0] ; ddfs:inst15|freq_divider_DDFS:f_div_inst|count[2]  ; inst|altpll_component|pll|clk[0] ; inst|altpll_component|pll|clk[0] ; 10.000       ; 0.001      ; 4.568      ;
; 5.469 ; ddfs:inst15|freq_divider_DDFS:f_div_inst|count[0] ; ddfs:inst15|freq_divider_DDFS:f_div_inst|count[6]  ; inst|altpll_component|pll|clk[0] ; inst|altpll_component|pll|clk[0] ; 10.000       ; 0.001      ; 4.568      ;
; 5.491 ; ddfs:inst15|freq_divider_DDFS:f_div_inst|count[2] ; ddfs:inst15|freq_divider_DDFS:f_div_inst|count[8]  ; inst|altpll_component|pll|clk[0] ; inst|altpll_component|pll|clk[0] ; 10.000       ; -0.001     ; 4.544      ;
; 5.491 ; ddfs:inst15|freq_divider_DDFS:f_div_inst|count[2] ; ddfs:inst15|freq_divider_DDFS:f_div_inst|count[9]  ; inst|altpll_component|pll|clk[0] ; inst|altpll_component|pll|clk[0] ; 10.000       ; -0.001     ; 4.544      ;
; 5.492 ; ddfs:inst15|freq_divider_DDFS:f_div_inst|count[2] ; ddfs:inst15|freq_divider_DDFS:f_div_inst|count[3]  ; inst|altpll_component|pll|clk[0] ; inst|altpll_component|pll|clk[0] ; 10.000       ; -0.001     ; 4.543      ;
; 5.492 ; ddfs:inst15|freq_divider_DDFS:f_div_inst|count[2] ; ddfs:inst15|freq_divider_DDFS:f_div_inst|count[5]  ; inst|altpll_component|pll|clk[0] ; inst|altpll_component|pll|clk[0] ; 10.000       ; -0.001     ; 4.543      ;
; 5.494 ; ddfs:inst15|freq_divider_DDFS:f_div_inst|count[2] ; ddfs:inst15|freq_divider_DDFS:f_div_inst|count[0]  ; inst|altpll_component|pll|clk[0] ; inst|altpll_component|pll|clk[0] ; 10.000       ; -0.001     ; 4.541      ;
; 5.494 ; ddfs:inst15|freq_divider_DDFS:f_div_inst|count[2] ; ddfs:inst15|freq_divider_DDFS:f_div_inst|count[1]  ; inst|altpll_component|pll|clk[0] ; inst|altpll_component|pll|clk[0] ; 10.000       ; -0.001     ; 4.541      ;
; 5.532 ; ddfs:inst15|freq_divider_DDFS:f_div_inst|count[0] ; ddfs:inst15|freq_divider_DDFS:f_div_inst|count[18] ; inst|altpll_component|pll|clk[0] ; inst|altpll_component|pll|clk[0] ; 10.000       ; 0.005      ; 4.509      ;
+-------+---------------------------------------------------+----------------------------------------------------+----------------------------------+----------------------------------+--------------+------------+------------+


+--------------------------------------------------------------------------------------------------------------------------------------------------------------------------------------------------------------------------+
; Slow Model Setup: 'CLOCK_50'                                                                                                                                                                                             ;
+-------+------------------------------------------------------------------------------------------------------------------------------+-------------+--------------+-------------+--------------+------------+------------+
; Slack ; From Node                                                                                                                    ; To Node     ; Launch Clock ; Latch Clock ; Relationship ; Clock Skew ; Data Delay ;
+-------+------------------------------------------------------------------------------------------------------------------------------+-------------+--------------+-------------+--------------+------------+------------+
; 3.567 ; lcd_driver:inst8|text_lut:text_lut_inst|altsyncram:rom_rtl_0|altsyncram_ap81:auto_generated|ram_block1a7~porta_address_reg0  ; LCD_RS      ; CLOCK_50     ; CLOCK_50    ; 20.000       ; -2.740     ; 8.693      ;
; 3.567 ; lcd_driver:inst8|text_lut:text_lut_inst|altsyncram:rom_rtl_0|altsyncram_ap81:auto_generated|ram_block1a7~porta_address_reg1  ; LCD_RS      ; CLOCK_50     ; CLOCK_50    ; 20.000       ; -2.740     ; 8.693      ;
; 3.567 ; lcd_driver:inst8|text_lut:text_lut_inst|altsyncram:rom_rtl_0|altsyncram_ap81:auto_generated|ram_block1a7~porta_address_reg2  ; LCD_RS      ; CLOCK_50     ; CLOCK_50    ; 20.000       ; -2.740     ; 8.693      ;
; 3.567 ; lcd_driver:inst8|text_lut:text_lut_inst|altsyncram:rom_rtl_0|altsyncram_ap81:auto_generated|ram_block1a7~porta_address_reg3  ; LCD_RS      ; CLOCK_50     ; CLOCK_50    ; 20.000       ; -2.740     ; 8.693      ;
; 3.567 ; lcd_driver:inst8|text_lut:text_lut_inst|altsyncram:rom_rtl_0|altsyncram_ap81:auto_generated|ram_block1a7~porta_address_reg4  ; LCD_RS      ; CLOCK_50     ; CLOCK_50    ; 20.000       ; -2.740     ; 8.693      ;
; 3.567 ; lcd_driver:inst8|text_lut:text_lut_inst|altsyncram:rom_rtl_0|altsyncram_ap81:auto_generated|ram_block1a7~porta_address_reg5  ; LCD_RS      ; CLOCK_50     ; CLOCK_50    ; 20.000       ; -2.740     ; 8.693      ;
; 3.567 ; lcd_driver:inst8|text_lut:text_lut_inst|altsyncram:rom_rtl_0|altsyncram_ap81:auto_generated|ram_block1a7~porta_address_reg6  ; LCD_RS      ; CLOCK_50     ; CLOCK_50    ; 20.000       ; -2.740     ; 8.693      ;
; 3.567 ; lcd_driver:inst8|text_lut:text_lut_inst|altsyncram:rom_rtl_0|altsyncram_ap81:auto_generated|ram_block1a7~porta_address_reg7  ; LCD_RS      ; CLOCK_50     ; CLOCK_50    ; 20.000       ; -2.740     ; 8.693      ;
; 3.567 ; lcd_driver:inst8|text_lut:text_lut_inst|altsyncram:rom_rtl_0|altsyncram_ap81:auto_generated|ram_block1a7~porta_address_reg8  ; LCD_RS      ; CLOCK_50     ; CLOCK_50    ; 20.000       ; -2.740     ; 8.693      ;
; 3.567 ; lcd_driver:inst8|text_lut:text_lut_inst|altsyncram:rom_rtl_0|altsyncram_ap81:auto_generated|ram_block1a7~porta_address_reg9  ; LCD_RS      ; CLOCK_50     ; CLOCK_50    ; 20.000       ; -2.740     ; 8.693      ;
; 3.567 ; lcd_driver:inst8|text_lut:text_lut_inst|altsyncram:rom_rtl_0|altsyncram_ap81:auto_generated|ram_block1a7~porta_address_reg10 ; LCD_RS      ; CLOCK_50     ; CLOCK_50    ; 20.000       ; -2.740     ; 8.693      ;
; 3.813 ; lcd_driver:inst8|text_lut:text_lut_inst|altsyncram:rom_rtl_0|altsyncram_ap81:auto_generated|ram_block1a1~porta_address_reg0  ; LCD_DATA[1] ; CLOCK_50     ; CLOCK_50    ; 20.000       ; -2.735     ; 8.452      ;
; 3.813 ; lcd_driver:inst8|text_lut:text_lut_inst|altsyncram:rom_rtl_0|altsyncram_ap81:auto_generated|ram_block1a1~porta_address_reg1  ; LCD_DATA[1] ; CLOCK_50     ; CLOCK_50    ; 20.000       ; -2.735     ; 8.452      ;
; 3.813 ; lcd_driver:inst8|text_lut:text_lut_inst|altsyncram:rom_rtl_0|altsyncram_ap81:auto_generated|ram_block1a1~porta_address_reg2  ; LCD_DATA[1] ; CLOCK_50     ; CLOCK_50    ; 20.000       ; -2.735     ; 8.452      ;
; 3.813 ; lcd_driver:inst8|text_lut:text_lut_inst|altsyncram:rom_rtl_0|altsyncram_ap81:auto_generated|ram_block1a1~porta_address_reg3  ; LCD_DATA[1] ; CLOCK_50     ; CLOCK_50    ; 20.000       ; -2.735     ; 8.452      ;
; 3.813 ; lcd_driver:inst8|text_lut:text_lut_inst|altsyncram:rom_rtl_0|altsyncram_ap81:auto_generated|ram_block1a1~porta_address_reg4  ; LCD_DATA[1] ; CLOCK_50     ; CLOCK_50    ; 20.000       ; -2.735     ; 8.452      ;
; 3.813 ; lcd_driver:inst8|text_lut:text_lut_inst|altsyncram:rom_rtl_0|altsyncram_ap81:auto_generated|ram_block1a1~porta_address_reg5  ; LCD_DATA[1] ; CLOCK_50     ; CLOCK_50    ; 20.000       ; -2.735     ; 8.452      ;
; 3.813 ; lcd_driver:inst8|text_lut:text_lut_inst|altsyncram:rom_rtl_0|altsyncram_ap81:auto_generated|ram_block1a1~porta_address_reg6  ; LCD_DATA[1] ; CLOCK_50     ; CLOCK_50    ; 20.000       ; -2.735     ; 8.452      ;
; 3.813 ; lcd_driver:inst8|text_lut:text_lut_inst|altsyncram:rom_rtl_0|altsyncram_ap81:auto_generated|ram_block1a1~porta_address_reg7  ; LCD_DATA[1] ; CLOCK_50     ; CLOCK_50    ; 20.000       ; -2.735     ; 8.452      ;
; 3.813 ; lcd_driver:inst8|text_lut:text_lut_inst|altsyncram:rom_rtl_0|altsyncram_ap81:auto_generated|ram_block1a1~porta_address_reg8  ; LCD_DATA[1] ; CLOCK_50     ; CLOCK_50    ; 20.000       ; -2.735     ; 8.452      ;
; 3.813 ; lcd_driver:inst8|text_lut:text_lut_inst|altsyncram:rom_rtl_0|altsyncram_ap81:auto_generated|ram_block1a1~porta_address_reg9  ; LCD_DATA[1] ; CLOCK_50     ; CLOCK_50    ; 20.000       ; -2.735     ; 8.452      ;
; 3.813 ; lcd_driver:inst8|text_lut:text_lut_inst|altsyncram:rom_rtl_0|altsyncram_ap81:auto_generated|ram_block1a1~porta_address_reg10 ; LCD_DATA[1] ; CLOCK_50     ; CLOCK_50    ; 20.000       ; -2.735     ; 8.452      ;
; 3.968 ; lcd_driver:inst8|text_lut:text_lut_inst|altsyncram:rom_rtl_0|altsyncram_ap81:auto_generated|ram_block1a7~porta_address_reg0  ; LCD_DATA[7] ; CLOCK_50     ; CLOCK_50    ; 20.000       ; -2.740     ; 8.292      ;
; 3.968 ; lcd_driver:inst8|text_lut:text_lut_inst|altsyncram:rom_rtl_0|altsyncram_ap81:auto_generated|ram_block1a7~porta_address_reg1  ; LCD_DATA[7] ; CLOCK_50     ; CLOCK_50    ; 20.000       ; -2.740     ; 8.292      ;
; 3.968 ; lcd_driver:inst8|text_lut:text_lut_inst|altsyncram:rom_rtl_0|altsyncram_ap81:auto_generated|ram_block1a7~porta_address_reg2  ; LCD_DATA[7] ; CLOCK_50     ; CLOCK_50    ; 20.000       ; -2.740     ; 8.292      ;
; 3.968 ; lcd_driver:inst8|text_lut:text_lut_inst|altsyncram:rom_rtl_0|altsyncram_ap81:auto_generated|ram_block1a7~porta_address_reg3  ; LCD_DATA[7] ; CLOCK_50     ; CLOCK_50    ; 20.000       ; -2.740     ; 8.292      ;
; 3.968 ; lcd_driver:inst8|text_lut:text_lut_inst|altsyncram:rom_rtl_0|altsyncram_ap81:auto_generated|ram_block1a7~porta_address_reg4  ; LCD_DATA[7] ; CLOCK_50     ; CLOCK_50    ; 20.000       ; -2.740     ; 8.292      ;
; 3.968 ; lcd_driver:inst8|text_lut:text_lut_inst|altsyncram:rom_rtl_0|altsyncram_ap81:auto_generated|ram_block1a7~porta_address_reg5  ; LCD_DATA[7] ; CLOCK_50     ; CLOCK_50    ; 20.000       ; -2.740     ; 8.292      ;
; 3.968 ; lcd_driver:inst8|text_lut:text_lut_inst|altsyncram:rom_rtl_0|altsyncram_ap81:auto_generated|ram_block1a7~porta_address_reg6  ; LCD_DATA[7] ; CLOCK_50     ; CLOCK_50    ; 20.000       ; -2.740     ; 8.292      ;
; 3.968 ; lcd_driver:inst8|text_lut:text_lut_inst|altsyncram:rom_rtl_0|altsyncram_ap81:auto_generated|ram_block1a7~porta_address_reg7  ; LCD_DATA[7] ; CLOCK_50     ; CLOCK_50    ; 20.000       ; -2.740     ; 8.292      ;
; 3.968 ; lcd_driver:inst8|text_lut:text_lut_inst|altsyncram:rom_rtl_0|altsyncram_ap81:auto_generated|ram_block1a7~porta_address_reg8  ; LCD_DATA[7] ; CLOCK_50     ; CLOCK_50    ; 20.000       ; -2.740     ; 8.292      ;
; 3.968 ; lcd_driver:inst8|text_lut:text_lut_inst|altsyncram:rom_rtl_0|altsyncram_ap81:auto_generated|ram_block1a7~porta_address_reg9  ; LCD_DATA[7] ; CLOCK_50     ; CLOCK_50    ; 20.000       ; -2.740     ; 8.292      ;
; 3.968 ; lcd_driver:inst8|text_lut:text_lut_inst|altsyncram:rom_rtl_0|altsyncram_ap81:auto_generated|ram_block1a7~porta_address_reg10 ; LCD_DATA[7] ; CLOCK_50     ; CLOCK_50    ; 20.000       ; -2.740     ; 8.292      ;
; 4.085 ; lcd_driver:inst8|text_lut:text_lut_inst|altsyncram:rom_rtl_0|altsyncram_ap81:auto_generated|ram_block1a1~porta_address_reg0  ; LCD_DATA[2] ; CLOCK_50     ; CLOCK_50    ; 20.000       ; -2.735     ; 8.180      ;
; 4.085 ; lcd_driver:inst8|text_lut:text_lut_inst|altsyncram:rom_rtl_0|altsyncram_ap81:auto_generated|ram_block1a1~porta_address_reg1  ; LCD_DATA[2] ; CLOCK_50     ; CLOCK_50    ; 20.000       ; -2.735     ; 8.180      ;
; 4.085 ; lcd_driver:inst8|text_lut:text_lut_inst|altsyncram:rom_rtl_0|altsyncram_ap81:auto_generated|ram_block1a1~porta_address_reg2  ; LCD_DATA[2] ; CLOCK_50     ; CLOCK_50    ; 20.000       ; -2.735     ; 8.180      ;
; 4.085 ; lcd_driver:inst8|text_lut:text_lut_inst|altsyncram:rom_rtl_0|altsyncram_ap81:auto_generated|ram_block1a1~porta_address_reg3  ; LCD_DATA[2] ; CLOCK_50     ; CLOCK_50    ; 20.000       ; -2.735     ; 8.180      ;
; 4.085 ; lcd_driver:inst8|text_lut:text_lut_inst|altsyncram:rom_rtl_0|altsyncram_ap81:auto_generated|ram_block1a1~porta_address_reg4  ; LCD_DATA[2] ; CLOCK_50     ; CLOCK_50    ; 20.000       ; -2.735     ; 8.180      ;
; 4.085 ; lcd_driver:inst8|text_lut:text_lut_inst|altsyncram:rom_rtl_0|altsyncram_ap81:auto_generated|ram_block1a1~porta_address_reg5  ; LCD_DATA[2] ; CLOCK_50     ; CLOCK_50    ; 20.000       ; -2.735     ; 8.180      ;
; 4.085 ; lcd_driver:inst8|text_lut:text_lut_inst|altsyncram:rom_rtl_0|altsyncram_ap81:auto_generated|ram_block1a1~porta_address_reg6  ; LCD_DATA[2] ; CLOCK_50     ; CLOCK_50    ; 20.000       ; -2.735     ; 8.180      ;
; 4.085 ; lcd_driver:inst8|text_lut:text_lut_inst|altsyncram:rom_rtl_0|altsyncram_ap81:auto_generated|ram_block1a1~porta_address_reg7  ; LCD_DATA[2] ; CLOCK_50     ; CLOCK_50    ; 20.000       ; -2.735     ; 8.180      ;
; 4.085 ; lcd_driver:inst8|text_lut:text_lut_inst|altsyncram:rom_rtl_0|altsyncram_ap81:auto_generated|ram_block1a1~porta_address_reg8  ; LCD_DATA[2] ; CLOCK_50     ; CLOCK_50    ; 20.000       ; -2.735     ; 8.180      ;
; 4.085 ; lcd_driver:inst8|text_lut:text_lut_inst|altsyncram:rom_rtl_0|altsyncram_ap81:auto_generated|ram_block1a1~porta_address_reg9  ; LCD_DATA[2] ; CLOCK_50     ; CLOCK_50    ; 20.000       ; -2.735     ; 8.180      ;
; 4.085 ; lcd_driver:inst8|text_lut:text_lut_inst|altsyncram:rom_rtl_0|altsyncram_ap81:auto_generated|ram_block1a1~porta_address_reg10 ; LCD_DATA[2] ; CLOCK_50     ; CLOCK_50    ; 20.000       ; -2.735     ; 8.180      ;
; 4.104 ; lcd_driver:inst8|text_lut:text_lut_inst|altsyncram:rom_rtl_0|altsyncram_ap81:auto_generated|ram_block1a5~porta_address_reg0  ; LCD_DATA[6] ; CLOCK_50     ; CLOCK_50    ; 20.000       ; -2.720     ; 8.176      ;
; 4.104 ; lcd_driver:inst8|text_lut:text_lut_inst|altsyncram:rom_rtl_0|altsyncram_ap81:auto_generated|ram_block1a5~porta_address_reg1  ; LCD_DATA[6] ; CLOCK_50     ; CLOCK_50    ; 20.000       ; -2.720     ; 8.176      ;
; 4.104 ; lcd_driver:inst8|text_lut:text_lut_inst|altsyncram:rom_rtl_0|altsyncram_ap81:auto_generated|ram_block1a5~porta_address_reg2  ; LCD_DATA[6] ; CLOCK_50     ; CLOCK_50    ; 20.000       ; -2.720     ; 8.176      ;
; 4.104 ; lcd_driver:inst8|text_lut:text_lut_inst|altsyncram:rom_rtl_0|altsyncram_ap81:auto_generated|ram_block1a5~porta_address_reg3  ; LCD_DATA[6] ; CLOCK_50     ; CLOCK_50    ; 20.000       ; -2.720     ; 8.176      ;
; 4.104 ; lcd_driver:inst8|text_lut:text_lut_inst|altsyncram:rom_rtl_0|altsyncram_ap81:auto_generated|ram_block1a5~porta_address_reg4  ; LCD_DATA[6] ; CLOCK_50     ; CLOCK_50    ; 20.000       ; -2.720     ; 8.176      ;
; 4.104 ; lcd_driver:inst8|text_lut:text_lut_inst|altsyncram:rom_rtl_0|altsyncram_ap81:auto_generated|ram_block1a5~porta_address_reg5  ; LCD_DATA[6] ; CLOCK_50     ; CLOCK_50    ; 20.000       ; -2.720     ; 8.176      ;
; 4.104 ; lcd_driver:inst8|text_lut:text_lut_inst|altsyncram:rom_rtl_0|altsyncram_ap81:auto_generated|ram_block1a5~porta_address_reg6  ; LCD_DATA[6] ; CLOCK_50     ; CLOCK_50    ; 20.000       ; -2.720     ; 8.176      ;
; 4.104 ; lcd_driver:inst8|text_lut:text_lut_inst|altsyncram:rom_rtl_0|altsyncram_ap81:auto_generated|ram_block1a5~porta_address_reg7  ; LCD_DATA[6] ; CLOCK_50     ; CLOCK_50    ; 20.000       ; -2.720     ; 8.176      ;
; 4.104 ; lcd_driver:inst8|text_lut:text_lut_inst|altsyncram:rom_rtl_0|altsyncram_ap81:auto_generated|ram_block1a5~porta_address_reg8  ; LCD_DATA[6] ; CLOCK_50     ; CLOCK_50    ; 20.000       ; -2.720     ; 8.176      ;
; 4.104 ; lcd_driver:inst8|text_lut:text_lut_inst|altsyncram:rom_rtl_0|altsyncram_ap81:auto_generated|ram_block1a5~porta_address_reg9  ; LCD_DATA[6] ; CLOCK_50     ; CLOCK_50    ; 20.000       ; -2.720     ; 8.176      ;
; 4.104 ; lcd_driver:inst8|text_lut:text_lut_inst|altsyncram:rom_rtl_0|altsyncram_ap81:auto_generated|ram_block1a5~porta_address_reg10 ; LCD_DATA[6] ; CLOCK_50     ; CLOCK_50    ; 20.000       ; -2.720     ; 8.176      ;
; 4.304 ; lcd_driver:inst8|text_lut:text_lut_inst|altsyncram:rom_rtl_0|altsyncram_ap81:auto_generated|ram_block1a0~porta_address_reg0  ; LCD_DATA[0] ; CLOCK_50     ; CLOCK_50    ; 20.000       ; -2.728     ; 7.968      ;
; 4.304 ; lcd_driver:inst8|text_lut:text_lut_inst|altsyncram:rom_rtl_0|altsyncram_ap81:auto_generated|ram_block1a0~porta_address_reg1  ; LCD_DATA[0] ; CLOCK_50     ; CLOCK_50    ; 20.000       ; -2.728     ; 7.968      ;
; 4.304 ; lcd_driver:inst8|text_lut:text_lut_inst|altsyncram:rom_rtl_0|altsyncram_ap81:auto_generated|ram_block1a0~porta_address_reg2  ; LCD_DATA[0] ; CLOCK_50     ; CLOCK_50    ; 20.000       ; -2.728     ; 7.968      ;
; 4.304 ; lcd_driver:inst8|text_lut:text_lut_inst|altsyncram:rom_rtl_0|altsyncram_ap81:auto_generated|ram_block1a0~porta_address_reg3  ; LCD_DATA[0] ; CLOCK_50     ; CLOCK_50    ; 20.000       ; -2.728     ; 7.968      ;
; 4.304 ; lcd_driver:inst8|text_lut:text_lut_inst|altsyncram:rom_rtl_0|altsyncram_ap81:auto_generated|ram_block1a0~porta_address_reg4  ; LCD_DATA[0] ; CLOCK_50     ; CLOCK_50    ; 20.000       ; -2.728     ; 7.968      ;
; 4.304 ; lcd_driver:inst8|text_lut:text_lut_inst|altsyncram:rom_rtl_0|altsyncram_ap81:auto_generated|ram_block1a0~porta_address_reg5  ; LCD_DATA[0] ; CLOCK_50     ; CLOCK_50    ; 20.000       ; -2.728     ; 7.968      ;
; 4.304 ; lcd_driver:inst8|text_lut:text_lut_inst|altsyncram:rom_rtl_0|altsyncram_ap81:auto_generated|ram_block1a0~porta_address_reg6  ; LCD_DATA[0] ; CLOCK_50     ; CLOCK_50    ; 20.000       ; -2.728     ; 7.968      ;
; 4.304 ; lcd_driver:inst8|text_lut:text_lut_inst|altsyncram:rom_rtl_0|altsyncram_ap81:auto_generated|ram_block1a0~porta_address_reg7  ; LCD_DATA[0] ; CLOCK_50     ; CLOCK_50    ; 20.000       ; -2.728     ; 7.968      ;
; 4.304 ; lcd_driver:inst8|text_lut:text_lut_inst|altsyncram:rom_rtl_0|altsyncram_ap81:auto_generated|ram_block1a0~porta_address_reg8  ; LCD_DATA[0] ; CLOCK_50     ; CLOCK_50    ; 20.000       ; -2.728     ; 7.968      ;
; 4.304 ; lcd_driver:inst8|text_lut:text_lut_inst|altsyncram:rom_rtl_0|altsyncram_ap81:auto_generated|ram_block1a0~porta_address_reg9  ; LCD_DATA[0] ; CLOCK_50     ; CLOCK_50    ; 20.000       ; -2.728     ; 7.968      ;
; 4.304 ; lcd_driver:inst8|text_lut:text_lut_inst|altsyncram:rom_rtl_0|altsyncram_ap81:auto_generated|ram_block1a0~porta_address_reg10 ; LCD_DATA[0] ; CLOCK_50     ; CLOCK_50    ; 20.000       ; -2.728     ; 7.968      ;
; 4.392 ; lcd_driver:inst8|text_lut:text_lut_inst|altsyncram:rom_rtl_0|altsyncram_ap81:auto_generated|ram_block1a3~porta_address_reg0  ; LCD_DATA[3] ; CLOCK_50     ; CLOCK_50    ; 20.000       ; -2.711     ; 7.897      ;
; 4.392 ; lcd_driver:inst8|text_lut:text_lut_inst|altsyncram:rom_rtl_0|altsyncram_ap81:auto_generated|ram_block1a3~porta_address_reg1  ; LCD_DATA[3] ; CLOCK_50     ; CLOCK_50    ; 20.000       ; -2.711     ; 7.897      ;
; 4.392 ; lcd_driver:inst8|text_lut:text_lut_inst|altsyncram:rom_rtl_0|altsyncram_ap81:auto_generated|ram_block1a3~porta_address_reg2  ; LCD_DATA[3] ; CLOCK_50     ; CLOCK_50    ; 20.000       ; -2.711     ; 7.897      ;
; 4.392 ; lcd_driver:inst8|text_lut:text_lut_inst|altsyncram:rom_rtl_0|altsyncram_ap81:auto_generated|ram_block1a3~porta_address_reg3  ; LCD_DATA[3] ; CLOCK_50     ; CLOCK_50    ; 20.000       ; -2.711     ; 7.897      ;
; 4.392 ; lcd_driver:inst8|text_lut:text_lut_inst|altsyncram:rom_rtl_0|altsyncram_ap81:auto_generated|ram_block1a3~porta_address_reg4  ; LCD_DATA[3] ; CLOCK_50     ; CLOCK_50    ; 20.000       ; -2.711     ; 7.897      ;
; 4.392 ; lcd_driver:inst8|text_lut:text_lut_inst|altsyncram:rom_rtl_0|altsyncram_ap81:auto_generated|ram_block1a3~porta_address_reg5  ; LCD_DATA[3] ; CLOCK_50     ; CLOCK_50    ; 20.000       ; -2.711     ; 7.897      ;
; 4.392 ; lcd_driver:inst8|text_lut:text_lut_inst|altsyncram:rom_rtl_0|altsyncram_ap81:auto_generated|ram_block1a3~porta_address_reg6  ; LCD_DATA[3] ; CLOCK_50     ; CLOCK_50    ; 20.000       ; -2.711     ; 7.897      ;
; 4.392 ; lcd_driver:inst8|text_lut:text_lut_inst|altsyncram:rom_rtl_0|altsyncram_ap81:auto_generated|ram_block1a3~porta_address_reg7  ; LCD_DATA[3] ; CLOCK_50     ; CLOCK_50    ; 20.000       ; -2.711     ; 7.897      ;
; 4.392 ; lcd_driver:inst8|text_lut:text_lut_inst|altsyncram:rom_rtl_0|altsyncram_ap81:auto_generated|ram_block1a3~porta_address_reg8  ; LCD_DATA[3] ; CLOCK_50     ; CLOCK_50    ; 20.000       ; -2.711     ; 7.897      ;
; 4.392 ; lcd_driver:inst8|text_lut:text_lut_inst|altsyncram:rom_rtl_0|altsyncram_ap81:auto_generated|ram_block1a3~porta_address_reg9  ; LCD_DATA[3] ; CLOCK_50     ; CLOCK_50    ; 20.000       ; -2.711     ; 7.897      ;
; 4.392 ; lcd_driver:inst8|text_lut:text_lut_inst|altsyncram:rom_rtl_0|altsyncram_ap81:auto_generated|ram_block1a3~porta_address_reg10 ; LCD_DATA[3] ; CLOCK_50     ; CLOCK_50    ; 20.000       ; -2.711     ; 7.897      ;
; 4.411 ; lcd_driver:inst8|text_lut:text_lut_inst|altsyncram:rom_rtl_0|altsyncram_ap81:auto_generated|ram_block1a5~porta_address_reg0  ; LCD_DATA[5] ; CLOCK_50     ; CLOCK_50    ; 20.000       ; -2.720     ; 7.869      ;
; 4.411 ; lcd_driver:inst8|text_lut:text_lut_inst|altsyncram:rom_rtl_0|altsyncram_ap81:auto_generated|ram_block1a5~porta_address_reg1  ; LCD_DATA[5] ; CLOCK_50     ; CLOCK_50    ; 20.000       ; -2.720     ; 7.869      ;
; 4.411 ; lcd_driver:inst8|text_lut:text_lut_inst|altsyncram:rom_rtl_0|altsyncram_ap81:auto_generated|ram_block1a5~porta_address_reg2  ; LCD_DATA[5] ; CLOCK_50     ; CLOCK_50    ; 20.000       ; -2.720     ; 7.869      ;
; 4.411 ; lcd_driver:inst8|text_lut:text_lut_inst|altsyncram:rom_rtl_0|altsyncram_ap81:auto_generated|ram_block1a5~porta_address_reg3  ; LCD_DATA[5] ; CLOCK_50     ; CLOCK_50    ; 20.000       ; -2.720     ; 7.869      ;
; 4.411 ; lcd_driver:inst8|text_lut:text_lut_inst|altsyncram:rom_rtl_0|altsyncram_ap81:auto_generated|ram_block1a5~porta_address_reg4  ; LCD_DATA[5] ; CLOCK_50     ; CLOCK_50    ; 20.000       ; -2.720     ; 7.869      ;
; 4.411 ; lcd_driver:inst8|text_lut:text_lut_inst|altsyncram:rom_rtl_0|altsyncram_ap81:auto_generated|ram_block1a5~porta_address_reg5  ; LCD_DATA[5] ; CLOCK_50     ; CLOCK_50    ; 20.000       ; -2.720     ; 7.869      ;
; 4.411 ; lcd_driver:inst8|text_lut:text_lut_inst|altsyncram:rom_rtl_0|altsyncram_ap81:auto_generated|ram_block1a5~porta_address_reg6  ; LCD_DATA[5] ; CLOCK_50     ; CLOCK_50    ; 20.000       ; -2.720     ; 7.869      ;
; 4.411 ; lcd_driver:inst8|text_lut:text_lut_inst|altsyncram:rom_rtl_0|altsyncram_ap81:auto_generated|ram_block1a5~porta_address_reg7  ; LCD_DATA[5] ; CLOCK_50     ; CLOCK_50    ; 20.000       ; -2.720     ; 7.869      ;
; 4.411 ; lcd_driver:inst8|text_lut:text_lut_inst|altsyncram:rom_rtl_0|altsyncram_ap81:auto_generated|ram_block1a5~porta_address_reg8  ; LCD_DATA[5] ; CLOCK_50     ; CLOCK_50    ; 20.000       ; -2.720     ; 7.869      ;
; 4.411 ; lcd_driver:inst8|text_lut:text_lut_inst|altsyncram:rom_rtl_0|altsyncram_ap81:auto_generated|ram_block1a5~porta_address_reg9  ; LCD_DATA[5] ; CLOCK_50     ; CLOCK_50    ; 20.000       ; -2.720     ; 7.869      ;
; 4.411 ; lcd_driver:inst8|text_lut:text_lut_inst|altsyncram:rom_rtl_0|altsyncram_ap81:auto_generated|ram_block1a5~porta_address_reg10 ; LCD_DATA[5] ; CLOCK_50     ; CLOCK_50    ; 20.000       ; -2.720     ; 7.869      ;
; 4.504 ; lcd_driver:inst8|text_lut:text_lut_inst|altsyncram:rom_rtl_0|altsyncram_ap81:auto_generated|ram_block1a3~porta_address_reg0  ; LCD_DATA[4] ; CLOCK_50     ; CLOCK_50    ; 20.000       ; -2.711     ; 7.785      ;
; 4.504 ; lcd_driver:inst8|text_lut:text_lut_inst|altsyncram:rom_rtl_0|altsyncram_ap81:auto_generated|ram_block1a3~porta_address_reg1  ; LCD_DATA[4] ; CLOCK_50     ; CLOCK_50    ; 20.000       ; -2.711     ; 7.785      ;
; 4.504 ; lcd_driver:inst8|text_lut:text_lut_inst|altsyncram:rom_rtl_0|altsyncram_ap81:auto_generated|ram_block1a3~porta_address_reg2  ; LCD_DATA[4] ; CLOCK_50     ; CLOCK_50    ; 20.000       ; -2.711     ; 7.785      ;
; 4.504 ; lcd_driver:inst8|text_lut:text_lut_inst|altsyncram:rom_rtl_0|altsyncram_ap81:auto_generated|ram_block1a3~porta_address_reg3  ; LCD_DATA[4] ; CLOCK_50     ; CLOCK_50    ; 20.000       ; -2.711     ; 7.785      ;
; 4.504 ; lcd_driver:inst8|text_lut:text_lut_inst|altsyncram:rom_rtl_0|altsyncram_ap81:auto_generated|ram_block1a3~porta_address_reg4  ; LCD_DATA[4] ; CLOCK_50     ; CLOCK_50    ; 20.000       ; -2.711     ; 7.785      ;
; 4.504 ; lcd_driver:inst8|text_lut:text_lut_inst|altsyncram:rom_rtl_0|altsyncram_ap81:auto_generated|ram_block1a3~porta_address_reg5  ; LCD_DATA[4] ; CLOCK_50     ; CLOCK_50    ; 20.000       ; -2.711     ; 7.785      ;
; 4.504 ; lcd_driver:inst8|text_lut:text_lut_inst|altsyncram:rom_rtl_0|altsyncram_ap81:auto_generated|ram_block1a3~porta_address_reg6  ; LCD_DATA[4] ; CLOCK_50     ; CLOCK_50    ; 20.000       ; -2.711     ; 7.785      ;
; 4.504 ; lcd_driver:inst8|text_lut:text_lut_inst|altsyncram:rom_rtl_0|altsyncram_ap81:auto_generated|ram_block1a3~porta_address_reg7  ; LCD_DATA[4] ; CLOCK_50     ; CLOCK_50    ; 20.000       ; -2.711     ; 7.785      ;
; 4.504 ; lcd_driver:inst8|text_lut:text_lut_inst|altsyncram:rom_rtl_0|altsyncram_ap81:auto_generated|ram_block1a3~porta_address_reg8  ; LCD_DATA[4] ; CLOCK_50     ; CLOCK_50    ; 20.000       ; -2.711     ; 7.785      ;
; 4.504 ; lcd_driver:inst8|text_lut:text_lut_inst|altsyncram:rom_rtl_0|altsyncram_ap81:auto_generated|ram_block1a3~porta_address_reg9  ; LCD_DATA[4] ; CLOCK_50     ; CLOCK_50    ; 20.000       ; -2.711     ; 7.785      ;
; 4.504 ; lcd_driver:inst8|text_lut:text_lut_inst|altsyncram:rom_rtl_0|altsyncram_ap81:auto_generated|ram_block1a3~porta_address_reg10 ; LCD_DATA[4] ; CLOCK_50     ; CLOCK_50    ; 20.000       ; -2.711     ; 7.785      ;
; 5.364 ; lcd_driver:inst8|lcd_en_cntr                                                                                                 ; LCD_EN      ; CLOCK_50     ; CLOCK_50    ; 20.000       ; -2.685     ; 6.951      ;
+-------+------------------------------------------------------------------------------------------------------------------------------+-------------+--------------+-------------+--------------+------------+------------+


+--------------------------------------------------------------------------------------------------------------------------------------------------------------------------------------------------------------------------------------------------------------------------------+
; Slow Model Setup: 'keypad_freq_sel_module:inst1|freq_divider_keypad_module:freq_div|q'                                                                                                                                                                                         ;
+-------+-------------------------------------------------------------------------+-----------+--------------------------------------------------------------------+--------------------------------------------------------------------+--------------+------------+------------+
; Slack ; From Node                                                               ; To Node   ; Launch Clock                                                       ; Latch Clock                                                        ; Relationship ; Clock Skew ; Data Delay ;
+-------+-------------------------------------------------------------------------+-----------+--------------------------------------------------------------------+--------------------------------------------------------------------+--------------+------------+------------+
; 4.774 ; keypad_freq_sel_module:inst1|keypad_module:keypad_mod_inst|i_column[18] ; GPIO_1[1] ; keypad_freq_sel_module:inst1|freq_divider_keypad_module:freq_div|q ; keypad_freq_sel_module:inst1|freq_divider_keypad_module:freq_div|q ; 20.000       ; -2.919     ; 7.307      ;
; 4.834 ; keypad_freq_sel_module:inst1|keypad_module:keypad_mod_inst|i_column[18] ; GPIO_1[3] ; keypad_freq_sel_module:inst1|freq_divider_keypad_module:freq_div|q ; keypad_freq_sel_module:inst1|freq_divider_keypad_module:freq_div|q ; 20.000       ; -2.919     ; 7.247      ;
; 4.875 ; keypad_freq_sel_module:inst1|keypad_module:keypad_mod_inst|i_column[19] ; GPIO_1[1] ; keypad_freq_sel_module:inst1|freq_divider_keypad_module:freq_div|q ; keypad_freq_sel_module:inst1|freq_divider_keypad_module:freq_div|q ; 20.000       ; -2.919     ; 7.206      ;
; 4.922 ; keypad_freq_sel_module:inst1|keypad_module:keypad_mod_inst|i_column[8]  ; GPIO_1[1] ; keypad_freq_sel_module:inst1|freq_divider_keypad_module:freq_div|q ; keypad_freq_sel_module:inst1|freq_divider_keypad_module:freq_div|q ; 20.000       ; -2.916     ; 7.162      ;
; 4.925 ; keypad_freq_sel_module:inst1|keypad_module:keypad_mod_inst|i_column[6]  ; GPIO_1[1] ; keypad_freq_sel_module:inst1|freq_divider_keypad_module:freq_div|q ; keypad_freq_sel_module:inst1|freq_divider_keypad_module:freq_div|q ; 20.000       ; -2.916     ; 7.159      ;
; 4.935 ; keypad_freq_sel_module:inst1|keypad_module:keypad_mod_inst|i_column[19] ; GPIO_1[3] ; keypad_freq_sel_module:inst1|freq_divider_keypad_module:freq_div|q ; keypad_freq_sel_module:inst1|freq_divider_keypad_module:freq_div|q ; 20.000       ; -2.919     ; 7.146      ;
; 4.982 ; keypad_freq_sel_module:inst1|keypad_module:keypad_mod_inst|i_column[8]  ; GPIO_1[3] ; keypad_freq_sel_module:inst1|freq_divider_keypad_module:freq_div|q ; keypad_freq_sel_module:inst1|freq_divider_keypad_module:freq_div|q ; 20.000       ; -2.916     ; 7.102      ;
; 4.985 ; keypad_freq_sel_module:inst1|keypad_module:keypad_mod_inst|i_column[6]  ; GPIO_1[3] ; keypad_freq_sel_module:inst1|freq_divider_keypad_module:freq_div|q ; keypad_freq_sel_module:inst1|freq_divider_keypad_module:freq_div|q ; 20.000       ; -2.916     ; 7.099      ;
; 4.996 ; keypad_freq_sel_module:inst1|keypad_module:keypad_mod_inst|i_column[17] ; GPIO_1[1] ; keypad_freq_sel_module:inst1|freq_divider_keypad_module:freq_div|q ; keypad_freq_sel_module:inst1|freq_divider_keypad_module:freq_div|q ; 20.000       ; -2.919     ; 7.085      ;
; 5.015 ; keypad_freq_sel_module:inst1|keypad_module:keypad_mod_inst|i_column[7]  ; GPIO_1[1] ; keypad_freq_sel_module:inst1|freq_divider_keypad_module:freq_div|q ; keypad_freq_sel_module:inst1|freq_divider_keypad_module:freq_div|q ; 20.000       ; -2.916     ; 7.069      ;
; 5.056 ; keypad_freq_sel_module:inst1|keypad_module:keypad_mod_inst|i_column[17] ; GPIO_1[3] ; keypad_freq_sel_module:inst1|freq_divider_keypad_module:freq_div|q ; keypad_freq_sel_module:inst1|freq_divider_keypad_module:freq_div|q ; 20.000       ; -2.919     ; 7.025      ;
; 5.059 ; keypad_freq_sel_module:inst1|keypad_module:keypad_mod_inst|i_column[1]  ; GPIO_1[1] ; keypad_freq_sel_module:inst1|freq_divider_keypad_module:freq_div|q ; keypad_freq_sel_module:inst1|freq_divider_keypad_module:freq_div|q ; 20.000       ; -2.916     ; 7.025      ;
; 5.075 ; keypad_freq_sel_module:inst1|keypad_module:keypad_mod_inst|i_column[7]  ; GPIO_1[3] ; keypad_freq_sel_module:inst1|freq_divider_keypad_module:freq_div|q ; keypad_freq_sel_module:inst1|freq_divider_keypad_module:freq_div|q ; 20.000       ; -2.916     ; 7.009      ;
; 5.088 ; keypad_freq_sel_module:inst1|keypad_module:keypad_mod_inst|i_column[5]  ; GPIO_1[1] ; keypad_freq_sel_module:inst1|freq_divider_keypad_module:freq_div|q ; keypad_freq_sel_module:inst1|freq_divider_keypad_module:freq_div|q ; 20.000       ; -2.916     ; 6.996      ;
; 5.119 ; keypad_freq_sel_module:inst1|keypad_module:keypad_mod_inst|i_column[1]  ; GPIO_1[3] ; keypad_freq_sel_module:inst1|freq_divider_keypad_module:freq_div|q ; keypad_freq_sel_module:inst1|freq_divider_keypad_module:freq_div|q ; 20.000       ; -2.916     ; 6.965      ;
; 5.148 ; keypad_freq_sel_module:inst1|keypad_module:keypad_mod_inst|i_column[5]  ; GPIO_1[3] ; keypad_freq_sel_module:inst1|freq_divider_keypad_module:freq_div|q ; keypad_freq_sel_module:inst1|freq_divider_keypad_module:freq_div|q ; 20.000       ; -2.916     ; 6.936      ;
; 5.170 ; keypad_freq_sel_module:inst1|keypad_module:keypad_mod_inst|i_column[2]  ; GPIO_1[1] ; keypad_freq_sel_module:inst1|freq_divider_keypad_module:freq_div|q ; keypad_freq_sel_module:inst1|freq_divider_keypad_module:freq_div|q ; 20.000       ; -2.916     ; 6.914      ;
; 5.174 ; keypad_freq_sel_module:inst1|keypad_module:keypad_mod_inst|i_column[13] ; GPIO_1[1] ; keypad_freq_sel_module:inst1|freq_divider_keypad_module:freq_div|q ; keypad_freq_sel_module:inst1|freq_divider_keypad_module:freq_div|q ; 20.000       ; -2.916     ; 6.910      ;
; 5.175 ; keypad_freq_sel_module:inst1|keypad_module:keypad_mod_inst|i_column[26] ; GPIO_1[1] ; keypad_freq_sel_module:inst1|freq_divider_keypad_module:freq_div|q ; keypad_freq_sel_module:inst1|freq_divider_keypad_module:freq_div|q ; 20.000       ; -2.919     ; 6.906      ;
; 5.180 ; keypad_freq_sel_module:inst1|keypad_module:keypad_mod_inst|i_column[9]  ; GPIO_1[1] ; keypad_freq_sel_module:inst1|freq_divider_keypad_module:freq_div|q ; keypad_freq_sel_module:inst1|freq_divider_keypad_module:freq_div|q ; 20.000       ; -2.916     ; 6.904      ;
; 5.183 ; keypad_freq_sel_module:inst1|keypad_module:keypad_mod_inst|i_column[18] ; GPIO_1[0] ; keypad_freq_sel_module:inst1|freq_divider_keypad_module:freq_div|q ; keypad_freq_sel_module:inst1|freq_divider_keypad_module:freq_div|q ; 20.000       ; -2.919     ; 6.898      ;
; 5.220 ; keypad_freq_sel_module:inst1|keypad_module:keypad_mod_inst|i_column[18] ; GPIO_1[2] ; keypad_freq_sel_module:inst1|freq_divider_keypad_module:freq_div|q ; keypad_freq_sel_module:inst1|freq_divider_keypad_module:freq_div|q ; 20.000       ; -2.919     ; 6.861      ;
; 5.230 ; keypad_freq_sel_module:inst1|keypad_module:keypad_mod_inst|i_column[2]  ; GPIO_1[3] ; keypad_freq_sel_module:inst1|freq_divider_keypad_module:freq_div|q ; keypad_freq_sel_module:inst1|freq_divider_keypad_module:freq_div|q ; 20.000       ; -2.916     ; 6.854      ;
; 5.234 ; keypad_freq_sel_module:inst1|keypad_module:keypad_mod_inst|i_column[13] ; GPIO_1[3] ; keypad_freq_sel_module:inst1|freq_divider_keypad_module:freq_div|q ; keypad_freq_sel_module:inst1|freq_divider_keypad_module:freq_div|q ; 20.000       ; -2.916     ; 6.850      ;
; 5.235 ; keypad_freq_sel_module:inst1|keypad_module:keypad_mod_inst|i_column[26] ; GPIO_1[3] ; keypad_freq_sel_module:inst1|freq_divider_keypad_module:freq_div|q ; keypad_freq_sel_module:inst1|freq_divider_keypad_module:freq_div|q ; 20.000       ; -2.919     ; 6.846      ;
; 5.240 ; keypad_freq_sel_module:inst1|keypad_module:keypad_mod_inst|i_column[9]  ; GPIO_1[3] ; keypad_freq_sel_module:inst1|freq_divider_keypad_module:freq_div|q ; keypad_freq_sel_module:inst1|freq_divider_keypad_module:freq_div|q ; 20.000       ; -2.916     ; 6.844      ;
; 5.263 ; keypad_freq_sel_module:inst1|keypad_module:keypad_mod_inst|i_column[27] ; GPIO_1[1] ; keypad_freq_sel_module:inst1|freq_divider_keypad_module:freq_div|q ; keypad_freq_sel_module:inst1|freq_divider_keypad_module:freq_div|q ; 20.000       ; -2.919     ; 6.818      ;
; 5.275 ; keypad_freq_sel_module:inst1|keypad_module:keypad_mod_inst|i_column[10] ; GPIO_1[1] ; keypad_freq_sel_module:inst1|freq_divider_keypad_module:freq_div|q ; keypad_freq_sel_module:inst1|freq_divider_keypad_module:freq_div|q ; 20.000       ; -2.916     ; 6.809      ;
; 5.284 ; keypad_freq_sel_module:inst1|keypad_module:keypad_mod_inst|i_column[19] ; GPIO_1[0] ; keypad_freq_sel_module:inst1|freq_divider_keypad_module:freq_div|q ; keypad_freq_sel_module:inst1|freq_divider_keypad_module:freq_div|q ; 20.000       ; -2.919     ; 6.797      ;
; 5.296 ; keypad_freq_sel_module:inst1|keypad_module:keypad_mod_inst|i_column[16] ; GPIO_1[1] ; keypad_freq_sel_module:inst1|freq_divider_keypad_module:freq_div|q ; keypad_freq_sel_module:inst1|freq_divider_keypad_module:freq_div|q ; 20.000       ; -2.919     ; 6.785      ;
; 5.321 ; keypad_freq_sel_module:inst1|keypad_module:keypad_mod_inst|i_column[25] ; GPIO_1[1] ; keypad_freq_sel_module:inst1|freq_divider_keypad_module:freq_div|q ; keypad_freq_sel_module:inst1|freq_divider_keypad_module:freq_div|q ; 20.000       ; -2.919     ; 6.760      ;
; 5.321 ; keypad_freq_sel_module:inst1|keypad_module:keypad_mod_inst|i_column[19] ; GPIO_1[2] ; keypad_freq_sel_module:inst1|freq_divider_keypad_module:freq_div|q ; keypad_freq_sel_module:inst1|freq_divider_keypad_module:freq_div|q ; 20.000       ; -2.919     ; 6.760      ;
; 5.323 ; keypad_freq_sel_module:inst1|keypad_module:keypad_mod_inst|i_column[24] ; GPIO_1[1] ; keypad_freq_sel_module:inst1|freq_divider_keypad_module:freq_div|q ; keypad_freq_sel_module:inst1|freq_divider_keypad_module:freq_div|q ; 20.000       ; -2.919     ; 6.758      ;
; 5.323 ; keypad_freq_sel_module:inst1|keypad_module:keypad_mod_inst|i_column[27] ; GPIO_1[3] ; keypad_freq_sel_module:inst1|freq_divider_keypad_module:freq_div|q ; keypad_freq_sel_module:inst1|freq_divider_keypad_module:freq_div|q ; 20.000       ; -2.919     ; 6.758      ;
; 5.324 ; keypad_freq_sel_module:inst1|keypad_module:keypad_mod_inst|i_column[3]  ; GPIO_1[1] ; keypad_freq_sel_module:inst1|freq_divider_keypad_module:freq_div|q ; keypad_freq_sel_module:inst1|freq_divider_keypad_module:freq_div|q ; 20.000       ; -2.916     ; 6.760      ;
; 5.331 ; keypad_freq_sel_module:inst1|keypad_module:keypad_mod_inst|i_column[8]  ; GPIO_1[0] ; keypad_freq_sel_module:inst1|freq_divider_keypad_module:freq_div|q ; keypad_freq_sel_module:inst1|freq_divider_keypad_module:freq_div|q ; 20.000       ; -2.916     ; 6.753      ;
; 5.334 ; keypad_freq_sel_module:inst1|keypad_module:keypad_mod_inst|i_column[6]  ; GPIO_1[0] ; keypad_freq_sel_module:inst1|freq_divider_keypad_module:freq_div|q ; keypad_freq_sel_module:inst1|freq_divider_keypad_module:freq_div|q ; 20.000       ; -2.916     ; 6.750      ;
; 5.335 ; keypad_freq_sel_module:inst1|keypad_module:keypad_mod_inst|i_column[10] ; GPIO_1[3] ; keypad_freq_sel_module:inst1|freq_divider_keypad_module:freq_div|q ; keypad_freq_sel_module:inst1|freq_divider_keypad_module:freq_div|q ; 20.000       ; -2.916     ; 6.749      ;
; 5.345 ; keypad_freq_sel_module:inst1|keypad_module:keypad_mod_inst|i_column[0]  ; GPIO_1[1] ; keypad_freq_sel_module:inst1|freq_divider_keypad_module:freq_div|q ; keypad_freq_sel_module:inst1|freq_divider_keypad_module:freq_div|q ; 20.000       ; -2.916     ; 6.739      ;
; 5.356 ; keypad_freq_sel_module:inst1|keypad_module:keypad_mod_inst|i_column[16] ; GPIO_1[3] ; keypad_freq_sel_module:inst1|freq_divider_keypad_module:freq_div|q ; keypad_freq_sel_module:inst1|freq_divider_keypad_module:freq_div|q ; 20.000       ; -2.919     ; 6.725      ;
; 5.356 ; keypad_freq_sel_module:inst1|keypad_module:keypad_mod_inst|i_column[4]  ; GPIO_1[1] ; keypad_freq_sel_module:inst1|freq_divider_keypad_module:freq_div|q ; keypad_freq_sel_module:inst1|freq_divider_keypad_module:freq_div|q ; 20.000       ; -2.916     ; 6.728      ;
; 5.368 ; keypad_freq_sel_module:inst1|keypad_module:keypad_mod_inst|i_column[8]  ; GPIO_1[2] ; keypad_freq_sel_module:inst1|freq_divider_keypad_module:freq_div|q ; keypad_freq_sel_module:inst1|freq_divider_keypad_module:freq_div|q ; 20.000       ; -2.916     ; 6.716      ;
; 5.371 ; keypad_freq_sel_module:inst1|keypad_module:keypad_mod_inst|i_column[6]  ; GPIO_1[2] ; keypad_freq_sel_module:inst1|freq_divider_keypad_module:freq_div|q ; keypad_freq_sel_module:inst1|freq_divider_keypad_module:freq_div|q ; 20.000       ; -2.916     ; 6.713      ;
; 5.381 ; keypad_freq_sel_module:inst1|keypad_module:keypad_mod_inst|i_column[25] ; GPIO_1[3] ; keypad_freq_sel_module:inst1|freq_divider_keypad_module:freq_div|q ; keypad_freq_sel_module:inst1|freq_divider_keypad_module:freq_div|q ; 20.000       ; -2.919     ; 6.700      ;
; 5.383 ; keypad_freq_sel_module:inst1|keypad_module:keypad_mod_inst|i_column[24] ; GPIO_1[3] ; keypad_freq_sel_module:inst1|freq_divider_keypad_module:freq_div|q ; keypad_freq_sel_module:inst1|freq_divider_keypad_module:freq_div|q ; 20.000       ; -2.919     ; 6.698      ;
; 5.384 ; keypad_freq_sel_module:inst1|keypad_module:keypad_mod_inst|i_column[3]  ; GPIO_1[3] ; keypad_freq_sel_module:inst1|freq_divider_keypad_module:freq_div|q ; keypad_freq_sel_module:inst1|freq_divider_keypad_module:freq_div|q ; 20.000       ; -2.916     ; 6.700      ;
; 5.405 ; keypad_freq_sel_module:inst1|keypad_module:keypad_mod_inst|i_column[0]  ; GPIO_1[3] ; keypad_freq_sel_module:inst1|freq_divider_keypad_module:freq_div|q ; keypad_freq_sel_module:inst1|freq_divider_keypad_module:freq_div|q ; 20.000       ; -2.916     ; 6.679      ;
; 5.405 ; keypad_freq_sel_module:inst1|keypad_module:keypad_mod_inst|i_column[17] ; GPIO_1[0] ; keypad_freq_sel_module:inst1|freq_divider_keypad_module:freq_div|q ; keypad_freq_sel_module:inst1|freq_divider_keypad_module:freq_div|q ; 20.000       ; -2.919     ; 6.676      ;
; 5.414 ; keypad_freq_sel_module:inst1|keypad_module:keypad_mod_inst|i_column[11] ; GPIO_1[1] ; keypad_freq_sel_module:inst1|freq_divider_keypad_module:freq_div|q ; keypad_freq_sel_module:inst1|freq_divider_keypad_module:freq_div|q ; 20.000       ; -2.916     ; 6.670      ;
; 5.416 ; keypad_freq_sel_module:inst1|keypad_module:keypad_mod_inst|i_column[4]  ; GPIO_1[3] ; keypad_freq_sel_module:inst1|freq_divider_keypad_module:freq_div|q ; keypad_freq_sel_module:inst1|freq_divider_keypad_module:freq_div|q ; 20.000       ; -2.916     ; 6.668      ;
; 5.424 ; keypad_freq_sel_module:inst1|keypad_module:keypad_mod_inst|i_column[7]  ; GPIO_1[0] ; keypad_freq_sel_module:inst1|freq_divider_keypad_module:freq_div|q ; keypad_freq_sel_module:inst1|freq_divider_keypad_module:freq_div|q ; 20.000       ; -2.916     ; 6.660      ;
; 5.440 ; keypad_freq_sel_module:inst1|keypad_module:keypad_mod_inst|i_column[14] ; GPIO_1[1] ; keypad_freq_sel_module:inst1|freq_divider_keypad_module:freq_div|q ; keypad_freq_sel_module:inst1|freq_divider_keypad_module:freq_div|q ; 20.000       ; -2.916     ; 6.644      ;
; 5.442 ; keypad_freq_sel_module:inst1|keypad_module:keypad_mod_inst|i_column[17] ; GPIO_1[2] ; keypad_freq_sel_module:inst1|freq_divider_keypad_module:freq_div|q ; keypad_freq_sel_module:inst1|freq_divider_keypad_module:freq_div|q ; 20.000       ; -2.919     ; 6.639      ;
; 5.456 ; keypad_freq_sel_module:inst1|keypad_module:keypad_mod_inst|i_column[21] ; GPIO_1[1] ; keypad_freq_sel_module:inst1|freq_divider_keypad_module:freq_div|q ; keypad_freq_sel_module:inst1|freq_divider_keypad_module:freq_div|q ; 20.000       ; -2.919     ; 6.625      ;
; 5.461 ; keypad_freq_sel_module:inst1|keypad_module:keypad_mod_inst|i_column[7]  ; GPIO_1[2] ; keypad_freq_sel_module:inst1|freq_divider_keypad_module:freq_div|q ; keypad_freq_sel_module:inst1|freq_divider_keypad_module:freq_div|q ; 20.000       ; -2.916     ; 6.623      ;
; 5.468 ; keypad_freq_sel_module:inst1|keypad_module:keypad_mod_inst|i_column[1]  ; GPIO_1[0] ; keypad_freq_sel_module:inst1|freq_divider_keypad_module:freq_div|q ; keypad_freq_sel_module:inst1|freq_divider_keypad_module:freq_div|q ; 20.000       ; -2.916     ; 6.616      ;
; 5.474 ; keypad_freq_sel_module:inst1|keypad_module:keypad_mod_inst|i_column[11] ; GPIO_1[3] ; keypad_freq_sel_module:inst1|freq_divider_keypad_module:freq_div|q ; keypad_freq_sel_module:inst1|freq_divider_keypad_module:freq_div|q ; 20.000       ; -2.916     ; 6.610      ;
; 5.497 ; keypad_freq_sel_module:inst1|keypad_module:keypad_mod_inst|i_column[5]  ; GPIO_1[0] ; keypad_freq_sel_module:inst1|freq_divider_keypad_module:freq_div|q ; keypad_freq_sel_module:inst1|freq_divider_keypad_module:freq_div|q ; 20.000       ; -2.916     ; 6.587      ;
; 5.500 ; keypad_freq_sel_module:inst1|keypad_module:keypad_mod_inst|i_column[14] ; GPIO_1[3] ; keypad_freq_sel_module:inst1|freq_divider_keypad_module:freq_div|q ; keypad_freq_sel_module:inst1|freq_divider_keypad_module:freq_div|q ; 20.000       ; -2.916     ; 6.584      ;
; 5.505 ; keypad_freq_sel_module:inst1|keypad_module:keypad_mod_inst|i_column[1]  ; GPIO_1[2] ; keypad_freq_sel_module:inst1|freq_divider_keypad_module:freq_div|q ; keypad_freq_sel_module:inst1|freq_divider_keypad_module:freq_div|q ; 20.000       ; -2.916     ; 6.579      ;
; 5.516 ; keypad_freq_sel_module:inst1|keypad_module:keypad_mod_inst|i_column[21] ; GPIO_1[3] ; keypad_freq_sel_module:inst1|freq_divider_keypad_module:freq_div|q ; keypad_freq_sel_module:inst1|freq_divider_keypad_module:freq_div|q ; 20.000       ; -2.919     ; 6.565      ;
; 5.518 ; keypad_freq_sel_module:inst1|keypad_module:keypad_mod_inst|i_column[15] ; GPIO_1[1] ; keypad_freq_sel_module:inst1|freq_divider_keypad_module:freq_div|q ; keypad_freq_sel_module:inst1|freq_divider_keypad_module:freq_div|q ; 20.000       ; -2.916     ; 6.566      ;
; 5.534 ; keypad_freq_sel_module:inst1|keypad_module:keypad_mod_inst|i_column[5]  ; GPIO_1[2] ; keypad_freq_sel_module:inst1|freq_divider_keypad_module:freq_div|q ; keypad_freq_sel_module:inst1|freq_divider_keypad_module:freq_div|q ; 20.000       ; -2.916     ; 6.550      ;
; 5.558 ; keypad_freq_sel_module:inst1|keypad_module:keypad_mod_inst|i_column[23] ; GPIO_1[1] ; keypad_freq_sel_module:inst1|freq_divider_keypad_module:freq_div|q ; keypad_freq_sel_module:inst1|freq_divider_keypad_module:freq_div|q ; 20.000       ; -2.919     ; 6.523      ;
; 5.578 ; keypad_freq_sel_module:inst1|keypad_module:keypad_mod_inst|i_column[15] ; GPIO_1[3] ; keypad_freq_sel_module:inst1|freq_divider_keypad_module:freq_div|q ; keypad_freq_sel_module:inst1|freq_divider_keypad_module:freq_div|q ; 20.000       ; -2.916     ; 6.506      ;
; 5.579 ; keypad_freq_sel_module:inst1|keypad_module:keypad_mod_inst|i_column[28] ; GPIO_1[1] ; keypad_freq_sel_module:inst1|freq_divider_keypad_module:freq_div|q ; keypad_freq_sel_module:inst1|freq_divider_keypad_module:freq_div|q ; 20.000       ; -2.919     ; 6.502      ;
; 5.579 ; keypad_freq_sel_module:inst1|keypad_module:keypad_mod_inst|i_column[2]  ; GPIO_1[0] ; keypad_freq_sel_module:inst1|freq_divider_keypad_module:freq_div|q ; keypad_freq_sel_module:inst1|freq_divider_keypad_module:freq_div|q ; 20.000       ; -2.916     ; 6.505      ;
; 5.583 ; keypad_freq_sel_module:inst1|keypad_module:keypad_mod_inst|i_column[13] ; GPIO_1[0] ; keypad_freq_sel_module:inst1|freq_divider_keypad_module:freq_div|q ; keypad_freq_sel_module:inst1|freq_divider_keypad_module:freq_div|q ; 20.000       ; -2.916     ; 6.501      ;
; 5.584 ; keypad_freq_sel_module:inst1|keypad_module:keypad_mod_inst|i_column[26] ; GPIO_1[0] ; keypad_freq_sel_module:inst1|freq_divider_keypad_module:freq_div|q ; keypad_freq_sel_module:inst1|freq_divider_keypad_module:freq_div|q ; 20.000       ; -2.919     ; 6.497      ;
; 5.589 ; keypad_freq_sel_module:inst1|keypad_module:keypad_mod_inst|i_column[9]  ; GPIO_1[0] ; keypad_freq_sel_module:inst1|freq_divider_keypad_module:freq_div|q ; keypad_freq_sel_module:inst1|freq_divider_keypad_module:freq_div|q ; 20.000       ; -2.916     ; 6.495      ;
; 5.616 ; keypad_freq_sel_module:inst1|keypad_module:keypad_mod_inst|i_column[2]  ; GPIO_1[2] ; keypad_freq_sel_module:inst1|freq_divider_keypad_module:freq_div|q ; keypad_freq_sel_module:inst1|freq_divider_keypad_module:freq_div|q ; 20.000       ; -2.916     ; 6.468      ;
; 5.618 ; keypad_freq_sel_module:inst1|keypad_module:keypad_mod_inst|i_column[23] ; GPIO_1[3] ; keypad_freq_sel_module:inst1|freq_divider_keypad_module:freq_div|q ; keypad_freq_sel_module:inst1|freq_divider_keypad_module:freq_div|q ; 20.000       ; -2.919     ; 6.463      ;
; 5.620 ; keypad_freq_sel_module:inst1|keypad_module:keypad_mod_inst|i_column[13] ; GPIO_1[2] ; keypad_freq_sel_module:inst1|freq_divider_keypad_module:freq_div|q ; keypad_freq_sel_module:inst1|freq_divider_keypad_module:freq_div|q ; 20.000       ; -2.916     ; 6.464      ;
; 5.621 ; keypad_freq_sel_module:inst1|keypad_module:keypad_mod_inst|i_column[26] ; GPIO_1[2] ; keypad_freq_sel_module:inst1|freq_divider_keypad_module:freq_div|q ; keypad_freq_sel_module:inst1|freq_divider_keypad_module:freq_div|q ; 20.000       ; -2.919     ; 6.460      ;
; 5.626 ; keypad_freq_sel_module:inst1|keypad_module:keypad_mod_inst|i_column[9]  ; GPIO_1[2] ; keypad_freq_sel_module:inst1|freq_divider_keypad_module:freq_div|q ; keypad_freq_sel_module:inst1|freq_divider_keypad_module:freq_div|q ; 20.000       ; -2.916     ; 6.458      ;
; 5.628 ; keypad_freq_sel_module:inst1|keypad_module:keypad_mod_inst|i_column[22] ; GPIO_1[1] ; keypad_freq_sel_module:inst1|freq_divider_keypad_module:freq_div|q ; keypad_freq_sel_module:inst1|freq_divider_keypad_module:freq_div|q ; 20.000       ; -2.919     ; 6.453      ;
; 5.639 ; keypad_freq_sel_module:inst1|keypad_module:keypad_mod_inst|i_column[28] ; GPIO_1[3] ; keypad_freq_sel_module:inst1|freq_divider_keypad_module:freq_div|q ; keypad_freq_sel_module:inst1|freq_divider_keypad_module:freq_div|q ; 20.000       ; -2.919     ; 6.442      ;
; 5.658 ; keypad_freq_sel_module:inst1|keypad_module:keypad_mod_inst|i_column[12] ; GPIO_1[1] ; keypad_freq_sel_module:inst1|freq_divider_keypad_module:freq_div|q ; keypad_freq_sel_module:inst1|freq_divider_keypad_module:freq_div|q ; 20.000       ; -2.916     ; 6.426      ;
; 5.659 ; keypad_freq_sel_module:inst1|keypad_module:keypad_mod_inst|i_column[30] ; GPIO_1[1] ; keypad_freq_sel_module:inst1|freq_divider_keypad_module:freq_div|q ; keypad_freq_sel_module:inst1|freq_divider_keypad_module:freq_div|q ; 20.000       ; -2.919     ; 6.422      ;
; 5.672 ; keypad_freq_sel_module:inst1|keypad_module:keypad_mod_inst|i_column[27] ; GPIO_1[0] ; keypad_freq_sel_module:inst1|freq_divider_keypad_module:freq_div|q ; keypad_freq_sel_module:inst1|freq_divider_keypad_module:freq_div|q ; 20.000       ; -2.919     ; 6.409      ;
; 5.684 ; keypad_freq_sel_module:inst1|keypad_module:keypad_mod_inst|i_column[10] ; GPIO_1[0] ; keypad_freq_sel_module:inst1|freq_divider_keypad_module:freq_div|q ; keypad_freq_sel_module:inst1|freq_divider_keypad_module:freq_div|q ; 20.000       ; -2.916     ; 6.400      ;
; 5.688 ; keypad_freq_sel_module:inst1|keypad_module:keypad_mod_inst|i_column[22] ; GPIO_1[3] ; keypad_freq_sel_module:inst1|freq_divider_keypad_module:freq_div|q ; keypad_freq_sel_module:inst1|freq_divider_keypad_module:freq_div|q ; 20.000       ; -2.919     ; 6.393      ;
; 5.705 ; keypad_freq_sel_module:inst1|keypad_module:keypad_mod_inst|i_column[16] ; GPIO_1[0] ; keypad_freq_sel_module:inst1|freq_divider_keypad_module:freq_div|q ; keypad_freq_sel_module:inst1|freq_divider_keypad_module:freq_div|q ; 20.000       ; -2.919     ; 6.376      ;
; 5.709 ; keypad_freq_sel_module:inst1|keypad_module:keypad_mod_inst|i_column[27] ; GPIO_1[2] ; keypad_freq_sel_module:inst1|freq_divider_keypad_module:freq_div|q ; keypad_freq_sel_module:inst1|freq_divider_keypad_module:freq_div|q ; 20.000       ; -2.919     ; 6.372      ;
; 5.718 ; keypad_freq_sel_module:inst1|keypad_module:keypad_mod_inst|i_column[12] ; GPIO_1[3] ; keypad_freq_sel_module:inst1|freq_divider_keypad_module:freq_div|q ; keypad_freq_sel_module:inst1|freq_divider_keypad_module:freq_div|q ; 20.000       ; -2.916     ; 6.366      ;
; 5.719 ; keypad_freq_sel_module:inst1|keypad_module:keypad_mod_inst|i_column[30] ; GPIO_1[3] ; keypad_freq_sel_module:inst1|freq_divider_keypad_module:freq_div|q ; keypad_freq_sel_module:inst1|freq_divider_keypad_module:freq_div|q ; 20.000       ; -2.919     ; 6.362      ;
; 5.721 ; keypad_freq_sel_module:inst1|keypad_module:keypad_mod_inst|i_column[10] ; GPIO_1[2] ; keypad_freq_sel_module:inst1|freq_divider_keypad_module:freq_div|q ; keypad_freq_sel_module:inst1|freq_divider_keypad_module:freq_div|q ; 20.000       ; -2.916     ; 6.363      ;
; 5.723 ; keypad_freq_sel_module:inst1|keypad_module:keypad_mod_inst|i_column[29] ; GPIO_1[1] ; keypad_freq_sel_module:inst1|freq_divider_keypad_module:freq_div|q ; keypad_freq_sel_module:inst1|freq_divider_keypad_module:freq_div|q ; 20.000       ; -2.919     ; 6.358      ;
; 5.730 ; keypad_freq_sel_module:inst1|keypad_module:keypad_mod_inst|i_column[25] ; GPIO_1[0] ; keypad_freq_sel_module:inst1|freq_divider_keypad_module:freq_div|q ; keypad_freq_sel_module:inst1|freq_divider_keypad_module:freq_div|q ; 20.000       ; -2.919     ; 6.351      ;
; 5.732 ; keypad_freq_sel_module:inst1|keypad_module:keypad_mod_inst|i_column[24] ; GPIO_1[0] ; keypad_freq_sel_module:inst1|freq_divider_keypad_module:freq_div|q ; keypad_freq_sel_module:inst1|freq_divider_keypad_module:freq_div|q ; 20.000       ; -2.919     ; 6.349      ;
; 5.733 ; keypad_freq_sel_module:inst1|keypad_module:keypad_mod_inst|i_column[3]  ; GPIO_1[0] ; keypad_freq_sel_module:inst1|freq_divider_keypad_module:freq_div|q ; keypad_freq_sel_module:inst1|freq_divider_keypad_module:freq_div|q ; 20.000       ; -2.916     ; 6.351      ;
; 5.742 ; keypad_freq_sel_module:inst1|keypad_module:keypad_mod_inst|i_column[16] ; GPIO_1[2] ; keypad_freq_sel_module:inst1|freq_divider_keypad_module:freq_div|q ; keypad_freq_sel_module:inst1|freq_divider_keypad_module:freq_div|q ; 20.000       ; -2.919     ; 6.339      ;
; 5.754 ; keypad_freq_sel_module:inst1|keypad_module:keypad_mod_inst|i_column[0]  ; GPIO_1[0] ; keypad_freq_sel_module:inst1|freq_divider_keypad_module:freq_div|q ; keypad_freq_sel_module:inst1|freq_divider_keypad_module:freq_div|q ; 20.000       ; -2.916     ; 6.330      ;
; 5.765 ; keypad_freq_sel_module:inst1|keypad_module:keypad_mod_inst|i_column[4]  ; GPIO_1[0] ; keypad_freq_sel_module:inst1|freq_divider_keypad_module:freq_div|q ; keypad_freq_sel_module:inst1|freq_divider_keypad_module:freq_div|q ; 20.000       ; -2.916     ; 6.319      ;
; 5.767 ; keypad_freq_sel_module:inst1|keypad_module:keypad_mod_inst|i_column[25] ; GPIO_1[2] ; keypad_freq_sel_module:inst1|freq_divider_keypad_module:freq_div|q ; keypad_freq_sel_module:inst1|freq_divider_keypad_module:freq_div|q ; 20.000       ; -2.919     ; 6.314      ;
; 5.769 ; keypad_freq_sel_module:inst1|keypad_module:keypad_mod_inst|i_column[24] ; GPIO_1[2] ; keypad_freq_sel_module:inst1|freq_divider_keypad_module:freq_div|q ; keypad_freq_sel_module:inst1|freq_divider_keypad_module:freq_div|q ; 20.000       ; -2.919     ; 6.312      ;
; 5.770 ; keypad_freq_sel_module:inst1|keypad_module:keypad_mod_inst|i_column[3]  ; GPIO_1[2] ; keypad_freq_sel_module:inst1|freq_divider_keypad_module:freq_div|q ; keypad_freq_sel_module:inst1|freq_divider_keypad_module:freq_div|q ; 20.000       ; -2.916     ; 6.314      ;
; 5.783 ; keypad_freq_sel_module:inst1|keypad_module:keypad_mod_inst|i_column[29] ; GPIO_1[3] ; keypad_freq_sel_module:inst1|freq_divider_keypad_module:freq_div|q ; keypad_freq_sel_module:inst1|freq_divider_keypad_module:freq_div|q ; 20.000       ; -2.919     ; 6.298      ;
; 5.791 ; keypad_freq_sel_module:inst1|keypad_module:keypad_mod_inst|i_column[0]  ; GPIO_1[2] ; keypad_freq_sel_module:inst1|freq_divider_keypad_module:freq_div|q ; keypad_freq_sel_module:inst1|freq_divider_keypad_module:freq_div|q ; 20.000       ; -2.916     ; 6.293      ;
; 5.802 ; keypad_freq_sel_module:inst1|keypad_module:keypad_mod_inst|i_column[4]  ; GPIO_1[2] ; keypad_freq_sel_module:inst1|freq_divider_keypad_module:freq_div|q ; keypad_freq_sel_module:inst1|freq_divider_keypad_module:freq_div|q ; 20.000       ; -2.916     ; 6.282      ;
+-------+-------------------------------------------------------------------------+-----------+--------------------------------------------------------------------+--------------------------------------------------------------------+--------------+------------+------------+


+---------------------------------------------------------------------------------------------------------------------------------------------------------------------------------------------------------------------------------------+
; Slow Model Hold: 'CLOCK_50'                                                                                                                                                                                                           ;
+-------+----------------------------------------------------------------------------+----------------------------------------------------------------------------+--------------+-------------+--------------+------------+------------+
; Slack ; From Node                                                                  ; To Node                                                                    ; Launch Clock ; Latch Clock ; Relationship ; Clock Skew ; Data Delay ;
+-------+----------------------------------------------------------------------------+----------------------------------------------------------------------------+--------------+-------------+--------------+------------+------------+
; 0.391 ; lcd_driver:inst8|state.WAIT_BUTTON_RELEASE                                 ; lcd_driver:inst8|state.WAIT_BUTTON_RELEASE                                 ; CLOCK_50     ; CLOCK_50    ; 0.000        ; 0.000      ; 0.657      ;
; 0.391 ; lcd_driver:inst8|btn_counter[0]                                            ; lcd_driver:inst8|btn_counter[0]                                            ; CLOCK_50     ; CLOCK_50    ; 0.000        ; 0.000      ; 0.657      ;
; 0.391 ; lcd_driver:inst8|state.DONE                                                ; lcd_driver:inst8|state.DONE                                                ; CLOCK_50     ; CLOCK_50    ; 0.000        ; 0.000      ; 0.657      ;
; 0.391 ; lcd_driver:inst8|sub_state_f[1]                                            ; lcd_driver:inst8|sub_state_f[1]                                            ; CLOCK_50     ; CLOCK_50    ; 0.000        ; 0.000      ; 0.657      ;
; 0.391 ; lcd_driver:inst8|state_f.SETUP                                             ; lcd_driver:inst8|state_f.SETUP                                             ; CLOCK_50     ; CLOCK_50    ; 0.000        ; 0.000      ; 0.657      ;
; 0.391 ; lcd_driver:inst8|sub_state_f[0]                                            ; lcd_driver:inst8|sub_state_f[0]                                            ; CLOCK_50     ; CLOCK_50    ; 0.000        ; 0.000      ; 0.657      ;
; 0.391 ; lcd_driver:inst8|state.WAIT                                                ; lcd_driver:inst8|state.WAIT                                                ; CLOCK_50     ; CLOCK_50    ; 0.000        ; 0.000      ; 0.657      ;
; 0.391 ; lcd_driver:inst8|lcd_data_freq[7]                                          ; lcd_driver:inst8|lcd_data_freq[7]                                          ; CLOCK_50     ; CLOCK_50    ; 0.000        ; 0.000      ; 0.657      ;
; 0.391 ; lcd_driver:inst8|lcd_en_freq                                               ; lcd_driver:inst8|lcd_en_freq                                               ; CLOCK_50     ; CLOCK_50    ; 0.000        ; 0.000      ; 0.657      ;
; 0.391 ; lcd_driver:inst8|lcd_en_cntr                                               ; lcd_driver:inst8|lcd_en_cntr                                               ; CLOCK_50     ; CLOCK_50    ; 0.000        ; 0.000      ; 0.657      ;
; 0.391 ; lcd_driver:inst8|lcd_rs_freq                                               ; lcd_driver:inst8|lcd_rs_freq                                               ; CLOCK_50     ; CLOCK_50    ; 0.000        ; 0.000      ; 0.657      ;
; 0.391 ; lcd_driver:inst8|btn_pressed                                               ; lcd_driver:inst8|btn_pressed                                               ; CLOCK_50     ; CLOCK_50    ; 0.000        ; 0.000      ; 0.657      ;
; 0.391 ; lcd_driver:inst8|state.POWER_ON                                            ; lcd_driver:inst8|state.POWER_ON                                            ; CLOCK_50     ; CLOCK_50    ; 0.000        ; 0.000      ; 0.657      ;
; 0.391 ; lcd_driver:inst8|sub_state.PAGE0                                           ; lcd_driver:inst8|sub_state.PAGE0                                           ; CLOCK_50     ; CLOCK_50    ; 0.000        ; 0.000      ; 0.657      ;
; 0.391 ; lcd_driver:inst8|sub_state.PAGE2                                           ; lcd_driver:inst8|sub_state.PAGE2                                           ; CLOCK_50     ; CLOCK_50    ; 0.000        ; 0.000      ; 0.657      ;
; 0.391 ; lcd_driver:inst8|n_index[3]                                                ; lcd_driver:inst8|n_index[3]                                                ; CLOCK_50     ; CLOCK_50    ; 0.000        ; 0.000      ; 0.657      ;
; 0.391 ; lcd_driver:inst8|state_f.WRITE_DATA                                        ; lcd_driver:inst8|state_f.WRITE_DATA                                        ; CLOCK_50     ; CLOCK_50    ; 0.000        ; 0.000      ; 0.657      ;
; 0.391 ; lcd_driver:inst8|state_f.WAIT_EXEC                                         ; lcd_driver:inst8|state_f.WAIT_EXEC                                         ; CLOCK_50     ; CLOCK_50    ; 0.000        ; 0.000      ; 0.657      ;
; 0.391 ; lcd_driver:inst8|n_index[0]                                                ; lcd_driver:inst8|n_index[0]                                                ; CLOCK_50     ; CLOCK_50    ; 0.000        ; 0.000      ; 0.657      ;
; 0.391 ; lcd_driver:inst8|n_index[1]                                                ; lcd_driver:inst8|n_index[1]                                                ; CLOCK_50     ; CLOCK_50    ; 0.000        ; 0.000      ; 0.657      ;
; 0.391 ; lcd_driver:inst8|n_index[2]                                                ; lcd_driver:inst8|n_index[2]                                                ; CLOCK_50     ; CLOCK_50    ; 0.000        ; 0.000      ; 0.657      ;
; 0.391 ; lcd_driver:inst8|sub_state.PAGE1                                           ; lcd_driver:inst8|sub_state.PAGE1                                           ; CLOCK_50     ; CLOCK_50    ; 0.000        ; 0.000      ; 0.657      ;
; 0.391 ; lcd_driver:inst8|state.WRITE_DATA                                          ; lcd_driver:inst8|state.WRITE_DATA                                          ; CLOCK_50     ; CLOCK_50    ; 0.000        ; 0.000      ; 0.657      ;
; 0.391 ; lcd_driver:inst8|state.WAIT_EXEC                                           ; lcd_driver:inst8|state.WAIT_EXEC                                           ; CLOCK_50     ; CLOCK_50    ; 0.000        ; 0.000      ; 0.657      ;
; 0.391 ; lcd_driver:inst8|state.PAGE_SELECT                                         ; lcd_driver:inst8|state.PAGE_SELECT                                         ; CLOCK_50     ; CLOCK_50    ; 0.000        ; 0.000      ; 0.657      ;
; 0.391 ; lcd_driver:inst8|sub_state.PAGE_ERROR                                      ; lcd_driver:inst8|sub_state.PAGE_ERROR                                      ; CLOCK_50     ; CLOCK_50    ; 0.000        ; 0.000      ; 0.657      ;
; 0.520 ; metastab_3xdff:inst4|bcd_freq_sync_2[25]                                   ; metastab_3xdff:inst4|bcd_freq_sync[25]                                     ; CLOCK_50     ; CLOCK_50    ; 0.000        ; 0.000      ; 0.786      ;
; 0.521 ; metastab_3xdff:inst4|bcd_freq_sync_1[12]                                   ; metastab_3xdff:inst4|bcd_freq_sync_2[12]                                   ; CLOCK_50     ; CLOCK_50    ; 0.000        ; 0.000      ; 0.787      ;
; 0.522 ; metastab_3xdff:inst4|bcd_freq_sync_2[21]                                   ; metastab_3xdff:inst4|bcd_freq_sync[21]                                     ; CLOCK_50     ; CLOCK_50    ; 0.000        ; 0.000      ; 0.788      ;
; 0.524 ; metastab_3xdff:inst4|bcd_freq_sync_1[8]                                    ; metastab_3xdff:inst4|bcd_freq_sync_2[8]                                    ; CLOCK_50     ; CLOCK_50    ; 0.000        ; 0.000      ; 0.790      ;
; 0.524 ; metastab_3xdff:inst4|bcd_freq_sync_1[3]                                    ; metastab_3xdff:inst4|bcd_freq_sync_2[3]                                    ; CLOCK_50     ; CLOCK_50    ; 0.000        ; 0.000      ; 0.790      ;
; 0.526 ; metastab_3xdff:inst4|bcd_freq_sync_2[5]                                    ; metastab_3xdff:inst4|bcd_freq_sync[5]                                      ; CLOCK_50     ; CLOCK_50    ; 0.000        ; 0.000      ; 0.792      ;
; 0.531 ; keypad_freq_sel_module:inst1|freq_divider_keypad_module:freq_div|count[31] ; keypad_freq_sel_module:inst1|freq_divider_keypad_module:freq_div|count[31] ; CLOCK_50     ; CLOCK_50    ; 0.000        ; 0.000      ; 0.797      ;
; 0.531 ; lcd_driver:inst8|counter_f[31]                                             ; lcd_driver:inst8|counter_f[31]                                             ; CLOCK_50     ; CLOCK_50    ; 0.000        ; 0.000      ; 0.797      ;
; 0.531 ; lcd_driver:inst8|counter[31]                                               ; lcd_driver:inst8|counter[31]                                               ; CLOCK_50     ; CLOCK_50    ; 0.000        ; 0.000      ; 0.797      ;
; 0.534 ; metastab_3xdff:inst4|bcd_freq_sync_2[12]                                   ; metastab_3xdff:inst4|bcd_freq_sync[12]                                     ; CLOCK_50     ; CLOCK_50    ; 0.000        ; 0.000      ; 0.800      ;
; 0.537 ; lcd_driver:inst8|state.WRITE_DATA                                          ; lcd_driver:inst8|lcd_en_cntr                                               ; CLOCK_50     ; CLOCK_50    ; 0.000        ; 0.000      ; 0.803      ;
; 0.550 ; lcd_driver:inst8|char_index[5]                                             ; lcd_driver:inst8|char_index[5]                                             ; CLOCK_50     ; CLOCK_50    ; 0.000        ; 0.000      ; 0.816      ;
; 0.552 ; lcd_driver:inst8|state.WAIT                                                ; lcd_driver:inst8|state.SETUP                                               ; CLOCK_50     ; CLOCK_50    ; 0.000        ; 0.000      ; 0.818      ;
; 0.594 ; lcd_driver:inst8|n_index[0]                                                ; lcd_driver:inst8|n_index[1]                                                ; CLOCK_50     ; CLOCK_50    ; 0.000        ; 0.000      ; 0.860      ;
; 0.595 ; lcd_driver:inst8|n_index[0]                                                ; lcd_driver:inst8|n_index[2]                                                ; CLOCK_50     ; CLOCK_50    ; 0.000        ; 0.000      ; 0.861      ;
; 0.602 ; lcd_driver:inst8|state_f.CHECK_AND_WAIT                                    ; lcd_driver:inst8|sub_state_f[1]                                            ; CLOCK_50     ; CLOCK_50    ; 0.000        ; 0.000      ; 0.868      ;
; 0.605 ; lcd_driver:inst8|state_f.CHECK_AND_WAIT                                    ; lcd_driver:inst8|lcd_rs_freq                                               ; CLOCK_50     ; CLOCK_50    ; 0.000        ; 0.000      ; 0.871      ;
; 0.606 ; lcd_driver:inst8|state_f.CHECK_AND_WAIT                                    ; lcd_driver:inst8|lcd_data_freq[7]                                          ; CLOCK_50     ; CLOCK_50    ; 0.000        ; 0.000      ; 0.872      ;
; 0.607 ; lcd_driver:inst8|state_f.CHECK_AND_WAIT                                    ; lcd_driver:inst8|sub_state_f[0]                                            ; CLOCK_50     ; CLOCK_50    ; 0.000        ; 0.000      ; 0.873      ;
; 0.645 ; metastab_3xdff:inst4|bcd_freq_sync_1[17]                                   ; metastab_3xdff:inst4|bcd_freq_sync_2[17]                                   ; CLOCK_50     ; CLOCK_50    ; 0.000        ; 0.000      ; 0.911      ;
; 0.645 ; metastab_3xdff:inst4|ena_ddfs_2                                            ; metastab_3xdff:inst4|ena_ddfs_sync                                         ; CLOCK_50     ; CLOCK_50    ; 0.000        ; 0.000      ; 0.911      ;
; 0.647 ; metastab_3xdff:inst4|bcd_freq_sync_2[18]                                   ; metastab_3xdff:inst4|bcd_freq_sync[18]                                     ; CLOCK_50     ; CLOCK_50    ; 0.000        ; 0.000      ; 0.913      ;
; 0.648 ; metastab_3xdff:inst4|bcd_freq_sync_2[19]                                   ; metastab_3xdff:inst4|bcd_freq_sync[19]                                     ; CLOCK_50     ; CLOCK_50    ; 0.000        ; 0.000      ; 0.914      ;
; 0.650 ; metastab_3xdff:inst4|bcd_freq_sync_1[4]                                    ; metastab_3xdff:inst4|bcd_freq_sync_2[4]                                    ; CLOCK_50     ; CLOCK_50    ; 0.000        ; 0.000      ; 0.916      ;
; 0.651 ; metastab_3xdff:inst4|bcd_freq_sync_1[10]                                   ; metastab_3xdff:inst4|bcd_freq_sync_2[10]                                   ; CLOCK_50     ; CLOCK_50    ; 0.000        ; 0.000      ; 0.917      ;
; 0.652 ; metastab_3xdff:inst4|bcd_freq_sync_1[20]                                   ; metastab_3xdff:inst4|bcd_freq_sync_2[20]                                   ; CLOCK_50     ; CLOCK_50    ; 0.000        ; 0.000      ; 0.918      ;
; 0.653 ; metastab_3xdff:inst4|bcd_freq_sync_1[11]                                   ; metastab_3xdff:inst4|bcd_freq_sync_2[11]                                   ; CLOCK_50     ; CLOCK_50    ; 0.000        ; 0.000      ; 0.919      ;
; 0.654 ; metastab_3xdff:inst4|bcd_freq_sync_1[0]                                    ; metastab_3xdff:inst4|bcd_freq_sync_2[0]                                    ; CLOCK_50     ; CLOCK_50    ; 0.000        ; 0.000      ; 0.920      ;
; 0.654 ; metastab_3xdff:inst4|bcd_freq_sync_2[6]                                    ; metastab_3xdff:inst4|bcd_freq_sync[6]                                      ; CLOCK_50     ; CLOCK_50    ; 0.000        ; 0.000      ; 0.920      ;
; 0.655 ; metastab_3xdff:inst4|bcd_freq_sync_1[5]                                    ; metastab_3xdff:inst4|bcd_freq_sync_2[5]                                    ; CLOCK_50     ; CLOCK_50    ; 0.000        ; 0.000      ; 0.921      ;
; 0.656 ; metastab_3xdff:inst4|bcd_freq_sync_2[7]                                    ; metastab_3xdff:inst4|bcd_freq_sync[7]                                      ; CLOCK_50     ; CLOCK_50    ; 0.000        ; 0.000      ; 0.922      ;
; 0.657 ; metastab_3xdff:inst4|bcd_freq_sync_2[24]                                   ; metastab_3xdff:inst4|bcd_freq_sync[24]                                     ; CLOCK_50     ; CLOCK_50    ; 0.000        ; 0.000      ; 0.923      ;
; 0.661 ; metastab_3xdff:inst4|bcd_freq_sync_2[27]                                   ; metastab_3xdff:inst4|bcd_freq_sync[27]                                     ; CLOCK_50     ; CLOCK_50    ; 0.000        ; 0.000      ; 0.927      ;
; 0.700 ; metastab_3xdff:inst4|bcd_freq_sync_1[22]                                   ; metastab_3xdff:inst4|bcd_freq_sync_2[22]                                   ; CLOCK_50     ; CLOCK_50    ; 0.000        ; 0.000      ; 0.966      ;
; 0.701 ; metastab_3xdff:inst4|bcd_freq_sync_1[24]                                   ; metastab_3xdff:inst4|bcd_freq_sync_2[24]                                   ; CLOCK_50     ; CLOCK_50    ; 0.000        ; 0.000      ; 0.967      ;
; 0.705 ; metastab_3xdff:inst4|bcd_freq_sync_2[22]                                   ; metastab_3xdff:inst4|bcd_freq_sync[22]                                     ; CLOCK_50     ; CLOCK_50    ; 0.000        ; 0.000      ; 0.971      ;
; 0.763 ; metastab_3xdff:inst4|next_1                                                ; metastab_3xdff:inst4|next_2                                                ; CLOCK_50     ; CLOCK_50    ; 0.000        ; 0.000      ; 1.029      ;
; 0.764 ; metastab_3xdff:inst4|mirror_y_sync_keypad_2                                ; metastab_3xdff:inst4|mirror_y_sync_keypad                                  ; CLOCK_50     ; CLOCK_50    ; 0.000        ; 0.000      ; 1.030      ;
; 0.765 ; metastab_3xdff:inst4|bcd_freq_sync_2[23]                                   ; metastab_3xdff:inst4|bcd_freq_sync[23]                                     ; CLOCK_50     ; CLOCK_50    ; 0.000        ; 0.000      ; 1.031      ;
; 0.765 ; metastab_3xdff:inst4|bcd_freq_sync_2[15]                                   ; metastab_3xdff:inst4|bcd_freq_sync[15]                                     ; CLOCK_50     ; CLOCK_50    ; 0.000        ; 0.000      ; 1.031      ;
; 0.767 ; metastab_3xdff:inst4|bcd_freq_sync_1[18]                                   ; metastab_3xdff:inst4|bcd_freq_sync_2[18]                                   ; CLOCK_50     ; CLOCK_50    ; 0.000        ; 0.000      ; 1.033      ;
; 0.769 ; metastab_3xdff:inst4|prev_1                                                ; metastab_3xdff:inst4|prev_2                                                ; CLOCK_50     ; CLOCK_50    ; 0.000        ; 0.000      ; 1.035      ;
; 0.769 ; metastab_3xdff:inst4|prev_2                                                ; metastab_3xdff:inst4|prev_sync                                             ; CLOCK_50     ; CLOCK_50    ; 0.000        ; 0.000      ; 1.035      ;
; 0.770 ; metastab_3xdff:inst4|bcd_freq_sync_2[20]                                   ; metastab_3xdff:inst4|bcd_freq_sync[20]                                     ; CLOCK_50     ; CLOCK_50    ; 0.000        ; 0.000      ; 1.036      ;
; 0.770 ; metastab_3xdff:inst4|bcd_freq_sync_1[16]                                   ; metastab_3xdff:inst4|bcd_freq_sync_2[16]                                   ; CLOCK_50     ; CLOCK_50    ; 0.000        ; 0.000      ; 1.036      ;
; 0.770 ; metastab_3xdff:inst4|bcd_freq_sync_1[15]                                   ; metastab_3xdff:inst4|bcd_freq_sync_2[15]                                   ; CLOCK_50     ; CLOCK_50    ; 0.000        ; 0.000      ; 1.036      ;
; 0.770 ; metastab_3xdff:inst4|bcd_freq_sync_2[13]                                   ; metastab_3xdff:inst4|bcd_freq_sync[13]                                     ; CLOCK_50     ; CLOCK_50    ; 0.000        ; 0.000      ; 1.036      ;
; 0.771 ; metastab_3xdff:inst4|bcd_freq_sync_1[13]                                   ; metastab_3xdff:inst4|bcd_freq_sync_2[13]                                   ; CLOCK_50     ; CLOCK_50    ; 0.000        ; 0.000      ; 1.037      ;
; 0.772 ; metastab_3xdff:inst4|bcd_freq_sync_1[19]                                   ; metastab_3xdff:inst4|bcd_freq_sync_2[19]                                   ; CLOCK_50     ; CLOCK_50    ; 0.000        ; 0.000      ; 1.038      ;
; 0.773 ; metastab_3xdff:inst4|bcd_freq_sync_2[11]                                   ; metastab_3xdff:inst4|bcd_freq_sync[11]                                     ; CLOCK_50     ; CLOCK_50    ; 0.000        ; 0.000      ; 1.039      ;
; 0.773 ; metastab_3xdff:inst4|bcd_freq_sync_1[2]                                    ; metastab_3xdff:inst4|bcd_freq_sync_2[2]                                    ; CLOCK_50     ; CLOCK_50    ; 0.000        ; 0.000      ; 1.039      ;
; 0.774 ; metastab_3xdff:inst4|bcd_freq_sync_1[6]                                    ; metastab_3xdff:inst4|bcd_freq_sync_2[6]                                    ; CLOCK_50     ; CLOCK_50    ; 0.000        ; 0.000      ; 1.040      ;
; 0.788 ; lcd_driver:inst8|counter[0]                                                ; lcd_driver:inst8|counter[0]                                                ; CLOCK_50     ; CLOCK_50    ; 0.000        ; 0.000      ; 1.054      ;
; 0.788 ; lcd_driver:inst8|counter_f[0]                                              ; lcd_driver:inst8|counter_f[0]                                              ; CLOCK_50     ; CLOCK_50    ; 0.000        ; 0.000      ; 1.054      ;
; 0.790 ; metastab_3xdff:inst4|bcd_freq_sync_1[7]                                    ; metastab_3xdff:inst4|bcd_freq_sync_2[7]                                    ; CLOCK_50     ; CLOCK_50    ; 0.000        ; 0.000      ; 1.056      ;
; 0.795 ; keypad_freq_sel_module:inst1|freq_divider_keypad_module:freq_div|count[16] ; keypad_freq_sel_module:inst1|freq_divider_keypad_module:freq_div|count[16] ; CLOCK_50     ; CLOCK_50    ; 0.000        ; 0.000      ; 1.061      ;
; 0.795 ; lcd_driver:inst8|counter[16]                                               ; lcd_driver:inst8|counter[16]                                               ; CLOCK_50     ; CLOCK_50    ; 0.000        ; 0.000      ; 1.061      ;
; 0.795 ; lcd_driver:inst8|counter_f[16]                                             ; lcd_driver:inst8|counter_f[16]                                             ; CLOCK_50     ; CLOCK_50    ; 0.000        ; 0.000      ; 1.061      ;
; 0.796 ; metastab_3xdff:inst4|bcd_freq_sync_1[14]                                   ; metastab_3xdff:inst4|bcd_freq_sync_2[14]                                   ; CLOCK_50     ; CLOCK_50    ; 0.000        ; 0.000      ; 1.062      ;
; 0.798 ; lcd_driver:inst8|counter[1]                                                ; lcd_driver:inst8|counter[1]                                                ; CLOCK_50     ; CLOCK_50    ; 0.000        ; 0.000      ; 1.064      ;
; 0.798 ; lcd_driver:inst8|counter_f[1]                                              ; lcd_driver:inst8|counter_f[1]                                              ; CLOCK_50     ; CLOCK_50    ; 0.000        ; 0.000      ; 1.064      ;
; 0.799 ; lcd_driver:inst8|counter[2]                                                ; lcd_driver:inst8|counter[2]                                                ; CLOCK_50     ; CLOCK_50    ; 0.000        ; 0.000      ; 1.065      ;
; 0.799 ; lcd_driver:inst8|counter_f[2]                                              ; lcd_driver:inst8|counter_f[2]                                              ; CLOCK_50     ; CLOCK_50    ; 0.000        ; 0.000      ; 1.065      ;
; 0.799 ; metastab_3xdff:inst4|bcd_freq_sync_2[3]                                    ; metastab_3xdff:inst4|bcd_freq_sync[3]                                      ; CLOCK_50     ; CLOCK_50    ; 0.000        ; 0.000      ; 1.065      ;
; 0.799 ; metastab_3xdff:inst4|bcd_freq_sync_2[14]                                   ; metastab_3xdff:inst4|bcd_freq_sync[14]                                     ; CLOCK_50     ; CLOCK_50    ; 0.000        ; 0.000      ; 1.065      ;
; 0.799 ; metastab_3xdff:inst4|bcd_freq_sync_1[21]                                   ; metastab_3xdff:inst4|bcd_freq_sync_2[21]                                   ; CLOCK_50     ; CLOCK_50    ; 0.000        ; 0.000      ; 1.065      ;
; 0.800 ; keypad_freq_sel_module:inst1|freq_divider_keypad_module:freq_div|count[1]  ; keypad_freq_sel_module:inst1|freq_divider_keypad_module:freq_div|count[1]  ; CLOCK_50     ; CLOCK_50    ; 0.000        ; 0.000      ; 1.066      ;
; 0.800 ; metastab_3xdff:inst4|bcd_freq_sync_2[0]                                    ; metastab_3xdff:inst4|bcd_freq_sync[0]                                      ; CLOCK_50     ; CLOCK_50    ; 0.000        ; 0.000      ; 1.066      ;
; 0.800 ; metastab_3xdff:inst4|bcd_freq_sync_2[8]                                    ; metastab_3xdff:inst4|bcd_freq_sync[8]                                      ; CLOCK_50     ; CLOCK_50    ; 0.000        ; 0.000      ; 1.066      ;
; 0.800 ; metastab_3xdff:inst4|bcd_freq_sync_2[4]                                    ; metastab_3xdff:inst4|bcd_freq_sync[4]                                      ; CLOCK_50     ; CLOCK_50    ; 0.000        ; 0.000      ; 1.066      ;
; 0.800 ; metastab_3xdff:inst4|bcd_freq_sync_2[9]                                    ; metastab_3xdff:inst4|bcd_freq_sync[9]                                      ; CLOCK_50     ; CLOCK_50    ; 0.000        ; 0.000      ; 1.066      ;
; 0.800 ; metastab_3xdff:inst4|bcd_freq_sync_2[17]                                   ; metastab_3xdff:inst4|bcd_freq_sync[17]                                     ; CLOCK_50     ; CLOCK_50    ; 0.000        ; 0.000      ; 1.066      ;
; 0.801 ; keypad_freq_sel_module:inst1|freq_divider_keypad_module:freq_div|count[2]  ; keypad_freq_sel_module:inst1|freq_divider_keypad_module:freq_div|count[2]  ; CLOCK_50     ; CLOCK_50    ; 0.000        ; 0.000      ; 1.067      ;
; 0.801 ; keypad_freq_sel_module:inst1|freq_divider_keypad_module:freq_div|count[11] ; keypad_freq_sel_module:inst1|freq_divider_keypad_module:freq_div|count[11] ; CLOCK_50     ; CLOCK_50    ; 0.000        ; 0.000      ; 1.067      ;
+-------+----------------------------------------------------------------------------+----------------------------------------------------------------------------+--------------+-------------+--------------+------------+------------+


+------------------------------------------------------------------------------------------------------------------------------------------------------------------------------------------------------------------------------------------------------------------------------------------------------------------------------------------------------+
; Slow Model Hold: 'keypad_freq_sel_module:inst1|freq_divider_keypad_module:freq_div|q'                                                                                                                                                                                                                                                                ;
+-------+-----------------------------------------------------------------------------+-----------------------------------------------------------------------------+--------------------------------------------------------------------+--------------------------------------------------------------------+--------------+------------+------------+
; Slack ; From Node                                                                   ; To Node                                                                     ; Launch Clock                                                       ; Latch Clock                                                        ; Relationship ; Clock Skew ; Data Delay ;
+-------+-----------------------------------------------------------------------------+-----------------------------------------------------------------------------+--------------------------------------------------------------------+--------------------------------------------------------------------+--------------+------------+------------+
; 0.391 ; keypad_freq_sel_module:inst1|debounced_keypad_pressed                       ; keypad_freq_sel_module:inst1|debounced_keypad_pressed                       ; keypad_freq_sel_module:inst1|freq_divider_keypad_module:freq_div|q ; keypad_freq_sel_module:inst1|freq_divider_keypad_module:freq_div|q ; 0.000        ; 0.000      ; 0.657      ;
; 0.391 ; keypad_freq_sel_module:inst1|button_pressed                                 ; keypad_freq_sel_module:inst1|button_pressed                                 ; keypad_freq_sel_module:inst1|freq_divider_keypad_module:freq_div|q ; keypad_freq_sel_module:inst1|freq_divider_keypad_module:freq_div|q ; 0.000        ; 0.000      ; 0.657      ;
; 0.391 ; keypad_freq_sel_module:inst1|prev_page                                      ; keypad_freq_sel_module:inst1|prev_page                                      ; keypad_freq_sel_module:inst1|freq_divider_keypad_module:freq_div|q ; keypad_freq_sel_module:inst1|freq_divider_keypad_module:freq_div|q ; 0.000        ; 0.000      ; 0.657      ;
; 0.391 ; keypad_freq_sel_module:inst1|next_page                                      ; keypad_freq_sel_module:inst1|next_page                                      ; keypad_freq_sel_module:inst1|freq_divider_keypad_module:freq_div|q ; keypad_freq_sel_module:inst1|freq_divider_keypad_module:freq_div|q ; 0.000        ; 0.000      ; 0.657      ;
; 0.391 ; keypad_freq_sel_module:inst1|digit_counter[2]                               ; keypad_freq_sel_module:inst1|digit_counter[2]                               ; keypad_freq_sel_module:inst1|freq_divider_keypad_module:freq_div|q ; keypad_freq_sel_module:inst1|freq_divider_keypad_module:freq_div|q ; 0.000        ; 0.000      ; 0.657      ;
; 0.391 ; keypad_freq_sel_module:inst1|freq_1[0]                                      ; keypad_freq_sel_module:inst1|freq_1[0]                                      ; keypad_freq_sel_module:inst1|freq_divider_keypad_module:freq_div|q ; keypad_freq_sel_module:inst1|freq_divider_keypad_module:freq_div|q ; 0.000        ; 0.000      ; 0.657      ;
; 0.391 ; keypad_freq_sel_module:inst1|freq_1[3]                                      ; keypad_freq_sel_module:inst1|freq_1[3]                                      ; keypad_freq_sel_module:inst1|freq_divider_keypad_module:freq_div|q ; keypad_freq_sel_module:inst1|freq_divider_keypad_module:freq_div|q ; 0.000        ; 0.000      ; 0.657      ;
; 0.391 ; keypad_freq_sel_module:inst1|freq_1[2]                                      ; keypad_freq_sel_module:inst1|freq_1[2]                                      ; keypad_freq_sel_module:inst1|freq_divider_keypad_module:freq_div|q ; keypad_freq_sel_module:inst1|freq_divider_keypad_module:freq_div|q ; 0.000        ; 0.000      ; 0.657      ;
; 0.391 ; keypad_freq_sel_module:inst1|freq_1[1]                                      ; keypad_freq_sel_module:inst1|freq_1[1]                                      ; keypad_freq_sel_module:inst1|freq_divider_keypad_module:freq_div|q ; keypad_freq_sel_module:inst1|freq_divider_keypad_module:freq_div|q ; 0.000        ; 0.000      ; 0.657      ;
; 0.391 ; keypad_freq_sel_module:inst1|sel_A                                          ; keypad_freq_sel_module:inst1|sel_A                                          ; keypad_freq_sel_module:inst1|freq_divider_keypad_module:freq_div|q ; keypad_freq_sel_module:inst1|freq_divider_keypad_module:freq_div|q ; 0.000        ; 0.000      ; 0.657      ;
; 0.391 ; keypad_freq_sel_module:inst1|keypad_module:keypad_mod_inst|tmp_out_keys[8]  ; keypad_freq_sel_module:inst1|keypad_module:keypad_mod_inst|tmp_out_keys[8]  ; keypad_freq_sel_module:inst1|freq_divider_keypad_module:freq_div|q ; keypad_freq_sel_module:inst1|freq_divider_keypad_module:freq_div|q ; 0.000        ; 0.000      ; 0.657      ;
; 0.391 ; keypad_freq_sel_module:inst1|keypad_module:keypad_mod_inst|tmp_out_keys[14] ; keypad_freq_sel_module:inst1|keypad_module:keypad_mod_inst|tmp_out_keys[14] ; keypad_freq_sel_module:inst1|freq_divider_keypad_module:freq_div|q ; keypad_freq_sel_module:inst1|freq_divider_keypad_module:freq_div|q ; 0.000        ; 0.000      ; 0.657      ;
; 0.391 ; keypad_freq_sel_module:inst1|keypad_module:keypad_mod_inst|tmp_out_keys[7]  ; keypad_freq_sel_module:inst1|keypad_module:keypad_mod_inst|tmp_out_keys[7]  ; keypad_freq_sel_module:inst1|freq_divider_keypad_module:freq_div|q ; keypad_freq_sel_module:inst1|freq_divider_keypad_module:freq_div|q ; 0.000        ; 0.000      ; 0.657      ;
; 0.391 ; keypad_freq_sel_module:inst1|keypad_module:keypad_mod_inst|tmp_out_keys[13] ; keypad_freq_sel_module:inst1|keypad_module:keypad_mod_inst|tmp_out_keys[13] ; keypad_freq_sel_module:inst1|freq_divider_keypad_module:freq_div|q ; keypad_freq_sel_module:inst1|freq_divider_keypad_module:freq_div|q ; 0.000        ; 0.000      ; 0.657      ;
; 0.391 ; keypad_freq_sel_module:inst1|keypad_module:keypad_mod_inst|tmp_out_keys[11] ; keypad_freq_sel_module:inst1|keypad_module:keypad_mod_inst|tmp_out_keys[11] ; keypad_freq_sel_module:inst1|freq_divider_keypad_module:freq_div|q ; keypad_freq_sel_module:inst1|freq_divider_keypad_module:freq_div|q ; 0.000        ; 0.000      ; 0.657      ;
; 0.391 ; keypad_freq_sel_module:inst1|keypad_module:keypad_mod_inst|tmp_out_keys[9]  ; keypad_freq_sel_module:inst1|keypad_module:keypad_mod_inst|tmp_out_keys[9]  ; keypad_freq_sel_module:inst1|freq_divider_keypad_module:freq_div|q ; keypad_freq_sel_module:inst1|freq_divider_keypad_module:freq_div|q ; 0.000        ; 0.000      ; 0.657      ;
; 0.391 ; keypad_freq_sel_module:inst1|keypad_module:keypad_mod_inst|tmp_out_keys[12] ; keypad_freq_sel_module:inst1|keypad_module:keypad_mod_inst|tmp_out_keys[12] ; keypad_freq_sel_module:inst1|freq_divider_keypad_module:freq_div|q ; keypad_freq_sel_module:inst1|freq_divider_keypad_module:freq_div|q ; 0.000        ; 0.000      ; 0.657      ;
; 0.391 ; keypad_freq_sel_module:inst1|keypad_module:keypad_mod_inst|tmp_out_keys[10] ; keypad_freq_sel_module:inst1|keypad_module:keypad_mod_inst|tmp_out_keys[10] ; keypad_freq_sel_module:inst1|freq_divider_keypad_module:freq_div|q ; keypad_freq_sel_module:inst1|freq_divider_keypad_module:freq_div|q ; 0.000        ; 0.000      ; 0.657      ;
; 0.391 ; keypad_freq_sel_module:inst1|keypad_module:keypad_mod_inst|tmp_out_keys[15] ; keypad_freq_sel_module:inst1|keypad_module:keypad_mod_inst|tmp_out_keys[15] ; keypad_freq_sel_module:inst1|freq_divider_keypad_module:freq_div|q ; keypad_freq_sel_module:inst1|freq_divider_keypad_module:freq_div|q ; 0.000        ; 0.000      ; 0.657      ;
; 0.391 ; keypad_freq_sel_module:inst1|keypad_module:keypad_mod_inst|tmp_out_keys[3]  ; keypad_freq_sel_module:inst1|keypad_module:keypad_mod_inst|tmp_out_keys[3]  ; keypad_freq_sel_module:inst1|freq_divider_keypad_module:freq_div|q ; keypad_freq_sel_module:inst1|freq_divider_keypad_module:freq_div|q ; 0.000        ; 0.000      ; 0.657      ;
; 0.391 ; keypad_freq_sel_module:inst1|keypad_module:keypad_mod_inst|tmp_out_keys[4]  ; keypad_freq_sel_module:inst1|keypad_module:keypad_mod_inst|tmp_out_keys[4]  ; keypad_freq_sel_module:inst1|freq_divider_keypad_module:freq_div|q ; keypad_freq_sel_module:inst1|freq_divider_keypad_module:freq_div|q ; 0.000        ; 0.000      ; 0.657      ;
; 0.391 ; keypad_freq_sel_module:inst1|keypad_module:keypad_mod_inst|tmp_out_keys[6]  ; keypad_freq_sel_module:inst1|keypad_module:keypad_mod_inst|tmp_out_keys[6]  ; keypad_freq_sel_module:inst1|freq_divider_keypad_module:freq_div|q ; keypad_freq_sel_module:inst1|freq_divider_keypad_module:freq_div|q ; 0.000        ; 0.000      ; 0.657      ;
; 0.391 ; keypad_freq_sel_module:inst1|keypad_module:keypad_mod_inst|tmp_out_keys[5]  ; keypad_freq_sel_module:inst1|keypad_module:keypad_mod_inst|tmp_out_keys[5]  ; keypad_freq_sel_module:inst1|freq_divider_keypad_module:freq_div|q ; keypad_freq_sel_module:inst1|freq_divider_keypad_module:freq_div|q ; 0.000        ; 0.000      ; 0.657      ;
; 0.391 ; keypad_freq_sel_module:inst1|keypad_module:keypad_mod_inst|tmp_out_keys[2]  ; keypad_freq_sel_module:inst1|keypad_module:keypad_mod_inst|tmp_out_keys[2]  ; keypad_freq_sel_module:inst1|freq_divider_keypad_module:freq_div|q ; keypad_freq_sel_module:inst1|freq_divider_keypad_module:freq_div|q ; 0.000        ; 0.000      ; 0.657      ;
; 0.391 ; keypad_freq_sel_module:inst1|keypad_module:keypad_mod_inst|tmp_out_keys[1]  ; keypad_freq_sel_module:inst1|keypad_module:keypad_mod_inst|tmp_out_keys[1]  ; keypad_freq_sel_module:inst1|freq_divider_keypad_module:freq_div|q ; keypad_freq_sel_module:inst1|freq_divider_keypad_module:freq_div|q ; 0.000        ; 0.000      ; 0.657      ;
; 0.391 ; keypad_freq_sel_module:inst1|keypad_module:keypad_mod_inst|tmp_out_keys[0]  ; keypad_freq_sel_module:inst1|keypad_module:keypad_mod_inst|tmp_out_keys[0]  ; keypad_freq_sel_module:inst1|freq_divider_keypad_module:freq_div|q ; keypad_freq_sel_module:inst1|freq_divider_keypad_module:freq_div|q ; 0.000        ; 0.000      ; 0.657      ;
; 0.391 ; keypad_freq_sel_module:inst1|number_not_sel                                 ; keypad_freq_sel_module:inst1|number_not_sel                                 ; keypad_freq_sel_module:inst1|freq_divider_keypad_module:freq_div|q ; keypad_freq_sel_module:inst1|freq_divider_keypad_module:freq_div|q ; 0.000        ; 0.000      ; 0.657      ;
; 0.531 ; keypad_freq_sel_module:inst1|keypad_module:keypad_mod_inst|i_column[31]     ; keypad_freq_sel_module:inst1|keypad_module:keypad_mod_inst|i_column[31]     ; keypad_freq_sel_module:inst1|freq_divider_keypad_module:freq_div|q ; keypad_freq_sel_module:inst1|freq_divider_keypad_module:freq_div|q ; 0.000        ; 0.000      ; 0.797      ;
; 0.531 ; keypad_freq_sel_module:inst1|cont[31]                                       ; keypad_freq_sel_module:inst1|cont[31]                                       ; keypad_freq_sel_module:inst1|freq_divider_keypad_module:freq_div|q ; keypad_freq_sel_module:inst1|freq_divider_keypad_module:freq_div|q ; 0.000        ; 0.000      ; 0.797      ;
; 0.531 ; keypad_freq_sel_module:inst1|freq_4[3]                                      ; keypad_freq_sel_module:inst1|freq_3[3]                                      ; keypad_freq_sel_module:inst1|freq_divider_keypad_module:freq_div|q ; keypad_freq_sel_module:inst1|freq_divider_keypad_module:freq_div|q ; 0.000        ; 0.000      ; 0.797      ;
; 0.531 ; keypad_freq_sel_module:inst1|freq_4[2]                                      ; keypad_freq_sel_module:inst1|freq_3[2]                                      ; keypad_freq_sel_module:inst1|freq_divider_keypad_module:freq_div|q ; keypad_freq_sel_module:inst1|freq_divider_keypad_module:freq_div|q ; 0.000        ; 0.000      ; 0.797      ;
; 0.535 ; keypad_freq_sel_module:inst1|freq_5[2]                                      ; keypad_freq_sel_module:inst1|freq_4[2]                                      ; keypad_freq_sel_module:inst1|freq_divider_keypad_module:freq_div|q ; keypad_freq_sel_module:inst1|freq_divider_keypad_module:freq_div|q ; 0.000        ; 0.000      ; 0.801      ;
; 0.542 ; keypad_freq_sel_module:inst1|button_pressed                                 ; keypad_freq_sel_module:inst1|prev_page                                      ; keypad_freq_sel_module:inst1|freq_divider_keypad_module:freq_div|q ; keypad_freq_sel_module:inst1|freq_divider_keypad_module:freq_div|q ; 0.000        ; 0.000      ; 0.808      ;
; 0.550 ; keypad_freq_sel_module:inst1|debounced_keypad_pressed                       ; keypad_freq_sel_module:inst1|next_page                                      ; keypad_freq_sel_module:inst1|freq_divider_keypad_module:freq_div|q ; keypad_freq_sel_module:inst1|freq_divider_keypad_module:freq_div|q ; 0.000        ; 0.000      ; 0.816      ;
; 0.551 ; keypad_freq_sel_module:inst1|debounced_keypad_pressed                       ; keypad_freq_sel_module:inst1|button_pressed                                 ; keypad_freq_sel_module:inst1|freq_divider_keypad_module:freq_div|q ; keypad_freq_sel_module:inst1|freq_divider_keypad_module:freq_div|q ; 0.000        ; 0.000      ; 0.817      ;
; 0.587 ; keypad_freq_sel_module:inst1|digit_counter[1]                               ; keypad_freq_sel_module:inst1|digit_counter_BCD[1]                           ; keypad_freq_sel_module:inst1|freq_divider_keypad_module:freq_div|q ; keypad_freq_sel_module:inst1|freq_divider_keypad_module:freq_div|q ; 0.000        ; 0.000      ; 0.853      ;
; 0.675 ; keypad_freq_sel_module:inst1|freq_3[2]                                      ; keypad_freq_sel_module:inst1|freq_4[2]                                      ; keypad_freq_sel_module:inst1|freq_divider_keypad_module:freq_div|q ; keypad_freq_sel_module:inst1|freq_divider_keypad_module:freq_div|q ; 0.000        ; 0.000      ; 0.941      ;
; 0.688 ; keypad_freq_sel_module:inst1|freq_4[0]                                      ; keypad_freq_sel_module:inst1|freq_5[0]                                      ; keypad_freq_sel_module:inst1|freq_divider_keypad_module:freq_div|q ; keypad_freq_sel_module:inst1|freq_divider_keypad_module:freq_div|q ; 0.000        ; 0.000      ; 0.954      ;
; 0.691 ; keypad_freq_sel_module:inst1|freq_5[1]                                      ; keypad_freq_sel_module:inst1|freq_6[1]                                      ; keypad_freq_sel_module:inst1|freq_divider_keypad_module:freq_div|q ; keypad_freq_sel_module:inst1|freq_divider_keypad_module:freq_div|q ; 0.000        ; 0.000      ; 0.957      ;
; 0.695 ; keypad_freq_sel_module:inst1|freq_5[0]                                      ; keypad_freq_sel_module:inst1|freq_6[0]                                      ; keypad_freq_sel_module:inst1|freq_divider_keypad_module:freq_div|q ; keypad_freq_sel_module:inst1|freq_divider_keypad_module:freq_div|q ; 0.000        ; 0.000      ; 0.961      ;
; 0.695 ; keypad_freq_sel_module:inst1|freq_2[1]                                      ; keypad_freq_sel_module:inst1|freq_3[1]                                      ; keypad_freq_sel_module:inst1|freq_divider_keypad_module:freq_div|q ; keypad_freq_sel_module:inst1|freq_divider_keypad_module:freq_div|q ; 0.000        ; 0.000      ; 0.961      ;
; 0.699 ; keypad_freq_sel_module:inst1|freq_4[1]                                      ; keypad_freq_sel_module:inst1|freq_5[1]                                      ; keypad_freq_sel_module:inst1|freq_divider_keypad_module:freq_div|q ; keypad_freq_sel_module:inst1|freq_divider_keypad_module:freq_div|q ; 0.000        ; 0.000      ; 0.965      ;
; 0.715 ; keypad_freq_sel_module:inst1|freq_3[0]                                      ; keypad_freq_sel_module:inst1|freq_4[0]                                      ; keypad_freq_sel_module:inst1|freq_divider_keypad_module:freq_div|q ; keypad_freq_sel_module:inst1|freq_divider_keypad_module:freq_div|q ; 0.000        ; 0.000      ; 0.981      ;
; 0.737 ; keypad_freq_sel_module:inst1|freq_4[1]                                      ; keypad_freq_sel_module:inst1|freq_3[1]                                      ; keypad_freq_sel_module:inst1|freq_divider_keypad_module:freq_div|q ; keypad_freq_sel_module:inst1|freq_divider_keypad_module:freq_div|q ; 0.000        ; 0.000      ; 1.003      ;
; 0.788 ; keypad_freq_sel_module:inst1|cont[0]                                        ; keypad_freq_sel_module:inst1|cont[0]                                        ; keypad_freq_sel_module:inst1|freq_divider_keypad_module:freq_div|q ; keypad_freq_sel_module:inst1|freq_divider_keypad_module:freq_div|q ; 0.000        ; 0.000      ; 1.054      ;
; 0.795 ; keypad_freq_sel_module:inst1|keypad_module:keypad_mod_inst|i_column[0]      ; keypad_freq_sel_module:inst1|keypad_module:keypad_mod_inst|i_column[0]      ; keypad_freq_sel_module:inst1|freq_divider_keypad_module:freq_div|q ; keypad_freq_sel_module:inst1|freq_divider_keypad_module:freq_div|q ; 0.000        ; 0.000      ; 1.061      ;
; 0.795 ; keypad_freq_sel_module:inst1|cont[16]                                       ; keypad_freq_sel_module:inst1|cont[16]                                       ; keypad_freq_sel_module:inst1|freq_divider_keypad_module:freq_div|q ; keypad_freq_sel_module:inst1|freq_divider_keypad_module:freq_div|q ; 0.000        ; 0.000      ; 1.061      ;
; 0.798 ; keypad_freq_sel_module:inst1|cont[1]                                        ; keypad_freq_sel_module:inst1|cont[1]                                        ; keypad_freq_sel_module:inst1|freq_divider_keypad_module:freq_div|q ; keypad_freq_sel_module:inst1|freq_divider_keypad_module:freq_div|q ; 0.000        ; 0.000      ; 1.064      ;
; 0.799 ; keypad_freq_sel_module:inst1|keypad_module:keypad_mod_inst|i_column[16]     ; keypad_freq_sel_module:inst1|keypad_module:keypad_mod_inst|i_column[16]     ; keypad_freq_sel_module:inst1|freq_divider_keypad_module:freq_div|q ; keypad_freq_sel_module:inst1|freq_divider_keypad_module:freq_div|q ; 0.000        ; 0.000      ; 1.065      ;
; 0.799 ; keypad_freq_sel_module:inst1|cont[2]                                        ; keypad_freq_sel_module:inst1|cont[2]                                        ; keypad_freq_sel_module:inst1|freq_divider_keypad_module:freq_div|q ; keypad_freq_sel_module:inst1|freq_divider_keypad_module:freq_div|q ; 0.000        ; 0.000      ; 1.065      ;
; 0.801 ; keypad_freq_sel_module:inst1|freq_6[1]                                      ; keypad_freq_sel_module:inst1|freq_5[1]                                      ; keypad_freq_sel_module:inst1|freq_divider_keypad_module:freq_div|q ; keypad_freq_sel_module:inst1|freq_divider_keypad_module:freq_div|q ; 0.000        ; 0.000      ; 1.067      ;
; 0.805 ; keypad_freq_sel_module:inst1|keypad_module:keypad_mod_inst|i_column[1]      ; keypad_freq_sel_module:inst1|keypad_module:keypad_mod_inst|i_column[1]      ; keypad_freq_sel_module:inst1|freq_divider_keypad_module:freq_div|q ; keypad_freq_sel_module:inst1|freq_divider_keypad_module:freq_div|q ; 0.000        ; 0.000      ; 1.071      ;
; 0.805 ; keypad_freq_sel_module:inst1|keypad_module:keypad_mod_inst|i_column[17]     ; keypad_freq_sel_module:inst1|keypad_module:keypad_mod_inst|i_column[17]     ; keypad_freq_sel_module:inst1|freq_divider_keypad_module:freq_div|q ; keypad_freq_sel_module:inst1|freq_divider_keypad_module:freq_div|q ; 0.000        ; 0.000      ; 1.071      ;
; 0.805 ; keypad_freq_sel_module:inst1|cont[17]                                       ; keypad_freq_sel_module:inst1|cont[17]                                       ; keypad_freq_sel_module:inst1|freq_divider_keypad_module:freq_div|q ; keypad_freq_sel_module:inst1|freq_divider_keypad_module:freq_div|q ; 0.000        ; 0.000      ; 1.071      ;
; 0.806 ; keypad_freq_sel_module:inst1|keypad_module:keypad_mod_inst|i_column[4]      ; keypad_freq_sel_module:inst1|keypad_module:keypad_mod_inst|i_column[4]      ; keypad_freq_sel_module:inst1|freq_divider_keypad_module:freq_div|q ; keypad_freq_sel_module:inst1|freq_divider_keypad_module:freq_div|q ; 0.000        ; 0.000      ; 1.072      ;
; 0.806 ; keypad_freq_sel_module:inst1|keypad_module:keypad_mod_inst|i_column[7]      ; keypad_freq_sel_module:inst1|keypad_module:keypad_mod_inst|i_column[7]      ; keypad_freq_sel_module:inst1|freq_divider_keypad_module:freq_div|q ; keypad_freq_sel_module:inst1|freq_divider_keypad_module:freq_div|q ; 0.000        ; 0.000      ; 1.072      ;
; 0.806 ; keypad_freq_sel_module:inst1|keypad_module:keypad_mod_inst|i_column[9]      ; keypad_freq_sel_module:inst1|keypad_module:keypad_mod_inst|i_column[9]      ; keypad_freq_sel_module:inst1|freq_divider_keypad_module:freq_div|q ; keypad_freq_sel_module:inst1|freq_divider_keypad_module:freq_div|q ; 0.000        ; 0.000      ; 1.072      ;
; 0.806 ; keypad_freq_sel_module:inst1|keypad_module:keypad_mod_inst|i_column[11]     ; keypad_freq_sel_module:inst1|keypad_module:keypad_mod_inst|i_column[11]     ; keypad_freq_sel_module:inst1|freq_divider_keypad_module:freq_div|q ; keypad_freq_sel_module:inst1|freq_divider_keypad_module:freq_div|q ; 0.000        ; 0.000      ; 1.072      ;
; 0.806 ; keypad_freq_sel_module:inst1|keypad_module:keypad_mod_inst|i_column[13]     ; keypad_freq_sel_module:inst1|keypad_module:keypad_mod_inst|i_column[13]     ; keypad_freq_sel_module:inst1|freq_divider_keypad_module:freq_div|q ; keypad_freq_sel_module:inst1|freq_divider_keypad_module:freq_div|q ; 0.000        ; 0.000      ; 1.072      ;
; 0.806 ; keypad_freq_sel_module:inst1|keypad_module:keypad_mod_inst|i_column[14]     ; keypad_freq_sel_module:inst1|keypad_module:keypad_mod_inst|i_column[14]     ; keypad_freq_sel_module:inst1|freq_divider_keypad_module:freq_div|q ; keypad_freq_sel_module:inst1|freq_divider_keypad_module:freq_div|q ; 0.000        ; 0.000      ; 1.072      ;
; 0.806 ; keypad_freq_sel_module:inst1|keypad_module:keypad_mod_inst|i_column[15]     ; keypad_freq_sel_module:inst1|keypad_module:keypad_mod_inst|i_column[15]     ; keypad_freq_sel_module:inst1|freq_divider_keypad_module:freq_div|q ; keypad_freq_sel_module:inst1|freq_divider_keypad_module:freq_div|q ; 0.000        ; 0.000      ; 1.072      ;
; 0.806 ; keypad_freq_sel_module:inst1|keypad_module:keypad_mod_inst|i_column[18]     ; keypad_freq_sel_module:inst1|keypad_module:keypad_mod_inst|i_column[18]     ; keypad_freq_sel_module:inst1|freq_divider_keypad_module:freq_div|q ; keypad_freq_sel_module:inst1|freq_divider_keypad_module:freq_div|q ; 0.000        ; 0.000      ; 1.072      ;
; 0.806 ; keypad_freq_sel_module:inst1|keypad_module:keypad_mod_inst|i_column[23]     ; keypad_freq_sel_module:inst1|keypad_module:keypad_mod_inst|i_column[23]     ; keypad_freq_sel_module:inst1|freq_divider_keypad_module:freq_div|q ; keypad_freq_sel_module:inst1|freq_divider_keypad_module:freq_div|q ; 0.000        ; 0.000      ; 1.072      ;
; 0.806 ; keypad_freq_sel_module:inst1|keypad_module:keypad_mod_inst|i_column[25]     ; keypad_freq_sel_module:inst1|keypad_module:keypad_mod_inst|i_column[25]     ; keypad_freq_sel_module:inst1|freq_divider_keypad_module:freq_div|q ; keypad_freq_sel_module:inst1|freq_divider_keypad_module:freq_div|q ; 0.000        ; 0.000      ; 1.072      ;
; 0.806 ; keypad_freq_sel_module:inst1|keypad_module:keypad_mod_inst|i_column[27]     ; keypad_freq_sel_module:inst1|keypad_module:keypad_mod_inst|i_column[27]     ; keypad_freq_sel_module:inst1|freq_divider_keypad_module:freq_div|q ; keypad_freq_sel_module:inst1|freq_divider_keypad_module:freq_div|q ; 0.000        ; 0.000      ; 1.072      ;
; 0.806 ; keypad_freq_sel_module:inst1|keypad_module:keypad_mod_inst|i_column[29]     ; keypad_freq_sel_module:inst1|keypad_module:keypad_mod_inst|i_column[29]     ; keypad_freq_sel_module:inst1|freq_divider_keypad_module:freq_div|q ; keypad_freq_sel_module:inst1|freq_divider_keypad_module:freq_div|q ; 0.000        ; 0.000      ; 1.072      ;
; 0.806 ; keypad_freq_sel_module:inst1|keypad_module:keypad_mod_inst|i_column[30]     ; keypad_freq_sel_module:inst1|keypad_module:keypad_mod_inst|i_column[30]     ; keypad_freq_sel_module:inst1|freq_divider_keypad_module:freq_div|q ; keypad_freq_sel_module:inst1|freq_divider_keypad_module:freq_div|q ; 0.000        ; 0.000      ; 1.072      ;
; 0.806 ; keypad_freq_sel_module:inst1|keypad_module:keypad_mod_inst|i_column[20]     ; keypad_freq_sel_module:inst1|keypad_module:keypad_mod_inst|i_column[20]     ; keypad_freq_sel_module:inst1|freq_divider_keypad_module:freq_div|q ; keypad_freq_sel_module:inst1|freq_divider_keypad_module:freq_div|q ; 0.000        ; 0.000      ; 1.072      ;
; 0.806 ; keypad_freq_sel_module:inst1|cont[4]                                        ; keypad_freq_sel_module:inst1|cont[4]                                        ; keypad_freq_sel_module:inst1|freq_divider_keypad_module:freq_div|q ; keypad_freq_sel_module:inst1|freq_divider_keypad_module:freq_div|q ; 0.000        ; 0.000      ; 1.072      ;
; 0.806 ; keypad_freq_sel_module:inst1|cont[7]                                        ; keypad_freq_sel_module:inst1|cont[7]                                        ; keypad_freq_sel_module:inst1|freq_divider_keypad_module:freq_div|q ; keypad_freq_sel_module:inst1|freq_divider_keypad_module:freq_div|q ; 0.000        ; 0.000      ; 1.072      ;
; 0.806 ; keypad_freq_sel_module:inst1|cont[9]                                        ; keypad_freq_sel_module:inst1|cont[9]                                        ; keypad_freq_sel_module:inst1|freq_divider_keypad_module:freq_div|q ; keypad_freq_sel_module:inst1|freq_divider_keypad_module:freq_div|q ; 0.000        ; 0.000      ; 1.072      ;
; 0.806 ; keypad_freq_sel_module:inst1|cont[11]                                       ; keypad_freq_sel_module:inst1|cont[11]                                       ; keypad_freq_sel_module:inst1|freq_divider_keypad_module:freq_div|q ; keypad_freq_sel_module:inst1|freq_divider_keypad_module:freq_div|q ; 0.000        ; 0.000      ; 1.072      ;
; 0.806 ; keypad_freq_sel_module:inst1|cont[13]                                       ; keypad_freq_sel_module:inst1|cont[13]                                       ; keypad_freq_sel_module:inst1|freq_divider_keypad_module:freq_div|q ; keypad_freq_sel_module:inst1|freq_divider_keypad_module:freq_div|q ; 0.000        ; 0.000      ; 1.072      ;
; 0.806 ; keypad_freq_sel_module:inst1|cont[14]                                       ; keypad_freq_sel_module:inst1|cont[14]                                       ; keypad_freq_sel_module:inst1|freq_divider_keypad_module:freq_div|q ; keypad_freq_sel_module:inst1|freq_divider_keypad_module:freq_div|q ; 0.000        ; 0.000      ; 1.072      ;
; 0.806 ; keypad_freq_sel_module:inst1|cont[15]                                       ; keypad_freq_sel_module:inst1|cont[15]                                       ; keypad_freq_sel_module:inst1|freq_divider_keypad_module:freq_div|q ; keypad_freq_sel_module:inst1|freq_divider_keypad_module:freq_div|q ; 0.000        ; 0.000      ; 1.072      ;
; 0.806 ; keypad_freq_sel_module:inst1|cont[18]                                       ; keypad_freq_sel_module:inst1|cont[18]                                       ; keypad_freq_sel_module:inst1|freq_divider_keypad_module:freq_div|q ; keypad_freq_sel_module:inst1|freq_divider_keypad_module:freq_div|q ; 0.000        ; 0.000      ; 1.072      ;
; 0.806 ; keypad_freq_sel_module:inst1|cont[20]                                       ; keypad_freq_sel_module:inst1|cont[20]                                       ; keypad_freq_sel_module:inst1|freq_divider_keypad_module:freq_div|q ; keypad_freq_sel_module:inst1|freq_divider_keypad_module:freq_div|q ; 0.000        ; 0.000      ; 1.072      ;
; 0.806 ; keypad_freq_sel_module:inst1|cont[23]                                       ; keypad_freq_sel_module:inst1|cont[23]                                       ; keypad_freq_sel_module:inst1|freq_divider_keypad_module:freq_div|q ; keypad_freq_sel_module:inst1|freq_divider_keypad_module:freq_div|q ; 0.000        ; 0.000      ; 1.072      ;
; 0.806 ; keypad_freq_sel_module:inst1|cont[25]                                       ; keypad_freq_sel_module:inst1|cont[25]                                       ; keypad_freq_sel_module:inst1|freq_divider_keypad_module:freq_div|q ; keypad_freq_sel_module:inst1|freq_divider_keypad_module:freq_div|q ; 0.000        ; 0.000      ; 1.072      ;
; 0.806 ; keypad_freq_sel_module:inst1|cont[27]                                       ; keypad_freq_sel_module:inst1|cont[27]                                       ; keypad_freq_sel_module:inst1|freq_divider_keypad_module:freq_div|q ; keypad_freq_sel_module:inst1|freq_divider_keypad_module:freq_div|q ; 0.000        ; 0.000      ; 1.072      ;
; 0.806 ; keypad_freq_sel_module:inst1|cont[29]                                       ; keypad_freq_sel_module:inst1|cont[29]                                       ; keypad_freq_sel_module:inst1|freq_divider_keypad_module:freq_div|q ; keypad_freq_sel_module:inst1|freq_divider_keypad_module:freq_div|q ; 0.000        ; 0.000      ; 1.072      ;
; 0.806 ; keypad_freq_sel_module:inst1|cont[30]                                       ; keypad_freq_sel_module:inst1|cont[30]                                       ; keypad_freq_sel_module:inst1|freq_divider_keypad_module:freq_div|q ; keypad_freq_sel_module:inst1|freq_divider_keypad_module:freq_div|q ; 0.000        ; 0.000      ; 1.072      ;
; 0.812 ; keypad_freq_sel_module:inst1|freq_6[0]                                      ; keypad_freq_sel_module:inst1|freq_5[0]                                      ; keypad_freq_sel_module:inst1|freq_divider_keypad_module:freq_div|q ; keypad_freq_sel_module:inst1|freq_divider_keypad_module:freq_div|q ; 0.000        ; 0.000      ; 1.078      ;
; 0.814 ; keypad_freq_sel_module:inst1|keypad_module:keypad_mod_inst|i_column[2]      ; keypad_freq_sel_module:inst1|keypad_module:keypad_mod_inst|i_column[2]      ; keypad_freq_sel_module:inst1|freq_divider_keypad_module:freq_div|q ; keypad_freq_sel_module:inst1|freq_divider_keypad_module:freq_div|q ; 0.000        ; 0.000      ; 1.080      ;
; 0.820 ; keypad_freq_sel_module:inst1|digit_counter_BCD[1]                           ; keypad_freq_sel_module:inst1|digit_counter[1]                               ; keypad_freq_sel_module:inst1|freq_divider_keypad_module:freq_div|q ; keypad_freq_sel_module:inst1|freq_divider_keypad_module:freq_div|q ; 0.000        ; 0.000      ; 1.086      ;
; 0.820 ; keypad_freq_sel_module:inst1|button_pressed                                 ; keypad_freq_sel_module:inst1|next_page                                      ; keypad_freq_sel_module:inst1|freq_divider_keypad_module:freq_div|q ; keypad_freq_sel_module:inst1|freq_divider_keypad_module:freq_div|q ; 0.000        ; 0.000      ; 1.086      ;
; 0.826 ; keypad_freq_sel_module:inst1|debounced_keypad_pressed                       ; keypad_freq_sel_module:inst1|prev_page                                      ; keypad_freq_sel_module:inst1|freq_divider_keypad_module:freq_div|q ; keypad_freq_sel_module:inst1|freq_divider_keypad_module:freq_div|q ; 0.000        ; 0.000      ; 1.092      ;
; 0.827 ; keypad_freq_sel_module:inst1|freq_7[1]                                      ; keypad_freq_sel_module:inst1|freq_6[1]                                      ; keypad_freq_sel_module:inst1|freq_divider_keypad_module:freq_div|q ; keypad_freq_sel_module:inst1|freq_divider_keypad_module:freq_div|q ; 0.000        ; 0.000      ; 1.093      ;
; 0.831 ; keypad_freq_sel_module:inst1|freq_4[3]                                      ; keypad_freq_sel_module:inst1|freq_5[3]                                      ; keypad_freq_sel_module:inst1|freq_divider_keypad_module:freq_div|q ; keypad_freq_sel_module:inst1|freq_divider_keypad_module:freq_div|q ; 0.000        ; 0.000      ; 1.097      ;
; 0.836 ; keypad_freq_sel_module:inst1|freq_3[1]                                      ; keypad_freq_sel_module:inst1|BCD_3[1]                                       ; keypad_freq_sel_module:inst1|freq_divider_keypad_module:freq_div|q ; keypad_freq_sel_module:inst1|freq_divider_keypad_module:freq_div|q ; 0.000        ; 0.001      ; 1.103      ;
; 0.837 ; keypad_freq_sel_module:inst1|freq_5[0]                                      ; keypad_freq_sel_module:inst1|freq_4[0]                                      ; keypad_freq_sel_module:inst1|freq_divider_keypad_module:freq_div|q ; keypad_freq_sel_module:inst1|freq_divider_keypad_module:freq_div|q ; 0.000        ; 0.000      ; 1.103      ;
; 0.838 ; keypad_freq_sel_module:inst1|keypad_module:keypad_mod_inst|i_column[8]      ; keypad_freq_sel_module:inst1|keypad_module:keypad_mod_inst|i_column[8]      ; keypad_freq_sel_module:inst1|freq_divider_keypad_module:freq_div|q ; keypad_freq_sel_module:inst1|freq_divider_keypad_module:freq_div|q ; 0.000        ; 0.000      ; 1.104      ;
; 0.838 ; keypad_freq_sel_module:inst1|keypad_module:keypad_mod_inst|i_column[10]     ; keypad_freq_sel_module:inst1|keypad_module:keypad_mod_inst|i_column[10]     ; keypad_freq_sel_module:inst1|freq_divider_keypad_module:freq_div|q ; keypad_freq_sel_module:inst1|freq_divider_keypad_module:freq_div|q ; 0.000        ; 0.000      ; 1.104      ;
; 0.838 ; keypad_freq_sel_module:inst1|keypad_module:keypad_mod_inst|i_column[12]     ; keypad_freq_sel_module:inst1|keypad_module:keypad_mod_inst|i_column[12]     ; keypad_freq_sel_module:inst1|freq_divider_keypad_module:freq_div|q ; keypad_freq_sel_module:inst1|freq_divider_keypad_module:freq_div|q ; 0.000        ; 0.000      ; 1.104      ;
; 0.838 ; keypad_freq_sel_module:inst1|keypad_module:keypad_mod_inst|i_column[19]     ; keypad_freq_sel_module:inst1|keypad_module:keypad_mod_inst|i_column[19]     ; keypad_freq_sel_module:inst1|freq_divider_keypad_module:freq_div|q ; keypad_freq_sel_module:inst1|freq_divider_keypad_module:freq_div|q ; 0.000        ; 0.000      ; 1.104      ;
; 0.838 ; keypad_freq_sel_module:inst1|keypad_module:keypad_mod_inst|i_column[24]     ; keypad_freq_sel_module:inst1|keypad_module:keypad_mod_inst|i_column[24]     ; keypad_freq_sel_module:inst1|freq_divider_keypad_module:freq_div|q ; keypad_freq_sel_module:inst1|freq_divider_keypad_module:freq_div|q ; 0.000        ; 0.000      ; 1.104      ;
; 0.838 ; keypad_freq_sel_module:inst1|keypad_module:keypad_mod_inst|i_column[26]     ; keypad_freq_sel_module:inst1|keypad_module:keypad_mod_inst|i_column[26]     ; keypad_freq_sel_module:inst1|freq_divider_keypad_module:freq_div|q ; keypad_freq_sel_module:inst1|freq_divider_keypad_module:freq_div|q ; 0.000        ; 0.000      ; 1.104      ;
; 0.838 ; keypad_freq_sel_module:inst1|keypad_module:keypad_mod_inst|i_column[28]     ; keypad_freq_sel_module:inst1|keypad_module:keypad_mod_inst|i_column[28]     ; keypad_freq_sel_module:inst1|freq_divider_keypad_module:freq_div|q ; keypad_freq_sel_module:inst1|freq_divider_keypad_module:freq_div|q ; 0.000        ; 0.000      ; 1.104      ;
; 0.838 ; keypad_freq_sel_module:inst1|cont[3]                                        ; keypad_freq_sel_module:inst1|cont[3]                                        ; keypad_freq_sel_module:inst1|freq_divider_keypad_module:freq_div|q ; keypad_freq_sel_module:inst1|freq_divider_keypad_module:freq_div|q ; 0.000        ; 0.000      ; 1.104      ;
; 0.838 ; keypad_freq_sel_module:inst1|cont[8]                                        ; keypad_freq_sel_module:inst1|cont[8]                                        ; keypad_freq_sel_module:inst1|freq_divider_keypad_module:freq_div|q ; keypad_freq_sel_module:inst1|freq_divider_keypad_module:freq_div|q ; 0.000        ; 0.000      ; 1.104      ;
+-------+-----------------------------------------------------------------------------+-----------------------------------------------------------------------------+--------------------------------------------------------------------+--------------------------------------------------------------------+--------------+------------+------------+


+--------------------------------------------------------------------------------------------------------------------------------------------------------------------------------------------------------------------------------+
; Slow Model Hold: 'inst|altpll_component|pll|clk[0]'                                                                                                                                                                            ;
+-------+----------------------------------------------------+----------------------------------------------------+----------------------------------+----------------------------------+--------------+------------+------------+
; Slack ; From Node                                          ; To Node                                            ; Launch Clock                     ; Latch Clock                      ; Relationship ; Clock Skew ; Data Delay ;
+-------+----------------------------------------------------+----------------------------------------------------+----------------------------------+----------------------------------+--------------+------------+------------+
; 0.520 ; metastab_3xdff:inst4|sin_sync_2                    ; metastab_3xdff:inst4|sin_sync                      ; inst|altpll_component|pll|clk[0] ; inst|altpll_component|pll|clk[0] ; 0.000        ; 0.000      ; 0.786      ;
; 0.521 ; metastab_3xdff:inst4|sin_sync_1                    ; metastab_3xdff:inst4|sin_sync_2                    ; inst|altpll_component|pll|clk[0] ; inst|altpll_component|pll|clk[0] ; 0.000        ; 0.000      ; 0.787      ;
; 0.522 ; metastab_3xdff:inst4|mirror_y_sync_ddfs_1          ; metastab_3xdff:inst4|mirror_y_sync_ddfs_2          ; inst|altpll_component|pll|clk[0] ; inst|altpll_component|pll|clk[0] ; 0.000        ; 0.000      ; 0.788      ;
; 0.522 ; metastab_3xdff:inst4|triang_sync_2                 ; metastab_3xdff:inst4|triang_sync                   ; inst|altpll_component|pll|clk[0] ; inst|altpll_component|pll|clk[0] ; 0.000        ; 0.000      ; 0.788      ;
; 0.523 ; metastab_3xdff:inst4|triang_sync_1                 ; metastab_3xdff:inst4|triang_sync_2                 ; inst|altpll_component|pll|clk[0] ; inst|altpll_component|pll|clk[0] ; 0.000        ; 0.000      ; 0.789      ;
; 0.647 ; metastab_3xdff:inst4|freq_control_1[2]             ; metastab_3xdff:inst4|freq_control_2[2]             ; inst|altpll_component|pll|clk[0] ; inst|altpll_component|pll|clk[0] ; 0.000        ; 0.000      ; 0.913      ;
; 0.650 ; metastab_3xdff:inst4|fw_1[2]                       ; metastab_3xdff:inst4|fw_2[2]                       ; inst|altpll_component|pll|clk[0] ; inst|altpll_component|pll|clk[0] ; 0.000        ; 0.000      ; 0.916      ;
; 0.745 ; metastab_3xdff:inst4|freq_control_sync[2]          ; ddfs:inst15|freq_divider_DDFS:f_div_inst|count[13] ; inst|altpll_component|pll|clk[0] ; inst|altpll_component|pll|clk[0] ; 0.000        ; 0.000      ; 1.011      ;
; 0.766 ; metastab_3xdff:inst4|freq_control_1[1]             ; metastab_3xdff:inst4|freq_control_2[1]             ; inst|altpll_component|pll|clk[0] ; inst|altpll_component|pll|clk[0] ; 0.000        ; 0.000      ; 1.032      ;
; 0.787 ; metastab_3xdff:inst4|fw_2[3]                       ; metastab_3xdff:inst4|fw_sync[3]                    ; inst|altpll_component|pll|clk[0] ; inst|altpll_component|pll|clk[0] ; 0.000        ; 0.000      ; 1.053      ;
; 0.790 ; metastab_3xdff:inst4|fw_2[0]                       ; metastab_3xdff:inst4|fw_sync[0]                    ; inst|altpll_component|pll|clk[0] ; inst|altpll_component|pll|clk[0] ; 0.000        ; 0.000      ; 1.056      ;
; 0.790 ; metastab_3xdff:inst4|fw_2[5]                       ; metastab_3xdff:inst4|fw_sync[5]                    ; inst|altpll_component|pll|clk[0] ; inst|altpll_component|pll|clk[0] ; 0.000        ; 0.000      ; 1.056      ;
; 0.794 ; metastab_3xdff:inst4|fw_2[6]                       ; metastab_3xdff:inst4|fw_sync[6]                    ; inst|altpll_component|pll|clk[0] ; inst|altpll_component|pll|clk[0] ; 0.000        ; 0.000      ; 1.060      ;
; 0.796 ; metastab_3xdff:inst4|fw_2[2]                       ; metastab_3xdff:inst4|fw_sync[2]                    ; inst|altpll_component|pll|clk[0] ; inst|altpll_component|pll|clk[0] ; 0.000        ; 0.000      ; 1.062      ;
; 0.796 ; metastab_3xdff:inst4|fw_2[4]                       ; metastab_3xdff:inst4|fw_sync[4]                    ; inst|altpll_component|pll|clk[0] ; inst|altpll_component|pll|clk[0] ; 0.000        ; 0.000      ; 1.062      ;
; 0.803 ; metastab_3xdff:inst4|freq_control_1[0]             ; metastab_3xdff:inst4|freq_control_2[0]             ; inst|altpll_component|pll|clk[0] ; inst|altpll_component|pll|clk[0] ; 0.000        ; 0.000      ; 1.069      ;
; 0.827 ; metastab_3xdff:inst4|fw_1[3]                       ; metastab_3xdff:inst4|fw_2[3]                       ; inst|altpll_component|pll|clk[0] ; inst|altpll_component|pll|clk[0] ; 0.000        ; 0.000      ; 1.093      ;
; 0.828 ; metastab_3xdff:inst4|fw_1[4]                       ; metastab_3xdff:inst4|fw_2[4]                       ; inst|altpll_component|pll|clk[0] ; inst|altpll_component|pll|clk[0] ; 0.000        ; 0.000      ; 1.094      ;
; 0.831 ; metastab_3xdff:inst4|mirror_x_sync_ddfs_2          ; metastab_3xdff:inst4|mirror_x_sync_ddfs            ; inst|altpll_component|pll|clk[0] ; inst|altpll_component|pll|clk[0] ; 0.000        ; 0.000      ; 1.097      ;
; 0.832 ; metastab_3xdff:inst4|fw_2[1]                       ; metastab_3xdff:inst4|fw_sync[1]                    ; inst|altpll_component|pll|clk[0] ; inst|altpll_component|pll|clk[0] ; 0.000        ; 0.000      ; 1.098      ;
; 0.833 ; metastab_3xdff:inst4|mirror_y_sync_ddfs_2          ; metastab_3xdff:inst4|mirror_y_sync_ddfs            ; inst|altpll_component|pll|clk[0] ; inst|altpll_component|pll|clk[0] ; 0.000        ; 0.000      ; 1.099      ;
; 0.833 ; metastab_3xdff:inst4|mirror_x_sync_ddfs_1          ; metastab_3xdff:inst4|mirror_x_sync_ddfs_2          ; inst|altpll_component|pll|clk[0] ; inst|altpll_component|pll|clk[0] ; 0.000        ; 0.000      ; 1.099      ;
; 0.891 ; metastab_3xdff:inst4|freq_control_sync[2]          ; ddfs:inst15|freq_divider_DDFS:f_div_inst|count[15] ; inst|altpll_component|pll|clk[0] ; inst|altpll_component|pll|clk[0] ; 0.000        ; 0.000      ; 1.157      ;
; 1.017 ; metastab_3xdff:inst4|freq_control_sync[2]          ; ddfs:inst15|freq_divider_DDFS:f_div_inst|count[17] ; inst|altpll_component|pll|clk[0] ; inst|altpll_component|pll|clk[0] ; 0.000        ; 0.000      ; 1.283      ;
; 1.019 ; metastab_3xdff:inst4|freq_control_sync[2]          ; ddfs:inst15|freq_divider_DDFS:f_div_inst|count[16] ; inst|altpll_component|pll|clk[0] ; inst|altpll_component|pll|clk[0] ; 0.000        ; 0.000      ; 1.285      ;
; 1.105 ; metastab_3xdff:inst4|freq_control_sync[1]          ; ddfs:inst15|freq_divider_DDFS:f_div_inst|count[0]  ; inst|altpll_component|pll|clk[0] ; inst|altpll_component|pll|clk[0] ; 0.000        ; -0.001     ; 1.370      ;
; 1.105 ; metastab_3xdff:inst4|freq_control_sync[0]          ; ddfs:inst15|freq_divider_DDFS:f_div_inst|count[15] ; inst|altpll_component|pll|clk[0] ; inst|altpll_component|pll|clk[0] ; 0.000        ; 0.000      ; 1.371      ;
; 1.196 ; metastab_3xdff:inst4|freq_control_sync[1]          ; ddfs:inst15|freq_divider_DDFS:f_div_inst|count[4]  ; inst|altpll_component|pll|clk[0] ; inst|altpll_component|pll|clk[0] ; 0.000        ; 0.004      ; 1.466      ;
; 1.196 ; metastab_3xdff:inst4|freq_control_sync[1]          ; ddfs:inst15|freq_divider_DDFS:f_div_inst|count[13] ; inst|altpll_component|pll|clk[0] ; inst|altpll_component|pll|clk[0] ; 0.000        ; 0.004      ; 1.466      ;
; 1.196 ; metastab_3xdff:inst4|freq_control_sync[1]          ; ddfs:inst15|freq_divider_DDFS:f_div_inst|count[16] ; inst|altpll_component|pll|clk[0] ; inst|altpll_component|pll|clk[0] ; 0.000        ; 0.004      ; 1.466      ;
; 1.197 ; metastab_3xdff:inst4|freq_control_sync[1]          ; ddfs:inst15|freq_divider_DDFS:f_div_inst|count[17] ; inst|altpll_component|pll|clk[0] ; inst|altpll_component|pll|clk[0] ; 0.000        ; 0.004      ; 1.467      ;
; 1.265 ; metastab_3xdff:inst4|freq_control_sync[2]          ; ddfs:inst15|freq_divider_DDFS:f_div_inst|count[18] ; inst|altpll_component|pll|clk[0] ; inst|altpll_component|pll|clk[0] ; 0.000        ; 0.000      ; 1.531      ;
; 1.314 ; metastab_3xdff:inst4|freq_control_sync[2]          ; ddfs:inst15|freq_divider_DDFS:f_div_inst|count[2]  ; inst|altpll_component|pll|clk[0] ; inst|altpll_component|pll|clk[0] ; 0.000        ; -0.004     ; 1.576      ;
; 1.325 ; metastab_3xdff:inst4|freq_control_sync[1]          ; ddfs:inst15|freq_divider_DDFS:f_div_inst|count[9]  ; inst|altpll_component|pll|clk[0] ; inst|altpll_component|pll|clk[0] ; 0.000        ; -0.001     ; 1.590      ;
; 1.327 ; metastab_3xdff:inst4|freq_control_sync[1]          ; ddfs:inst15|freq_divider_DDFS:f_div_inst|count[5]  ; inst|altpll_component|pll|clk[0] ; inst|altpll_component|pll|clk[0] ; 0.000        ; -0.001     ; 1.592      ;
; 1.332 ; ddfs:inst15|freq_divider_DDFS:f_div_inst|count[1]  ; ddfs:inst15|freq_divider_DDFS:f_div_inst|count[1]  ; inst|altpll_component|pll|clk[0] ; inst|altpll_component|pll|clk[0] ; 0.000        ; 0.000      ; 1.598      ;
; 1.334 ; ddfs:inst15|freq_divider_DDFS:f_div_inst|count[14] ; ddfs:inst15|freq_divider_DDFS:f_div_inst|count[14] ; inst|altpll_component|pll|clk[0] ; inst|altpll_component|pll|clk[0] ; 0.000        ; 0.000      ; 1.600      ;
; 1.359 ; metastab_3xdff:inst4|freq_control_sync[1]          ; ddfs:inst15|freq_divider_DDFS:f_div_inst|count[2]  ; inst|altpll_component|pll|clk[0] ; inst|altpll_component|pll|clk[0] ; 0.000        ; 0.000      ; 1.625      ;
; 1.369 ; ddfs:inst15|freq_divider_DDFS:f_div_inst|count[12] ; ddfs:inst15|freq_divider_DDFS:f_div_inst|count[12] ; inst|altpll_component|pll|clk[0] ; inst|altpll_component|pll|clk[0] ; 0.000        ; 0.000      ; 1.635      ;
; 1.398 ; metastab_3xdff:inst4|freq_control_sync[1]          ; ddfs:inst15|freq_divider_DDFS:f_div_inst|count[18] ; inst|altpll_component|pll|clk[0] ; inst|altpll_component|pll|clk[0] ; 0.000        ; 0.004      ; 1.668      ;
; 1.458 ; metastab_3xdff:inst4|freq_control_sync[2]          ; ddfs:inst15|freq_divider_DDFS:f_div_inst|count[9]  ; inst|altpll_component|pll|clk[0] ; inst|altpll_component|pll|clk[0] ; 0.000        ; -0.005     ; 1.719      ;
; 1.459 ; metastab_3xdff:inst4|freq_control_sync[2]          ; ddfs:inst15|freq_divider_DDFS:f_div_inst|count[8]  ; inst|altpll_component|pll|clk[0] ; inst|altpll_component|pll|clk[0] ; 0.000        ; -0.005     ; 1.720      ;
; 1.459 ; metastab_3xdff:inst4|freq_control_sync[2]          ; ddfs:inst15|freq_divider_DDFS:f_div_inst|count[5]  ; inst|altpll_component|pll|clk[0] ; inst|altpll_component|pll|clk[0] ; 0.000        ; -0.005     ; 1.720      ;
; 1.460 ; metastab_3xdff:inst4|freq_control_sync[2]          ; ddfs:inst15|freq_divider_DDFS:f_div_inst|count[3]  ; inst|altpll_component|pll|clk[0] ; inst|altpll_component|pll|clk[0] ; 0.000        ; -0.005     ; 1.721      ;
; 1.470 ; ddfs:inst15|freq_divider_DDFS:f_div_inst|count[9]  ; ddfs:inst15|freq_divider_DDFS:f_div_inst|count[9]  ; inst|altpll_component|pll|clk[0] ; inst|altpll_component|pll|clk[0] ; 0.000        ; 0.000      ; 1.736      ;
; 1.475 ; ddfs:inst15|freq_divider_DDFS:f_div_inst|count[11] ; ddfs:inst15|freq_divider_DDFS:f_div_inst|count[11] ; inst|altpll_component|pll|clk[0] ; inst|altpll_component|pll|clk[0] ; 0.000        ; 0.000      ; 1.741      ;
; 1.476 ; ddfs:inst15|freq_divider_DDFS:f_div_inst|count[8]  ; ddfs:inst15|freq_divider_DDFS:f_div_inst|count[8]  ; inst|altpll_component|pll|clk[0] ; inst|altpll_component|pll|clk[0] ; 0.000        ; 0.000      ; 1.742      ;
; 1.479 ; ddfs:inst15|freq_divider_DDFS:f_div_inst|count[5]  ; ddfs:inst15|freq_divider_DDFS:f_div_inst|count[5]  ; inst|altpll_component|pll|clk[0] ; inst|altpll_component|pll|clk[0] ; 0.000        ; 0.000      ; 1.745      ;
; 1.513 ; ddfs:inst15|freq_divider_DDFS:f_div_inst|count[18] ; ddfs:inst15|freq_divider_DDFS:f_div_inst|count[18] ; inst|altpll_component|pll|clk[0] ; inst|altpll_component|pll|clk[0] ; 0.000        ; 0.000      ; 1.779      ;
; 1.514 ; ddfs:inst15|freq_divider_DDFS:f_div_inst|count[10] ; ddfs:inst15|freq_divider_DDFS:f_div_inst|count[10] ; inst|altpll_component|pll|clk[0] ; inst|altpll_component|pll|clk[0] ; 0.000        ; 0.000      ; 1.780      ;
; 1.520 ; metastab_3xdff:inst4|freq_control_sync[1]          ; ddfs:inst15|freq_divider_DDFS:f_div_inst|count[6]  ; inst|altpll_component|pll|clk[0] ; inst|altpll_component|pll|clk[0] ; 0.000        ; 0.000      ; 1.786      ;
; 1.544 ; ddfs:inst15|freq_divider_DDFS:f_div_inst|count[0]  ; ddfs:inst15|freq_divider_DDFS:f_div_inst|count[0]  ; inst|altpll_component|pll|clk[0] ; inst|altpll_component|pll|clk[0] ; 0.000        ; 0.000      ; 1.810      ;
; 1.552 ; metastab_3xdff:inst4|freq_control_2[1]             ; metastab_3xdff:inst4|freq_control_sync[1]          ; inst|altpll_component|pll|clk[0] ; inst|altpll_component|pll|clk[0] ; 0.000        ; 0.041      ; 1.859      ;
; 1.573 ; metastab_3xdff:inst4|freq_control_sync[2]          ; ddfs:inst15|freq_divider_DDFS:f_div_inst|count[0]  ; inst|altpll_component|pll|clk[0] ; inst|altpll_component|pll|clk[0] ; 0.000        ; -0.005     ; 1.834      ;
; 1.573 ; metastab_3xdff:inst4|freq_control_sync[2]          ; ddfs:inst15|freq_divider_DDFS:f_div_inst|count[1]  ; inst|altpll_component|pll|clk[0] ; inst|altpll_component|pll|clk[0] ; 0.000        ; -0.005     ; 1.834      ;
; 1.574 ; metastab_3xdff:inst4|freq_control_sync[0]          ; ddfs:inst15|freq_divider_DDFS:f_div_inst|count[6]  ; inst|altpll_component|pll|clk[0] ; inst|altpll_component|pll|clk[0] ; 0.000        ; -0.004     ; 1.836      ;
; 1.619 ; metastab_3xdff:inst4|freq_control_sync[0]          ; ddfs:inst15|freq_divider_DDFS:f_div_inst|count[12] ; inst|altpll_component|pll|clk[0] ; inst|altpll_component|pll|clk[0] ; 0.000        ; 0.000      ; 1.885      ;
; 1.695 ; ddfs:inst15|freq_divider_DDFS:f_div_inst|count[3]  ; ddfs:inst15|freq_divider_DDFS:f_div_inst|count[3]  ; inst|altpll_component|pll|clk[0] ; inst|altpll_component|pll|clk[0] ; 0.000        ; 0.000      ; 1.961      ;
; 1.702 ; metastab_3xdff:inst4|freq_control_sync[1]          ; ddfs:inst15|freq_divider_DDFS:f_div_inst|count[15] ; inst|altpll_component|pll|clk[0] ; inst|altpll_component|pll|clk[0] ; 0.000        ; 0.004      ; 1.972      ;
; 1.711 ; metastab_3xdff:inst4|freq_control_2[2]             ; metastab_3xdff:inst4|freq_control_sync[2]          ; inst|altpll_component|pll|clk[0] ; inst|altpll_component|pll|clk[0] ; 0.000        ; 0.045      ; 2.022      ;
; 1.718 ; metastab_3xdff:inst4|freq_control_sync[1]          ; ddfs:inst15|freq_divider_DDFS:f_div_inst|count[1]  ; inst|altpll_component|pll|clk[0] ; inst|altpll_component|pll|clk[0] ; 0.000        ; -0.001     ; 1.983      ;
; 1.719 ; metastab_3xdff:inst4|freq_control_sync[1]          ; ddfs:inst15|freq_divider_DDFS:f_div_inst|count[8]  ; inst|altpll_component|pll|clk[0] ; inst|altpll_component|pll|clk[0] ; 0.000        ; -0.001     ; 1.984      ;
; 1.720 ; ddfs:inst15|freq_divider_DDFS:f_div_inst|count[11] ; ddfs:inst15|freq_divider_DDFS:f_div_inst|count[12] ; inst|altpll_component|pll|clk[0] ; inst|altpll_component|pll|clk[0] ; 0.000        ; 0.000      ; 1.986      ;
; 1.721 ; metastab_3xdff:inst4|freq_control_2[0]             ; metastab_3xdff:inst4|freq_control_sync[0]          ; inst|altpll_component|pll|clk[0] ; inst|altpll_component|pll|clk[0] ; 0.000        ; 0.045      ; 2.032      ;
; 1.751 ; ddfs:inst15|freq_divider_DDFS:f_div_inst|count[0]  ; ddfs:inst15|freq_divider_DDFS:f_div_inst|count[1]  ; inst|altpll_component|pll|clk[0] ; inst|altpll_component|pll|clk[0] ; 0.000        ; 0.000      ; 2.017      ;
; 1.771 ; ddfs:inst15|freq_divider_DDFS:f_div_inst|count[18] ; ddfs:inst15|freq_divider_DDFS:f_div_inst|count[19] ; inst|altpll_component|pll|clk[0] ; inst|altpll_component|pll|clk[0] ; 0.000        ; 0.000      ; 2.037      ;
; 1.773 ; ddfs:inst15|freq_divider_DDFS:f_div_inst|count[18] ; ddfs:inst15|freq_divider_DDFS:f_div_inst|count[4]  ; inst|altpll_component|pll|clk[0] ; inst|altpll_component|pll|clk[0] ; 0.000        ; 0.000      ; 2.039      ;
; 1.792 ; metastab_3xdff:inst4|freq_control_sync[0]          ; ddfs:inst15|freq_divider_DDFS:f_div_inst|count[2]  ; inst|altpll_component|pll|clk[0] ; inst|altpll_component|pll|clk[0] ; 0.000        ; -0.004     ; 2.054      ;
; 1.825 ; ddfs:inst15|freq_divider_DDFS:f_div_inst|count[12] ; ddfs:inst15|freq_divider_DDFS:f_div_inst|count[14] ; inst|altpll_component|pll|clk[0] ; inst|altpll_component|pll|clk[0] ; 0.000        ; 0.000      ; 2.091      ;
; 1.827 ; ddfs:inst15|freq_divider_DDFS:f_div_inst|count[10] ; ddfs:inst15|freq_divider_DDFS:f_div_inst|count[12] ; inst|altpll_component|pll|clk[0] ; inst|altpll_component|pll|clk[0] ; 0.000        ; 0.000      ; 2.093      ;
; 1.858 ; ddfs:inst15|freq_divider_DDFS:f_div_inst|count[8]  ; ddfs:inst15|freq_divider_DDFS:f_div_inst|count[9]  ; inst|altpll_component|pll|clk[0] ; inst|altpll_component|pll|clk[0] ; 0.000        ; 0.000      ; 2.124      ;
; 1.861 ; ddfs:inst15|freq_divider_DDFS:f_div_inst|count[17] ; ddfs:inst15|freq_divider_DDFS:f_div_inst|count[17] ; inst|altpll_component|pll|clk[0] ; inst|altpll_component|pll|clk[0] ; 0.000        ; 0.000      ; 2.127      ;
; 1.861 ; ddfs:inst15|freq_divider_DDFS:f_div_inst|count[11] ; ddfs:inst15|freq_divider_DDFS:f_div_inst|count[14] ; inst|altpll_component|pll|clk[0] ; inst|altpll_component|pll|clk[0] ; 0.000        ; 0.000      ; 2.127      ;
; 1.872 ; ddfs:inst15|freq_divider_DDFS:f_div_inst|count[6]  ; ddfs:inst15|freq_divider_DDFS:f_div_inst|count[6]  ; inst|altpll_component|pll|clk[0] ; inst|altpll_component|pll|clk[0] ; 0.000        ; 0.000      ; 2.138      ;
; 1.874 ; ddfs:inst15|freq_divider_DDFS:f_div_inst|count[16] ; ddfs:inst15|freq_divider_DDFS:f_div_inst|count[16] ; inst|altpll_component|pll|clk[0] ; inst|altpll_component|pll|clk[0] ; 0.000        ; 0.000      ; 2.140      ;
; 1.883 ; ddfs:inst15|freq_divider_DDFS:f_div_inst|count[2]  ; ddfs:inst15|freq_divider_DDFS:f_div_inst|count[2]  ; inst|altpll_component|pll|clk[0] ; inst|altpll_component|pll|clk[0] ; 0.000        ; 0.000      ; 2.149      ;
; 1.892 ; metastab_3xdff:inst4|freq_control_sync[0]          ; ddfs:inst15|freq_divider_DDFS:f_div_inst|count[14] ; inst|altpll_component|pll|clk[0] ; inst|altpll_component|pll|clk[0] ; 0.000        ; 0.000      ; 2.158      ;
; 1.894 ; ddfs:inst15|freq_divider_DDFS:f_div_inst|count[10] ; ddfs:inst15|freq_divider_DDFS:f_div_inst|count[11] ; inst|altpll_component|pll|clk[0] ; inst|altpll_component|pll|clk[0] ; 0.000        ; 0.000      ; 2.160      ;
; 1.929 ; ddfs:inst15|freq_divider_DDFS:f_div_inst|count[13] ; ddfs:inst15|freq_divider_DDFS:f_div_inst|count[14] ; inst|altpll_component|pll|clk[0] ; inst|altpll_component|pll|clk[0] ; 0.000        ; 0.000      ; 2.195      ;
; 1.940 ; ddfs:inst15|freq_divider_DDFS:f_div_inst|count[9]  ; ddfs:inst15|freq_divider_DDFS:f_div_inst|count[12] ; inst|altpll_component|pll|clk[0] ; inst|altpll_component|pll|clk[0] ; 0.000        ; 0.005      ; 2.211      ;
; 1.942 ; ddfs:inst15|freq_divider_DDFS:f_div_inst|count[9]  ; ddfs:inst15|freq_divider_DDFS:f_div_inst|count[10] ; inst|altpll_component|pll|clk[0] ; inst|altpll_component|pll|clk[0] ; 0.000        ; 0.005      ; 2.213      ;
; 1.964 ; metastab_3xdff:inst4|freq_control_sync[2]          ; ddfs:inst15|freq_divider_DDFS:f_div_inst|count[14] ; inst|altpll_component|pll|clk[0] ; inst|altpll_component|pll|clk[0] ; 0.000        ; 0.000      ; 2.230      ;
; 1.967 ; metastab_3xdff:inst4|freq_control_sync[1]          ; ddfs:inst15|freq_divider_DDFS:f_div_inst|count[7]  ; inst|altpll_component|pll|clk[0] ; inst|altpll_component|pll|clk[0] ; 0.000        ; 0.004      ; 2.237      ;
; 1.967 ; metastab_3xdff:inst4|freq_control_sync[2]          ; ddfs:inst15|freq_divider_DDFS:f_div_inst|count[12] ; inst|altpll_component|pll|clk[0] ; inst|altpll_component|pll|clk[0] ; 0.000        ; 0.000      ; 2.233      ;
; 1.968 ; ddfs:inst15|freq_divider_DDFS:f_div_inst|count[10] ; ddfs:inst15|freq_divider_DDFS:f_div_inst|count[14] ; inst|altpll_component|pll|clk[0] ; inst|altpll_component|pll|clk[0] ; 0.000        ; 0.000      ; 2.234      ;
; 1.969 ; metastab_3xdff:inst4|freq_control_sync[0]          ; ddfs:inst15|freq_divider_DDFS:f_div_inst|count[3]  ; inst|altpll_component|pll|clk[0] ; inst|altpll_component|pll|clk[0] ; 0.000        ; -0.005     ; 2.230      ;
; 1.969 ; ddfs:inst15|freq_divider_DDFS:f_div_inst|count[3]  ; ddfs:inst15|freq_divider_DDFS:f_div_inst|count[5]  ; inst|altpll_component|pll|clk[0] ; inst|altpll_component|pll|clk[0] ; 0.000        ; 0.000      ; 2.235      ;
; 1.975 ; ddfs:inst15|freq_divider_DDFS:f_div_inst|count[17] ; ddfs:inst15|freq_divider_DDFS:f_div_inst|count[19] ; inst|altpll_component|pll|clk[0] ; inst|altpll_component|pll|clk[0] ; 0.000        ; 0.000      ; 2.241      ;
; 1.977 ; ddfs:inst15|freq_divider_DDFS:f_div_inst|count[17] ; ddfs:inst15|freq_divider_DDFS:f_div_inst|count[4]  ; inst|altpll_component|pll|clk[0] ; inst|altpll_component|pll|clk[0] ; 0.000        ; 0.000      ; 2.243      ;
; 1.990 ; ddfs:inst15|freq_divider_DDFS:f_div_inst|count[14] ; ddfs:inst15|freq_divider_DDFS:f_div_inst|count[15] ; inst|altpll_component|pll|clk[0] ; inst|altpll_component|pll|clk[0] ; 0.000        ; 0.000      ; 2.256      ;
; 1.997 ; ddfs:inst15|freq_divider_DDFS:f_div_inst|count[18] ; ddfs:inst15|freq_divider_DDFS:f_div_inst|count[10] ; inst|altpll_component|pll|clk[0] ; inst|altpll_component|pll|clk[0] ; 0.000        ; 0.000      ; 2.263      ;
; 1.997 ; ddfs:inst15|freq_divider_DDFS:f_div_inst|count[18] ; ddfs:inst15|freq_divider_DDFS:f_div_inst|count[7]  ; inst|altpll_component|pll|clk[0] ; inst|altpll_component|pll|clk[0] ; 0.000        ; 0.000      ; 2.263      ;
; 1.998 ; ddfs:inst15|freq_divider_DDFS:f_div_inst|count[18] ; ddfs:inst15|freq_divider_DDFS:f_div_inst|count[12] ; inst|altpll_component|pll|clk[0] ; inst|altpll_component|pll|clk[0] ; 0.000        ; 0.000      ; 2.264      ;
; 1.999 ; ddfs:inst15|freq_divider_DDFS:f_div_inst|count[18] ; ddfs:inst15|freq_divider_DDFS:f_div_inst|count[11] ; inst|altpll_component|pll|clk[0] ; inst|altpll_component|pll|clk[0] ; 0.000        ; 0.000      ; 2.265      ;
; 1.999 ; ddfs:inst15|freq_divider_DDFS:f_div_inst|count[8]  ; ddfs:inst15|freq_divider_DDFS:f_div_inst|count[12] ; inst|altpll_component|pll|clk[0] ; inst|altpll_component|pll|clk[0] ; 0.000        ; 0.005      ; 2.270      ;
; 2.001 ; ddfs:inst15|freq_divider_DDFS:f_div_inst|count[18] ; ddfs:inst15|freq_divider_DDFS:f_div_inst|count[14] ; inst|altpll_component|pll|clk[0] ; inst|altpll_component|pll|clk[0] ; 0.000        ; 0.000      ; 2.267      ;
; 2.001 ; ddfs:inst15|freq_divider_DDFS:f_div_inst|count[8]  ; ddfs:inst15|freq_divider_DDFS:f_div_inst|count[10] ; inst|altpll_component|pll|clk[0] ; inst|altpll_component|pll|clk[0] ; 0.000        ; 0.005      ; 2.272      ;
; 2.005 ; ddfs:inst15|freq_divider_DDFS:f_div_inst|count[5]  ; ddfs:inst15|freq_divider_DDFS:f_div_inst|count[8]  ; inst|altpll_component|pll|clk[0] ; inst|altpll_component|pll|clk[0] ; 0.000        ; 0.000      ; 2.271      ;
; 2.007 ; ddfs:inst15|freq_divider_DDFS:f_div_inst|count[9]  ; ddfs:inst15|freq_divider_DDFS:f_div_inst|count[11] ; inst|altpll_component|pll|clk[0] ; inst|altpll_component|pll|clk[0] ; 0.000        ; 0.005      ; 2.278      ;
; 2.041 ; ddfs:inst15|freq_divider_DDFS:f_div_inst|count[5]  ; ddfs:inst15|freq_divider_DDFS:f_div_inst|count[6]  ; inst|altpll_component|pll|clk[0] ; inst|altpll_component|pll|clk[0] ; 0.000        ; 0.001      ; 2.308      ;
+-------+----------------------------------------------------+----------------------------------------------------+----------------------------------+----------------------------------+--------------+------------+------------+


+----------------------------------------------------------------------------------------------------------------------------------------------------------------------------------------------------------------------------------------------------------------------------------------------------+
; Slow Model Hold: 'ddfs:inst15|freq_divider_DDFS:f_div_inst|count[19]'                                                                                                                                                                                                                              ;
+-------+----------------------+------------------------------------------------------------------------------------------------------------------+----------------------------------------------------+----------------------------------------------------+--------------+------------+------------+
; Slack ; From Node            ; To Node                                                                                                          ; Launch Clock                                       ; Latch Clock                                        ; Relationship ; Clock Skew ; Data Delay ;
+-------+----------------------+------------------------------------------------------------------------------------------------------------------+----------------------------------------------------+----------------------------------------------------+--------------+------------+------------+
; 1.200 ; ddfs:inst15|cont[11] ; ddfs:inst15|cont_rt[11]                                                                                          ; ddfs:inst15|freq_divider_DDFS:f_div_inst|count[19] ; ddfs:inst15|freq_divider_DDFS:f_div_inst|count[19] ; 0.000        ; -0.012     ; 1.454      ;
; 1.247 ; ddfs:inst15|cont[11] ; ddfs:inst15|cont[11]                                                                                             ; ddfs:inst15|freq_divider_DDFS:f_div_inst|count[19] ; ddfs:inst15|freq_divider_DDFS:f_div_inst|count[19] ; 0.000        ; 0.000      ; 1.513      ;
; 1.248 ; ddfs:inst15|cont[10] ; ddfs:inst15|sin_lut:lut_inst|altsyncram:rom_rtl_0|altsyncram_qm81:auto_generated|ram_block1a4~porta_address_reg9 ; ddfs:inst15|freq_divider_DDFS:f_div_inst|count[19] ; ddfs:inst15|freq_divider_DDFS:f_div_inst|count[19] ; 0.000        ; 0.054      ; 1.536      ;
; 1.259 ; ddfs:inst15|cont[10] ; ddfs:inst15|sin_lut:lut_inst|altsyncram:rom_rtl_0|altsyncram_qm81:auto_generated|ram_block1a4~porta_address_reg6 ; ddfs:inst15|freq_divider_DDFS:f_div_inst|count[19] ; ddfs:inst15|freq_divider_DDFS:f_div_inst|count[19] ; 0.000        ; 0.054      ; 1.547      ;
; 1.273 ; ddfs:inst15|cont[10] ; ddfs:inst15|sin_lut:lut_inst|altsyncram:rom_rtl_0|altsyncram_qm81:auto_generated|ram_block1a4~porta_address_reg3 ; ddfs:inst15|freq_divider_DDFS:f_div_inst|count[19] ; ddfs:inst15|freq_divider_DDFS:f_div_inst|count[19] ; 0.000        ; 0.054      ; 1.561      ;
; 1.276 ; ddfs:inst15|cont[10] ; ddfs:inst15|sin_lut:lut_inst|altsyncram:rom_rtl_0|altsyncram_qm81:auto_generated|ram_block1a4~porta_address_reg5 ; ddfs:inst15|freq_divider_DDFS:f_div_inst|count[19] ; ddfs:inst15|freq_divider_DDFS:f_div_inst|count[19] ; 0.000        ; 0.054      ; 1.564      ;
; 1.361 ; ddfs:inst15|cont[6]  ; ddfs:inst15|sin_lut:lut_inst|altsyncram:rom_rtl_0|altsyncram_qm81:auto_generated|ram_block1a4~porta_address_reg6 ; ddfs:inst15|freq_divider_DDFS:f_div_inst|count[19] ; ddfs:inst15|freq_divider_DDFS:f_div_inst|count[19] ; 0.000        ; 0.054      ; 1.649      ;
; 1.387 ; ddfs:inst15|cont[5]  ; ddfs:inst15|sin_lut:lut_inst|altsyncram:rom_rtl_0|altsyncram_qm81:auto_generated|ram_block1a4~porta_address_reg5 ; ddfs:inst15|freq_divider_DDFS:f_div_inst|count[19] ; ddfs:inst15|freq_divider_DDFS:f_div_inst|count[19] ; 0.000        ; 0.054      ; 1.675      ;
; 1.389 ; ddfs:inst15|cont[3]  ; ddfs:inst15|sin_lut:lut_inst|altsyncram:rom_rtl_0|altsyncram_qm81:auto_generated|ram_block1a4~porta_address_reg3 ; ddfs:inst15|freq_divider_DDFS:f_div_inst|count[19] ; ddfs:inst15|freq_divider_DDFS:f_div_inst|count[19] ; 0.000        ; 0.054      ; 1.677      ;
; 1.392 ; ddfs:inst15|cont[10] ; ddfs:inst15|cont_rt[10]                                                                                          ; ddfs:inst15|freq_divider_DDFS:f_div_inst|count[19] ; ddfs:inst15|freq_divider_DDFS:f_div_inst|count[19] ; 0.000        ; -0.012     ; 1.646      ;
; 1.397 ; ddfs:inst15|cont[9]  ; ddfs:inst15|sin_lut:lut_inst|altsyncram:rom_rtl_0|altsyncram_qm81:auto_generated|ram_block1a4~porta_address_reg9 ; ddfs:inst15|freq_divider_DDFS:f_div_inst|count[19] ; ddfs:inst15|freq_divider_DDFS:f_div_inst|count[19] ; 0.000        ; 0.054      ; 1.685      ;
; 1.480 ; ddfs:inst15|cont[11] ; ddfs:inst15|cont[10]                                                                                             ; ddfs:inst15|freq_divider_DDFS:f_div_inst|count[19] ; ddfs:inst15|freq_divider_DDFS:f_div_inst|count[19] ; 0.000        ; 0.000      ; 1.746      ;
; 1.504 ; ddfs:inst15|cont[0]  ; ddfs:inst15|sin_lut:lut_inst|altsyncram:rom_rtl_0|altsyncram_qm81:auto_generated|ram_block1a4~porta_address_reg0 ; ddfs:inst15|freq_divider_DDFS:f_div_inst|count[19] ; ddfs:inst15|freq_divider_DDFS:f_div_inst|count[19] ; 0.000        ; 0.054      ; 1.792      ;
; 1.506 ; ddfs:inst15|cont[7]  ; ddfs:inst15|sin_lut:lut_inst|altsyncram:rom_rtl_0|altsyncram_qm81:auto_generated|ram_block1a4~porta_address_reg7 ; ddfs:inst15|freq_divider_DDFS:f_div_inst|count[19] ; ddfs:inst15|freq_divider_DDFS:f_div_inst|count[19] ; 0.000        ; 0.054      ; 1.794      ;
; 1.530 ; ddfs:inst15|cont[10] ; ddfs:inst15|sin_lut:lut_inst|altsyncram:rom_rtl_0|altsyncram_qm81:auto_generated|ram_block1a8~porta_address_reg3 ; ddfs:inst15|freq_divider_DDFS:f_div_inst|count[19] ; ddfs:inst15|freq_divider_DDFS:f_div_inst|count[19] ; 0.000        ; 0.058      ; 1.822      ;
; 1.533 ; ddfs:inst15|cont[10] ; ddfs:inst15|sin_lut:lut_inst|altsyncram:rom_rtl_0|altsyncram_qm81:auto_generated|ram_block1a1~porta_address_reg9 ; ddfs:inst15|freq_divider_DDFS:f_div_inst|count[19] ; ddfs:inst15|freq_divider_DDFS:f_div_inst|count[19] ; 0.000        ; 0.057      ; 1.824      ;
; 1.533 ; ddfs:inst15|cont[10] ; ddfs:inst15|sin_lut:lut_inst|altsyncram:rom_rtl_0|altsyncram_qm81:auto_generated|ram_block1a1~porta_address_reg3 ; ddfs:inst15|freq_divider_DDFS:f_div_inst|count[19] ; ddfs:inst15|freq_divider_DDFS:f_div_inst|count[19] ; 0.000        ; 0.057      ; 1.824      ;
; 1.534 ; ddfs:inst15|cont[10] ; ddfs:inst15|sin_lut:lut_inst|altsyncram:rom_rtl_0|altsyncram_qm81:auto_generated|ram_block1a1~porta_address_reg6 ; ddfs:inst15|freq_divider_DDFS:f_div_inst|count[19] ; ddfs:inst15|freq_divider_DDFS:f_div_inst|count[19] ; 0.000        ; 0.057      ; 1.825      ;
; 1.540 ; ddfs:inst15|cont[10] ; ddfs:inst15|sin_lut:lut_inst|altsyncram:rom_rtl_0|altsyncram_qm81:auto_generated|ram_block1a8~porta_address_reg5 ; ddfs:inst15|freq_divider_DDFS:f_div_inst|count[19] ; ddfs:inst15|freq_divider_DDFS:f_div_inst|count[19] ; 0.000        ; 0.058      ; 1.832      ;
; 1.542 ; ddfs:inst15|cont[10] ; ddfs:inst15|sin_lut:lut_inst|altsyncram:rom_rtl_0|altsyncram_qm81:auto_generated|ram_block1a1~porta_address_reg5 ; ddfs:inst15|freq_divider_DDFS:f_div_inst|count[19] ; ddfs:inst15|freq_divider_DDFS:f_div_inst|count[19] ; 0.000        ; 0.057      ; 1.833      ;
; 1.549 ; ddfs:inst15|cont[10] ; ddfs:inst15|sin_lut:lut_inst|altsyncram:rom_rtl_0|altsyncram_qm81:auto_generated|ram_block1a8~porta_address_reg9 ; ddfs:inst15|freq_divider_DDFS:f_div_inst|count[19] ; ddfs:inst15|freq_divider_DDFS:f_div_inst|count[19] ; 0.000        ; 0.058      ; 1.841      ;
; 1.550 ; ddfs:inst15|cont[10] ; ddfs:inst15|sin_lut:lut_inst|altsyncram:rom_rtl_0|altsyncram_qm81:auto_generated|ram_block1a8~porta_address_reg6 ; ddfs:inst15|freq_divider_DDFS:f_div_inst|count[19] ; ddfs:inst15|freq_divider_DDFS:f_div_inst|count[19] ; 0.000        ; 0.058      ; 1.842      ;
; 1.577 ; ddfs:inst15|cont[10] ; ddfs:inst15|sin_lut:lut_inst|altsyncram:rom_rtl_0|altsyncram_qm81:auto_generated|ram_block1a4~porta_address_reg1 ; ddfs:inst15|freq_divider_DDFS:f_div_inst|count[19] ; ddfs:inst15|freq_divider_DDFS:f_div_inst|count[19] ; 0.000        ; 0.054      ; 1.865      ;
; 1.600 ; ddfs:inst15|cont[7]  ; ddfs:inst15|cont[7]                                                                                              ; ddfs:inst15|freq_divider_DDFS:f_div_inst|count[19] ; ddfs:inst15|freq_divider_DDFS:f_div_inst|count[19] ; 0.000        ; 0.000      ; 1.866      ;
; 1.636 ; ddfs:inst15|cont[10] ; ddfs:inst15|sin_lut:lut_inst|altsyncram:rom_rtl_0|altsyncram_qm81:auto_generated|ram_block1a4~porta_address_reg8 ; ddfs:inst15|freq_divider_DDFS:f_div_inst|count[19] ; ddfs:inst15|freq_divider_DDFS:f_div_inst|count[19] ; 0.000        ; 0.054      ; 1.924      ;
; 1.636 ; ddfs:inst15|cont[6]  ; ddfs:inst15|sin_lut:lut_inst|altsyncram:rom_rtl_0|altsyncram_qm81:auto_generated|ram_block1a1~porta_address_reg6 ; ddfs:inst15|freq_divider_DDFS:f_div_inst|count[19] ; ddfs:inst15|freq_divider_DDFS:f_div_inst|count[19] ; 0.000        ; 0.057      ; 1.927      ;
; 1.639 ; ddfs:inst15|cont[8]  ; ddfs:inst15|cont[8]                                                                                              ; ddfs:inst15|freq_divider_DDFS:f_div_inst|count[19] ; ddfs:inst15|freq_divider_DDFS:f_div_inst|count[19] ; 0.000        ; 0.000      ; 1.905      ;
; 1.646 ; ddfs:inst15|cont[3]  ; ddfs:inst15|sin_lut:lut_inst|altsyncram:rom_rtl_0|altsyncram_qm81:auto_generated|ram_block1a8~porta_address_reg3 ; ddfs:inst15|freq_divider_DDFS:f_div_inst|count[19] ; ddfs:inst15|freq_divider_DDFS:f_div_inst|count[19] ; 0.000        ; 0.058      ; 1.938      ;
; 1.649 ; ddfs:inst15|cont[3]  ; ddfs:inst15|sin_lut:lut_inst|altsyncram:rom_rtl_0|altsyncram_qm81:auto_generated|ram_block1a1~porta_address_reg3 ; ddfs:inst15|freq_divider_DDFS:f_div_inst|count[19] ; ddfs:inst15|freq_divider_DDFS:f_div_inst|count[19] ; 0.000        ; 0.057      ; 1.940      ;
; 1.651 ; ddfs:inst15|cont[5]  ; ddfs:inst15|sin_lut:lut_inst|altsyncram:rom_rtl_0|altsyncram_qm81:auto_generated|ram_block1a8~porta_address_reg5 ; ddfs:inst15|freq_divider_DDFS:f_div_inst|count[19] ; ddfs:inst15|freq_divider_DDFS:f_div_inst|count[19] ; 0.000        ; 0.058      ; 1.943      ;
; 1.652 ; ddfs:inst15|cont[6]  ; ddfs:inst15|sin_lut:lut_inst|altsyncram:rom_rtl_0|altsyncram_qm81:auto_generated|ram_block1a8~porta_address_reg6 ; ddfs:inst15|freq_divider_DDFS:f_div_inst|count[19] ; ddfs:inst15|freq_divider_DDFS:f_div_inst|count[19] ; 0.000        ; 0.058      ; 1.944      ;
; 1.653 ; ddfs:inst15|cont[5]  ; ddfs:inst15|sin_lut:lut_inst|altsyncram:rom_rtl_0|altsyncram_qm81:auto_generated|ram_block1a1~porta_address_reg5 ; ddfs:inst15|freq_divider_DDFS:f_div_inst|count[19] ; ddfs:inst15|freq_divider_DDFS:f_div_inst|count[19] ; 0.000        ; 0.057      ; 1.944      ;
; 1.660 ; ddfs:inst15|cont[8]  ; ddfs:inst15|sin_lut:lut_inst|altsyncram:rom_rtl_0|altsyncram_qm81:auto_generated|ram_block1a4~porta_address_reg8 ; ddfs:inst15|freq_divider_DDFS:f_div_inst|count[19] ; ddfs:inst15|freq_divider_DDFS:f_div_inst|count[19] ; 0.000        ; 0.054      ; 1.948      ;
; 1.682 ; ddfs:inst15|cont[9]  ; ddfs:inst15|sin_lut:lut_inst|altsyncram:rom_rtl_0|altsyncram_qm81:auto_generated|ram_block1a1~porta_address_reg9 ; ddfs:inst15|freq_divider_DDFS:f_div_inst|count[19] ; ddfs:inst15|freq_divider_DDFS:f_div_inst|count[19] ; 0.000        ; 0.057      ; 1.973      ;
; 1.691 ; ddfs:inst15|cont[1]  ; ddfs:inst15|sin_lut:lut_inst|altsyncram:rom_rtl_0|altsyncram_qm81:auto_generated|ram_block1a4~porta_address_reg1 ; ddfs:inst15|freq_divider_DDFS:f_div_inst|count[19] ; ddfs:inst15|freq_divider_DDFS:f_div_inst|count[19] ; 0.000        ; 0.054      ; 1.979      ;
; 1.698 ; ddfs:inst15|cont[9]  ; ddfs:inst15|sin_lut:lut_inst|altsyncram:rom_rtl_0|altsyncram_qm81:auto_generated|ram_block1a8~porta_address_reg9 ; ddfs:inst15|freq_divider_DDFS:f_div_inst|count[19] ; ddfs:inst15|freq_divider_DDFS:f_div_inst|count[19] ; 0.000        ; 0.058      ; 1.990      ;
; 1.702 ; ddfs:inst15|cont[10] ; ddfs:inst15|sin_lut:lut_inst|altsyncram:rom_rtl_0|altsyncram_qm81:auto_generated|ram_block1a1~porta_address_reg4 ; ddfs:inst15|freq_divider_DDFS:f_div_inst|count[19] ; ddfs:inst15|freq_divider_DDFS:f_div_inst|count[19] ; 0.000        ; 0.057      ; 1.993      ;
; 1.773 ; ddfs:inst15|cont[10] ; ddfs:inst15|cont[11]                                                                                             ; ddfs:inst15|freq_divider_DDFS:f_div_inst|count[19] ; ddfs:inst15|freq_divider_DDFS:f_div_inst|count[19] ; 0.000        ; 0.000      ; 2.039      ;
; 1.781 ; ddfs:inst15|cont[7]  ; ddfs:inst15|sin_lut:lut_inst|altsyncram:rom_rtl_0|altsyncram_qm81:auto_generated|ram_block1a1~porta_address_reg7 ; ddfs:inst15|freq_divider_DDFS:f_div_inst|count[19] ; ddfs:inst15|freq_divider_DDFS:f_div_inst|count[19] ; 0.000        ; 0.057      ; 2.072      ;
; 1.783 ; ddfs:inst15|cont[0]  ; ddfs:inst15|sin_lut:lut_inst|altsyncram:rom_rtl_0|altsyncram_qm81:auto_generated|ram_block1a8~porta_address_reg0 ; ddfs:inst15|freq_divider_DDFS:f_div_inst|count[19] ; ddfs:inst15|freq_divider_DDFS:f_div_inst|count[19] ; 0.000        ; 0.058      ; 2.075      ;
; 1.784 ; ddfs:inst15|cont[0]  ; ddfs:inst15|sin_lut:lut_inst|altsyncram:rom_rtl_0|altsyncram_qm81:auto_generated|ram_block1a1~porta_address_reg0 ; ddfs:inst15|freq_divider_DDFS:f_div_inst|count[19] ; ddfs:inst15|freq_divider_DDFS:f_div_inst|count[19] ; 0.000        ; 0.057      ; 2.075      ;
; 1.788 ; ddfs:inst15|cont[7]  ; ddfs:inst15|sin_lut:lut_inst|altsyncram:rom_rtl_0|altsyncram_qm81:auto_generated|ram_block1a8~porta_address_reg7 ; ddfs:inst15|freq_divider_DDFS:f_div_inst|count[19] ; ddfs:inst15|freq_divider_DDFS:f_div_inst|count[19] ; 0.000        ; 0.058      ; 2.080      ;
; 1.820 ; ddfs:inst15|cont[10] ; ddfs:inst15|sin_lut:lut_inst|altsyncram:rom_rtl_0|altsyncram_qm81:auto_generated|ram_block1a8~porta_address_reg2 ; ddfs:inst15|freq_divider_DDFS:f_div_inst|count[19] ; ddfs:inst15|freq_divider_DDFS:f_div_inst|count[19] ; 0.000        ; 0.058      ; 2.112      ;
; 1.836 ; ddfs:inst15|cont[10] ; ddfs:inst15|sin_lut:lut_inst|altsyncram:rom_rtl_0|altsyncram_qm81:auto_generated|ram_block1a1~porta_address_reg1 ; ddfs:inst15|freq_divider_DDFS:f_div_inst|count[19] ; ddfs:inst15|freq_divider_DDFS:f_div_inst|count[19] ; 0.000        ; 0.057      ; 2.127      ;
; 1.852 ; ddfs:inst15|cont[10] ; ddfs:inst15|sin_lut:lut_inst|altsyncram:rom_rtl_0|altsyncram_qm81:auto_generated|ram_block1a8~porta_address_reg1 ; ddfs:inst15|freq_divider_DDFS:f_div_inst|count[19] ; ddfs:inst15|freq_divider_DDFS:f_div_inst|count[19] ; 0.000        ; 0.058      ; 2.144      ;
; 1.858 ; ddfs:inst15|cont[0]  ; ddfs:inst15|cont[0]                                                                                              ; ddfs:inst15|freq_divider_DDFS:f_div_inst|count[19] ; ddfs:inst15|freq_divider_DDFS:f_div_inst|count[19] ; 0.000        ; 0.000      ; 2.124      ;
; 1.881 ; ddfs:inst15|cont[10] ; ddfs:inst15|sin_lut:lut_inst|altsyncram:rom_rtl_0|altsyncram_qm81:auto_generated|ram_block1a1~porta_address_reg8 ; ddfs:inst15|freq_divider_DDFS:f_div_inst|count[19] ; ddfs:inst15|freq_divider_DDFS:f_div_inst|count[19] ; 0.000        ; 0.057      ; 2.172      ;
; 1.889 ; ddfs:inst15|cont[10] ; ddfs:inst15|sin_lut:lut_inst|altsyncram:rom_rtl_0|altsyncram_qm81:auto_generated|ram_block1a4~porta_address_reg0 ; ddfs:inst15|freq_divider_DDFS:f_div_inst|count[19] ; ddfs:inst15|freq_divider_DDFS:f_div_inst|count[19] ; 0.000        ; 0.054      ; 2.177      ;
; 1.898 ; ddfs:inst15|cont[10] ; ddfs:inst15|sin_lut:lut_inst|altsyncram:rom_rtl_0|altsyncram_qm81:auto_generated|ram_block1a4~porta_address_reg7 ; ddfs:inst15|freq_divider_DDFS:f_div_inst|count[19] ; ddfs:inst15|freq_divider_DDFS:f_div_inst|count[19] ; 0.000        ; 0.054      ; 2.186      ;
; 1.899 ; ddfs:inst15|cont[10] ; ddfs:inst15|sin_lut:lut_inst|altsyncram:rom_rtl_0|altsyncram_qm81:auto_generated|ram_block1a8~porta_address_reg8 ; ddfs:inst15|freq_divider_DDFS:f_div_inst|count[19] ; ddfs:inst15|freq_divider_DDFS:f_div_inst|count[19] ; 0.000        ; 0.058      ; 2.191      ;
; 1.905 ; ddfs:inst15|cont[4]  ; ddfs:inst15|sin_lut:lut_inst|altsyncram:rom_rtl_0|altsyncram_qm81:auto_generated|ram_block1a1~porta_address_reg4 ; ddfs:inst15|freq_divider_DDFS:f_div_inst|count[19] ; ddfs:inst15|freq_divider_DDFS:f_div_inst|count[19] ; 0.000        ; 0.057      ; 2.196      ;
; 1.905 ; ddfs:inst15|cont[8]  ; ddfs:inst15|sin_lut:lut_inst|altsyncram:rom_rtl_0|altsyncram_qm81:auto_generated|ram_block1a1~porta_address_reg8 ; ddfs:inst15|freq_divider_DDFS:f_div_inst|count[19] ; ddfs:inst15|freq_divider_DDFS:f_div_inst|count[19] ; 0.000        ; 0.057      ; 2.196      ;
; 1.923 ; ddfs:inst15|cont[8]  ; ddfs:inst15|sin_lut:lut_inst|altsyncram:rom_rtl_0|altsyncram_qm81:auto_generated|ram_block1a8~porta_address_reg8 ; ddfs:inst15|freq_divider_DDFS:f_div_inst|count[19] ; ddfs:inst15|freq_divider_DDFS:f_div_inst|count[19] ; 0.000        ; 0.058      ; 2.215      ;
; 1.937 ; ddfs:inst15|cont[11] ; ddfs:inst15|cont[0]                                                                                              ; ddfs:inst15|freq_divider_DDFS:f_div_inst|count[19] ; ddfs:inst15|freq_divider_DDFS:f_div_inst|count[19] ; 0.000        ; 0.000      ; 2.203      ;
; 1.942 ; ddfs:inst15|cont[11] ; ddfs:inst15|cont[7]                                                                                              ; ddfs:inst15|freq_divider_DDFS:f_div_inst|count[19] ; ddfs:inst15|freq_divider_DDFS:f_div_inst|count[19] ; 0.000        ; 0.000      ; 2.208      ;
; 1.942 ; ddfs:inst15|cont[11] ; ddfs:inst15|cont[8]                                                                                              ; ddfs:inst15|freq_divider_DDFS:f_div_inst|count[19] ; ddfs:inst15|freq_divider_DDFS:f_div_inst|count[19] ; 0.000        ; 0.000      ; 2.208      ;
; 1.946 ; ddfs:inst15|cont[10] ; ddfs:inst15|sin_lut:lut_inst|altsyncram:rom_rtl_0|altsyncram_qm81:auto_generated|ram_block1a8~porta_address_reg4 ; ddfs:inst15|freq_divider_DDFS:f_div_inst|count[19] ; ddfs:inst15|freq_divider_DDFS:f_div_inst|count[19] ; 0.000        ; 0.058      ; 2.238      ;
; 1.947 ; ddfs:inst15|cont[0]  ; ddfs:inst15|cont[11]                                                                                             ; ddfs:inst15|freq_divider_DDFS:f_div_inst|count[19] ; ddfs:inst15|freq_divider_DDFS:f_div_inst|count[19] ; 0.000        ; 0.000      ; 2.213      ;
; 1.950 ; ddfs:inst15|cont[1]  ; ddfs:inst15|sin_lut:lut_inst|altsyncram:rom_rtl_0|altsyncram_qm81:auto_generated|ram_block1a1~porta_address_reg1 ; ddfs:inst15|freq_divider_DDFS:f_div_inst|count[19] ; ddfs:inst15|freq_divider_DDFS:f_div_inst|count[19] ; 0.000        ; 0.057      ; 2.241      ;
; 1.961 ; ddfs:inst15|cont[2]  ; ddfs:inst15|sin_lut:lut_inst|altsyncram:rom_rtl_0|altsyncram_qm81:auto_generated|ram_block1a8~porta_address_reg2 ; ddfs:inst15|freq_divider_DDFS:f_div_inst|count[19] ; ddfs:inst15|freq_divider_DDFS:f_div_inst|count[19] ; 0.000        ; 0.058      ; 2.253      ;
; 1.966 ; ddfs:inst15|cont[1]  ; ddfs:inst15|sin_lut:lut_inst|altsyncram:rom_rtl_0|altsyncram_qm81:auto_generated|ram_block1a8~porta_address_reg1 ; ddfs:inst15|freq_divider_DDFS:f_div_inst|count[19] ; ddfs:inst15|freq_divider_DDFS:f_div_inst|count[19] ; 0.000        ; 0.058      ; 2.258      ;
; 1.974 ; ddfs:inst15|cont[1]  ; ddfs:inst15|cont[11]                                                                                             ; ddfs:inst15|freq_divider_DDFS:f_div_inst|count[19] ; ddfs:inst15|freq_divider_DDFS:f_div_inst|count[19] ; 0.000        ; 0.000      ; 2.240      ;
; 1.985 ; ddfs:inst15|cont[7]  ; ddfs:inst15|cont[8]                                                                                              ; ddfs:inst15|freq_divider_DDFS:f_div_inst|count[19] ; ddfs:inst15|freq_divider_DDFS:f_div_inst|count[19] ; 0.000        ; 0.000      ; 2.251      ;
; 1.995 ; ddfs:inst15|cont[10] ; ddfs:inst15|sin_lut:lut_inst|altsyncram:rom_rtl_0|altsyncram_qm81:auto_generated|ram_block1a4~porta_address_reg4 ; ddfs:inst15|freq_divider_DDFS:f_div_inst|count[19] ; ddfs:inst15|freq_divider_DDFS:f_div_inst|count[19] ; 0.000        ; 0.054      ; 2.283      ;
; 2.005 ; ddfs:inst15|cont[10] ; ddfs:inst15|cont[10]                                                                                             ; ddfs:inst15|freq_divider_DDFS:f_div_inst|count[19] ; ddfs:inst15|freq_divider_DDFS:f_div_inst|count[19] ; 0.000        ; 0.000      ; 2.271      ;
; 2.089 ; ddfs:inst15|cont[5]  ; ddfs:inst15|cont[5]                                                                                              ; ddfs:inst15|freq_divider_DDFS:f_div_inst|count[19] ; ddfs:inst15|freq_divider_DDFS:f_div_inst|count[19] ; 0.000        ; 0.000      ; 2.355      ;
; 2.110 ; ddfs:inst15|cont[9]  ; ddfs:inst15|cont[9]                                                                                              ; ddfs:inst15|freq_divider_DDFS:f_div_inst|count[19] ; ddfs:inst15|freq_divider_DDFS:f_div_inst|count[19] ; 0.000        ; 0.000      ; 2.376      ;
; 2.117 ; ddfs:inst15|cont[10] ; ddfs:inst15|sin_lut:lut_inst|altsyncram:rom_rtl_0|altsyncram_qm81:auto_generated|ram_block1a1~porta_address_reg2 ; ddfs:inst15|freq_divider_DDFS:f_div_inst|count[19] ; ddfs:inst15|freq_divider_DDFS:f_div_inst|count[19] ; 0.000        ; 0.057      ; 2.408      ;
; 2.134 ; ddfs:inst15|cont[4]  ; ddfs:inst15|cont[4]                                                                                              ; ddfs:inst15|freq_divider_DDFS:f_div_inst|count[19] ; ddfs:inst15|freq_divider_DDFS:f_div_inst|count[19] ; 0.000        ; 0.000      ; 2.400      ;
; 2.149 ; ddfs:inst15|cont[4]  ; ddfs:inst15|sin_lut:lut_inst|altsyncram:rom_rtl_0|altsyncram_qm81:auto_generated|ram_block1a8~porta_address_reg4 ; ddfs:inst15|freq_divider_DDFS:f_div_inst|count[19] ; ddfs:inst15|freq_divider_DDFS:f_div_inst|count[19] ; 0.000        ; 0.058      ; 2.441      ;
; 2.157 ; ddfs:inst15|cont[6]  ; ddfs:inst15|cont[6]                                                                                              ; ddfs:inst15|freq_divider_DDFS:f_div_inst|count[19] ; ddfs:inst15|freq_divider_DDFS:f_div_inst|count[19] ; 0.000        ; 0.000      ; 2.423      ;
; 2.168 ; ddfs:inst15|cont[10] ; ddfs:inst15|sin_lut:lut_inst|altsyncram:rom_rtl_0|altsyncram_qm81:auto_generated|ram_block1a8~porta_address_reg0 ; ddfs:inst15|freq_divider_DDFS:f_div_inst|count[19] ; ddfs:inst15|freq_divider_DDFS:f_div_inst|count[19] ; 0.000        ; 0.058      ; 2.460      ;
; 2.169 ; ddfs:inst15|cont[10] ; ddfs:inst15|sin_lut:lut_inst|altsyncram:rom_rtl_0|altsyncram_qm81:auto_generated|ram_block1a1~porta_address_reg0 ; ddfs:inst15|freq_divider_DDFS:f_div_inst|count[19] ; ddfs:inst15|freq_divider_DDFS:f_div_inst|count[19] ; 0.000        ; 0.057      ; 2.460      ;
; 2.173 ; ddfs:inst15|cont[10] ; ddfs:inst15|sin_lut:lut_inst|altsyncram:rom_rtl_0|altsyncram_qm81:auto_generated|ram_block1a1~porta_address_reg7 ; ddfs:inst15|freq_divider_DDFS:f_div_inst|count[19] ; ddfs:inst15|freq_divider_DDFS:f_div_inst|count[19] ; 0.000        ; 0.057      ; 2.464      ;
; 2.179 ; ddfs:inst15|cont[0]  ; ddfs:inst15|cont[10]                                                                                             ; ddfs:inst15|freq_divider_DDFS:f_div_inst|count[19] ; ddfs:inst15|freq_divider_DDFS:f_div_inst|count[19] ; 0.000        ; 0.000      ; 2.445      ;
; 2.180 ; ddfs:inst15|cont[10] ; ddfs:inst15|sin_lut:lut_inst|altsyncram:rom_rtl_0|altsyncram_qm81:auto_generated|ram_block1a8~porta_address_reg7 ; ddfs:inst15|freq_divider_DDFS:f_div_inst|count[19] ; ddfs:inst15|freq_divider_DDFS:f_div_inst|count[19] ; 0.000        ; 0.058      ; 2.472      ;
; 2.190 ; ddfs:inst15|cont[11] ; ddfs:inst15|cont[4]                                                                                              ; ddfs:inst15|freq_divider_DDFS:f_div_inst|count[19] ; ddfs:inst15|freq_divider_DDFS:f_div_inst|count[19] ; 0.000        ; 0.000      ; 2.456      ;
; 2.191 ; ddfs:inst15|cont[3]  ; ddfs:inst15|cont[3]                                                                                              ; ddfs:inst15|freq_divider_DDFS:f_div_inst|count[19] ; ddfs:inst15|freq_divider_DDFS:f_div_inst|count[19] ; 0.000        ; 0.000      ; 2.457      ;
; 2.194 ; ddfs:inst15|cont[11] ; ddfs:inst15|cont[6]                                                                                              ; ddfs:inst15|freq_divider_DDFS:f_div_inst|count[19] ; ddfs:inst15|freq_divider_DDFS:f_div_inst|count[19] ; 0.000        ; 0.000      ; 2.460      ;
; 2.198 ; ddfs:inst15|cont[4]  ; ddfs:inst15|sin_lut:lut_inst|altsyncram:rom_rtl_0|altsyncram_qm81:auto_generated|ram_block1a4~porta_address_reg4 ; ddfs:inst15|freq_divider_DDFS:f_div_inst|count[19] ; ddfs:inst15|freq_divider_DDFS:f_div_inst|count[19] ; 0.000        ; 0.054      ; 2.486      ;
; 2.198 ; ddfs:inst15|cont[11] ; ddfs:inst15|cont[9]                                                                                              ; ddfs:inst15|freq_divider_DDFS:f_div_inst|count[19] ; ddfs:inst15|freq_divider_DDFS:f_div_inst|count[19] ; 0.000        ; 0.000      ; 2.464      ;
; 2.199 ; ddfs:inst15|cont[11] ; ddfs:inst15|cont[5]                                                                                              ; ddfs:inst15|freq_divider_DDFS:f_div_inst|count[19] ; ddfs:inst15|freq_divider_DDFS:f_div_inst|count[19] ; 0.000        ; 0.000      ; 2.465      ;
; 2.206 ; ddfs:inst15|cont[1]  ; ddfs:inst15|cont[10]                                                                                             ; ddfs:inst15|freq_divider_DDFS:f_div_inst|count[19] ; ddfs:inst15|freq_divider_DDFS:f_div_inst|count[19] ; 0.000        ; 0.000      ; 2.472      ;
; 2.213 ; ddfs:inst15|cont[11] ; ddfs:inst15|cont[3]                                                                                              ; ddfs:inst15|freq_divider_DDFS:f_div_inst|count[19] ; ddfs:inst15|freq_divider_DDFS:f_div_inst|count[19] ; 0.000        ; 0.000      ; 2.479      ;
; 2.218 ; ddfs:inst15|cont[11] ; ddfs:inst15|cont[1]                                                                                              ; ddfs:inst15|freq_divider_DDFS:f_div_inst|count[19] ; ddfs:inst15|freq_divider_DDFS:f_div_inst|count[19] ; 0.000        ; 0.000      ; 2.484      ;
; 2.224 ; ddfs:inst15|cont[11] ; ddfs:inst15|cont[2]                                                                                              ; ddfs:inst15|freq_divider_DDFS:f_div_inst|count[19] ; ddfs:inst15|freq_divider_DDFS:f_div_inst|count[19] ; 0.000        ; 0.000      ; 2.490      ;
; 2.258 ; ddfs:inst15|cont[2]  ; ddfs:inst15|sin_lut:lut_inst|altsyncram:rom_rtl_0|altsyncram_qm81:auto_generated|ram_block1a1~porta_address_reg2 ; ddfs:inst15|freq_divider_DDFS:f_div_inst|count[19] ; ddfs:inst15|freq_divider_DDFS:f_div_inst|count[19] ; 0.000        ; 0.057      ; 2.549      ;
; 2.260 ; ddfs:inst15|cont[6]  ; ddfs:inst15|cont[7]                                                                                              ; ddfs:inst15|freq_divider_DDFS:f_div_inst|count[19] ; ddfs:inst15|freq_divider_DDFS:f_div_inst|count[19] ; 0.000        ; 0.000      ; 2.526      ;
; 2.264 ; ddfs:inst15|cont[1]  ; ddfs:inst15|cont[1]                                                                                              ; ddfs:inst15|freq_divider_DDFS:f_div_inst|count[19] ; ddfs:inst15|freq_divider_DDFS:f_div_inst|count[19] ; 0.000        ; 0.000      ; 2.530      ;
; 2.273 ; ddfs:inst15|cont[8]  ; ddfs:inst15|cont[9]                                                                                              ; ddfs:inst15|freq_divider_DDFS:f_div_inst|count[19] ; ddfs:inst15|freq_divider_DDFS:f_div_inst|count[19] ; 0.000        ; 0.000      ; 2.539      ;
; 2.296 ; ddfs:inst15|cont[8]  ; ddfs:inst15|cont[11]                                                                                             ; ddfs:inst15|freq_divider_DDFS:f_div_inst|count[19] ; ddfs:inst15|freq_divider_DDFS:f_div_inst|count[19] ; 0.000        ; 0.000      ; 2.562      ;
; 2.304 ; ddfs:inst15|cont[7]  ; ddfs:inst15|cont[9]                                                                                              ; ddfs:inst15|freq_divider_DDFS:f_div_inst|count[19] ; ddfs:inst15|freq_divider_DDFS:f_div_inst|count[19] ; 0.000        ; 0.000      ; 2.570      ;
; 2.327 ; ddfs:inst15|cont[7]  ; ddfs:inst15|cont[11]                                                                                             ; ddfs:inst15|freq_divider_DDFS:f_div_inst|count[19] ; ddfs:inst15|freq_divider_DDFS:f_div_inst|count[19] ; 0.000        ; 0.000      ; 2.593      ;
; 2.329 ; ddfs:inst15|cont[6]  ; ddfs:inst15|cont[8]                                                                                              ; ddfs:inst15|freq_divider_DDFS:f_div_inst|count[19] ; ddfs:inst15|freq_divider_DDFS:f_div_inst|count[19] ; 0.000        ; 0.000      ; 2.595      ;
; 2.360 ; ddfs:inst15|cont[5]  ; ddfs:inst15|cont[7]                                                                                              ; ddfs:inst15|freq_divider_DDFS:f_div_inst|count[19] ; ddfs:inst15|freq_divider_DDFS:f_div_inst|count[19] ; 0.000        ; 0.000      ; 2.626      ;
; 2.383 ; ddfs:inst15|cont[10] ; ddfs:inst15|sin_lut:lut_inst|altsyncram:rom_rtl_0|altsyncram_qm81:auto_generated|ram_block1a4~porta_address_reg2 ; ddfs:inst15|freq_divider_DDFS:f_div_inst|count[19] ; ddfs:inst15|freq_divider_DDFS:f_div_inst|count[19] ; 0.000        ; 0.054      ; 2.671      ;
; 2.429 ; ddfs:inst15|cont[5]  ; ddfs:inst15|cont[8]                                                                                              ; ddfs:inst15|freq_divider_DDFS:f_div_inst|count[19] ; ddfs:inst15|freq_divider_DDFS:f_div_inst|count[19] ; 0.000        ; 0.000      ; 2.695      ;
; 2.448 ; ddfs:inst15|cont[9]  ; ddfs:inst15|cont[11]                                                                                             ; ddfs:inst15|freq_divider_DDFS:f_div_inst|count[19] ; ddfs:inst15|freq_divider_DDFS:f_div_inst|count[19] ; 0.000        ; 0.000      ; 2.714      ;
; 2.454 ; ddfs:inst15|cont[10] ; ddfs:inst15|cont[0]                                                                                              ; ddfs:inst15|freq_divider_DDFS:f_div_inst|count[19] ; ddfs:inst15|freq_divider_DDFS:f_div_inst|count[19] ; 0.000        ; 0.000      ; 2.720      ;
; 2.459 ; ddfs:inst15|cont[10] ; ddfs:inst15|cont[7]                                                                                              ; ddfs:inst15|freq_divider_DDFS:f_div_inst|count[19] ; ddfs:inst15|freq_divider_DDFS:f_div_inst|count[19] ; 0.000        ; 0.000      ; 2.725      ;
+-------+----------------------+------------------------------------------------------------------------------------------------------------------+----------------------------------------------------+----------------------------------------------------+--------------+------------+------------+


+---------------------------------------------------------------------------------------------------------------------------------------------------------------------------------+
; Slow Model Recovery: 'ddfs:inst15|freq_divider_DDFS:f_div_inst|count[19]'                                                                                                       ;
+--------+------------------------------------+----------------------+--------------+----------------------------------------------------+--------------+------------+------------+
; Slack  ; From Node                          ; To Node              ; Launch Clock ; Latch Clock                                        ; Relationship ; Clock Skew ; Data Delay ;
+--------+------------------------------------+----------------------+--------------+----------------------------------------------------+--------------+------------+------------+
; 16.595 ; metastab_3xdff:inst4|ena_ddfs_sync ; ddfs:inst15|cont[7]  ; CLOCK_50     ; ddfs:inst15|freq_divider_DDFS:f_div_inst|count[19] ; 20.000       ; 0.204      ; 3.645      ;
; 16.595 ; metastab_3xdff:inst4|ena_ddfs_sync ; ddfs:inst15|cont[8]  ; CLOCK_50     ; ddfs:inst15|freq_divider_DDFS:f_div_inst|count[19] ; 20.000       ; 0.204      ; 3.645      ;
; 16.595 ; metastab_3xdff:inst4|ena_ddfs_sync ; ddfs:inst15|cont[11] ; CLOCK_50     ; ddfs:inst15|freq_divider_DDFS:f_div_inst|count[19] ; 20.000       ; 0.204      ; 3.645      ;
; 16.595 ; metastab_3xdff:inst4|ena_ddfs_sync ; ddfs:inst15|cont[0]  ; CLOCK_50     ; ddfs:inst15|freq_divider_DDFS:f_div_inst|count[19] ; 20.000       ; 0.204      ; 3.645      ;
; 16.617 ; metastab_3xdff:inst4|ena_ddfs_sync ; ddfs:inst15|cont[1]  ; CLOCK_50     ; ddfs:inst15|freq_divider_DDFS:f_div_inst|count[19] ; 20.000       ; 0.204      ; 3.623      ;
; 16.617 ; metastab_3xdff:inst4|ena_ddfs_sync ; ddfs:inst15|cont[9]  ; CLOCK_50     ; ddfs:inst15|freq_divider_DDFS:f_div_inst|count[19] ; 20.000       ; 0.204      ; 3.623      ;
; 16.617 ; metastab_3xdff:inst4|ena_ddfs_sync ; ddfs:inst15|cont[6]  ; CLOCK_50     ; ddfs:inst15|freq_divider_DDFS:f_div_inst|count[19] ; 20.000       ; 0.204      ; 3.623      ;
; 16.617 ; metastab_3xdff:inst4|ena_ddfs_sync ; ddfs:inst15|cont[3]  ; CLOCK_50     ; ddfs:inst15|freq_divider_DDFS:f_div_inst|count[19] ; 20.000       ; 0.204      ; 3.623      ;
; 16.617 ; metastab_3xdff:inst4|ena_ddfs_sync ; ddfs:inst15|cont[4]  ; CLOCK_50     ; ddfs:inst15|freq_divider_DDFS:f_div_inst|count[19] ; 20.000       ; 0.204      ; 3.623      ;
; 16.617 ; metastab_3xdff:inst4|ena_ddfs_sync ; ddfs:inst15|cont[5]  ; CLOCK_50     ; ddfs:inst15|freq_divider_DDFS:f_div_inst|count[19] ; 20.000       ; 0.204      ; 3.623      ;
; 16.617 ; metastab_3xdff:inst4|ena_ddfs_sync ; ddfs:inst15|cont[2]  ; CLOCK_50     ; ddfs:inst15|freq_divider_DDFS:f_div_inst|count[19] ; 20.000       ; 0.204      ; 3.623      ;
; 16.617 ; metastab_3xdff:inst4|ena_ddfs_sync ; ddfs:inst15|cont[10] ; CLOCK_50     ; ddfs:inst15|freq_divider_DDFS:f_div_inst|count[19] ; 20.000       ; 0.204      ; 3.623      ;
+--------+------------------------------------+----------------------+--------------+----------------------------------------------------+--------------+------------+------------+


+--------------------------------------------------------------------------------------------------------------------------------------------------------------------------------+
; Slow Model Removal: 'ddfs:inst15|freq_divider_DDFS:f_div_inst|count[19]'                                                                                                       ;
+-------+------------------------------------+----------------------+--------------+----------------------------------------------------+--------------+------------+------------+
; Slack ; From Node                          ; To Node              ; Launch Clock ; Latch Clock                                        ; Relationship ; Clock Skew ; Data Delay ;
+-------+------------------------------------+----------------------+--------------+----------------------------------------------------+--------------+------------+------------+
; 3.153 ; metastab_3xdff:inst4|ena_ddfs_sync ; ddfs:inst15|cont[1]  ; CLOCK_50     ; ddfs:inst15|freq_divider_DDFS:f_div_inst|count[19] ; 0.000        ; 0.204      ; 3.623      ;
; 3.153 ; metastab_3xdff:inst4|ena_ddfs_sync ; ddfs:inst15|cont[9]  ; CLOCK_50     ; ddfs:inst15|freq_divider_DDFS:f_div_inst|count[19] ; 0.000        ; 0.204      ; 3.623      ;
; 3.153 ; metastab_3xdff:inst4|ena_ddfs_sync ; ddfs:inst15|cont[6]  ; CLOCK_50     ; ddfs:inst15|freq_divider_DDFS:f_div_inst|count[19] ; 0.000        ; 0.204      ; 3.623      ;
; 3.153 ; metastab_3xdff:inst4|ena_ddfs_sync ; ddfs:inst15|cont[3]  ; CLOCK_50     ; ddfs:inst15|freq_divider_DDFS:f_div_inst|count[19] ; 0.000        ; 0.204      ; 3.623      ;
; 3.153 ; metastab_3xdff:inst4|ena_ddfs_sync ; ddfs:inst15|cont[4]  ; CLOCK_50     ; ddfs:inst15|freq_divider_DDFS:f_div_inst|count[19] ; 0.000        ; 0.204      ; 3.623      ;
; 3.153 ; metastab_3xdff:inst4|ena_ddfs_sync ; ddfs:inst15|cont[5]  ; CLOCK_50     ; ddfs:inst15|freq_divider_DDFS:f_div_inst|count[19] ; 0.000        ; 0.204      ; 3.623      ;
; 3.153 ; metastab_3xdff:inst4|ena_ddfs_sync ; ddfs:inst15|cont[2]  ; CLOCK_50     ; ddfs:inst15|freq_divider_DDFS:f_div_inst|count[19] ; 0.000        ; 0.204      ; 3.623      ;
; 3.153 ; metastab_3xdff:inst4|ena_ddfs_sync ; ddfs:inst15|cont[10] ; CLOCK_50     ; ddfs:inst15|freq_divider_DDFS:f_div_inst|count[19] ; 0.000        ; 0.204      ; 3.623      ;
; 3.175 ; metastab_3xdff:inst4|ena_ddfs_sync ; ddfs:inst15|cont[7]  ; CLOCK_50     ; ddfs:inst15|freq_divider_DDFS:f_div_inst|count[19] ; 0.000        ; 0.204      ; 3.645      ;
; 3.175 ; metastab_3xdff:inst4|ena_ddfs_sync ; ddfs:inst15|cont[8]  ; CLOCK_50     ; ddfs:inst15|freq_divider_DDFS:f_div_inst|count[19] ; 0.000        ; 0.204      ; 3.645      ;
; 3.175 ; metastab_3xdff:inst4|ena_ddfs_sync ; ddfs:inst15|cont[11] ; CLOCK_50     ; ddfs:inst15|freq_divider_DDFS:f_div_inst|count[19] ; 0.000        ; 0.204      ; 3.645      ;
; 3.175 ; metastab_3xdff:inst4|ena_ddfs_sync ; ddfs:inst15|cont[0]  ; CLOCK_50     ; ddfs:inst15|freq_divider_DDFS:f_div_inst|count[19] ; 0.000        ; 0.204      ; 3.645      ;
+-------+------------------------------------+----------------------+--------------+----------------------------------------------------+--------------+------------+------------+


+---------------------------------------------------------------------------------------------------------------------------------------------------------------+
; Slow Model Minimum Pulse Width: 'inst|altpll_component|pll|clk[0]'                                                                                            ;
+-------+--------------+----------------+------------------+----------------------------------+------------+----------------------------------------------------+
; Slack ; Actual Width ; Required Width ; Type             ; Clock                            ; Clock Edge ; Target                                             ;
+-------+--------------+----------------+------------------+----------------------------------+------------+----------------------------------------------------+
; 4.000 ; 5.000        ; 1.000          ; High Pulse Width ; inst|altpll_component|pll|clk[0] ; Rise       ; ddfs:inst15|freq_divider_DDFS:f_div_inst|count[0]  ;
; 4.000 ; 5.000        ; 1.000          ; Low Pulse Width  ; inst|altpll_component|pll|clk[0] ; Rise       ; ddfs:inst15|freq_divider_DDFS:f_div_inst|count[0]  ;
; 4.000 ; 5.000        ; 1.000          ; High Pulse Width ; inst|altpll_component|pll|clk[0] ; Rise       ; ddfs:inst15|freq_divider_DDFS:f_div_inst|count[10] ;
; 4.000 ; 5.000        ; 1.000          ; Low Pulse Width  ; inst|altpll_component|pll|clk[0] ; Rise       ; ddfs:inst15|freq_divider_DDFS:f_div_inst|count[10] ;
; 4.000 ; 5.000        ; 1.000          ; High Pulse Width ; inst|altpll_component|pll|clk[0] ; Rise       ; ddfs:inst15|freq_divider_DDFS:f_div_inst|count[11] ;
; 4.000 ; 5.000        ; 1.000          ; Low Pulse Width  ; inst|altpll_component|pll|clk[0] ; Rise       ; ddfs:inst15|freq_divider_DDFS:f_div_inst|count[11] ;
; 4.000 ; 5.000        ; 1.000          ; High Pulse Width ; inst|altpll_component|pll|clk[0] ; Rise       ; ddfs:inst15|freq_divider_DDFS:f_div_inst|count[12] ;
; 4.000 ; 5.000        ; 1.000          ; Low Pulse Width  ; inst|altpll_component|pll|clk[0] ; Rise       ; ddfs:inst15|freq_divider_DDFS:f_div_inst|count[12] ;
; 4.000 ; 5.000        ; 1.000          ; High Pulse Width ; inst|altpll_component|pll|clk[0] ; Rise       ; ddfs:inst15|freq_divider_DDFS:f_div_inst|count[13] ;
; 4.000 ; 5.000        ; 1.000          ; Low Pulse Width  ; inst|altpll_component|pll|clk[0] ; Rise       ; ddfs:inst15|freq_divider_DDFS:f_div_inst|count[13] ;
; 4.000 ; 5.000        ; 1.000          ; High Pulse Width ; inst|altpll_component|pll|clk[0] ; Rise       ; ddfs:inst15|freq_divider_DDFS:f_div_inst|count[14] ;
; 4.000 ; 5.000        ; 1.000          ; Low Pulse Width  ; inst|altpll_component|pll|clk[0] ; Rise       ; ddfs:inst15|freq_divider_DDFS:f_div_inst|count[14] ;
; 4.000 ; 5.000        ; 1.000          ; High Pulse Width ; inst|altpll_component|pll|clk[0] ; Rise       ; ddfs:inst15|freq_divider_DDFS:f_div_inst|count[15] ;
; 4.000 ; 5.000        ; 1.000          ; Low Pulse Width  ; inst|altpll_component|pll|clk[0] ; Rise       ; ddfs:inst15|freq_divider_DDFS:f_div_inst|count[15] ;
; 4.000 ; 5.000        ; 1.000          ; High Pulse Width ; inst|altpll_component|pll|clk[0] ; Rise       ; ddfs:inst15|freq_divider_DDFS:f_div_inst|count[16] ;
; 4.000 ; 5.000        ; 1.000          ; Low Pulse Width  ; inst|altpll_component|pll|clk[0] ; Rise       ; ddfs:inst15|freq_divider_DDFS:f_div_inst|count[16] ;
; 4.000 ; 5.000        ; 1.000          ; High Pulse Width ; inst|altpll_component|pll|clk[0] ; Rise       ; ddfs:inst15|freq_divider_DDFS:f_div_inst|count[17] ;
; 4.000 ; 5.000        ; 1.000          ; Low Pulse Width  ; inst|altpll_component|pll|clk[0] ; Rise       ; ddfs:inst15|freq_divider_DDFS:f_div_inst|count[17] ;
; 4.000 ; 5.000        ; 1.000          ; High Pulse Width ; inst|altpll_component|pll|clk[0] ; Rise       ; ddfs:inst15|freq_divider_DDFS:f_div_inst|count[18] ;
; 4.000 ; 5.000        ; 1.000          ; Low Pulse Width  ; inst|altpll_component|pll|clk[0] ; Rise       ; ddfs:inst15|freq_divider_DDFS:f_div_inst|count[18] ;
; 4.000 ; 5.000        ; 1.000          ; High Pulse Width ; inst|altpll_component|pll|clk[0] ; Rise       ; ddfs:inst15|freq_divider_DDFS:f_div_inst|count[19] ;
; 4.000 ; 5.000        ; 1.000          ; Low Pulse Width  ; inst|altpll_component|pll|clk[0] ; Rise       ; ddfs:inst15|freq_divider_DDFS:f_div_inst|count[19] ;
; 4.000 ; 5.000        ; 1.000          ; High Pulse Width ; inst|altpll_component|pll|clk[0] ; Rise       ; ddfs:inst15|freq_divider_DDFS:f_div_inst|count[1]  ;
; 4.000 ; 5.000        ; 1.000          ; Low Pulse Width  ; inst|altpll_component|pll|clk[0] ; Rise       ; ddfs:inst15|freq_divider_DDFS:f_div_inst|count[1]  ;
; 4.000 ; 5.000        ; 1.000          ; High Pulse Width ; inst|altpll_component|pll|clk[0] ; Rise       ; ddfs:inst15|freq_divider_DDFS:f_div_inst|count[2]  ;
; 4.000 ; 5.000        ; 1.000          ; Low Pulse Width  ; inst|altpll_component|pll|clk[0] ; Rise       ; ddfs:inst15|freq_divider_DDFS:f_div_inst|count[2]  ;
; 4.000 ; 5.000        ; 1.000          ; High Pulse Width ; inst|altpll_component|pll|clk[0] ; Rise       ; ddfs:inst15|freq_divider_DDFS:f_div_inst|count[3]  ;
; 4.000 ; 5.000        ; 1.000          ; Low Pulse Width  ; inst|altpll_component|pll|clk[0] ; Rise       ; ddfs:inst15|freq_divider_DDFS:f_div_inst|count[3]  ;
; 4.000 ; 5.000        ; 1.000          ; High Pulse Width ; inst|altpll_component|pll|clk[0] ; Rise       ; ddfs:inst15|freq_divider_DDFS:f_div_inst|count[4]  ;
; 4.000 ; 5.000        ; 1.000          ; Low Pulse Width  ; inst|altpll_component|pll|clk[0] ; Rise       ; ddfs:inst15|freq_divider_DDFS:f_div_inst|count[4]  ;
; 4.000 ; 5.000        ; 1.000          ; High Pulse Width ; inst|altpll_component|pll|clk[0] ; Rise       ; ddfs:inst15|freq_divider_DDFS:f_div_inst|count[5]  ;
; 4.000 ; 5.000        ; 1.000          ; Low Pulse Width  ; inst|altpll_component|pll|clk[0] ; Rise       ; ddfs:inst15|freq_divider_DDFS:f_div_inst|count[5]  ;
; 4.000 ; 5.000        ; 1.000          ; High Pulse Width ; inst|altpll_component|pll|clk[0] ; Rise       ; ddfs:inst15|freq_divider_DDFS:f_div_inst|count[6]  ;
; 4.000 ; 5.000        ; 1.000          ; Low Pulse Width  ; inst|altpll_component|pll|clk[0] ; Rise       ; ddfs:inst15|freq_divider_DDFS:f_div_inst|count[6]  ;
; 4.000 ; 5.000        ; 1.000          ; High Pulse Width ; inst|altpll_component|pll|clk[0] ; Rise       ; ddfs:inst15|freq_divider_DDFS:f_div_inst|count[7]  ;
; 4.000 ; 5.000        ; 1.000          ; Low Pulse Width  ; inst|altpll_component|pll|clk[0] ; Rise       ; ddfs:inst15|freq_divider_DDFS:f_div_inst|count[7]  ;
; 4.000 ; 5.000        ; 1.000          ; High Pulse Width ; inst|altpll_component|pll|clk[0] ; Rise       ; ddfs:inst15|freq_divider_DDFS:f_div_inst|count[8]  ;
; 4.000 ; 5.000        ; 1.000          ; Low Pulse Width  ; inst|altpll_component|pll|clk[0] ; Rise       ; ddfs:inst15|freq_divider_DDFS:f_div_inst|count[8]  ;
; 4.000 ; 5.000        ; 1.000          ; High Pulse Width ; inst|altpll_component|pll|clk[0] ; Rise       ; ddfs:inst15|freq_divider_DDFS:f_div_inst|count[9]  ;
; 4.000 ; 5.000        ; 1.000          ; Low Pulse Width  ; inst|altpll_component|pll|clk[0] ; Rise       ; ddfs:inst15|freq_divider_DDFS:f_div_inst|count[9]  ;
; 4.000 ; 5.000        ; 1.000          ; High Pulse Width ; inst|altpll_component|pll|clk[0] ; Rise       ; metastab_3xdff:inst4|freq_control_1[0]             ;
; 4.000 ; 5.000        ; 1.000          ; Low Pulse Width  ; inst|altpll_component|pll|clk[0] ; Rise       ; metastab_3xdff:inst4|freq_control_1[0]             ;
; 4.000 ; 5.000        ; 1.000          ; High Pulse Width ; inst|altpll_component|pll|clk[0] ; Rise       ; metastab_3xdff:inst4|freq_control_1[1]             ;
; 4.000 ; 5.000        ; 1.000          ; Low Pulse Width  ; inst|altpll_component|pll|clk[0] ; Rise       ; metastab_3xdff:inst4|freq_control_1[1]             ;
; 4.000 ; 5.000        ; 1.000          ; High Pulse Width ; inst|altpll_component|pll|clk[0] ; Rise       ; metastab_3xdff:inst4|freq_control_1[2]             ;
; 4.000 ; 5.000        ; 1.000          ; Low Pulse Width  ; inst|altpll_component|pll|clk[0] ; Rise       ; metastab_3xdff:inst4|freq_control_1[2]             ;
; 4.000 ; 5.000        ; 1.000          ; High Pulse Width ; inst|altpll_component|pll|clk[0] ; Rise       ; metastab_3xdff:inst4|freq_control_2[0]             ;
; 4.000 ; 5.000        ; 1.000          ; Low Pulse Width  ; inst|altpll_component|pll|clk[0] ; Rise       ; metastab_3xdff:inst4|freq_control_2[0]             ;
; 4.000 ; 5.000        ; 1.000          ; High Pulse Width ; inst|altpll_component|pll|clk[0] ; Rise       ; metastab_3xdff:inst4|freq_control_2[1]             ;
; 4.000 ; 5.000        ; 1.000          ; Low Pulse Width  ; inst|altpll_component|pll|clk[0] ; Rise       ; metastab_3xdff:inst4|freq_control_2[1]             ;
; 4.000 ; 5.000        ; 1.000          ; High Pulse Width ; inst|altpll_component|pll|clk[0] ; Rise       ; metastab_3xdff:inst4|freq_control_2[2]             ;
; 4.000 ; 5.000        ; 1.000          ; Low Pulse Width  ; inst|altpll_component|pll|clk[0] ; Rise       ; metastab_3xdff:inst4|freq_control_2[2]             ;
; 4.000 ; 5.000        ; 1.000          ; High Pulse Width ; inst|altpll_component|pll|clk[0] ; Rise       ; metastab_3xdff:inst4|freq_control_sync[0]          ;
; 4.000 ; 5.000        ; 1.000          ; Low Pulse Width  ; inst|altpll_component|pll|clk[0] ; Rise       ; metastab_3xdff:inst4|freq_control_sync[0]          ;
; 4.000 ; 5.000        ; 1.000          ; High Pulse Width ; inst|altpll_component|pll|clk[0] ; Rise       ; metastab_3xdff:inst4|freq_control_sync[1]          ;
; 4.000 ; 5.000        ; 1.000          ; Low Pulse Width  ; inst|altpll_component|pll|clk[0] ; Rise       ; metastab_3xdff:inst4|freq_control_sync[1]          ;
; 4.000 ; 5.000        ; 1.000          ; High Pulse Width ; inst|altpll_component|pll|clk[0] ; Rise       ; metastab_3xdff:inst4|freq_control_sync[2]          ;
; 4.000 ; 5.000        ; 1.000          ; Low Pulse Width  ; inst|altpll_component|pll|clk[0] ; Rise       ; metastab_3xdff:inst4|freq_control_sync[2]          ;
; 4.000 ; 5.000        ; 1.000          ; High Pulse Width ; inst|altpll_component|pll|clk[0] ; Rise       ; metastab_3xdff:inst4|fw_1[0]                       ;
; 4.000 ; 5.000        ; 1.000          ; Low Pulse Width  ; inst|altpll_component|pll|clk[0] ; Rise       ; metastab_3xdff:inst4|fw_1[0]                       ;
; 4.000 ; 5.000        ; 1.000          ; High Pulse Width ; inst|altpll_component|pll|clk[0] ; Rise       ; metastab_3xdff:inst4|fw_1[1]                       ;
; 4.000 ; 5.000        ; 1.000          ; Low Pulse Width  ; inst|altpll_component|pll|clk[0] ; Rise       ; metastab_3xdff:inst4|fw_1[1]                       ;
; 4.000 ; 5.000        ; 1.000          ; High Pulse Width ; inst|altpll_component|pll|clk[0] ; Rise       ; metastab_3xdff:inst4|fw_1[2]                       ;
; 4.000 ; 5.000        ; 1.000          ; Low Pulse Width  ; inst|altpll_component|pll|clk[0] ; Rise       ; metastab_3xdff:inst4|fw_1[2]                       ;
; 4.000 ; 5.000        ; 1.000          ; High Pulse Width ; inst|altpll_component|pll|clk[0] ; Rise       ; metastab_3xdff:inst4|fw_1[3]                       ;
; 4.000 ; 5.000        ; 1.000          ; Low Pulse Width  ; inst|altpll_component|pll|clk[0] ; Rise       ; metastab_3xdff:inst4|fw_1[3]                       ;
; 4.000 ; 5.000        ; 1.000          ; High Pulse Width ; inst|altpll_component|pll|clk[0] ; Rise       ; metastab_3xdff:inst4|fw_1[4]                       ;
; 4.000 ; 5.000        ; 1.000          ; Low Pulse Width  ; inst|altpll_component|pll|clk[0] ; Rise       ; metastab_3xdff:inst4|fw_1[4]                       ;
; 4.000 ; 5.000        ; 1.000          ; High Pulse Width ; inst|altpll_component|pll|clk[0] ; Rise       ; metastab_3xdff:inst4|fw_1[5]                       ;
; 4.000 ; 5.000        ; 1.000          ; Low Pulse Width  ; inst|altpll_component|pll|clk[0] ; Rise       ; metastab_3xdff:inst4|fw_1[5]                       ;
; 4.000 ; 5.000        ; 1.000          ; High Pulse Width ; inst|altpll_component|pll|clk[0] ; Rise       ; metastab_3xdff:inst4|fw_1[6]                       ;
; 4.000 ; 5.000        ; 1.000          ; Low Pulse Width  ; inst|altpll_component|pll|clk[0] ; Rise       ; metastab_3xdff:inst4|fw_1[6]                       ;
; 4.000 ; 5.000        ; 1.000          ; High Pulse Width ; inst|altpll_component|pll|clk[0] ; Rise       ; metastab_3xdff:inst4|fw_2[0]                       ;
; 4.000 ; 5.000        ; 1.000          ; Low Pulse Width  ; inst|altpll_component|pll|clk[0] ; Rise       ; metastab_3xdff:inst4|fw_2[0]                       ;
; 4.000 ; 5.000        ; 1.000          ; High Pulse Width ; inst|altpll_component|pll|clk[0] ; Rise       ; metastab_3xdff:inst4|fw_2[1]                       ;
; 4.000 ; 5.000        ; 1.000          ; Low Pulse Width  ; inst|altpll_component|pll|clk[0] ; Rise       ; metastab_3xdff:inst4|fw_2[1]                       ;
; 4.000 ; 5.000        ; 1.000          ; High Pulse Width ; inst|altpll_component|pll|clk[0] ; Rise       ; metastab_3xdff:inst4|fw_2[2]                       ;
; 4.000 ; 5.000        ; 1.000          ; Low Pulse Width  ; inst|altpll_component|pll|clk[0] ; Rise       ; metastab_3xdff:inst4|fw_2[2]                       ;
; 4.000 ; 5.000        ; 1.000          ; High Pulse Width ; inst|altpll_component|pll|clk[0] ; Rise       ; metastab_3xdff:inst4|fw_2[3]                       ;
; 4.000 ; 5.000        ; 1.000          ; Low Pulse Width  ; inst|altpll_component|pll|clk[0] ; Rise       ; metastab_3xdff:inst4|fw_2[3]                       ;
; 4.000 ; 5.000        ; 1.000          ; High Pulse Width ; inst|altpll_component|pll|clk[0] ; Rise       ; metastab_3xdff:inst4|fw_2[4]                       ;
; 4.000 ; 5.000        ; 1.000          ; Low Pulse Width  ; inst|altpll_component|pll|clk[0] ; Rise       ; metastab_3xdff:inst4|fw_2[4]                       ;
; 4.000 ; 5.000        ; 1.000          ; High Pulse Width ; inst|altpll_component|pll|clk[0] ; Rise       ; metastab_3xdff:inst4|fw_2[5]                       ;
; 4.000 ; 5.000        ; 1.000          ; Low Pulse Width  ; inst|altpll_component|pll|clk[0] ; Rise       ; metastab_3xdff:inst4|fw_2[5]                       ;
; 4.000 ; 5.000        ; 1.000          ; High Pulse Width ; inst|altpll_component|pll|clk[0] ; Rise       ; metastab_3xdff:inst4|fw_2[6]                       ;
; 4.000 ; 5.000        ; 1.000          ; Low Pulse Width  ; inst|altpll_component|pll|clk[0] ; Rise       ; metastab_3xdff:inst4|fw_2[6]                       ;
; 4.000 ; 5.000        ; 1.000          ; High Pulse Width ; inst|altpll_component|pll|clk[0] ; Rise       ; metastab_3xdff:inst4|fw_sync[0]                    ;
; 4.000 ; 5.000        ; 1.000          ; Low Pulse Width  ; inst|altpll_component|pll|clk[0] ; Rise       ; metastab_3xdff:inst4|fw_sync[0]                    ;
; 4.000 ; 5.000        ; 1.000          ; High Pulse Width ; inst|altpll_component|pll|clk[0] ; Rise       ; metastab_3xdff:inst4|fw_sync[1]                    ;
; 4.000 ; 5.000        ; 1.000          ; Low Pulse Width  ; inst|altpll_component|pll|clk[0] ; Rise       ; metastab_3xdff:inst4|fw_sync[1]                    ;
; 4.000 ; 5.000        ; 1.000          ; High Pulse Width ; inst|altpll_component|pll|clk[0] ; Rise       ; metastab_3xdff:inst4|fw_sync[2]                    ;
; 4.000 ; 5.000        ; 1.000          ; Low Pulse Width  ; inst|altpll_component|pll|clk[0] ; Rise       ; metastab_3xdff:inst4|fw_sync[2]                    ;
; 4.000 ; 5.000        ; 1.000          ; High Pulse Width ; inst|altpll_component|pll|clk[0] ; Rise       ; metastab_3xdff:inst4|fw_sync[3]                    ;
; 4.000 ; 5.000        ; 1.000          ; Low Pulse Width  ; inst|altpll_component|pll|clk[0] ; Rise       ; metastab_3xdff:inst4|fw_sync[3]                    ;
; 4.000 ; 5.000        ; 1.000          ; High Pulse Width ; inst|altpll_component|pll|clk[0] ; Rise       ; metastab_3xdff:inst4|fw_sync[4]                    ;
; 4.000 ; 5.000        ; 1.000          ; Low Pulse Width  ; inst|altpll_component|pll|clk[0] ; Rise       ; metastab_3xdff:inst4|fw_sync[4]                    ;
; 4.000 ; 5.000        ; 1.000          ; High Pulse Width ; inst|altpll_component|pll|clk[0] ; Rise       ; metastab_3xdff:inst4|fw_sync[5]                    ;
; 4.000 ; 5.000        ; 1.000          ; Low Pulse Width  ; inst|altpll_component|pll|clk[0] ; Rise       ; metastab_3xdff:inst4|fw_sync[5]                    ;
; 4.000 ; 5.000        ; 1.000          ; High Pulse Width ; inst|altpll_component|pll|clk[0] ; Rise       ; metastab_3xdff:inst4|fw_sync[6]                    ;
; 4.000 ; 5.000        ; 1.000          ; Low Pulse Width  ; inst|altpll_component|pll|clk[0] ; Rise       ; metastab_3xdff:inst4|fw_sync[6]                    ;
+-------+--------------+----------------+------------------+----------------------------------+------------+----------------------------------------------------+


+-----------------------------------------------------------------------------------------------------------------------------------------------------------------------------------------------------------------+
; Slow Model Minimum Pulse Width: 'CLOCK_50'                                                                                                                                                                      ;
+-------+--------------+----------------+------------------+----------+------------+------------------------------------------------------------------------------------------------------------------------------+
; Slack ; Actual Width ; Required Width ; Type             ; Clock    ; Clock Edge ; Target                                                                                                                       ;
+-------+--------------+----------------+------------------+----------+------------+------------------------------------------------------------------------------------------------------------------------------+
; 8.077 ; 10.000       ; 1.923          ; High Pulse Width ; CLOCK_50 ; Rise       ; lcd_driver:inst8|text_lut:text_lut_inst|altsyncram:rom_rtl_0|altsyncram_ap81:auto_generated|ram_block1a0~porta_address_reg0  ;
; 8.077 ; 10.000       ; 1.923          ; Low Pulse Width  ; CLOCK_50 ; Rise       ; lcd_driver:inst8|text_lut:text_lut_inst|altsyncram:rom_rtl_0|altsyncram_ap81:auto_generated|ram_block1a0~porta_address_reg0  ;
; 8.077 ; 10.000       ; 1.923          ; High Pulse Width ; CLOCK_50 ; Rise       ; lcd_driver:inst8|text_lut:text_lut_inst|altsyncram:rom_rtl_0|altsyncram_ap81:auto_generated|ram_block1a0~porta_address_reg1  ;
; 8.077 ; 10.000       ; 1.923          ; Low Pulse Width  ; CLOCK_50 ; Rise       ; lcd_driver:inst8|text_lut:text_lut_inst|altsyncram:rom_rtl_0|altsyncram_ap81:auto_generated|ram_block1a0~porta_address_reg1  ;
; 8.077 ; 10.000       ; 1.923          ; High Pulse Width ; CLOCK_50 ; Rise       ; lcd_driver:inst8|text_lut:text_lut_inst|altsyncram:rom_rtl_0|altsyncram_ap81:auto_generated|ram_block1a0~porta_address_reg10 ;
; 8.077 ; 10.000       ; 1.923          ; Low Pulse Width  ; CLOCK_50 ; Rise       ; lcd_driver:inst8|text_lut:text_lut_inst|altsyncram:rom_rtl_0|altsyncram_ap81:auto_generated|ram_block1a0~porta_address_reg10 ;
; 8.077 ; 10.000       ; 1.923          ; High Pulse Width ; CLOCK_50 ; Rise       ; lcd_driver:inst8|text_lut:text_lut_inst|altsyncram:rom_rtl_0|altsyncram_ap81:auto_generated|ram_block1a0~porta_address_reg2  ;
; 8.077 ; 10.000       ; 1.923          ; Low Pulse Width  ; CLOCK_50 ; Rise       ; lcd_driver:inst8|text_lut:text_lut_inst|altsyncram:rom_rtl_0|altsyncram_ap81:auto_generated|ram_block1a0~porta_address_reg2  ;
; 8.077 ; 10.000       ; 1.923          ; High Pulse Width ; CLOCK_50 ; Rise       ; lcd_driver:inst8|text_lut:text_lut_inst|altsyncram:rom_rtl_0|altsyncram_ap81:auto_generated|ram_block1a0~porta_address_reg3  ;
; 8.077 ; 10.000       ; 1.923          ; Low Pulse Width  ; CLOCK_50 ; Rise       ; lcd_driver:inst8|text_lut:text_lut_inst|altsyncram:rom_rtl_0|altsyncram_ap81:auto_generated|ram_block1a0~porta_address_reg3  ;
; 8.077 ; 10.000       ; 1.923          ; High Pulse Width ; CLOCK_50 ; Rise       ; lcd_driver:inst8|text_lut:text_lut_inst|altsyncram:rom_rtl_0|altsyncram_ap81:auto_generated|ram_block1a0~porta_address_reg4  ;
; 8.077 ; 10.000       ; 1.923          ; Low Pulse Width  ; CLOCK_50 ; Rise       ; lcd_driver:inst8|text_lut:text_lut_inst|altsyncram:rom_rtl_0|altsyncram_ap81:auto_generated|ram_block1a0~porta_address_reg4  ;
; 8.077 ; 10.000       ; 1.923          ; High Pulse Width ; CLOCK_50 ; Rise       ; lcd_driver:inst8|text_lut:text_lut_inst|altsyncram:rom_rtl_0|altsyncram_ap81:auto_generated|ram_block1a0~porta_address_reg5  ;
; 8.077 ; 10.000       ; 1.923          ; Low Pulse Width  ; CLOCK_50 ; Rise       ; lcd_driver:inst8|text_lut:text_lut_inst|altsyncram:rom_rtl_0|altsyncram_ap81:auto_generated|ram_block1a0~porta_address_reg5  ;
; 8.077 ; 10.000       ; 1.923          ; High Pulse Width ; CLOCK_50 ; Rise       ; lcd_driver:inst8|text_lut:text_lut_inst|altsyncram:rom_rtl_0|altsyncram_ap81:auto_generated|ram_block1a0~porta_address_reg6  ;
; 8.077 ; 10.000       ; 1.923          ; Low Pulse Width  ; CLOCK_50 ; Rise       ; lcd_driver:inst8|text_lut:text_lut_inst|altsyncram:rom_rtl_0|altsyncram_ap81:auto_generated|ram_block1a0~porta_address_reg6  ;
; 8.077 ; 10.000       ; 1.923          ; High Pulse Width ; CLOCK_50 ; Rise       ; lcd_driver:inst8|text_lut:text_lut_inst|altsyncram:rom_rtl_0|altsyncram_ap81:auto_generated|ram_block1a0~porta_address_reg7  ;
; 8.077 ; 10.000       ; 1.923          ; Low Pulse Width  ; CLOCK_50 ; Rise       ; lcd_driver:inst8|text_lut:text_lut_inst|altsyncram:rom_rtl_0|altsyncram_ap81:auto_generated|ram_block1a0~porta_address_reg7  ;
; 8.077 ; 10.000       ; 1.923          ; High Pulse Width ; CLOCK_50 ; Rise       ; lcd_driver:inst8|text_lut:text_lut_inst|altsyncram:rom_rtl_0|altsyncram_ap81:auto_generated|ram_block1a0~porta_address_reg8  ;
; 8.077 ; 10.000       ; 1.923          ; Low Pulse Width  ; CLOCK_50 ; Rise       ; lcd_driver:inst8|text_lut:text_lut_inst|altsyncram:rom_rtl_0|altsyncram_ap81:auto_generated|ram_block1a0~porta_address_reg8  ;
; 8.077 ; 10.000       ; 1.923          ; High Pulse Width ; CLOCK_50 ; Rise       ; lcd_driver:inst8|text_lut:text_lut_inst|altsyncram:rom_rtl_0|altsyncram_ap81:auto_generated|ram_block1a0~porta_address_reg9  ;
; 8.077 ; 10.000       ; 1.923          ; Low Pulse Width  ; CLOCK_50 ; Rise       ; lcd_driver:inst8|text_lut:text_lut_inst|altsyncram:rom_rtl_0|altsyncram_ap81:auto_generated|ram_block1a0~porta_address_reg9  ;
; 8.077 ; 10.000       ; 1.923          ; High Pulse Width ; CLOCK_50 ; Rise       ; lcd_driver:inst8|text_lut:text_lut_inst|altsyncram:rom_rtl_0|altsyncram_ap81:auto_generated|ram_block1a1~porta_address_reg0  ;
; 8.077 ; 10.000       ; 1.923          ; Low Pulse Width  ; CLOCK_50 ; Rise       ; lcd_driver:inst8|text_lut:text_lut_inst|altsyncram:rom_rtl_0|altsyncram_ap81:auto_generated|ram_block1a1~porta_address_reg0  ;
; 8.077 ; 10.000       ; 1.923          ; High Pulse Width ; CLOCK_50 ; Rise       ; lcd_driver:inst8|text_lut:text_lut_inst|altsyncram:rom_rtl_0|altsyncram_ap81:auto_generated|ram_block1a1~porta_address_reg1  ;
; 8.077 ; 10.000       ; 1.923          ; Low Pulse Width  ; CLOCK_50 ; Rise       ; lcd_driver:inst8|text_lut:text_lut_inst|altsyncram:rom_rtl_0|altsyncram_ap81:auto_generated|ram_block1a1~porta_address_reg1  ;
; 8.077 ; 10.000       ; 1.923          ; High Pulse Width ; CLOCK_50 ; Rise       ; lcd_driver:inst8|text_lut:text_lut_inst|altsyncram:rom_rtl_0|altsyncram_ap81:auto_generated|ram_block1a1~porta_address_reg10 ;
; 8.077 ; 10.000       ; 1.923          ; Low Pulse Width  ; CLOCK_50 ; Rise       ; lcd_driver:inst8|text_lut:text_lut_inst|altsyncram:rom_rtl_0|altsyncram_ap81:auto_generated|ram_block1a1~porta_address_reg10 ;
; 8.077 ; 10.000       ; 1.923          ; High Pulse Width ; CLOCK_50 ; Rise       ; lcd_driver:inst8|text_lut:text_lut_inst|altsyncram:rom_rtl_0|altsyncram_ap81:auto_generated|ram_block1a1~porta_address_reg2  ;
; 8.077 ; 10.000       ; 1.923          ; Low Pulse Width  ; CLOCK_50 ; Rise       ; lcd_driver:inst8|text_lut:text_lut_inst|altsyncram:rom_rtl_0|altsyncram_ap81:auto_generated|ram_block1a1~porta_address_reg2  ;
; 8.077 ; 10.000       ; 1.923          ; High Pulse Width ; CLOCK_50 ; Rise       ; lcd_driver:inst8|text_lut:text_lut_inst|altsyncram:rom_rtl_0|altsyncram_ap81:auto_generated|ram_block1a1~porta_address_reg3  ;
; 8.077 ; 10.000       ; 1.923          ; Low Pulse Width  ; CLOCK_50 ; Rise       ; lcd_driver:inst8|text_lut:text_lut_inst|altsyncram:rom_rtl_0|altsyncram_ap81:auto_generated|ram_block1a1~porta_address_reg3  ;
; 8.077 ; 10.000       ; 1.923          ; High Pulse Width ; CLOCK_50 ; Rise       ; lcd_driver:inst8|text_lut:text_lut_inst|altsyncram:rom_rtl_0|altsyncram_ap81:auto_generated|ram_block1a1~porta_address_reg4  ;
; 8.077 ; 10.000       ; 1.923          ; Low Pulse Width  ; CLOCK_50 ; Rise       ; lcd_driver:inst8|text_lut:text_lut_inst|altsyncram:rom_rtl_0|altsyncram_ap81:auto_generated|ram_block1a1~porta_address_reg4  ;
; 8.077 ; 10.000       ; 1.923          ; High Pulse Width ; CLOCK_50 ; Rise       ; lcd_driver:inst8|text_lut:text_lut_inst|altsyncram:rom_rtl_0|altsyncram_ap81:auto_generated|ram_block1a1~porta_address_reg5  ;
; 8.077 ; 10.000       ; 1.923          ; Low Pulse Width  ; CLOCK_50 ; Rise       ; lcd_driver:inst8|text_lut:text_lut_inst|altsyncram:rom_rtl_0|altsyncram_ap81:auto_generated|ram_block1a1~porta_address_reg5  ;
; 8.077 ; 10.000       ; 1.923          ; High Pulse Width ; CLOCK_50 ; Rise       ; lcd_driver:inst8|text_lut:text_lut_inst|altsyncram:rom_rtl_0|altsyncram_ap81:auto_generated|ram_block1a1~porta_address_reg6  ;
; 8.077 ; 10.000       ; 1.923          ; Low Pulse Width  ; CLOCK_50 ; Rise       ; lcd_driver:inst8|text_lut:text_lut_inst|altsyncram:rom_rtl_0|altsyncram_ap81:auto_generated|ram_block1a1~porta_address_reg6  ;
; 8.077 ; 10.000       ; 1.923          ; High Pulse Width ; CLOCK_50 ; Rise       ; lcd_driver:inst8|text_lut:text_lut_inst|altsyncram:rom_rtl_0|altsyncram_ap81:auto_generated|ram_block1a1~porta_address_reg7  ;
; 8.077 ; 10.000       ; 1.923          ; Low Pulse Width  ; CLOCK_50 ; Rise       ; lcd_driver:inst8|text_lut:text_lut_inst|altsyncram:rom_rtl_0|altsyncram_ap81:auto_generated|ram_block1a1~porta_address_reg7  ;
; 8.077 ; 10.000       ; 1.923          ; High Pulse Width ; CLOCK_50 ; Rise       ; lcd_driver:inst8|text_lut:text_lut_inst|altsyncram:rom_rtl_0|altsyncram_ap81:auto_generated|ram_block1a1~porta_address_reg8  ;
; 8.077 ; 10.000       ; 1.923          ; Low Pulse Width  ; CLOCK_50 ; Rise       ; lcd_driver:inst8|text_lut:text_lut_inst|altsyncram:rom_rtl_0|altsyncram_ap81:auto_generated|ram_block1a1~porta_address_reg8  ;
; 8.077 ; 10.000       ; 1.923          ; High Pulse Width ; CLOCK_50 ; Rise       ; lcd_driver:inst8|text_lut:text_lut_inst|altsyncram:rom_rtl_0|altsyncram_ap81:auto_generated|ram_block1a1~porta_address_reg9  ;
; 8.077 ; 10.000       ; 1.923          ; Low Pulse Width  ; CLOCK_50 ; Rise       ; lcd_driver:inst8|text_lut:text_lut_inst|altsyncram:rom_rtl_0|altsyncram_ap81:auto_generated|ram_block1a1~porta_address_reg9  ;
; 8.077 ; 10.000       ; 1.923          ; High Pulse Width ; CLOCK_50 ; Rise       ; lcd_driver:inst8|text_lut:text_lut_inst|altsyncram:rom_rtl_0|altsyncram_ap81:auto_generated|ram_block1a3~porta_address_reg0  ;
; 8.077 ; 10.000       ; 1.923          ; Low Pulse Width  ; CLOCK_50 ; Rise       ; lcd_driver:inst8|text_lut:text_lut_inst|altsyncram:rom_rtl_0|altsyncram_ap81:auto_generated|ram_block1a3~porta_address_reg0  ;
; 8.077 ; 10.000       ; 1.923          ; High Pulse Width ; CLOCK_50 ; Rise       ; lcd_driver:inst8|text_lut:text_lut_inst|altsyncram:rom_rtl_0|altsyncram_ap81:auto_generated|ram_block1a3~porta_address_reg1  ;
; 8.077 ; 10.000       ; 1.923          ; Low Pulse Width  ; CLOCK_50 ; Rise       ; lcd_driver:inst8|text_lut:text_lut_inst|altsyncram:rom_rtl_0|altsyncram_ap81:auto_generated|ram_block1a3~porta_address_reg1  ;
; 8.077 ; 10.000       ; 1.923          ; High Pulse Width ; CLOCK_50 ; Rise       ; lcd_driver:inst8|text_lut:text_lut_inst|altsyncram:rom_rtl_0|altsyncram_ap81:auto_generated|ram_block1a3~porta_address_reg10 ;
; 8.077 ; 10.000       ; 1.923          ; Low Pulse Width  ; CLOCK_50 ; Rise       ; lcd_driver:inst8|text_lut:text_lut_inst|altsyncram:rom_rtl_0|altsyncram_ap81:auto_generated|ram_block1a3~porta_address_reg10 ;
; 8.077 ; 10.000       ; 1.923          ; High Pulse Width ; CLOCK_50 ; Rise       ; lcd_driver:inst8|text_lut:text_lut_inst|altsyncram:rom_rtl_0|altsyncram_ap81:auto_generated|ram_block1a3~porta_address_reg2  ;
; 8.077 ; 10.000       ; 1.923          ; Low Pulse Width  ; CLOCK_50 ; Rise       ; lcd_driver:inst8|text_lut:text_lut_inst|altsyncram:rom_rtl_0|altsyncram_ap81:auto_generated|ram_block1a3~porta_address_reg2  ;
; 8.077 ; 10.000       ; 1.923          ; High Pulse Width ; CLOCK_50 ; Rise       ; lcd_driver:inst8|text_lut:text_lut_inst|altsyncram:rom_rtl_0|altsyncram_ap81:auto_generated|ram_block1a3~porta_address_reg3  ;
; 8.077 ; 10.000       ; 1.923          ; Low Pulse Width  ; CLOCK_50 ; Rise       ; lcd_driver:inst8|text_lut:text_lut_inst|altsyncram:rom_rtl_0|altsyncram_ap81:auto_generated|ram_block1a3~porta_address_reg3  ;
; 8.077 ; 10.000       ; 1.923          ; High Pulse Width ; CLOCK_50 ; Rise       ; lcd_driver:inst8|text_lut:text_lut_inst|altsyncram:rom_rtl_0|altsyncram_ap81:auto_generated|ram_block1a3~porta_address_reg4  ;
; 8.077 ; 10.000       ; 1.923          ; Low Pulse Width  ; CLOCK_50 ; Rise       ; lcd_driver:inst8|text_lut:text_lut_inst|altsyncram:rom_rtl_0|altsyncram_ap81:auto_generated|ram_block1a3~porta_address_reg4  ;
; 8.077 ; 10.000       ; 1.923          ; High Pulse Width ; CLOCK_50 ; Rise       ; lcd_driver:inst8|text_lut:text_lut_inst|altsyncram:rom_rtl_0|altsyncram_ap81:auto_generated|ram_block1a3~porta_address_reg5  ;
; 8.077 ; 10.000       ; 1.923          ; Low Pulse Width  ; CLOCK_50 ; Rise       ; lcd_driver:inst8|text_lut:text_lut_inst|altsyncram:rom_rtl_0|altsyncram_ap81:auto_generated|ram_block1a3~porta_address_reg5  ;
; 8.077 ; 10.000       ; 1.923          ; High Pulse Width ; CLOCK_50 ; Rise       ; lcd_driver:inst8|text_lut:text_lut_inst|altsyncram:rom_rtl_0|altsyncram_ap81:auto_generated|ram_block1a3~porta_address_reg6  ;
; 8.077 ; 10.000       ; 1.923          ; Low Pulse Width  ; CLOCK_50 ; Rise       ; lcd_driver:inst8|text_lut:text_lut_inst|altsyncram:rom_rtl_0|altsyncram_ap81:auto_generated|ram_block1a3~porta_address_reg6  ;
; 8.077 ; 10.000       ; 1.923          ; High Pulse Width ; CLOCK_50 ; Rise       ; lcd_driver:inst8|text_lut:text_lut_inst|altsyncram:rom_rtl_0|altsyncram_ap81:auto_generated|ram_block1a3~porta_address_reg7  ;
; 8.077 ; 10.000       ; 1.923          ; Low Pulse Width  ; CLOCK_50 ; Rise       ; lcd_driver:inst8|text_lut:text_lut_inst|altsyncram:rom_rtl_0|altsyncram_ap81:auto_generated|ram_block1a3~porta_address_reg7  ;
; 8.077 ; 10.000       ; 1.923          ; High Pulse Width ; CLOCK_50 ; Rise       ; lcd_driver:inst8|text_lut:text_lut_inst|altsyncram:rom_rtl_0|altsyncram_ap81:auto_generated|ram_block1a3~porta_address_reg8  ;
; 8.077 ; 10.000       ; 1.923          ; Low Pulse Width  ; CLOCK_50 ; Rise       ; lcd_driver:inst8|text_lut:text_lut_inst|altsyncram:rom_rtl_0|altsyncram_ap81:auto_generated|ram_block1a3~porta_address_reg8  ;
; 8.077 ; 10.000       ; 1.923          ; High Pulse Width ; CLOCK_50 ; Rise       ; lcd_driver:inst8|text_lut:text_lut_inst|altsyncram:rom_rtl_0|altsyncram_ap81:auto_generated|ram_block1a3~porta_address_reg9  ;
; 8.077 ; 10.000       ; 1.923          ; Low Pulse Width  ; CLOCK_50 ; Rise       ; lcd_driver:inst8|text_lut:text_lut_inst|altsyncram:rom_rtl_0|altsyncram_ap81:auto_generated|ram_block1a3~porta_address_reg9  ;
; 8.077 ; 10.000       ; 1.923          ; High Pulse Width ; CLOCK_50 ; Rise       ; lcd_driver:inst8|text_lut:text_lut_inst|altsyncram:rom_rtl_0|altsyncram_ap81:auto_generated|ram_block1a5~porta_address_reg0  ;
; 8.077 ; 10.000       ; 1.923          ; Low Pulse Width  ; CLOCK_50 ; Rise       ; lcd_driver:inst8|text_lut:text_lut_inst|altsyncram:rom_rtl_0|altsyncram_ap81:auto_generated|ram_block1a5~porta_address_reg0  ;
; 8.077 ; 10.000       ; 1.923          ; High Pulse Width ; CLOCK_50 ; Rise       ; lcd_driver:inst8|text_lut:text_lut_inst|altsyncram:rom_rtl_0|altsyncram_ap81:auto_generated|ram_block1a5~porta_address_reg1  ;
; 8.077 ; 10.000       ; 1.923          ; Low Pulse Width  ; CLOCK_50 ; Rise       ; lcd_driver:inst8|text_lut:text_lut_inst|altsyncram:rom_rtl_0|altsyncram_ap81:auto_generated|ram_block1a5~porta_address_reg1  ;
; 8.077 ; 10.000       ; 1.923          ; High Pulse Width ; CLOCK_50 ; Rise       ; lcd_driver:inst8|text_lut:text_lut_inst|altsyncram:rom_rtl_0|altsyncram_ap81:auto_generated|ram_block1a5~porta_address_reg10 ;
; 8.077 ; 10.000       ; 1.923          ; Low Pulse Width  ; CLOCK_50 ; Rise       ; lcd_driver:inst8|text_lut:text_lut_inst|altsyncram:rom_rtl_0|altsyncram_ap81:auto_generated|ram_block1a5~porta_address_reg10 ;
; 8.077 ; 10.000       ; 1.923          ; High Pulse Width ; CLOCK_50 ; Rise       ; lcd_driver:inst8|text_lut:text_lut_inst|altsyncram:rom_rtl_0|altsyncram_ap81:auto_generated|ram_block1a5~porta_address_reg2  ;
; 8.077 ; 10.000       ; 1.923          ; Low Pulse Width  ; CLOCK_50 ; Rise       ; lcd_driver:inst8|text_lut:text_lut_inst|altsyncram:rom_rtl_0|altsyncram_ap81:auto_generated|ram_block1a5~porta_address_reg2  ;
; 8.077 ; 10.000       ; 1.923          ; High Pulse Width ; CLOCK_50 ; Rise       ; lcd_driver:inst8|text_lut:text_lut_inst|altsyncram:rom_rtl_0|altsyncram_ap81:auto_generated|ram_block1a5~porta_address_reg3  ;
; 8.077 ; 10.000       ; 1.923          ; Low Pulse Width  ; CLOCK_50 ; Rise       ; lcd_driver:inst8|text_lut:text_lut_inst|altsyncram:rom_rtl_0|altsyncram_ap81:auto_generated|ram_block1a5~porta_address_reg3  ;
; 8.077 ; 10.000       ; 1.923          ; High Pulse Width ; CLOCK_50 ; Rise       ; lcd_driver:inst8|text_lut:text_lut_inst|altsyncram:rom_rtl_0|altsyncram_ap81:auto_generated|ram_block1a5~porta_address_reg4  ;
; 8.077 ; 10.000       ; 1.923          ; Low Pulse Width  ; CLOCK_50 ; Rise       ; lcd_driver:inst8|text_lut:text_lut_inst|altsyncram:rom_rtl_0|altsyncram_ap81:auto_generated|ram_block1a5~porta_address_reg4  ;
; 8.077 ; 10.000       ; 1.923          ; High Pulse Width ; CLOCK_50 ; Rise       ; lcd_driver:inst8|text_lut:text_lut_inst|altsyncram:rom_rtl_0|altsyncram_ap81:auto_generated|ram_block1a5~porta_address_reg5  ;
; 8.077 ; 10.000       ; 1.923          ; Low Pulse Width  ; CLOCK_50 ; Rise       ; lcd_driver:inst8|text_lut:text_lut_inst|altsyncram:rom_rtl_0|altsyncram_ap81:auto_generated|ram_block1a5~porta_address_reg5  ;
; 8.077 ; 10.000       ; 1.923          ; High Pulse Width ; CLOCK_50 ; Rise       ; lcd_driver:inst8|text_lut:text_lut_inst|altsyncram:rom_rtl_0|altsyncram_ap81:auto_generated|ram_block1a5~porta_address_reg6  ;
; 8.077 ; 10.000       ; 1.923          ; Low Pulse Width  ; CLOCK_50 ; Rise       ; lcd_driver:inst8|text_lut:text_lut_inst|altsyncram:rom_rtl_0|altsyncram_ap81:auto_generated|ram_block1a5~porta_address_reg6  ;
; 8.077 ; 10.000       ; 1.923          ; High Pulse Width ; CLOCK_50 ; Rise       ; lcd_driver:inst8|text_lut:text_lut_inst|altsyncram:rom_rtl_0|altsyncram_ap81:auto_generated|ram_block1a5~porta_address_reg7  ;
; 8.077 ; 10.000       ; 1.923          ; Low Pulse Width  ; CLOCK_50 ; Rise       ; lcd_driver:inst8|text_lut:text_lut_inst|altsyncram:rom_rtl_0|altsyncram_ap81:auto_generated|ram_block1a5~porta_address_reg7  ;
; 8.077 ; 10.000       ; 1.923          ; High Pulse Width ; CLOCK_50 ; Rise       ; lcd_driver:inst8|text_lut:text_lut_inst|altsyncram:rom_rtl_0|altsyncram_ap81:auto_generated|ram_block1a5~porta_address_reg8  ;
; 8.077 ; 10.000       ; 1.923          ; Low Pulse Width  ; CLOCK_50 ; Rise       ; lcd_driver:inst8|text_lut:text_lut_inst|altsyncram:rom_rtl_0|altsyncram_ap81:auto_generated|ram_block1a5~porta_address_reg8  ;
; 8.077 ; 10.000       ; 1.923          ; High Pulse Width ; CLOCK_50 ; Rise       ; lcd_driver:inst8|text_lut:text_lut_inst|altsyncram:rom_rtl_0|altsyncram_ap81:auto_generated|ram_block1a5~porta_address_reg9  ;
; 8.077 ; 10.000       ; 1.923          ; Low Pulse Width  ; CLOCK_50 ; Rise       ; lcd_driver:inst8|text_lut:text_lut_inst|altsyncram:rom_rtl_0|altsyncram_ap81:auto_generated|ram_block1a5~porta_address_reg9  ;
; 8.077 ; 10.000       ; 1.923          ; High Pulse Width ; CLOCK_50 ; Rise       ; lcd_driver:inst8|text_lut:text_lut_inst|altsyncram:rom_rtl_0|altsyncram_ap81:auto_generated|ram_block1a7~porta_address_reg0  ;
; 8.077 ; 10.000       ; 1.923          ; Low Pulse Width  ; CLOCK_50 ; Rise       ; lcd_driver:inst8|text_lut:text_lut_inst|altsyncram:rom_rtl_0|altsyncram_ap81:auto_generated|ram_block1a7~porta_address_reg0  ;
; 8.077 ; 10.000       ; 1.923          ; High Pulse Width ; CLOCK_50 ; Rise       ; lcd_driver:inst8|text_lut:text_lut_inst|altsyncram:rom_rtl_0|altsyncram_ap81:auto_generated|ram_block1a7~porta_address_reg1  ;
; 8.077 ; 10.000       ; 1.923          ; Low Pulse Width  ; CLOCK_50 ; Rise       ; lcd_driver:inst8|text_lut:text_lut_inst|altsyncram:rom_rtl_0|altsyncram_ap81:auto_generated|ram_block1a7~porta_address_reg1  ;
; 8.077 ; 10.000       ; 1.923          ; High Pulse Width ; CLOCK_50 ; Rise       ; lcd_driver:inst8|text_lut:text_lut_inst|altsyncram:rom_rtl_0|altsyncram_ap81:auto_generated|ram_block1a7~porta_address_reg10 ;
; 8.077 ; 10.000       ; 1.923          ; Low Pulse Width  ; CLOCK_50 ; Rise       ; lcd_driver:inst8|text_lut:text_lut_inst|altsyncram:rom_rtl_0|altsyncram_ap81:auto_generated|ram_block1a7~porta_address_reg10 ;
; 8.077 ; 10.000       ; 1.923          ; High Pulse Width ; CLOCK_50 ; Rise       ; lcd_driver:inst8|text_lut:text_lut_inst|altsyncram:rom_rtl_0|altsyncram_ap81:auto_generated|ram_block1a7~porta_address_reg2  ;
; 8.077 ; 10.000       ; 1.923          ; Low Pulse Width  ; CLOCK_50 ; Rise       ; lcd_driver:inst8|text_lut:text_lut_inst|altsyncram:rom_rtl_0|altsyncram_ap81:auto_generated|ram_block1a7~porta_address_reg2  ;
; 8.077 ; 10.000       ; 1.923          ; High Pulse Width ; CLOCK_50 ; Rise       ; lcd_driver:inst8|text_lut:text_lut_inst|altsyncram:rom_rtl_0|altsyncram_ap81:auto_generated|ram_block1a7~porta_address_reg3  ;
; 8.077 ; 10.000       ; 1.923          ; Low Pulse Width  ; CLOCK_50 ; Rise       ; lcd_driver:inst8|text_lut:text_lut_inst|altsyncram:rom_rtl_0|altsyncram_ap81:auto_generated|ram_block1a7~porta_address_reg3  ;
; 8.077 ; 10.000       ; 1.923          ; High Pulse Width ; CLOCK_50 ; Rise       ; lcd_driver:inst8|text_lut:text_lut_inst|altsyncram:rom_rtl_0|altsyncram_ap81:auto_generated|ram_block1a7~porta_address_reg4  ;
; 8.077 ; 10.000       ; 1.923          ; Low Pulse Width  ; CLOCK_50 ; Rise       ; lcd_driver:inst8|text_lut:text_lut_inst|altsyncram:rom_rtl_0|altsyncram_ap81:auto_generated|ram_block1a7~porta_address_reg4  ;
+-------+--------------+----------------+------------------+----------+------------+------------------------------------------------------------------------------------------------------------------------------+


+------------------------------------------------------------------------------------------------------------------------------------------------------------------------------------------------------------------------------------------------+
; Slow Model Minimum Pulse Width: 'ddfs:inst15|freq_divider_DDFS:f_div_inst|count[19]'                                                                                                                                                           ;
+--------+--------------+----------------+------------------+----------------------------------------------------+------------+------------------------------------------------------------------------------------------------------------------+
; Slack  ; Actual Width ; Required Width ; Type             ; Clock                                              ; Clock Edge ; Target                                                                                                           ;
+--------+--------------+----------------+------------------+----------------------------------------------------+------------+------------------------------------------------------------------------------------------------------------------+
; 8.077  ; 10.000       ; 1.923          ; High Pulse Width ; ddfs:inst15|freq_divider_DDFS:f_div_inst|count[19] ; Rise       ; ddfs:inst15|sin_lut:lut_inst|altsyncram:rom_rtl_0|altsyncram_qm81:auto_generated|ram_block1a1~porta_address_reg0 ;
; 8.077  ; 10.000       ; 1.923          ; Low Pulse Width  ; ddfs:inst15|freq_divider_DDFS:f_div_inst|count[19] ; Rise       ; ddfs:inst15|sin_lut:lut_inst|altsyncram:rom_rtl_0|altsyncram_qm81:auto_generated|ram_block1a1~porta_address_reg0 ;
; 8.077  ; 10.000       ; 1.923          ; High Pulse Width ; ddfs:inst15|freq_divider_DDFS:f_div_inst|count[19] ; Rise       ; ddfs:inst15|sin_lut:lut_inst|altsyncram:rom_rtl_0|altsyncram_qm81:auto_generated|ram_block1a1~porta_address_reg1 ;
; 8.077  ; 10.000       ; 1.923          ; Low Pulse Width  ; ddfs:inst15|freq_divider_DDFS:f_div_inst|count[19] ; Rise       ; ddfs:inst15|sin_lut:lut_inst|altsyncram:rom_rtl_0|altsyncram_qm81:auto_generated|ram_block1a1~porta_address_reg1 ;
; 8.077  ; 10.000       ; 1.923          ; High Pulse Width ; ddfs:inst15|freq_divider_DDFS:f_div_inst|count[19] ; Rise       ; ddfs:inst15|sin_lut:lut_inst|altsyncram:rom_rtl_0|altsyncram_qm81:auto_generated|ram_block1a1~porta_address_reg2 ;
; 8.077  ; 10.000       ; 1.923          ; Low Pulse Width  ; ddfs:inst15|freq_divider_DDFS:f_div_inst|count[19] ; Rise       ; ddfs:inst15|sin_lut:lut_inst|altsyncram:rom_rtl_0|altsyncram_qm81:auto_generated|ram_block1a1~porta_address_reg2 ;
; 8.077  ; 10.000       ; 1.923          ; High Pulse Width ; ddfs:inst15|freq_divider_DDFS:f_div_inst|count[19] ; Rise       ; ddfs:inst15|sin_lut:lut_inst|altsyncram:rom_rtl_0|altsyncram_qm81:auto_generated|ram_block1a1~porta_address_reg3 ;
; 8.077  ; 10.000       ; 1.923          ; Low Pulse Width  ; ddfs:inst15|freq_divider_DDFS:f_div_inst|count[19] ; Rise       ; ddfs:inst15|sin_lut:lut_inst|altsyncram:rom_rtl_0|altsyncram_qm81:auto_generated|ram_block1a1~porta_address_reg3 ;
; 8.077  ; 10.000       ; 1.923          ; High Pulse Width ; ddfs:inst15|freq_divider_DDFS:f_div_inst|count[19] ; Rise       ; ddfs:inst15|sin_lut:lut_inst|altsyncram:rom_rtl_0|altsyncram_qm81:auto_generated|ram_block1a1~porta_address_reg4 ;
; 8.077  ; 10.000       ; 1.923          ; Low Pulse Width  ; ddfs:inst15|freq_divider_DDFS:f_div_inst|count[19] ; Rise       ; ddfs:inst15|sin_lut:lut_inst|altsyncram:rom_rtl_0|altsyncram_qm81:auto_generated|ram_block1a1~porta_address_reg4 ;
; 8.077  ; 10.000       ; 1.923          ; High Pulse Width ; ddfs:inst15|freq_divider_DDFS:f_div_inst|count[19] ; Rise       ; ddfs:inst15|sin_lut:lut_inst|altsyncram:rom_rtl_0|altsyncram_qm81:auto_generated|ram_block1a1~porta_address_reg5 ;
; 8.077  ; 10.000       ; 1.923          ; Low Pulse Width  ; ddfs:inst15|freq_divider_DDFS:f_div_inst|count[19] ; Rise       ; ddfs:inst15|sin_lut:lut_inst|altsyncram:rom_rtl_0|altsyncram_qm81:auto_generated|ram_block1a1~porta_address_reg5 ;
; 8.077  ; 10.000       ; 1.923          ; High Pulse Width ; ddfs:inst15|freq_divider_DDFS:f_div_inst|count[19] ; Rise       ; ddfs:inst15|sin_lut:lut_inst|altsyncram:rom_rtl_0|altsyncram_qm81:auto_generated|ram_block1a1~porta_address_reg6 ;
; 8.077  ; 10.000       ; 1.923          ; Low Pulse Width  ; ddfs:inst15|freq_divider_DDFS:f_div_inst|count[19] ; Rise       ; ddfs:inst15|sin_lut:lut_inst|altsyncram:rom_rtl_0|altsyncram_qm81:auto_generated|ram_block1a1~porta_address_reg6 ;
; 8.077  ; 10.000       ; 1.923          ; High Pulse Width ; ddfs:inst15|freq_divider_DDFS:f_div_inst|count[19] ; Rise       ; ddfs:inst15|sin_lut:lut_inst|altsyncram:rom_rtl_0|altsyncram_qm81:auto_generated|ram_block1a1~porta_address_reg7 ;
; 8.077  ; 10.000       ; 1.923          ; Low Pulse Width  ; ddfs:inst15|freq_divider_DDFS:f_div_inst|count[19] ; Rise       ; ddfs:inst15|sin_lut:lut_inst|altsyncram:rom_rtl_0|altsyncram_qm81:auto_generated|ram_block1a1~porta_address_reg7 ;
; 8.077  ; 10.000       ; 1.923          ; High Pulse Width ; ddfs:inst15|freq_divider_DDFS:f_div_inst|count[19] ; Rise       ; ddfs:inst15|sin_lut:lut_inst|altsyncram:rom_rtl_0|altsyncram_qm81:auto_generated|ram_block1a1~porta_address_reg8 ;
; 8.077  ; 10.000       ; 1.923          ; Low Pulse Width  ; ddfs:inst15|freq_divider_DDFS:f_div_inst|count[19] ; Rise       ; ddfs:inst15|sin_lut:lut_inst|altsyncram:rom_rtl_0|altsyncram_qm81:auto_generated|ram_block1a1~porta_address_reg8 ;
; 8.077  ; 10.000       ; 1.923          ; High Pulse Width ; ddfs:inst15|freq_divider_DDFS:f_div_inst|count[19] ; Rise       ; ddfs:inst15|sin_lut:lut_inst|altsyncram:rom_rtl_0|altsyncram_qm81:auto_generated|ram_block1a1~porta_address_reg9 ;
; 8.077  ; 10.000       ; 1.923          ; Low Pulse Width  ; ddfs:inst15|freq_divider_DDFS:f_div_inst|count[19] ; Rise       ; ddfs:inst15|sin_lut:lut_inst|altsyncram:rom_rtl_0|altsyncram_qm81:auto_generated|ram_block1a1~porta_address_reg9 ;
; 8.077  ; 10.000       ; 1.923          ; High Pulse Width ; ddfs:inst15|freq_divider_DDFS:f_div_inst|count[19] ; Rise       ; ddfs:inst15|sin_lut:lut_inst|altsyncram:rom_rtl_0|altsyncram_qm81:auto_generated|ram_block1a4~porta_address_reg0 ;
; 8.077  ; 10.000       ; 1.923          ; Low Pulse Width  ; ddfs:inst15|freq_divider_DDFS:f_div_inst|count[19] ; Rise       ; ddfs:inst15|sin_lut:lut_inst|altsyncram:rom_rtl_0|altsyncram_qm81:auto_generated|ram_block1a4~porta_address_reg0 ;
; 8.077  ; 10.000       ; 1.923          ; High Pulse Width ; ddfs:inst15|freq_divider_DDFS:f_div_inst|count[19] ; Rise       ; ddfs:inst15|sin_lut:lut_inst|altsyncram:rom_rtl_0|altsyncram_qm81:auto_generated|ram_block1a4~porta_address_reg1 ;
; 8.077  ; 10.000       ; 1.923          ; Low Pulse Width  ; ddfs:inst15|freq_divider_DDFS:f_div_inst|count[19] ; Rise       ; ddfs:inst15|sin_lut:lut_inst|altsyncram:rom_rtl_0|altsyncram_qm81:auto_generated|ram_block1a4~porta_address_reg1 ;
; 8.077  ; 10.000       ; 1.923          ; High Pulse Width ; ddfs:inst15|freq_divider_DDFS:f_div_inst|count[19] ; Rise       ; ddfs:inst15|sin_lut:lut_inst|altsyncram:rom_rtl_0|altsyncram_qm81:auto_generated|ram_block1a4~porta_address_reg2 ;
; 8.077  ; 10.000       ; 1.923          ; Low Pulse Width  ; ddfs:inst15|freq_divider_DDFS:f_div_inst|count[19] ; Rise       ; ddfs:inst15|sin_lut:lut_inst|altsyncram:rom_rtl_0|altsyncram_qm81:auto_generated|ram_block1a4~porta_address_reg2 ;
; 8.077  ; 10.000       ; 1.923          ; High Pulse Width ; ddfs:inst15|freq_divider_DDFS:f_div_inst|count[19] ; Rise       ; ddfs:inst15|sin_lut:lut_inst|altsyncram:rom_rtl_0|altsyncram_qm81:auto_generated|ram_block1a4~porta_address_reg3 ;
; 8.077  ; 10.000       ; 1.923          ; Low Pulse Width  ; ddfs:inst15|freq_divider_DDFS:f_div_inst|count[19] ; Rise       ; ddfs:inst15|sin_lut:lut_inst|altsyncram:rom_rtl_0|altsyncram_qm81:auto_generated|ram_block1a4~porta_address_reg3 ;
; 8.077  ; 10.000       ; 1.923          ; High Pulse Width ; ddfs:inst15|freq_divider_DDFS:f_div_inst|count[19] ; Rise       ; ddfs:inst15|sin_lut:lut_inst|altsyncram:rom_rtl_0|altsyncram_qm81:auto_generated|ram_block1a4~porta_address_reg4 ;
; 8.077  ; 10.000       ; 1.923          ; Low Pulse Width  ; ddfs:inst15|freq_divider_DDFS:f_div_inst|count[19] ; Rise       ; ddfs:inst15|sin_lut:lut_inst|altsyncram:rom_rtl_0|altsyncram_qm81:auto_generated|ram_block1a4~porta_address_reg4 ;
; 8.077  ; 10.000       ; 1.923          ; High Pulse Width ; ddfs:inst15|freq_divider_DDFS:f_div_inst|count[19] ; Rise       ; ddfs:inst15|sin_lut:lut_inst|altsyncram:rom_rtl_0|altsyncram_qm81:auto_generated|ram_block1a4~porta_address_reg5 ;
; 8.077  ; 10.000       ; 1.923          ; Low Pulse Width  ; ddfs:inst15|freq_divider_DDFS:f_div_inst|count[19] ; Rise       ; ddfs:inst15|sin_lut:lut_inst|altsyncram:rom_rtl_0|altsyncram_qm81:auto_generated|ram_block1a4~porta_address_reg5 ;
; 8.077  ; 10.000       ; 1.923          ; High Pulse Width ; ddfs:inst15|freq_divider_DDFS:f_div_inst|count[19] ; Rise       ; ddfs:inst15|sin_lut:lut_inst|altsyncram:rom_rtl_0|altsyncram_qm81:auto_generated|ram_block1a4~porta_address_reg6 ;
; 8.077  ; 10.000       ; 1.923          ; Low Pulse Width  ; ddfs:inst15|freq_divider_DDFS:f_div_inst|count[19] ; Rise       ; ddfs:inst15|sin_lut:lut_inst|altsyncram:rom_rtl_0|altsyncram_qm81:auto_generated|ram_block1a4~porta_address_reg6 ;
; 8.077  ; 10.000       ; 1.923          ; High Pulse Width ; ddfs:inst15|freq_divider_DDFS:f_div_inst|count[19] ; Rise       ; ddfs:inst15|sin_lut:lut_inst|altsyncram:rom_rtl_0|altsyncram_qm81:auto_generated|ram_block1a4~porta_address_reg7 ;
; 8.077  ; 10.000       ; 1.923          ; Low Pulse Width  ; ddfs:inst15|freq_divider_DDFS:f_div_inst|count[19] ; Rise       ; ddfs:inst15|sin_lut:lut_inst|altsyncram:rom_rtl_0|altsyncram_qm81:auto_generated|ram_block1a4~porta_address_reg7 ;
; 8.077  ; 10.000       ; 1.923          ; High Pulse Width ; ddfs:inst15|freq_divider_DDFS:f_div_inst|count[19] ; Rise       ; ddfs:inst15|sin_lut:lut_inst|altsyncram:rom_rtl_0|altsyncram_qm81:auto_generated|ram_block1a4~porta_address_reg8 ;
; 8.077  ; 10.000       ; 1.923          ; Low Pulse Width  ; ddfs:inst15|freq_divider_DDFS:f_div_inst|count[19] ; Rise       ; ddfs:inst15|sin_lut:lut_inst|altsyncram:rom_rtl_0|altsyncram_qm81:auto_generated|ram_block1a4~porta_address_reg8 ;
; 8.077  ; 10.000       ; 1.923          ; High Pulse Width ; ddfs:inst15|freq_divider_DDFS:f_div_inst|count[19] ; Rise       ; ddfs:inst15|sin_lut:lut_inst|altsyncram:rom_rtl_0|altsyncram_qm81:auto_generated|ram_block1a4~porta_address_reg9 ;
; 8.077  ; 10.000       ; 1.923          ; Low Pulse Width  ; ddfs:inst15|freq_divider_DDFS:f_div_inst|count[19] ; Rise       ; ddfs:inst15|sin_lut:lut_inst|altsyncram:rom_rtl_0|altsyncram_qm81:auto_generated|ram_block1a4~porta_address_reg9 ;
; 8.077  ; 10.000       ; 1.923          ; High Pulse Width ; ddfs:inst15|freq_divider_DDFS:f_div_inst|count[19] ; Rise       ; ddfs:inst15|sin_lut:lut_inst|altsyncram:rom_rtl_0|altsyncram_qm81:auto_generated|ram_block1a8~porta_address_reg0 ;
; 8.077  ; 10.000       ; 1.923          ; Low Pulse Width  ; ddfs:inst15|freq_divider_DDFS:f_div_inst|count[19] ; Rise       ; ddfs:inst15|sin_lut:lut_inst|altsyncram:rom_rtl_0|altsyncram_qm81:auto_generated|ram_block1a8~porta_address_reg0 ;
; 8.077  ; 10.000       ; 1.923          ; High Pulse Width ; ddfs:inst15|freq_divider_DDFS:f_div_inst|count[19] ; Rise       ; ddfs:inst15|sin_lut:lut_inst|altsyncram:rom_rtl_0|altsyncram_qm81:auto_generated|ram_block1a8~porta_address_reg1 ;
; 8.077  ; 10.000       ; 1.923          ; Low Pulse Width  ; ddfs:inst15|freq_divider_DDFS:f_div_inst|count[19] ; Rise       ; ddfs:inst15|sin_lut:lut_inst|altsyncram:rom_rtl_0|altsyncram_qm81:auto_generated|ram_block1a8~porta_address_reg1 ;
; 8.077  ; 10.000       ; 1.923          ; High Pulse Width ; ddfs:inst15|freq_divider_DDFS:f_div_inst|count[19] ; Rise       ; ddfs:inst15|sin_lut:lut_inst|altsyncram:rom_rtl_0|altsyncram_qm81:auto_generated|ram_block1a8~porta_address_reg2 ;
; 8.077  ; 10.000       ; 1.923          ; Low Pulse Width  ; ddfs:inst15|freq_divider_DDFS:f_div_inst|count[19] ; Rise       ; ddfs:inst15|sin_lut:lut_inst|altsyncram:rom_rtl_0|altsyncram_qm81:auto_generated|ram_block1a8~porta_address_reg2 ;
; 8.077  ; 10.000       ; 1.923          ; High Pulse Width ; ddfs:inst15|freq_divider_DDFS:f_div_inst|count[19] ; Rise       ; ddfs:inst15|sin_lut:lut_inst|altsyncram:rom_rtl_0|altsyncram_qm81:auto_generated|ram_block1a8~porta_address_reg3 ;
; 8.077  ; 10.000       ; 1.923          ; Low Pulse Width  ; ddfs:inst15|freq_divider_DDFS:f_div_inst|count[19] ; Rise       ; ddfs:inst15|sin_lut:lut_inst|altsyncram:rom_rtl_0|altsyncram_qm81:auto_generated|ram_block1a8~porta_address_reg3 ;
; 8.077  ; 10.000       ; 1.923          ; High Pulse Width ; ddfs:inst15|freq_divider_DDFS:f_div_inst|count[19] ; Rise       ; ddfs:inst15|sin_lut:lut_inst|altsyncram:rom_rtl_0|altsyncram_qm81:auto_generated|ram_block1a8~porta_address_reg4 ;
; 8.077  ; 10.000       ; 1.923          ; Low Pulse Width  ; ddfs:inst15|freq_divider_DDFS:f_div_inst|count[19] ; Rise       ; ddfs:inst15|sin_lut:lut_inst|altsyncram:rom_rtl_0|altsyncram_qm81:auto_generated|ram_block1a8~porta_address_reg4 ;
; 8.077  ; 10.000       ; 1.923          ; High Pulse Width ; ddfs:inst15|freq_divider_DDFS:f_div_inst|count[19] ; Rise       ; ddfs:inst15|sin_lut:lut_inst|altsyncram:rom_rtl_0|altsyncram_qm81:auto_generated|ram_block1a8~porta_address_reg5 ;
; 8.077  ; 10.000       ; 1.923          ; Low Pulse Width  ; ddfs:inst15|freq_divider_DDFS:f_div_inst|count[19] ; Rise       ; ddfs:inst15|sin_lut:lut_inst|altsyncram:rom_rtl_0|altsyncram_qm81:auto_generated|ram_block1a8~porta_address_reg5 ;
; 8.077  ; 10.000       ; 1.923          ; High Pulse Width ; ddfs:inst15|freq_divider_DDFS:f_div_inst|count[19] ; Rise       ; ddfs:inst15|sin_lut:lut_inst|altsyncram:rom_rtl_0|altsyncram_qm81:auto_generated|ram_block1a8~porta_address_reg6 ;
; 8.077  ; 10.000       ; 1.923          ; Low Pulse Width  ; ddfs:inst15|freq_divider_DDFS:f_div_inst|count[19] ; Rise       ; ddfs:inst15|sin_lut:lut_inst|altsyncram:rom_rtl_0|altsyncram_qm81:auto_generated|ram_block1a8~porta_address_reg6 ;
; 8.077  ; 10.000       ; 1.923          ; High Pulse Width ; ddfs:inst15|freq_divider_DDFS:f_div_inst|count[19] ; Rise       ; ddfs:inst15|sin_lut:lut_inst|altsyncram:rom_rtl_0|altsyncram_qm81:auto_generated|ram_block1a8~porta_address_reg7 ;
; 8.077  ; 10.000       ; 1.923          ; Low Pulse Width  ; ddfs:inst15|freq_divider_DDFS:f_div_inst|count[19] ; Rise       ; ddfs:inst15|sin_lut:lut_inst|altsyncram:rom_rtl_0|altsyncram_qm81:auto_generated|ram_block1a8~porta_address_reg7 ;
; 8.077  ; 10.000       ; 1.923          ; High Pulse Width ; ddfs:inst15|freq_divider_DDFS:f_div_inst|count[19] ; Rise       ; ddfs:inst15|sin_lut:lut_inst|altsyncram:rom_rtl_0|altsyncram_qm81:auto_generated|ram_block1a8~porta_address_reg8 ;
; 8.077  ; 10.000       ; 1.923          ; Low Pulse Width  ; ddfs:inst15|freq_divider_DDFS:f_div_inst|count[19] ; Rise       ; ddfs:inst15|sin_lut:lut_inst|altsyncram:rom_rtl_0|altsyncram_qm81:auto_generated|ram_block1a8~porta_address_reg8 ;
; 8.077  ; 10.000       ; 1.923          ; High Pulse Width ; ddfs:inst15|freq_divider_DDFS:f_div_inst|count[19] ; Rise       ; ddfs:inst15|sin_lut:lut_inst|altsyncram:rom_rtl_0|altsyncram_qm81:auto_generated|ram_block1a8~porta_address_reg9 ;
; 8.077  ; 10.000       ; 1.923          ; Low Pulse Width  ; ddfs:inst15|freq_divider_DDFS:f_div_inst|count[19] ; Rise       ; ddfs:inst15|sin_lut:lut_inst|altsyncram:rom_rtl_0|altsyncram_qm81:auto_generated|ram_block1a8~porta_address_reg9 ;
; 9.000  ; 10.000       ; 1.000          ; High Pulse Width ; ddfs:inst15|freq_divider_DDFS:f_div_inst|count[19] ; Rise       ; ddfs:inst15|cont[0]                                                                                              ;
; 9.000  ; 10.000       ; 1.000          ; Low Pulse Width  ; ddfs:inst15|freq_divider_DDFS:f_div_inst|count[19] ; Rise       ; ddfs:inst15|cont[0]                                                                                              ;
; 9.000  ; 10.000       ; 1.000          ; High Pulse Width ; ddfs:inst15|freq_divider_DDFS:f_div_inst|count[19] ; Rise       ; ddfs:inst15|cont[10]                                                                                             ;
; 9.000  ; 10.000       ; 1.000          ; Low Pulse Width  ; ddfs:inst15|freq_divider_DDFS:f_div_inst|count[19] ; Rise       ; ddfs:inst15|cont[10]                                                                                             ;
; 9.000  ; 10.000       ; 1.000          ; High Pulse Width ; ddfs:inst15|freq_divider_DDFS:f_div_inst|count[19] ; Rise       ; ddfs:inst15|cont[11]                                                                                             ;
; 9.000  ; 10.000       ; 1.000          ; Low Pulse Width  ; ddfs:inst15|freq_divider_DDFS:f_div_inst|count[19] ; Rise       ; ddfs:inst15|cont[11]                                                                                             ;
; 9.000  ; 10.000       ; 1.000          ; High Pulse Width ; ddfs:inst15|freq_divider_DDFS:f_div_inst|count[19] ; Rise       ; ddfs:inst15|cont[1]                                                                                              ;
; 9.000  ; 10.000       ; 1.000          ; Low Pulse Width  ; ddfs:inst15|freq_divider_DDFS:f_div_inst|count[19] ; Rise       ; ddfs:inst15|cont[1]                                                                                              ;
; 9.000  ; 10.000       ; 1.000          ; High Pulse Width ; ddfs:inst15|freq_divider_DDFS:f_div_inst|count[19] ; Rise       ; ddfs:inst15|cont[2]                                                                                              ;
; 9.000  ; 10.000       ; 1.000          ; Low Pulse Width  ; ddfs:inst15|freq_divider_DDFS:f_div_inst|count[19] ; Rise       ; ddfs:inst15|cont[2]                                                                                              ;
; 9.000  ; 10.000       ; 1.000          ; High Pulse Width ; ddfs:inst15|freq_divider_DDFS:f_div_inst|count[19] ; Rise       ; ddfs:inst15|cont[3]                                                                                              ;
; 9.000  ; 10.000       ; 1.000          ; Low Pulse Width  ; ddfs:inst15|freq_divider_DDFS:f_div_inst|count[19] ; Rise       ; ddfs:inst15|cont[3]                                                                                              ;
; 9.000  ; 10.000       ; 1.000          ; High Pulse Width ; ddfs:inst15|freq_divider_DDFS:f_div_inst|count[19] ; Rise       ; ddfs:inst15|cont[4]                                                                                              ;
; 9.000  ; 10.000       ; 1.000          ; Low Pulse Width  ; ddfs:inst15|freq_divider_DDFS:f_div_inst|count[19] ; Rise       ; ddfs:inst15|cont[4]                                                                                              ;
; 9.000  ; 10.000       ; 1.000          ; High Pulse Width ; ddfs:inst15|freq_divider_DDFS:f_div_inst|count[19] ; Rise       ; ddfs:inst15|cont[5]                                                                                              ;
; 9.000  ; 10.000       ; 1.000          ; Low Pulse Width  ; ddfs:inst15|freq_divider_DDFS:f_div_inst|count[19] ; Rise       ; ddfs:inst15|cont[5]                                                                                              ;
; 9.000  ; 10.000       ; 1.000          ; High Pulse Width ; ddfs:inst15|freq_divider_DDFS:f_div_inst|count[19] ; Rise       ; ddfs:inst15|cont[6]                                                                                              ;
; 9.000  ; 10.000       ; 1.000          ; Low Pulse Width  ; ddfs:inst15|freq_divider_DDFS:f_div_inst|count[19] ; Rise       ; ddfs:inst15|cont[6]                                                                                              ;
; 9.000  ; 10.000       ; 1.000          ; High Pulse Width ; ddfs:inst15|freq_divider_DDFS:f_div_inst|count[19] ; Rise       ; ddfs:inst15|cont[7]                                                                                              ;
; 9.000  ; 10.000       ; 1.000          ; Low Pulse Width  ; ddfs:inst15|freq_divider_DDFS:f_div_inst|count[19] ; Rise       ; ddfs:inst15|cont[7]                                                                                              ;
; 9.000  ; 10.000       ; 1.000          ; High Pulse Width ; ddfs:inst15|freq_divider_DDFS:f_div_inst|count[19] ; Rise       ; ddfs:inst15|cont[8]                                                                                              ;
; 9.000  ; 10.000       ; 1.000          ; Low Pulse Width  ; ddfs:inst15|freq_divider_DDFS:f_div_inst|count[19] ; Rise       ; ddfs:inst15|cont[8]                                                                                              ;
; 9.000  ; 10.000       ; 1.000          ; High Pulse Width ; ddfs:inst15|freq_divider_DDFS:f_div_inst|count[19] ; Rise       ; ddfs:inst15|cont[9]                                                                                              ;
; 9.000  ; 10.000       ; 1.000          ; Low Pulse Width  ; ddfs:inst15|freq_divider_DDFS:f_div_inst|count[19] ; Rise       ; ddfs:inst15|cont[9]                                                                                              ;
; 9.000  ; 10.000       ; 1.000          ; High Pulse Width ; ddfs:inst15|freq_divider_DDFS:f_div_inst|count[19] ; Rise       ; ddfs:inst15|cont_rt[10]                                                                                          ;
; 9.000  ; 10.000       ; 1.000          ; Low Pulse Width  ; ddfs:inst15|freq_divider_DDFS:f_div_inst|count[19] ; Rise       ; ddfs:inst15|cont_rt[10]                                                                                          ;
; 9.000  ; 10.000       ; 1.000          ; High Pulse Width ; ddfs:inst15|freq_divider_DDFS:f_div_inst|count[19] ; Rise       ; ddfs:inst15|cont_rt[11]                                                                                          ;
; 9.000  ; 10.000       ; 1.000          ; Low Pulse Width  ; ddfs:inst15|freq_divider_DDFS:f_div_inst|count[19] ; Rise       ; ddfs:inst15|cont_rt[11]                                                                                          ;
; 10.000 ; 10.000       ; 0.000          ; High Pulse Width ; ddfs:inst15|freq_divider_DDFS:f_div_inst|count[19] ; Rise       ; inst15|cont[0]|clk                                                                                               ;
; 10.000 ; 10.000       ; 0.000          ; Low Pulse Width  ; ddfs:inst15|freq_divider_DDFS:f_div_inst|count[19] ; Rise       ; inst15|cont[0]|clk                                                                                               ;
; 10.000 ; 10.000       ; 0.000          ; High Pulse Width ; ddfs:inst15|freq_divider_DDFS:f_div_inst|count[19] ; Rise       ; inst15|cont[10]|clk                                                                                              ;
; 10.000 ; 10.000       ; 0.000          ; Low Pulse Width  ; ddfs:inst15|freq_divider_DDFS:f_div_inst|count[19] ; Rise       ; inst15|cont[10]|clk                                                                                              ;
; 10.000 ; 10.000       ; 0.000          ; High Pulse Width ; ddfs:inst15|freq_divider_DDFS:f_div_inst|count[19] ; Rise       ; inst15|cont[11]|clk                                                                                              ;
; 10.000 ; 10.000       ; 0.000          ; Low Pulse Width  ; ddfs:inst15|freq_divider_DDFS:f_div_inst|count[19] ; Rise       ; inst15|cont[11]|clk                                                                                              ;
; 10.000 ; 10.000       ; 0.000          ; High Pulse Width ; ddfs:inst15|freq_divider_DDFS:f_div_inst|count[19] ; Rise       ; inst15|cont[1]|clk                                                                                               ;
; 10.000 ; 10.000       ; 0.000          ; Low Pulse Width  ; ddfs:inst15|freq_divider_DDFS:f_div_inst|count[19] ; Rise       ; inst15|cont[1]|clk                                                                                               ;
; 10.000 ; 10.000       ; 0.000          ; High Pulse Width ; ddfs:inst15|freq_divider_DDFS:f_div_inst|count[19] ; Rise       ; inst15|cont[2]|clk                                                                                               ;
; 10.000 ; 10.000       ; 0.000          ; Low Pulse Width  ; ddfs:inst15|freq_divider_DDFS:f_div_inst|count[19] ; Rise       ; inst15|cont[2]|clk                                                                                               ;
; 10.000 ; 10.000       ; 0.000          ; High Pulse Width ; ddfs:inst15|freq_divider_DDFS:f_div_inst|count[19] ; Rise       ; inst15|cont[3]|clk                                                                                               ;
; 10.000 ; 10.000       ; 0.000          ; Low Pulse Width  ; ddfs:inst15|freq_divider_DDFS:f_div_inst|count[19] ; Rise       ; inst15|cont[3]|clk                                                                                               ;
+--------+--------------+----------------+------------------+----------------------------------------------------+------------+------------------------------------------------------------------------------------------------------------------+


+------------------------------------------------------------------------------------------------------------------------------------------------------------------------------------------+
; Slow Model Minimum Pulse Width: 'keypad_freq_sel_module:inst1|freq_divider_keypad_module:freq_div|q'                                                                                     ;
+-------+--------------+----------------+------------------+--------------------------------------------------------------------+------------+---------------------------------------------+
; Slack ; Actual Width ; Required Width ; Type             ; Clock                                                              ; Clock Edge ; Target                                      ;
+-------+--------------+----------------+------------------+--------------------------------------------------------------------+------------+---------------------------------------------+
; 9.000 ; 10.000       ; 1.000          ; High Pulse Width ; keypad_freq_sel_module:inst1|freq_divider_keypad_module:freq_div|q ; Rise       ; keypad_freq_sel_module:inst1|BCD_1[0]       ;
; 9.000 ; 10.000       ; 1.000          ; Low Pulse Width  ; keypad_freq_sel_module:inst1|freq_divider_keypad_module:freq_div|q ; Rise       ; keypad_freq_sel_module:inst1|BCD_1[0]       ;
; 9.000 ; 10.000       ; 1.000          ; High Pulse Width ; keypad_freq_sel_module:inst1|freq_divider_keypad_module:freq_div|q ; Rise       ; keypad_freq_sel_module:inst1|BCD_1[1]       ;
; 9.000 ; 10.000       ; 1.000          ; Low Pulse Width  ; keypad_freq_sel_module:inst1|freq_divider_keypad_module:freq_div|q ; Rise       ; keypad_freq_sel_module:inst1|BCD_1[1]       ;
; 9.000 ; 10.000       ; 1.000          ; High Pulse Width ; keypad_freq_sel_module:inst1|freq_divider_keypad_module:freq_div|q ; Rise       ; keypad_freq_sel_module:inst1|BCD_1[2]       ;
; 9.000 ; 10.000       ; 1.000          ; Low Pulse Width  ; keypad_freq_sel_module:inst1|freq_divider_keypad_module:freq_div|q ; Rise       ; keypad_freq_sel_module:inst1|BCD_1[2]       ;
; 9.000 ; 10.000       ; 1.000          ; High Pulse Width ; keypad_freq_sel_module:inst1|freq_divider_keypad_module:freq_div|q ; Rise       ; keypad_freq_sel_module:inst1|BCD_1[3]       ;
; 9.000 ; 10.000       ; 1.000          ; Low Pulse Width  ; keypad_freq_sel_module:inst1|freq_divider_keypad_module:freq_div|q ; Rise       ; keypad_freq_sel_module:inst1|BCD_1[3]       ;
; 9.000 ; 10.000       ; 1.000          ; High Pulse Width ; keypad_freq_sel_module:inst1|freq_divider_keypad_module:freq_div|q ; Rise       ; keypad_freq_sel_module:inst1|BCD_2[0]       ;
; 9.000 ; 10.000       ; 1.000          ; Low Pulse Width  ; keypad_freq_sel_module:inst1|freq_divider_keypad_module:freq_div|q ; Rise       ; keypad_freq_sel_module:inst1|BCD_2[0]       ;
; 9.000 ; 10.000       ; 1.000          ; High Pulse Width ; keypad_freq_sel_module:inst1|freq_divider_keypad_module:freq_div|q ; Rise       ; keypad_freq_sel_module:inst1|BCD_2[1]       ;
; 9.000 ; 10.000       ; 1.000          ; Low Pulse Width  ; keypad_freq_sel_module:inst1|freq_divider_keypad_module:freq_div|q ; Rise       ; keypad_freq_sel_module:inst1|BCD_2[1]       ;
; 9.000 ; 10.000       ; 1.000          ; High Pulse Width ; keypad_freq_sel_module:inst1|freq_divider_keypad_module:freq_div|q ; Rise       ; keypad_freq_sel_module:inst1|BCD_2[2]       ;
; 9.000 ; 10.000       ; 1.000          ; Low Pulse Width  ; keypad_freq_sel_module:inst1|freq_divider_keypad_module:freq_div|q ; Rise       ; keypad_freq_sel_module:inst1|BCD_2[2]       ;
; 9.000 ; 10.000       ; 1.000          ; High Pulse Width ; keypad_freq_sel_module:inst1|freq_divider_keypad_module:freq_div|q ; Rise       ; keypad_freq_sel_module:inst1|BCD_2[3]       ;
; 9.000 ; 10.000       ; 1.000          ; Low Pulse Width  ; keypad_freq_sel_module:inst1|freq_divider_keypad_module:freq_div|q ; Rise       ; keypad_freq_sel_module:inst1|BCD_2[3]       ;
; 9.000 ; 10.000       ; 1.000          ; High Pulse Width ; keypad_freq_sel_module:inst1|freq_divider_keypad_module:freq_div|q ; Rise       ; keypad_freq_sel_module:inst1|BCD_3[0]       ;
; 9.000 ; 10.000       ; 1.000          ; Low Pulse Width  ; keypad_freq_sel_module:inst1|freq_divider_keypad_module:freq_div|q ; Rise       ; keypad_freq_sel_module:inst1|BCD_3[0]       ;
; 9.000 ; 10.000       ; 1.000          ; High Pulse Width ; keypad_freq_sel_module:inst1|freq_divider_keypad_module:freq_div|q ; Rise       ; keypad_freq_sel_module:inst1|BCD_3[1]       ;
; 9.000 ; 10.000       ; 1.000          ; Low Pulse Width  ; keypad_freq_sel_module:inst1|freq_divider_keypad_module:freq_div|q ; Rise       ; keypad_freq_sel_module:inst1|BCD_3[1]       ;
; 9.000 ; 10.000       ; 1.000          ; High Pulse Width ; keypad_freq_sel_module:inst1|freq_divider_keypad_module:freq_div|q ; Rise       ; keypad_freq_sel_module:inst1|BCD_3[2]       ;
; 9.000 ; 10.000       ; 1.000          ; Low Pulse Width  ; keypad_freq_sel_module:inst1|freq_divider_keypad_module:freq_div|q ; Rise       ; keypad_freq_sel_module:inst1|BCD_3[2]       ;
; 9.000 ; 10.000       ; 1.000          ; High Pulse Width ; keypad_freq_sel_module:inst1|freq_divider_keypad_module:freq_div|q ; Rise       ; keypad_freq_sel_module:inst1|BCD_3[3]       ;
; 9.000 ; 10.000       ; 1.000          ; Low Pulse Width  ; keypad_freq_sel_module:inst1|freq_divider_keypad_module:freq_div|q ; Rise       ; keypad_freq_sel_module:inst1|BCD_3[3]       ;
; 9.000 ; 10.000       ; 1.000          ; High Pulse Width ; keypad_freq_sel_module:inst1|freq_divider_keypad_module:freq_div|q ; Rise       ; keypad_freq_sel_module:inst1|BCD_4[0]       ;
; 9.000 ; 10.000       ; 1.000          ; Low Pulse Width  ; keypad_freq_sel_module:inst1|freq_divider_keypad_module:freq_div|q ; Rise       ; keypad_freq_sel_module:inst1|BCD_4[0]       ;
; 9.000 ; 10.000       ; 1.000          ; High Pulse Width ; keypad_freq_sel_module:inst1|freq_divider_keypad_module:freq_div|q ; Rise       ; keypad_freq_sel_module:inst1|BCD_4[1]       ;
; 9.000 ; 10.000       ; 1.000          ; Low Pulse Width  ; keypad_freq_sel_module:inst1|freq_divider_keypad_module:freq_div|q ; Rise       ; keypad_freq_sel_module:inst1|BCD_4[1]       ;
; 9.000 ; 10.000       ; 1.000          ; High Pulse Width ; keypad_freq_sel_module:inst1|freq_divider_keypad_module:freq_div|q ; Rise       ; keypad_freq_sel_module:inst1|BCD_4[2]       ;
; 9.000 ; 10.000       ; 1.000          ; Low Pulse Width  ; keypad_freq_sel_module:inst1|freq_divider_keypad_module:freq_div|q ; Rise       ; keypad_freq_sel_module:inst1|BCD_4[2]       ;
; 9.000 ; 10.000       ; 1.000          ; High Pulse Width ; keypad_freq_sel_module:inst1|freq_divider_keypad_module:freq_div|q ; Rise       ; keypad_freq_sel_module:inst1|BCD_4[3]       ;
; 9.000 ; 10.000       ; 1.000          ; Low Pulse Width  ; keypad_freq_sel_module:inst1|freq_divider_keypad_module:freq_div|q ; Rise       ; keypad_freq_sel_module:inst1|BCD_4[3]       ;
; 9.000 ; 10.000       ; 1.000          ; High Pulse Width ; keypad_freq_sel_module:inst1|freq_divider_keypad_module:freq_div|q ; Rise       ; keypad_freq_sel_module:inst1|BCD_5[0]       ;
; 9.000 ; 10.000       ; 1.000          ; Low Pulse Width  ; keypad_freq_sel_module:inst1|freq_divider_keypad_module:freq_div|q ; Rise       ; keypad_freq_sel_module:inst1|BCD_5[0]       ;
; 9.000 ; 10.000       ; 1.000          ; High Pulse Width ; keypad_freq_sel_module:inst1|freq_divider_keypad_module:freq_div|q ; Rise       ; keypad_freq_sel_module:inst1|BCD_5[1]       ;
; 9.000 ; 10.000       ; 1.000          ; Low Pulse Width  ; keypad_freq_sel_module:inst1|freq_divider_keypad_module:freq_div|q ; Rise       ; keypad_freq_sel_module:inst1|BCD_5[1]       ;
; 9.000 ; 10.000       ; 1.000          ; High Pulse Width ; keypad_freq_sel_module:inst1|freq_divider_keypad_module:freq_div|q ; Rise       ; keypad_freq_sel_module:inst1|BCD_5[2]       ;
; 9.000 ; 10.000       ; 1.000          ; Low Pulse Width  ; keypad_freq_sel_module:inst1|freq_divider_keypad_module:freq_div|q ; Rise       ; keypad_freq_sel_module:inst1|BCD_5[2]       ;
; 9.000 ; 10.000       ; 1.000          ; High Pulse Width ; keypad_freq_sel_module:inst1|freq_divider_keypad_module:freq_div|q ; Rise       ; keypad_freq_sel_module:inst1|BCD_5[3]       ;
; 9.000 ; 10.000       ; 1.000          ; Low Pulse Width  ; keypad_freq_sel_module:inst1|freq_divider_keypad_module:freq_div|q ; Rise       ; keypad_freq_sel_module:inst1|BCD_5[3]       ;
; 9.000 ; 10.000       ; 1.000          ; High Pulse Width ; keypad_freq_sel_module:inst1|freq_divider_keypad_module:freq_div|q ; Rise       ; keypad_freq_sel_module:inst1|BCD_6[0]       ;
; 9.000 ; 10.000       ; 1.000          ; Low Pulse Width  ; keypad_freq_sel_module:inst1|freq_divider_keypad_module:freq_div|q ; Rise       ; keypad_freq_sel_module:inst1|BCD_6[0]       ;
; 9.000 ; 10.000       ; 1.000          ; High Pulse Width ; keypad_freq_sel_module:inst1|freq_divider_keypad_module:freq_div|q ; Rise       ; keypad_freq_sel_module:inst1|BCD_6[1]       ;
; 9.000 ; 10.000       ; 1.000          ; Low Pulse Width  ; keypad_freq_sel_module:inst1|freq_divider_keypad_module:freq_div|q ; Rise       ; keypad_freq_sel_module:inst1|BCD_6[1]       ;
; 9.000 ; 10.000       ; 1.000          ; High Pulse Width ; keypad_freq_sel_module:inst1|freq_divider_keypad_module:freq_div|q ; Rise       ; keypad_freq_sel_module:inst1|BCD_6[2]       ;
; 9.000 ; 10.000       ; 1.000          ; Low Pulse Width  ; keypad_freq_sel_module:inst1|freq_divider_keypad_module:freq_div|q ; Rise       ; keypad_freq_sel_module:inst1|BCD_6[2]       ;
; 9.000 ; 10.000       ; 1.000          ; High Pulse Width ; keypad_freq_sel_module:inst1|freq_divider_keypad_module:freq_div|q ; Rise       ; keypad_freq_sel_module:inst1|BCD_6[3]       ;
; 9.000 ; 10.000       ; 1.000          ; Low Pulse Width  ; keypad_freq_sel_module:inst1|freq_divider_keypad_module:freq_div|q ; Rise       ; keypad_freq_sel_module:inst1|BCD_6[3]       ;
; 9.000 ; 10.000       ; 1.000          ; High Pulse Width ; keypad_freq_sel_module:inst1|freq_divider_keypad_module:freq_div|q ; Rise       ; keypad_freq_sel_module:inst1|BCD_7[0]       ;
; 9.000 ; 10.000       ; 1.000          ; Low Pulse Width  ; keypad_freq_sel_module:inst1|freq_divider_keypad_module:freq_div|q ; Rise       ; keypad_freq_sel_module:inst1|BCD_7[0]       ;
; 9.000 ; 10.000       ; 1.000          ; High Pulse Width ; keypad_freq_sel_module:inst1|freq_divider_keypad_module:freq_div|q ; Rise       ; keypad_freq_sel_module:inst1|BCD_7[1]       ;
; 9.000 ; 10.000       ; 1.000          ; Low Pulse Width  ; keypad_freq_sel_module:inst1|freq_divider_keypad_module:freq_div|q ; Rise       ; keypad_freq_sel_module:inst1|BCD_7[1]       ;
; 9.000 ; 10.000       ; 1.000          ; High Pulse Width ; keypad_freq_sel_module:inst1|freq_divider_keypad_module:freq_div|q ; Rise       ; keypad_freq_sel_module:inst1|BCD_7[2]       ;
; 9.000 ; 10.000       ; 1.000          ; Low Pulse Width  ; keypad_freq_sel_module:inst1|freq_divider_keypad_module:freq_div|q ; Rise       ; keypad_freq_sel_module:inst1|BCD_7[2]       ;
; 9.000 ; 10.000       ; 1.000          ; High Pulse Width ; keypad_freq_sel_module:inst1|freq_divider_keypad_module:freq_div|q ; Rise       ; keypad_freq_sel_module:inst1|BCD_7[3]       ;
; 9.000 ; 10.000       ; 1.000          ; Low Pulse Width  ; keypad_freq_sel_module:inst1|freq_divider_keypad_module:freq_div|q ; Rise       ; keypad_freq_sel_module:inst1|BCD_7[3]       ;
; 9.000 ; 10.000       ; 1.000          ; High Pulse Width ; keypad_freq_sel_module:inst1|freq_divider_keypad_module:freq_div|q ; Rise       ; keypad_freq_sel_module:inst1|button_pressed ;
; 9.000 ; 10.000       ; 1.000          ; Low Pulse Width  ; keypad_freq_sel_module:inst1|freq_divider_keypad_module:freq_div|q ; Rise       ; keypad_freq_sel_module:inst1|button_pressed ;
; 9.000 ; 10.000       ; 1.000          ; High Pulse Width ; keypad_freq_sel_module:inst1|freq_divider_keypad_module:freq_div|q ; Rise       ; keypad_freq_sel_module:inst1|cont[0]        ;
; 9.000 ; 10.000       ; 1.000          ; Low Pulse Width  ; keypad_freq_sel_module:inst1|freq_divider_keypad_module:freq_div|q ; Rise       ; keypad_freq_sel_module:inst1|cont[0]        ;
; 9.000 ; 10.000       ; 1.000          ; High Pulse Width ; keypad_freq_sel_module:inst1|freq_divider_keypad_module:freq_div|q ; Rise       ; keypad_freq_sel_module:inst1|cont[10]       ;
; 9.000 ; 10.000       ; 1.000          ; Low Pulse Width  ; keypad_freq_sel_module:inst1|freq_divider_keypad_module:freq_div|q ; Rise       ; keypad_freq_sel_module:inst1|cont[10]       ;
; 9.000 ; 10.000       ; 1.000          ; High Pulse Width ; keypad_freq_sel_module:inst1|freq_divider_keypad_module:freq_div|q ; Rise       ; keypad_freq_sel_module:inst1|cont[11]       ;
; 9.000 ; 10.000       ; 1.000          ; Low Pulse Width  ; keypad_freq_sel_module:inst1|freq_divider_keypad_module:freq_div|q ; Rise       ; keypad_freq_sel_module:inst1|cont[11]       ;
; 9.000 ; 10.000       ; 1.000          ; High Pulse Width ; keypad_freq_sel_module:inst1|freq_divider_keypad_module:freq_div|q ; Rise       ; keypad_freq_sel_module:inst1|cont[12]       ;
; 9.000 ; 10.000       ; 1.000          ; Low Pulse Width  ; keypad_freq_sel_module:inst1|freq_divider_keypad_module:freq_div|q ; Rise       ; keypad_freq_sel_module:inst1|cont[12]       ;
; 9.000 ; 10.000       ; 1.000          ; High Pulse Width ; keypad_freq_sel_module:inst1|freq_divider_keypad_module:freq_div|q ; Rise       ; keypad_freq_sel_module:inst1|cont[13]       ;
; 9.000 ; 10.000       ; 1.000          ; Low Pulse Width  ; keypad_freq_sel_module:inst1|freq_divider_keypad_module:freq_div|q ; Rise       ; keypad_freq_sel_module:inst1|cont[13]       ;
; 9.000 ; 10.000       ; 1.000          ; High Pulse Width ; keypad_freq_sel_module:inst1|freq_divider_keypad_module:freq_div|q ; Rise       ; keypad_freq_sel_module:inst1|cont[14]       ;
; 9.000 ; 10.000       ; 1.000          ; Low Pulse Width  ; keypad_freq_sel_module:inst1|freq_divider_keypad_module:freq_div|q ; Rise       ; keypad_freq_sel_module:inst1|cont[14]       ;
; 9.000 ; 10.000       ; 1.000          ; High Pulse Width ; keypad_freq_sel_module:inst1|freq_divider_keypad_module:freq_div|q ; Rise       ; keypad_freq_sel_module:inst1|cont[15]       ;
; 9.000 ; 10.000       ; 1.000          ; Low Pulse Width  ; keypad_freq_sel_module:inst1|freq_divider_keypad_module:freq_div|q ; Rise       ; keypad_freq_sel_module:inst1|cont[15]       ;
; 9.000 ; 10.000       ; 1.000          ; High Pulse Width ; keypad_freq_sel_module:inst1|freq_divider_keypad_module:freq_div|q ; Rise       ; keypad_freq_sel_module:inst1|cont[16]       ;
; 9.000 ; 10.000       ; 1.000          ; Low Pulse Width  ; keypad_freq_sel_module:inst1|freq_divider_keypad_module:freq_div|q ; Rise       ; keypad_freq_sel_module:inst1|cont[16]       ;
; 9.000 ; 10.000       ; 1.000          ; High Pulse Width ; keypad_freq_sel_module:inst1|freq_divider_keypad_module:freq_div|q ; Rise       ; keypad_freq_sel_module:inst1|cont[17]       ;
; 9.000 ; 10.000       ; 1.000          ; Low Pulse Width  ; keypad_freq_sel_module:inst1|freq_divider_keypad_module:freq_div|q ; Rise       ; keypad_freq_sel_module:inst1|cont[17]       ;
; 9.000 ; 10.000       ; 1.000          ; High Pulse Width ; keypad_freq_sel_module:inst1|freq_divider_keypad_module:freq_div|q ; Rise       ; keypad_freq_sel_module:inst1|cont[18]       ;
; 9.000 ; 10.000       ; 1.000          ; Low Pulse Width  ; keypad_freq_sel_module:inst1|freq_divider_keypad_module:freq_div|q ; Rise       ; keypad_freq_sel_module:inst1|cont[18]       ;
; 9.000 ; 10.000       ; 1.000          ; High Pulse Width ; keypad_freq_sel_module:inst1|freq_divider_keypad_module:freq_div|q ; Rise       ; keypad_freq_sel_module:inst1|cont[19]       ;
; 9.000 ; 10.000       ; 1.000          ; Low Pulse Width  ; keypad_freq_sel_module:inst1|freq_divider_keypad_module:freq_div|q ; Rise       ; keypad_freq_sel_module:inst1|cont[19]       ;
; 9.000 ; 10.000       ; 1.000          ; High Pulse Width ; keypad_freq_sel_module:inst1|freq_divider_keypad_module:freq_div|q ; Rise       ; keypad_freq_sel_module:inst1|cont[1]        ;
; 9.000 ; 10.000       ; 1.000          ; Low Pulse Width  ; keypad_freq_sel_module:inst1|freq_divider_keypad_module:freq_div|q ; Rise       ; keypad_freq_sel_module:inst1|cont[1]        ;
; 9.000 ; 10.000       ; 1.000          ; High Pulse Width ; keypad_freq_sel_module:inst1|freq_divider_keypad_module:freq_div|q ; Rise       ; keypad_freq_sel_module:inst1|cont[20]       ;
; 9.000 ; 10.000       ; 1.000          ; Low Pulse Width  ; keypad_freq_sel_module:inst1|freq_divider_keypad_module:freq_div|q ; Rise       ; keypad_freq_sel_module:inst1|cont[20]       ;
; 9.000 ; 10.000       ; 1.000          ; High Pulse Width ; keypad_freq_sel_module:inst1|freq_divider_keypad_module:freq_div|q ; Rise       ; keypad_freq_sel_module:inst1|cont[21]       ;
; 9.000 ; 10.000       ; 1.000          ; Low Pulse Width  ; keypad_freq_sel_module:inst1|freq_divider_keypad_module:freq_div|q ; Rise       ; keypad_freq_sel_module:inst1|cont[21]       ;
; 9.000 ; 10.000       ; 1.000          ; High Pulse Width ; keypad_freq_sel_module:inst1|freq_divider_keypad_module:freq_div|q ; Rise       ; keypad_freq_sel_module:inst1|cont[22]       ;
; 9.000 ; 10.000       ; 1.000          ; Low Pulse Width  ; keypad_freq_sel_module:inst1|freq_divider_keypad_module:freq_div|q ; Rise       ; keypad_freq_sel_module:inst1|cont[22]       ;
; 9.000 ; 10.000       ; 1.000          ; High Pulse Width ; keypad_freq_sel_module:inst1|freq_divider_keypad_module:freq_div|q ; Rise       ; keypad_freq_sel_module:inst1|cont[23]       ;
; 9.000 ; 10.000       ; 1.000          ; Low Pulse Width  ; keypad_freq_sel_module:inst1|freq_divider_keypad_module:freq_div|q ; Rise       ; keypad_freq_sel_module:inst1|cont[23]       ;
; 9.000 ; 10.000       ; 1.000          ; High Pulse Width ; keypad_freq_sel_module:inst1|freq_divider_keypad_module:freq_div|q ; Rise       ; keypad_freq_sel_module:inst1|cont[24]       ;
; 9.000 ; 10.000       ; 1.000          ; Low Pulse Width  ; keypad_freq_sel_module:inst1|freq_divider_keypad_module:freq_div|q ; Rise       ; keypad_freq_sel_module:inst1|cont[24]       ;
; 9.000 ; 10.000       ; 1.000          ; High Pulse Width ; keypad_freq_sel_module:inst1|freq_divider_keypad_module:freq_div|q ; Rise       ; keypad_freq_sel_module:inst1|cont[25]       ;
; 9.000 ; 10.000       ; 1.000          ; Low Pulse Width  ; keypad_freq_sel_module:inst1|freq_divider_keypad_module:freq_div|q ; Rise       ; keypad_freq_sel_module:inst1|cont[25]       ;
; 9.000 ; 10.000       ; 1.000          ; High Pulse Width ; keypad_freq_sel_module:inst1|freq_divider_keypad_module:freq_div|q ; Rise       ; keypad_freq_sel_module:inst1|cont[26]       ;
; 9.000 ; 10.000       ; 1.000          ; Low Pulse Width  ; keypad_freq_sel_module:inst1|freq_divider_keypad_module:freq_div|q ; Rise       ; keypad_freq_sel_module:inst1|cont[26]       ;
; 9.000 ; 10.000       ; 1.000          ; High Pulse Width ; keypad_freq_sel_module:inst1|freq_divider_keypad_module:freq_div|q ; Rise       ; keypad_freq_sel_module:inst1|cont[27]       ;
; 9.000 ; 10.000       ; 1.000          ; Low Pulse Width  ; keypad_freq_sel_module:inst1|freq_divider_keypad_module:freq_div|q ; Rise       ; keypad_freq_sel_module:inst1|cont[27]       ;
; 9.000 ; 10.000       ; 1.000          ; High Pulse Width ; keypad_freq_sel_module:inst1|freq_divider_keypad_module:freq_div|q ; Rise       ; keypad_freq_sel_module:inst1|cont[28]       ;
; 9.000 ; 10.000       ; 1.000          ; Low Pulse Width  ; keypad_freq_sel_module:inst1|freq_divider_keypad_module:freq_div|q ; Rise       ; keypad_freq_sel_module:inst1|cont[28]       ;
+-------+--------------+----------------+------------------+--------------------------------------------------------------------+------------+---------------------------------------------+


+---------------------------------------------------------------------------------------------------------------------------------------------------------------------------------------+
; Clock to Output Times                                                                                                                                                                 ;
+--------------+--------------------------------------------------------------------+--------+--------+------------+--------------------------------------------------------------------+
; Data Port    ; Clock Port                                                         ; Rise   ; Fall   ; Clock Edge ; Clock Reference                                                    ;
+--------------+--------------------------------------------------------------------+--------+--------+------------+--------------------------------------------------------------------+
; LCD_DATA[*]  ; CLOCK_50                                                           ; 11.187 ; 11.187 ; Rise       ; CLOCK_50                                                           ;
;  LCD_DATA[0] ; CLOCK_50                                                           ; 10.696 ; 10.696 ; Rise       ; CLOCK_50                                                           ;
;  LCD_DATA[1] ; CLOCK_50                                                           ; 11.187 ; 11.187 ; Rise       ; CLOCK_50                                                           ;
;  LCD_DATA[2] ; CLOCK_50                                                           ; 10.915 ; 10.915 ; Rise       ; CLOCK_50                                                           ;
;  LCD_DATA[3] ; CLOCK_50                                                           ; 10.608 ; 10.608 ; Rise       ; CLOCK_50                                                           ;
;  LCD_DATA[4] ; CLOCK_50                                                           ; 10.496 ; 10.496 ; Rise       ; CLOCK_50                                                           ;
;  LCD_DATA[5] ; CLOCK_50                                                           ; 10.589 ; 10.589 ; Rise       ; CLOCK_50                                                           ;
;  LCD_DATA[6] ; CLOCK_50                                                           ; 10.896 ; 10.896 ; Rise       ; CLOCK_50                                                           ;
;  LCD_DATA[7] ; CLOCK_50                                                           ; 11.032 ; 11.032 ; Rise       ; CLOCK_50                                                           ;
; LCD_EN       ; CLOCK_50                                                           ; 9.636  ; 9.636  ; Rise       ; CLOCK_50                                                           ;
; LCD_RS       ; CLOCK_50                                                           ; 11.433 ; 11.433 ; Rise       ; CLOCK_50                                                           ;
; VGA_CLK      ; ddfs:inst15|freq_divider_DDFS:f_div_inst|count[19]                 ; 5.648  ;        ; Rise       ; ddfs:inst15|freq_divider_DDFS:f_div_inst|count[19]                 ;
; VGA_R[*]     ; ddfs:inst15|freq_divider_DDFS:f_div_inst|count[19]                 ; 13.618 ; 13.618 ; Rise       ; ddfs:inst15|freq_divider_DDFS:f_div_inst|count[19]                 ;
;  VGA_R[0]    ; ddfs:inst15|freq_divider_DDFS:f_div_inst|count[19]                 ; 12.763 ; 12.763 ; Rise       ; ddfs:inst15|freq_divider_DDFS:f_div_inst|count[19]                 ;
;  VGA_R[1]    ; ddfs:inst15|freq_divider_DDFS:f_div_inst|count[19]                 ; 12.746 ; 12.746 ; Rise       ; ddfs:inst15|freq_divider_DDFS:f_div_inst|count[19]                 ;
;  VGA_R[2]    ; ddfs:inst15|freq_divider_DDFS:f_div_inst|count[19]                 ; 12.806 ; 12.806 ; Rise       ; ddfs:inst15|freq_divider_DDFS:f_div_inst|count[19]                 ;
;  VGA_R[3]    ; ddfs:inst15|freq_divider_DDFS:f_div_inst|count[19]                 ; 12.768 ; 12.768 ; Rise       ; ddfs:inst15|freq_divider_DDFS:f_div_inst|count[19]                 ;
;  VGA_R[4]    ; ddfs:inst15|freq_divider_DDFS:f_div_inst|count[19]                 ; 12.919 ; 12.919 ; Rise       ; ddfs:inst15|freq_divider_DDFS:f_div_inst|count[19]                 ;
;  VGA_R[5]    ; ddfs:inst15|freq_divider_DDFS:f_div_inst|count[19]                 ; 13.026 ; 13.026 ; Rise       ; ddfs:inst15|freq_divider_DDFS:f_div_inst|count[19]                 ;
;  VGA_R[6]    ; ddfs:inst15|freq_divider_DDFS:f_div_inst|count[19]                 ; 13.510 ; 13.510 ; Rise       ; ddfs:inst15|freq_divider_DDFS:f_div_inst|count[19]                 ;
;  VGA_R[7]    ; ddfs:inst15|freq_divider_DDFS:f_div_inst|count[19]                 ; 13.363 ; 13.363 ; Rise       ; ddfs:inst15|freq_divider_DDFS:f_div_inst|count[19]                 ;
;  VGA_R[8]    ; ddfs:inst15|freq_divider_DDFS:f_div_inst|count[19]                 ; 13.618 ; 13.618 ; Rise       ; ddfs:inst15|freq_divider_DDFS:f_div_inst|count[19]                 ;
;  VGA_R[9]    ; ddfs:inst15|freq_divider_DDFS:f_div_inst|count[19]                 ; 13.465 ; 13.465 ; Rise       ; ddfs:inst15|freq_divider_DDFS:f_div_inst|count[19]                 ;
; VGA_CLK      ; ddfs:inst15|freq_divider_DDFS:f_div_inst|count[19]                 ;        ; 5.648  ; Fall       ; ddfs:inst15|freq_divider_DDFS:f_div_inst|count[19]                 ;
; GPIO_1[*]    ; keypad_freq_sel_module:inst1|freq_divider_keypad_module:freq_div|q ; 10.226 ; 10.226 ; Rise       ; keypad_freq_sel_module:inst1|freq_divider_keypad_module:freq_div|q ;
;  GPIO_1[0]   ; keypad_freq_sel_module:inst1|freq_divider_keypad_module:freq_div|q ; 9.817  ; 9.817  ; Rise       ; keypad_freq_sel_module:inst1|freq_divider_keypad_module:freq_div|q ;
;  GPIO_1[1]   ; keypad_freq_sel_module:inst1|freq_divider_keypad_module:freq_div|q ; 10.226 ; 10.226 ; Rise       ; keypad_freq_sel_module:inst1|freq_divider_keypad_module:freq_div|q ;
;  GPIO_1[2]   ; keypad_freq_sel_module:inst1|freq_divider_keypad_module:freq_div|q ; 9.780  ; 9.780  ; Rise       ; keypad_freq_sel_module:inst1|freq_divider_keypad_module:freq_div|q ;
;  GPIO_1[3]   ; keypad_freq_sel_module:inst1|freq_divider_keypad_module:freq_div|q ; 10.166 ; 10.166 ; Rise       ; keypad_freq_sel_module:inst1|freq_divider_keypad_module:freq_div|q ;
+--------------+--------------------------------------------------------------------+--------+--------+------------+--------------------------------------------------------------------+


+-------------------------------------------------------------------------------------------------------------------------------------------------------------------------------------+
; Minimum Clock to Output Times                                                                                                                                                       ;
+--------------+--------------------------------------------------------------------+-------+-------+------------+--------------------------------------------------------------------+
; Data Port    ; Clock Port                                                         ; Rise  ; Fall  ; Clock Edge ; Clock Reference                                                    ;
+--------------+--------------------------------------------------------------------+-------+-------+------------+--------------------------------------------------------------------+
; LCD_DATA[*]  ; CLOCK_50                                                           ; 8.295 ; 8.295 ; Rise       ; CLOCK_50                                                           ;
;  LCD_DATA[0] ; CLOCK_50                                                           ; 8.520 ; 8.520 ; Rise       ; CLOCK_50                                                           ;
;  LCD_DATA[1] ; CLOCK_50                                                           ; 8.723 ; 8.723 ; Rise       ; CLOCK_50                                                           ;
;  LCD_DATA[2] ; CLOCK_50                                                           ; 8.532 ; 8.532 ; Rise       ; CLOCK_50                                                           ;
;  LCD_DATA[3] ; CLOCK_50                                                           ; 8.525 ; 8.525 ; Rise       ; CLOCK_50                                                           ;
;  LCD_DATA[4] ; CLOCK_50                                                           ; 8.295 ; 8.295 ; Rise       ; CLOCK_50                                                           ;
;  LCD_DATA[5] ; CLOCK_50                                                           ; 8.643 ; 8.643 ; Rise       ; CLOCK_50                                                           ;
;  LCD_DATA[6] ; CLOCK_50                                                           ; 8.575 ; 8.575 ; Rise       ; CLOCK_50                                                           ;
;  LCD_DATA[7] ; CLOCK_50                                                           ; 8.633 ; 8.633 ; Rise       ; CLOCK_50                                                           ;
; LCD_EN       ; CLOCK_50                                                           ; 8.095 ; 8.095 ; Rise       ; CLOCK_50                                                           ;
; LCD_RS       ; CLOCK_50                                                           ; 8.022 ; 8.022 ; Rise       ; CLOCK_50                                                           ;
; VGA_CLK      ; ddfs:inst15|freq_divider_DDFS:f_div_inst|count[19]                 ; 5.648 ;       ; Rise       ; ddfs:inst15|freq_divider_DDFS:f_div_inst|count[19]                 ;
; VGA_R[*]     ; ddfs:inst15|freq_divider_DDFS:f_div_inst|count[19]                 ; 7.900 ; 7.900 ; Rise       ; ddfs:inst15|freq_divider_DDFS:f_div_inst|count[19]                 ;
;  VGA_R[0]    ; ddfs:inst15|freq_divider_DDFS:f_div_inst|count[19]                 ; 8.692 ; 8.692 ; Rise       ; ddfs:inst15|freq_divider_DDFS:f_div_inst|count[19]                 ;
;  VGA_R[1]    ; ddfs:inst15|freq_divider_DDFS:f_div_inst|count[19]                 ; 8.662 ; 8.662 ; Rise       ; ddfs:inst15|freq_divider_DDFS:f_div_inst|count[19]                 ;
;  VGA_R[2]    ; ddfs:inst15|freq_divider_DDFS:f_div_inst|count[19]                 ; 8.671 ; 8.671 ; Rise       ; ddfs:inst15|freq_divider_DDFS:f_div_inst|count[19]                 ;
;  VGA_R[3]    ; ddfs:inst15|freq_divider_DDFS:f_div_inst|count[19]                 ; 8.726 ; 8.726 ; Rise       ; ddfs:inst15|freq_divider_DDFS:f_div_inst|count[19]                 ;
;  VGA_R[4]    ; ddfs:inst15|freq_divider_DDFS:f_div_inst|count[19]                 ; 8.632 ; 8.632 ; Rise       ; ddfs:inst15|freq_divider_DDFS:f_div_inst|count[19]                 ;
;  VGA_R[5]    ; ddfs:inst15|freq_divider_DDFS:f_div_inst|count[19]                 ; 8.712 ; 8.712 ; Rise       ; ddfs:inst15|freq_divider_DDFS:f_div_inst|count[19]                 ;
;  VGA_R[6]    ; ddfs:inst15|freq_divider_DDFS:f_div_inst|count[19]                 ; 8.895 ; 8.895 ; Rise       ; ddfs:inst15|freq_divider_DDFS:f_div_inst|count[19]                 ;
;  VGA_R[7]    ; ddfs:inst15|freq_divider_DDFS:f_div_inst|count[19]                 ; 8.734 ; 8.734 ; Rise       ; ddfs:inst15|freq_divider_DDFS:f_div_inst|count[19]                 ;
;  VGA_R[8]    ; ddfs:inst15|freq_divider_DDFS:f_div_inst|count[19]                 ; 8.924 ; 8.924 ; Rise       ; ddfs:inst15|freq_divider_DDFS:f_div_inst|count[19]                 ;
;  VGA_R[9]    ; ddfs:inst15|freq_divider_DDFS:f_div_inst|count[19]                 ; 7.900 ; 7.900 ; Rise       ; ddfs:inst15|freq_divider_DDFS:f_div_inst|count[19]                 ;
; VGA_CLK      ; ddfs:inst15|freq_divider_DDFS:f_div_inst|count[19]                 ;       ; 5.648 ; Fall       ; ddfs:inst15|freq_divider_DDFS:f_div_inst|count[19]                 ;
; GPIO_1[*]    ; keypad_freq_sel_module:inst1|freq_divider_keypad_module:freq_div|q ; 7.235 ; 7.235 ; Rise       ; keypad_freq_sel_module:inst1|freq_divider_keypad_module:freq_div|q ;
;  GPIO_1[0]   ; keypad_freq_sel_module:inst1|freq_divider_keypad_module:freq_div|q ; 7.766 ; 7.766 ; Rise       ; keypad_freq_sel_module:inst1|freq_divider_keypad_module:freq_div|q ;
;  GPIO_1[1]   ; keypad_freq_sel_module:inst1|freq_divider_keypad_module:freq_div|q ; 7.266 ; 7.266 ; Rise       ; keypad_freq_sel_module:inst1|freq_divider_keypad_module:freq_div|q ;
;  GPIO_1[2]   ; keypad_freq_sel_module:inst1|freq_divider_keypad_module:freq_div|q ; 7.741 ; 7.741 ; Rise       ; keypad_freq_sel_module:inst1|freq_divider_keypad_module:freq_div|q ;
;  GPIO_1[3]   ; keypad_freq_sel_module:inst1|freq_divider_keypad_module:freq_div|q ; 7.235 ; 7.235 ; Rise       ; keypad_freq_sel_module:inst1|freq_divider_keypad_module:freq_div|q ;
+--------------+--------------------------------------------------------------------+-------+-------+------------+--------------------------------------------------------------------+


+--------------------------------------------------------------------------------------------+
; Fast Model Setup Summary                                                                   ;
+--------------------------------------------------------------------+-------+---------------+
; Clock                                                              ; Slack ; End Point TNS ;
+--------------------------------------------------------------------+-------+---------------+
; ddfs:inst15|freq_divider_DDFS:f_div_inst|count[19]                 ; 4.999 ; 0.000         ;
; inst|altpll_component|pll|clk[0]                                   ; 6.783 ; 0.000         ;
; CLOCK_50                                                           ; 8.486 ; 0.000         ;
; keypad_freq_sel_module:inst1|freq_divider_keypad_module:freq_div|q ; 9.764 ; 0.000         ;
+--------------------------------------------------------------------+-------+---------------+


+--------------------------------------------------------------------------------------------+
; Fast Model Hold Summary                                                                    ;
+--------------------------------------------------------------------+-------+---------------+
; Clock                                                              ; Slack ; End Point TNS ;
+--------------------------------------------------------------------+-------+---------------+
; CLOCK_50                                                           ; 0.215 ; 0.000         ;
; keypad_freq_sel_module:inst1|freq_divider_keypad_module:freq_div|q ; 0.215 ; 0.000         ;
; inst|altpll_component|pll|clk[0]                                   ; 0.240 ; 0.000         ;
; ddfs:inst15|freq_divider_DDFS:f_div_inst|count[19]                 ; 0.520 ; 0.000         ;
+--------------------------------------------------------------------+-------+---------------+


+-----------------------------------------------------------------------------+
; Fast Model Recovery Summary                                                 ;
+----------------------------------------------------+--------+---------------+
; Clock                                              ; Slack  ; End Point TNS ;
+----------------------------------------------------+--------+---------------+
; ddfs:inst15|freq_divider_DDFS:f_div_inst|count[19] ; 18.200 ; 0.000         ;
+----------------------------------------------------+--------+---------------+


+----------------------------------------------------------------------------+
; Fast Model Removal Summary                                                 ;
+----------------------------------------------------+-------+---------------+
; Clock                                              ; Slack ; End Point TNS ;
+----------------------------------------------------+-------+---------------+
; ddfs:inst15|freq_divider_DDFS:f_div_inst|count[19] ; 1.671 ; 0.000         ;
+----------------------------------------------------+-------+---------------+


+--------------------------------------------------------------------------------------------+
; Fast Model Minimum Pulse Width Summary                                                     ;
+--------------------------------------------------------------------+-------+---------------+
; Clock                                                              ; Slack ; End Point TNS ;
+--------------------------------------------------------------------+-------+---------------+
; inst|altpll_component|pll|clk[0]                                   ; 4.000 ; 0.000         ;
; CLOCK_50                                                           ; 8.077 ; 0.000         ;
; ddfs:inst15|freq_divider_DDFS:f_div_inst|count[19]                 ; 8.077 ; 0.000         ;
; keypad_freq_sel_module:inst1|freq_divider_keypad_module:freq_div|q ; 9.000 ; 0.000         ;
+--------------------------------------------------------------------+-------+---------------+


+-----------------------------------------------------------------------------------------------------------------------------------------------------------------------------------------------------------------------------------------------------------------------------------------+
; Fast Model Setup: 'ddfs:inst15|freq_divider_DDFS:f_div_inst|count[19]'                                                                                                                                                                                                                  ;
+--------+------------------------------------------------------------------------------------------------------------------+----------+----------------------------------------------------+----------------------------------------------------+--------------+------------+------------+
; Slack  ; From Node                                                                                                        ; To Node  ; Launch Clock                                       ; Latch Clock                                        ; Relationship ; Clock Skew ; Data Delay ;
+--------+------------------------------------------------------------------------------------------------------------------+----------+----------------------------------------------------+----------------------------------------------------+--------------+------------+------------+
; 4.999  ; ddfs:inst15|freq_divider_DDFS:f_div_inst|count[19]                                                               ; VGA_CLK  ; ddfs:inst15|freq_divider_DDFS:f_div_inst|count[19] ; ddfs:inst15|freq_divider_DDFS:f_div_inst|count[19] ; 10.000       ; 0.000      ; 3.142      ;
; 10.598 ; ddfs:inst15|sin_lut:lut_inst|altsyncram:rom_rtl_0|altsyncram_qm81:auto_generated|ram_block1a1~porta_address_reg0 ; VGA_R[8] ; ddfs:inst15|freq_divider_DDFS:f_div_inst|count[19] ; ddfs:inst15|freq_divider_DDFS:f_div_inst|count[19] ; 20.000       ; -1.748     ; 5.654      ;
; 10.598 ; ddfs:inst15|sin_lut:lut_inst|altsyncram:rom_rtl_0|altsyncram_qm81:auto_generated|ram_block1a1~porta_address_reg1 ; VGA_R[8] ; ddfs:inst15|freq_divider_DDFS:f_div_inst|count[19] ; ddfs:inst15|freq_divider_DDFS:f_div_inst|count[19] ; 20.000       ; -1.748     ; 5.654      ;
; 10.598 ; ddfs:inst15|sin_lut:lut_inst|altsyncram:rom_rtl_0|altsyncram_qm81:auto_generated|ram_block1a1~porta_address_reg2 ; VGA_R[8] ; ddfs:inst15|freq_divider_DDFS:f_div_inst|count[19] ; ddfs:inst15|freq_divider_DDFS:f_div_inst|count[19] ; 20.000       ; -1.748     ; 5.654      ;
; 10.598 ; ddfs:inst15|sin_lut:lut_inst|altsyncram:rom_rtl_0|altsyncram_qm81:auto_generated|ram_block1a1~porta_address_reg3 ; VGA_R[8] ; ddfs:inst15|freq_divider_DDFS:f_div_inst|count[19] ; ddfs:inst15|freq_divider_DDFS:f_div_inst|count[19] ; 20.000       ; -1.748     ; 5.654      ;
; 10.598 ; ddfs:inst15|sin_lut:lut_inst|altsyncram:rom_rtl_0|altsyncram_qm81:auto_generated|ram_block1a1~porta_address_reg4 ; VGA_R[8] ; ddfs:inst15|freq_divider_DDFS:f_div_inst|count[19] ; ddfs:inst15|freq_divider_DDFS:f_div_inst|count[19] ; 20.000       ; -1.748     ; 5.654      ;
; 10.598 ; ddfs:inst15|sin_lut:lut_inst|altsyncram:rom_rtl_0|altsyncram_qm81:auto_generated|ram_block1a1~porta_address_reg5 ; VGA_R[8] ; ddfs:inst15|freq_divider_DDFS:f_div_inst|count[19] ; ddfs:inst15|freq_divider_DDFS:f_div_inst|count[19] ; 20.000       ; -1.748     ; 5.654      ;
; 10.598 ; ddfs:inst15|sin_lut:lut_inst|altsyncram:rom_rtl_0|altsyncram_qm81:auto_generated|ram_block1a1~porta_address_reg6 ; VGA_R[8] ; ddfs:inst15|freq_divider_DDFS:f_div_inst|count[19] ; ddfs:inst15|freq_divider_DDFS:f_div_inst|count[19] ; 20.000       ; -1.748     ; 5.654      ;
; 10.598 ; ddfs:inst15|sin_lut:lut_inst|altsyncram:rom_rtl_0|altsyncram_qm81:auto_generated|ram_block1a1~porta_address_reg7 ; VGA_R[8] ; ddfs:inst15|freq_divider_DDFS:f_div_inst|count[19] ; ddfs:inst15|freq_divider_DDFS:f_div_inst|count[19] ; 20.000       ; -1.748     ; 5.654      ;
; 10.598 ; ddfs:inst15|sin_lut:lut_inst|altsyncram:rom_rtl_0|altsyncram_qm81:auto_generated|ram_block1a1~porta_address_reg8 ; VGA_R[8] ; ddfs:inst15|freq_divider_DDFS:f_div_inst|count[19] ; ddfs:inst15|freq_divider_DDFS:f_div_inst|count[19] ; 20.000       ; -1.748     ; 5.654      ;
; 10.598 ; ddfs:inst15|sin_lut:lut_inst|altsyncram:rom_rtl_0|altsyncram_qm81:auto_generated|ram_block1a1~porta_address_reg9 ; VGA_R[8] ; ddfs:inst15|freq_divider_DDFS:f_div_inst|count[19] ; ddfs:inst15|freq_divider_DDFS:f_div_inst|count[19] ; 20.000       ; -1.748     ; 5.654      ;
; 10.645 ; ddfs:inst15|sin_lut:lut_inst|altsyncram:rom_rtl_0|altsyncram_qm81:auto_generated|ram_block1a1~porta_address_reg0 ; VGA_R[6] ; ddfs:inst15|freq_divider_DDFS:f_div_inst|count[19] ; ddfs:inst15|freq_divider_DDFS:f_div_inst|count[19] ; 20.000       ; -1.748     ; 5.607      ;
; 10.645 ; ddfs:inst15|sin_lut:lut_inst|altsyncram:rom_rtl_0|altsyncram_qm81:auto_generated|ram_block1a1~porta_address_reg1 ; VGA_R[6] ; ddfs:inst15|freq_divider_DDFS:f_div_inst|count[19] ; ddfs:inst15|freq_divider_DDFS:f_div_inst|count[19] ; 20.000       ; -1.748     ; 5.607      ;
; 10.645 ; ddfs:inst15|sin_lut:lut_inst|altsyncram:rom_rtl_0|altsyncram_qm81:auto_generated|ram_block1a1~porta_address_reg2 ; VGA_R[6] ; ddfs:inst15|freq_divider_DDFS:f_div_inst|count[19] ; ddfs:inst15|freq_divider_DDFS:f_div_inst|count[19] ; 20.000       ; -1.748     ; 5.607      ;
; 10.645 ; ddfs:inst15|sin_lut:lut_inst|altsyncram:rom_rtl_0|altsyncram_qm81:auto_generated|ram_block1a1~porta_address_reg3 ; VGA_R[6] ; ddfs:inst15|freq_divider_DDFS:f_div_inst|count[19] ; ddfs:inst15|freq_divider_DDFS:f_div_inst|count[19] ; 20.000       ; -1.748     ; 5.607      ;
; 10.645 ; ddfs:inst15|sin_lut:lut_inst|altsyncram:rom_rtl_0|altsyncram_qm81:auto_generated|ram_block1a1~porta_address_reg4 ; VGA_R[6] ; ddfs:inst15|freq_divider_DDFS:f_div_inst|count[19] ; ddfs:inst15|freq_divider_DDFS:f_div_inst|count[19] ; 20.000       ; -1.748     ; 5.607      ;
; 10.645 ; ddfs:inst15|sin_lut:lut_inst|altsyncram:rom_rtl_0|altsyncram_qm81:auto_generated|ram_block1a1~porta_address_reg5 ; VGA_R[6] ; ddfs:inst15|freq_divider_DDFS:f_div_inst|count[19] ; ddfs:inst15|freq_divider_DDFS:f_div_inst|count[19] ; 20.000       ; -1.748     ; 5.607      ;
; 10.645 ; ddfs:inst15|sin_lut:lut_inst|altsyncram:rom_rtl_0|altsyncram_qm81:auto_generated|ram_block1a1~porta_address_reg6 ; VGA_R[6] ; ddfs:inst15|freq_divider_DDFS:f_div_inst|count[19] ; ddfs:inst15|freq_divider_DDFS:f_div_inst|count[19] ; 20.000       ; -1.748     ; 5.607      ;
; 10.645 ; ddfs:inst15|sin_lut:lut_inst|altsyncram:rom_rtl_0|altsyncram_qm81:auto_generated|ram_block1a1~porta_address_reg7 ; VGA_R[6] ; ddfs:inst15|freq_divider_DDFS:f_div_inst|count[19] ; ddfs:inst15|freq_divider_DDFS:f_div_inst|count[19] ; 20.000       ; -1.748     ; 5.607      ;
; 10.645 ; ddfs:inst15|sin_lut:lut_inst|altsyncram:rom_rtl_0|altsyncram_qm81:auto_generated|ram_block1a1~porta_address_reg8 ; VGA_R[6] ; ddfs:inst15|freq_divider_DDFS:f_div_inst|count[19] ; ddfs:inst15|freq_divider_DDFS:f_div_inst|count[19] ; 20.000       ; -1.748     ; 5.607      ;
; 10.645 ; ddfs:inst15|sin_lut:lut_inst|altsyncram:rom_rtl_0|altsyncram_qm81:auto_generated|ram_block1a1~porta_address_reg9 ; VGA_R[6] ; ddfs:inst15|freq_divider_DDFS:f_div_inst|count[19] ; ddfs:inst15|freq_divider_DDFS:f_div_inst|count[19] ; 20.000       ; -1.748     ; 5.607      ;
; 10.661 ; ddfs:inst15|sin_lut:lut_inst|altsyncram:rom_rtl_0|altsyncram_qm81:auto_generated|ram_block1a1~porta_address_reg0 ; VGA_R[9] ; ddfs:inst15|freq_divider_DDFS:f_div_inst|count[19] ; ddfs:inst15|freq_divider_DDFS:f_div_inst|count[19] ; 20.000       ; -1.748     ; 5.591      ;
; 10.661 ; ddfs:inst15|sin_lut:lut_inst|altsyncram:rom_rtl_0|altsyncram_qm81:auto_generated|ram_block1a1~porta_address_reg1 ; VGA_R[9] ; ddfs:inst15|freq_divider_DDFS:f_div_inst|count[19] ; ddfs:inst15|freq_divider_DDFS:f_div_inst|count[19] ; 20.000       ; -1.748     ; 5.591      ;
; 10.661 ; ddfs:inst15|sin_lut:lut_inst|altsyncram:rom_rtl_0|altsyncram_qm81:auto_generated|ram_block1a1~porta_address_reg2 ; VGA_R[9] ; ddfs:inst15|freq_divider_DDFS:f_div_inst|count[19] ; ddfs:inst15|freq_divider_DDFS:f_div_inst|count[19] ; 20.000       ; -1.748     ; 5.591      ;
; 10.661 ; ddfs:inst15|sin_lut:lut_inst|altsyncram:rom_rtl_0|altsyncram_qm81:auto_generated|ram_block1a1~porta_address_reg3 ; VGA_R[9] ; ddfs:inst15|freq_divider_DDFS:f_div_inst|count[19] ; ddfs:inst15|freq_divider_DDFS:f_div_inst|count[19] ; 20.000       ; -1.748     ; 5.591      ;
; 10.661 ; ddfs:inst15|sin_lut:lut_inst|altsyncram:rom_rtl_0|altsyncram_qm81:auto_generated|ram_block1a1~porta_address_reg4 ; VGA_R[9] ; ddfs:inst15|freq_divider_DDFS:f_div_inst|count[19] ; ddfs:inst15|freq_divider_DDFS:f_div_inst|count[19] ; 20.000       ; -1.748     ; 5.591      ;
; 10.661 ; ddfs:inst15|sin_lut:lut_inst|altsyncram:rom_rtl_0|altsyncram_qm81:auto_generated|ram_block1a1~porta_address_reg5 ; VGA_R[9] ; ddfs:inst15|freq_divider_DDFS:f_div_inst|count[19] ; ddfs:inst15|freq_divider_DDFS:f_div_inst|count[19] ; 20.000       ; -1.748     ; 5.591      ;
; 10.661 ; ddfs:inst15|sin_lut:lut_inst|altsyncram:rom_rtl_0|altsyncram_qm81:auto_generated|ram_block1a1~porta_address_reg6 ; VGA_R[9] ; ddfs:inst15|freq_divider_DDFS:f_div_inst|count[19] ; ddfs:inst15|freq_divider_DDFS:f_div_inst|count[19] ; 20.000       ; -1.748     ; 5.591      ;
; 10.661 ; ddfs:inst15|sin_lut:lut_inst|altsyncram:rom_rtl_0|altsyncram_qm81:auto_generated|ram_block1a1~porta_address_reg7 ; VGA_R[9] ; ddfs:inst15|freq_divider_DDFS:f_div_inst|count[19] ; ddfs:inst15|freq_divider_DDFS:f_div_inst|count[19] ; 20.000       ; -1.748     ; 5.591      ;
; 10.661 ; ddfs:inst15|sin_lut:lut_inst|altsyncram:rom_rtl_0|altsyncram_qm81:auto_generated|ram_block1a1~porta_address_reg8 ; VGA_R[9] ; ddfs:inst15|freq_divider_DDFS:f_div_inst|count[19] ; ddfs:inst15|freq_divider_DDFS:f_div_inst|count[19] ; 20.000       ; -1.748     ; 5.591      ;
; 10.661 ; ddfs:inst15|sin_lut:lut_inst|altsyncram:rom_rtl_0|altsyncram_qm81:auto_generated|ram_block1a1~porta_address_reg9 ; VGA_R[9] ; ddfs:inst15|freq_divider_DDFS:f_div_inst|count[19] ; ddfs:inst15|freq_divider_DDFS:f_div_inst|count[19] ; 20.000       ; -1.748     ; 5.591      ;
; 10.670 ; ddfs:inst15|sin_lut:lut_inst|altsyncram:rom_rtl_0|altsyncram_qm81:auto_generated|ram_block1a4~porta_address_reg0 ; VGA_R[8] ; ddfs:inst15|freq_divider_DDFS:f_div_inst|count[19] ; ddfs:inst15|freq_divider_DDFS:f_div_inst|count[19] ; 20.000       ; -1.746     ; 5.584      ;
; 10.670 ; ddfs:inst15|sin_lut:lut_inst|altsyncram:rom_rtl_0|altsyncram_qm81:auto_generated|ram_block1a4~porta_address_reg1 ; VGA_R[8] ; ddfs:inst15|freq_divider_DDFS:f_div_inst|count[19] ; ddfs:inst15|freq_divider_DDFS:f_div_inst|count[19] ; 20.000       ; -1.746     ; 5.584      ;
; 10.670 ; ddfs:inst15|sin_lut:lut_inst|altsyncram:rom_rtl_0|altsyncram_qm81:auto_generated|ram_block1a4~porta_address_reg2 ; VGA_R[8] ; ddfs:inst15|freq_divider_DDFS:f_div_inst|count[19] ; ddfs:inst15|freq_divider_DDFS:f_div_inst|count[19] ; 20.000       ; -1.746     ; 5.584      ;
; 10.670 ; ddfs:inst15|sin_lut:lut_inst|altsyncram:rom_rtl_0|altsyncram_qm81:auto_generated|ram_block1a4~porta_address_reg3 ; VGA_R[8] ; ddfs:inst15|freq_divider_DDFS:f_div_inst|count[19] ; ddfs:inst15|freq_divider_DDFS:f_div_inst|count[19] ; 20.000       ; -1.746     ; 5.584      ;
; 10.670 ; ddfs:inst15|sin_lut:lut_inst|altsyncram:rom_rtl_0|altsyncram_qm81:auto_generated|ram_block1a4~porta_address_reg4 ; VGA_R[8] ; ddfs:inst15|freq_divider_DDFS:f_div_inst|count[19] ; ddfs:inst15|freq_divider_DDFS:f_div_inst|count[19] ; 20.000       ; -1.746     ; 5.584      ;
; 10.670 ; ddfs:inst15|sin_lut:lut_inst|altsyncram:rom_rtl_0|altsyncram_qm81:auto_generated|ram_block1a4~porta_address_reg5 ; VGA_R[8] ; ddfs:inst15|freq_divider_DDFS:f_div_inst|count[19] ; ddfs:inst15|freq_divider_DDFS:f_div_inst|count[19] ; 20.000       ; -1.746     ; 5.584      ;
; 10.670 ; ddfs:inst15|sin_lut:lut_inst|altsyncram:rom_rtl_0|altsyncram_qm81:auto_generated|ram_block1a4~porta_address_reg6 ; VGA_R[8] ; ddfs:inst15|freq_divider_DDFS:f_div_inst|count[19] ; ddfs:inst15|freq_divider_DDFS:f_div_inst|count[19] ; 20.000       ; -1.746     ; 5.584      ;
; 10.670 ; ddfs:inst15|sin_lut:lut_inst|altsyncram:rom_rtl_0|altsyncram_qm81:auto_generated|ram_block1a4~porta_address_reg7 ; VGA_R[8] ; ddfs:inst15|freq_divider_DDFS:f_div_inst|count[19] ; ddfs:inst15|freq_divider_DDFS:f_div_inst|count[19] ; 20.000       ; -1.746     ; 5.584      ;
; 10.670 ; ddfs:inst15|sin_lut:lut_inst|altsyncram:rom_rtl_0|altsyncram_qm81:auto_generated|ram_block1a4~porta_address_reg8 ; VGA_R[8] ; ddfs:inst15|freq_divider_DDFS:f_div_inst|count[19] ; ddfs:inst15|freq_divider_DDFS:f_div_inst|count[19] ; 20.000       ; -1.746     ; 5.584      ;
; 10.670 ; ddfs:inst15|sin_lut:lut_inst|altsyncram:rom_rtl_0|altsyncram_qm81:auto_generated|ram_block1a4~porta_address_reg9 ; VGA_R[8] ; ddfs:inst15|freq_divider_DDFS:f_div_inst|count[19] ; ddfs:inst15|freq_divider_DDFS:f_div_inst|count[19] ; 20.000       ; -1.746     ; 5.584      ;
; 10.699 ; ddfs:inst15|sin_lut:lut_inst|altsyncram:rom_rtl_0|altsyncram_qm81:auto_generated|ram_block1a1~porta_address_reg0 ; VGA_R[7] ; ddfs:inst15|freq_divider_DDFS:f_div_inst|count[19] ; ddfs:inst15|freq_divider_DDFS:f_div_inst|count[19] ; 20.000       ; -1.748     ; 5.553      ;
; 10.699 ; ddfs:inst15|sin_lut:lut_inst|altsyncram:rom_rtl_0|altsyncram_qm81:auto_generated|ram_block1a1~porta_address_reg1 ; VGA_R[7] ; ddfs:inst15|freq_divider_DDFS:f_div_inst|count[19] ; ddfs:inst15|freq_divider_DDFS:f_div_inst|count[19] ; 20.000       ; -1.748     ; 5.553      ;
; 10.699 ; ddfs:inst15|sin_lut:lut_inst|altsyncram:rom_rtl_0|altsyncram_qm81:auto_generated|ram_block1a1~porta_address_reg2 ; VGA_R[7] ; ddfs:inst15|freq_divider_DDFS:f_div_inst|count[19] ; ddfs:inst15|freq_divider_DDFS:f_div_inst|count[19] ; 20.000       ; -1.748     ; 5.553      ;
; 10.699 ; ddfs:inst15|sin_lut:lut_inst|altsyncram:rom_rtl_0|altsyncram_qm81:auto_generated|ram_block1a1~porta_address_reg3 ; VGA_R[7] ; ddfs:inst15|freq_divider_DDFS:f_div_inst|count[19] ; ddfs:inst15|freq_divider_DDFS:f_div_inst|count[19] ; 20.000       ; -1.748     ; 5.553      ;
; 10.699 ; ddfs:inst15|sin_lut:lut_inst|altsyncram:rom_rtl_0|altsyncram_qm81:auto_generated|ram_block1a1~porta_address_reg4 ; VGA_R[7] ; ddfs:inst15|freq_divider_DDFS:f_div_inst|count[19] ; ddfs:inst15|freq_divider_DDFS:f_div_inst|count[19] ; 20.000       ; -1.748     ; 5.553      ;
; 10.699 ; ddfs:inst15|sin_lut:lut_inst|altsyncram:rom_rtl_0|altsyncram_qm81:auto_generated|ram_block1a1~porta_address_reg5 ; VGA_R[7] ; ddfs:inst15|freq_divider_DDFS:f_div_inst|count[19] ; ddfs:inst15|freq_divider_DDFS:f_div_inst|count[19] ; 20.000       ; -1.748     ; 5.553      ;
; 10.699 ; ddfs:inst15|sin_lut:lut_inst|altsyncram:rom_rtl_0|altsyncram_qm81:auto_generated|ram_block1a1~porta_address_reg6 ; VGA_R[7] ; ddfs:inst15|freq_divider_DDFS:f_div_inst|count[19] ; ddfs:inst15|freq_divider_DDFS:f_div_inst|count[19] ; 20.000       ; -1.748     ; 5.553      ;
; 10.699 ; ddfs:inst15|sin_lut:lut_inst|altsyncram:rom_rtl_0|altsyncram_qm81:auto_generated|ram_block1a1~porta_address_reg7 ; VGA_R[7] ; ddfs:inst15|freq_divider_DDFS:f_div_inst|count[19] ; ddfs:inst15|freq_divider_DDFS:f_div_inst|count[19] ; 20.000       ; -1.748     ; 5.553      ;
; 10.699 ; ddfs:inst15|sin_lut:lut_inst|altsyncram:rom_rtl_0|altsyncram_qm81:auto_generated|ram_block1a1~porta_address_reg8 ; VGA_R[7] ; ddfs:inst15|freq_divider_DDFS:f_div_inst|count[19] ; ddfs:inst15|freq_divider_DDFS:f_div_inst|count[19] ; 20.000       ; -1.748     ; 5.553      ;
; 10.699 ; ddfs:inst15|sin_lut:lut_inst|altsyncram:rom_rtl_0|altsyncram_qm81:auto_generated|ram_block1a1~porta_address_reg9 ; VGA_R[7] ; ddfs:inst15|freq_divider_DDFS:f_div_inst|count[19] ; ddfs:inst15|freq_divider_DDFS:f_div_inst|count[19] ; 20.000       ; -1.748     ; 5.553      ;
; 10.717 ; ddfs:inst15|sin_lut:lut_inst|altsyncram:rom_rtl_0|altsyncram_qm81:auto_generated|ram_block1a4~porta_address_reg0 ; VGA_R[6] ; ddfs:inst15|freq_divider_DDFS:f_div_inst|count[19] ; ddfs:inst15|freq_divider_DDFS:f_div_inst|count[19] ; 20.000       ; -1.746     ; 5.537      ;
; 10.717 ; ddfs:inst15|sin_lut:lut_inst|altsyncram:rom_rtl_0|altsyncram_qm81:auto_generated|ram_block1a4~porta_address_reg1 ; VGA_R[6] ; ddfs:inst15|freq_divider_DDFS:f_div_inst|count[19] ; ddfs:inst15|freq_divider_DDFS:f_div_inst|count[19] ; 20.000       ; -1.746     ; 5.537      ;
; 10.717 ; ddfs:inst15|sin_lut:lut_inst|altsyncram:rom_rtl_0|altsyncram_qm81:auto_generated|ram_block1a4~porta_address_reg2 ; VGA_R[6] ; ddfs:inst15|freq_divider_DDFS:f_div_inst|count[19] ; ddfs:inst15|freq_divider_DDFS:f_div_inst|count[19] ; 20.000       ; -1.746     ; 5.537      ;
; 10.717 ; ddfs:inst15|sin_lut:lut_inst|altsyncram:rom_rtl_0|altsyncram_qm81:auto_generated|ram_block1a4~porta_address_reg3 ; VGA_R[6] ; ddfs:inst15|freq_divider_DDFS:f_div_inst|count[19] ; ddfs:inst15|freq_divider_DDFS:f_div_inst|count[19] ; 20.000       ; -1.746     ; 5.537      ;
; 10.717 ; ddfs:inst15|sin_lut:lut_inst|altsyncram:rom_rtl_0|altsyncram_qm81:auto_generated|ram_block1a4~porta_address_reg4 ; VGA_R[6] ; ddfs:inst15|freq_divider_DDFS:f_div_inst|count[19] ; ddfs:inst15|freq_divider_DDFS:f_div_inst|count[19] ; 20.000       ; -1.746     ; 5.537      ;
; 10.717 ; ddfs:inst15|sin_lut:lut_inst|altsyncram:rom_rtl_0|altsyncram_qm81:auto_generated|ram_block1a4~porta_address_reg5 ; VGA_R[6] ; ddfs:inst15|freq_divider_DDFS:f_div_inst|count[19] ; ddfs:inst15|freq_divider_DDFS:f_div_inst|count[19] ; 20.000       ; -1.746     ; 5.537      ;
; 10.717 ; ddfs:inst15|sin_lut:lut_inst|altsyncram:rom_rtl_0|altsyncram_qm81:auto_generated|ram_block1a4~porta_address_reg6 ; VGA_R[6] ; ddfs:inst15|freq_divider_DDFS:f_div_inst|count[19] ; ddfs:inst15|freq_divider_DDFS:f_div_inst|count[19] ; 20.000       ; -1.746     ; 5.537      ;
; 10.717 ; ddfs:inst15|sin_lut:lut_inst|altsyncram:rom_rtl_0|altsyncram_qm81:auto_generated|ram_block1a4~porta_address_reg7 ; VGA_R[6] ; ddfs:inst15|freq_divider_DDFS:f_div_inst|count[19] ; ddfs:inst15|freq_divider_DDFS:f_div_inst|count[19] ; 20.000       ; -1.746     ; 5.537      ;
; 10.717 ; ddfs:inst15|sin_lut:lut_inst|altsyncram:rom_rtl_0|altsyncram_qm81:auto_generated|ram_block1a4~porta_address_reg8 ; VGA_R[6] ; ddfs:inst15|freq_divider_DDFS:f_div_inst|count[19] ; ddfs:inst15|freq_divider_DDFS:f_div_inst|count[19] ; 20.000       ; -1.746     ; 5.537      ;
; 10.717 ; ddfs:inst15|sin_lut:lut_inst|altsyncram:rom_rtl_0|altsyncram_qm81:auto_generated|ram_block1a4~porta_address_reg9 ; VGA_R[6] ; ddfs:inst15|freq_divider_DDFS:f_div_inst|count[19] ; ddfs:inst15|freq_divider_DDFS:f_div_inst|count[19] ; 20.000       ; -1.746     ; 5.537      ;
; 10.733 ; ddfs:inst15|sin_lut:lut_inst|altsyncram:rom_rtl_0|altsyncram_qm81:auto_generated|ram_block1a4~porta_address_reg0 ; VGA_R[9] ; ddfs:inst15|freq_divider_DDFS:f_div_inst|count[19] ; ddfs:inst15|freq_divider_DDFS:f_div_inst|count[19] ; 20.000       ; -1.746     ; 5.521      ;
; 10.733 ; ddfs:inst15|sin_lut:lut_inst|altsyncram:rom_rtl_0|altsyncram_qm81:auto_generated|ram_block1a4~porta_address_reg1 ; VGA_R[9] ; ddfs:inst15|freq_divider_DDFS:f_div_inst|count[19] ; ddfs:inst15|freq_divider_DDFS:f_div_inst|count[19] ; 20.000       ; -1.746     ; 5.521      ;
; 10.733 ; ddfs:inst15|sin_lut:lut_inst|altsyncram:rom_rtl_0|altsyncram_qm81:auto_generated|ram_block1a4~porta_address_reg2 ; VGA_R[9] ; ddfs:inst15|freq_divider_DDFS:f_div_inst|count[19] ; ddfs:inst15|freq_divider_DDFS:f_div_inst|count[19] ; 20.000       ; -1.746     ; 5.521      ;
; 10.733 ; ddfs:inst15|sin_lut:lut_inst|altsyncram:rom_rtl_0|altsyncram_qm81:auto_generated|ram_block1a4~porta_address_reg3 ; VGA_R[9] ; ddfs:inst15|freq_divider_DDFS:f_div_inst|count[19] ; ddfs:inst15|freq_divider_DDFS:f_div_inst|count[19] ; 20.000       ; -1.746     ; 5.521      ;
; 10.733 ; ddfs:inst15|sin_lut:lut_inst|altsyncram:rom_rtl_0|altsyncram_qm81:auto_generated|ram_block1a4~porta_address_reg4 ; VGA_R[9] ; ddfs:inst15|freq_divider_DDFS:f_div_inst|count[19] ; ddfs:inst15|freq_divider_DDFS:f_div_inst|count[19] ; 20.000       ; -1.746     ; 5.521      ;
; 10.733 ; ddfs:inst15|sin_lut:lut_inst|altsyncram:rom_rtl_0|altsyncram_qm81:auto_generated|ram_block1a4~porta_address_reg5 ; VGA_R[9] ; ddfs:inst15|freq_divider_DDFS:f_div_inst|count[19] ; ddfs:inst15|freq_divider_DDFS:f_div_inst|count[19] ; 20.000       ; -1.746     ; 5.521      ;
; 10.733 ; ddfs:inst15|sin_lut:lut_inst|altsyncram:rom_rtl_0|altsyncram_qm81:auto_generated|ram_block1a4~porta_address_reg6 ; VGA_R[9] ; ddfs:inst15|freq_divider_DDFS:f_div_inst|count[19] ; ddfs:inst15|freq_divider_DDFS:f_div_inst|count[19] ; 20.000       ; -1.746     ; 5.521      ;
; 10.733 ; ddfs:inst15|sin_lut:lut_inst|altsyncram:rom_rtl_0|altsyncram_qm81:auto_generated|ram_block1a4~porta_address_reg7 ; VGA_R[9] ; ddfs:inst15|freq_divider_DDFS:f_div_inst|count[19] ; ddfs:inst15|freq_divider_DDFS:f_div_inst|count[19] ; 20.000       ; -1.746     ; 5.521      ;
; 10.733 ; ddfs:inst15|sin_lut:lut_inst|altsyncram:rom_rtl_0|altsyncram_qm81:auto_generated|ram_block1a4~porta_address_reg8 ; VGA_R[9] ; ddfs:inst15|freq_divider_DDFS:f_div_inst|count[19] ; ddfs:inst15|freq_divider_DDFS:f_div_inst|count[19] ; 20.000       ; -1.746     ; 5.521      ;
; 10.733 ; ddfs:inst15|sin_lut:lut_inst|altsyncram:rom_rtl_0|altsyncram_qm81:auto_generated|ram_block1a4~porta_address_reg9 ; VGA_R[9] ; ddfs:inst15|freq_divider_DDFS:f_div_inst|count[19] ; ddfs:inst15|freq_divider_DDFS:f_div_inst|count[19] ; 20.000       ; -1.746     ; 5.521      ;
; 10.771 ; ddfs:inst15|sin_lut:lut_inst|altsyncram:rom_rtl_0|altsyncram_qm81:auto_generated|ram_block1a4~porta_address_reg0 ; VGA_R[7] ; ddfs:inst15|freq_divider_DDFS:f_div_inst|count[19] ; ddfs:inst15|freq_divider_DDFS:f_div_inst|count[19] ; 20.000       ; -1.746     ; 5.483      ;
; 10.771 ; ddfs:inst15|sin_lut:lut_inst|altsyncram:rom_rtl_0|altsyncram_qm81:auto_generated|ram_block1a4~porta_address_reg1 ; VGA_R[7] ; ddfs:inst15|freq_divider_DDFS:f_div_inst|count[19] ; ddfs:inst15|freq_divider_DDFS:f_div_inst|count[19] ; 20.000       ; -1.746     ; 5.483      ;
; 10.771 ; ddfs:inst15|sin_lut:lut_inst|altsyncram:rom_rtl_0|altsyncram_qm81:auto_generated|ram_block1a4~porta_address_reg2 ; VGA_R[7] ; ddfs:inst15|freq_divider_DDFS:f_div_inst|count[19] ; ddfs:inst15|freq_divider_DDFS:f_div_inst|count[19] ; 20.000       ; -1.746     ; 5.483      ;
; 10.771 ; ddfs:inst15|sin_lut:lut_inst|altsyncram:rom_rtl_0|altsyncram_qm81:auto_generated|ram_block1a4~porta_address_reg3 ; VGA_R[7] ; ddfs:inst15|freq_divider_DDFS:f_div_inst|count[19] ; ddfs:inst15|freq_divider_DDFS:f_div_inst|count[19] ; 20.000       ; -1.746     ; 5.483      ;
; 10.771 ; ddfs:inst15|sin_lut:lut_inst|altsyncram:rom_rtl_0|altsyncram_qm81:auto_generated|ram_block1a4~porta_address_reg4 ; VGA_R[7] ; ddfs:inst15|freq_divider_DDFS:f_div_inst|count[19] ; ddfs:inst15|freq_divider_DDFS:f_div_inst|count[19] ; 20.000       ; -1.746     ; 5.483      ;
; 10.771 ; ddfs:inst15|sin_lut:lut_inst|altsyncram:rom_rtl_0|altsyncram_qm81:auto_generated|ram_block1a4~porta_address_reg5 ; VGA_R[7] ; ddfs:inst15|freq_divider_DDFS:f_div_inst|count[19] ; ddfs:inst15|freq_divider_DDFS:f_div_inst|count[19] ; 20.000       ; -1.746     ; 5.483      ;
; 10.771 ; ddfs:inst15|sin_lut:lut_inst|altsyncram:rom_rtl_0|altsyncram_qm81:auto_generated|ram_block1a4~porta_address_reg6 ; VGA_R[7] ; ddfs:inst15|freq_divider_DDFS:f_div_inst|count[19] ; ddfs:inst15|freq_divider_DDFS:f_div_inst|count[19] ; 20.000       ; -1.746     ; 5.483      ;
; 10.771 ; ddfs:inst15|sin_lut:lut_inst|altsyncram:rom_rtl_0|altsyncram_qm81:auto_generated|ram_block1a4~porta_address_reg7 ; VGA_R[7] ; ddfs:inst15|freq_divider_DDFS:f_div_inst|count[19] ; ddfs:inst15|freq_divider_DDFS:f_div_inst|count[19] ; 20.000       ; -1.746     ; 5.483      ;
; 10.771 ; ddfs:inst15|sin_lut:lut_inst|altsyncram:rom_rtl_0|altsyncram_qm81:auto_generated|ram_block1a4~porta_address_reg8 ; VGA_R[7] ; ddfs:inst15|freq_divider_DDFS:f_div_inst|count[19] ; ddfs:inst15|freq_divider_DDFS:f_div_inst|count[19] ; 20.000       ; -1.746     ; 5.483      ;
; 10.771 ; ddfs:inst15|sin_lut:lut_inst|altsyncram:rom_rtl_0|altsyncram_qm81:auto_generated|ram_block1a4~porta_address_reg9 ; VGA_R[7] ; ddfs:inst15|freq_divider_DDFS:f_div_inst|count[19] ; ddfs:inst15|freq_divider_DDFS:f_div_inst|count[19] ; 20.000       ; -1.746     ; 5.483      ;
; 10.852 ; ddfs:inst15|sin_lut:lut_inst|altsyncram:rom_rtl_0|altsyncram_qm81:auto_generated|ram_block1a1~porta_address_reg0 ; VGA_R[5] ; ddfs:inst15|freq_divider_DDFS:f_div_inst|count[19] ; ddfs:inst15|freq_divider_DDFS:f_div_inst|count[19] ; 20.000       ; -1.748     ; 5.400      ;
; 10.852 ; ddfs:inst15|sin_lut:lut_inst|altsyncram:rom_rtl_0|altsyncram_qm81:auto_generated|ram_block1a1~porta_address_reg1 ; VGA_R[5] ; ddfs:inst15|freq_divider_DDFS:f_div_inst|count[19] ; ddfs:inst15|freq_divider_DDFS:f_div_inst|count[19] ; 20.000       ; -1.748     ; 5.400      ;
; 10.852 ; ddfs:inst15|sin_lut:lut_inst|altsyncram:rom_rtl_0|altsyncram_qm81:auto_generated|ram_block1a1~porta_address_reg2 ; VGA_R[5] ; ddfs:inst15|freq_divider_DDFS:f_div_inst|count[19] ; ddfs:inst15|freq_divider_DDFS:f_div_inst|count[19] ; 20.000       ; -1.748     ; 5.400      ;
; 10.852 ; ddfs:inst15|sin_lut:lut_inst|altsyncram:rom_rtl_0|altsyncram_qm81:auto_generated|ram_block1a1~porta_address_reg3 ; VGA_R[5] ; ddfs:inst15|freq_divider_DDFS:f_div_inst|count[19] ; ddfs:inst15|freq_divider_DDFS:f_div_inst|count[19] ; 20.000       ; -1.748     ; 5.400      ;
; 10.852 ; ddfs:inst15|sin_lut:lut_inst|altsyncram:rom_rtl_0|altsyncram_qm81:auto_generated|ram_block1a1~porta_address_reg4 ; VGA_R[5] ; ddfs:inst15|freq_divider_DDFS:f_div_inst|count[19] ; ddfs:inst15|freq_divider_DDFS:f_div_inst|count[19] ; 20.000       ; -1.748     ; 5.400      ;
; 10.852 ; ddfs:inst15|sin_lut:lut_inst|altsyncram:rom_rtl_0|altsyncram_qm81:auto_generated|ram_block1a1~porta_address_reg5 ; VGA_R[5] ; ddfs:inst15|freq_divider_DDFS:f_div_inst|count[19] ; ddfs:inst15|freq_divider_DDFS:f_div_inst|count[19] ; 20.000       ; -1.748     ; 5.400      ;
; 10.852 ; ddfs:inst15|sin_lut:lut_inst|altsyncram:rom_rtl_0|altsyncram_qm81:auto_generated|ram_block1a1~porta_address_reg6 ; VGA_R[5] ; ddfs:inst15|freq_divider_DDFS:f_div_inst|count[19] ; ddfs:inst15|freq_divider_DDFS:f_div_inst|count[19] ; 20.000       ; -1.748     ; 5.400      ;
; 10.852 ; ddfs:inst15|sin_lut:lut_inst|altsyncram:rom_rtl_0|altsyncram_qm81:auto_generated|ram_block1a1~porta_address_reg7 ; VGA_R[5] ; ddfs:inst15|freq_divider_DDFS:f_div_inst|count[19] ; ddfs:inst15|freq_divider_DDFS:f_div_inst|count[19] ; 20.000       ; -1.748     ; 5.400      ;
; 10.852 ; ddfs:inst15|sin_lut:lut_inst|altsyncram:rom_rtl_0|altsyncram_qm81:auto_generated|ram_block1a1~porta_address_reg8 ; VGA_R[5] ; ddfs:inst15|freq_divider_DDFS:f_div_inst|count[19] ; ddfs:inst15|freq_divider_DDFS:f_div_inst|count[19] ; 20.000       ; -1.748     ; 5.400      ;
; 10.852 ; ddfs:inst15|sin_lut:lut_inst|altsyncram:rom_rtl_0|altsyncram_qm81:auto_generated|ram_block1a1~porta_address_reg9 ; VGA_R[5] ; ddfs:inst15|freq_divider_DDFS:f_div_inst|count[19] ; ddfs:inst15|freq_divider_DDFS:f_div_inst|count[19] ; 20.000       ; -1.748     ; 5.400      ;
; 10.893 ; ddfs:inst15|sin_lut:lut_inst|altsyncram:rom_rtl_0|altsyncram_qm81:auto_generated|ram_block1a8~porta_address_reg0 ; VGA_R[8] ; ddfs:inst15|freq_divider_DDFS:f_div_inst|count[19] ; ddfs:inst15|freq_divider_DDFS:f_div_inst|count[19] ; 20.000       ; -1.749     ; 5.358      ;
; 10.893 ; ddfs:inst15|sin_lut:lut_inst|altsyncram:rom_rtl_0|altsyncram_qm81:auto_generated|ram_block1a8~porta_address_reg1 ; VGA_R[8] ; ddfs:inst15|freq_divider_DDFS:f_div_inst|count[19] ; ddfs:inst15|freq_divider_DDFS:f_div_inst|count[19] ; 20.000       ; -1.749     ; 5.358      ;
; 10.893 ; ddfs:inst15|sin_lut:lut_inst|altsyncram:rom_rtl_0|altsyncram_qm81:auto_generated|ram_block1a8~porta_address_reg2 ; VGA_R[8] ; ddfs:inst15|freq_divider_DDFS:f_div_inst|count[19] ; ddfs:inst15|freq_divider_DDFS:f_div_inst|count[19] ; 20.000       ; -1.749     ; 5.358      ;
; 10.893 ; ddfs:inst15|sin_lut:lut_inst|altsyncram:rom_rtl_0|altsyncram_qm81:auto_generated|ram_block1a8~porta_address_reg3 ; VGA_R[8] ; ddfs:inst15|freq_divider_DDFS:f_div_inst|count[19] ; ddfs:inst15|freq_divider_DDFS:f_div_inst|count[19] ; 20.000       ; -1.749     ; 5.358      ;
; 10.893 ; ddfs:inst15|sin_lut:lut_inst|altsyncram:rom_rtl_0|altsyncram_qm81:auto_generated|ram_block1a8~porta_address_reg4 ; VGA_R[8] ; ddfs:inst15|freq_divider_DDFS:f_div_inst|count[19] ; ddfs:inst15|freq_divider_DDFS:f_div_inst|count[19] ; 20.000       ; -1.749     ; 5.358      ;
; 10.893 ; ddfs:inst15|sin_lut:lut_inst|altsyncram:rom_rtl_0|altsyncram_qm81:auto_generated|ram_block1a8~porta_address_reg5 ; VGA_R[8] ; ddfs:inst15|freq_divider_DDFS:f_div_inst|count[19] ; ddfs:inst15|freq_divider_DDFS:f_div_inst|count[19] ; 20.000       ; -1.749     ; 5.358      ;
; 10.893 ; ddfs:inst15|sin_lut:lut_inst|altsyncram:rom_rtl_0|altsyncram_qm81:auto_generated|ram_block1a8~porta_address_reg6 ; VGA_R[8] ; ddfs:inst15|freq_divider_DDFS:f_div_inst|count[19] ; ddfs:inst15|freq_divider_DDFS:f_div_inst|count[19] ; 20.000       ; -1.749     ; 5.358      ;
; 10.893 ; ddfs:inst15|sin_lut:lut_inst|altsyncram:rom_rtl_0|altsyncram_qm81:auto_generated|ram_block1a8~porta_address_reg7 ; VGA_R[8] ; ddfs:inst15|freq_divider_DDFS:f_div_inst|count[19] ; ddfs:inst15|freq_divider_DDFS:f_div_inst|count[19] ; 20.000       ; -1.749     ; 5.358      ;
; 10.893 ; ddfs:inst15|sin_lut:lut_inst|altsyncram:rom_rtl_0|altsyncram_qm81:auto_generated|ram_block1a8~porta_address_reg8 ; VGA_R[8] ; ddfs:inst15|freq_divider_DDFS:f_div_inst|count[19] ; ddfs:inst15|freq_divider_DDFS:f_div_inst|count[19] ; 20.000       ; -1.749     ; 5.358      ;
+--------+------------------------------------------------------------------------------------------------------------------+----------+----------------------------------------------------+----------------------------------------------------+--------------+------------+------------+


+-------------------------------------------------------------------------------------------------------------------------------------------------------------------------------------------------------------------------------+
; Fast Model Setup: 'inst|altpll_component|pll|clk[0]'                                                                                                                                                                          ;
+-------+---------------------------------------------------+----------------------------------------------------+----------------------------------+----------------------------------+--------------+------------+------------+
; Slack ; From Node                                         ; To Node                                            ; Launch Clock                     ; Latch Clock                      ; Relationship ; Clock Skew ; Data Delay ;
+-------+---------------------------------------------------+----------------------------------------------------+----------------------------------+----------------------------------+--------------+------------+------------+
; 6.783 ; metastab_3xdff:inst4|freq_control_sync[2]         ; ddfs:inst15|freq_divider_DDFS:f_div_inst|count[8]  ; inst|altpll_component|pll|clk[0] ; inst|altpll_component|pll|clk[0] ; 10.000       ; -0.005     ; 3.244      ;
; 6.783 ; metastab_3xdff:inst4|freq_control_sync[2]         ; ddfs:inst15|freq_divider_DDFS:f_div_inst|count[9]  ; inst|altpll_component|pll|clk[0] ; inst|altpll_component|pll|clk[0] ; 10.000       ; -0.005     ; 3.244      ;
; 6.784 ; metastab_3xdff:inst4|freq_control_sync[2]         ; ddfs:inst15|freq_divider_DDFS:f_div_inst|count[3]  ; inst|altpll_component|pll|clk[0] ; inst|altpll_component|pll|clk[0] ; 10.000       ; -0.005     ; 3.243      ;
; 6.784 ; metastab_3xdff:inst4|freq_control_sync[2]         ; ddfs:inst15|freq_divider_DDFS:f_div_inst|count[5]  ; inst|altpll_component|pll|clk[0] ; inst|altpll_component|pll|clk[0] ; 10.000       ; -0.005     ; 3.243      ;
; 6.786 ; metastab_3xdff:inst4|freq_control_sync[2]         ; ddfs:inst15|freq_divider_DDFS:f_div_inst|count[0]  ; inst|altpll_component|pll|clk[0] ; inst|altpll_component|pll|clk[0] ; 10.000       ; -0.005     ; 3.241      ;
; 6.786 ; metastab_3xdff:inst4|freq_control_sync[2]         ; ddfs:inst15|freq_divider_DDFS:f_div_inst|count[1]  ; inst|altpll_component|pll|clk[0] ; inst|altpll_component|pll|clk[0] ; 10.000       ; -0.005     ; 3.241      ;
; 6.796 ; metastab_3xdff:inst4|freq_control_sync[1]         ; ddfs:inst15|freq_divider_DDFS:f_div_inst|count[8]  ; inst|altpll_component|pll|clk[0] ; inst|altpll_component|pll|clk[0] ; 10.000       ; -0.001     ; 3.235      ;
; 6.796 ; metastab_3xdff:inst4|freq_control_sync[1]         ; ddfs:inst15|freq_divider_DDFS:f_div_inst|count[9]  ; inst|altpll_component|pll|clk[0] ; inst|altpll_component|pll|clk[0] ; 10.000       ; -0.001     ; 3.235      ;
; 6.797 ; metastab_3xdff:inst4|freq_control_sync[1]         ; ddfs:inst15|freq_divider_DDFS:f_div_inst|count[3]  ; inst|altpll_component|pll|clk[0] ; inst|altpll_component|pll|clk[0] ; 10.000       ; -0.001     ; 3.234      ;
; 6.797 ; metastab_3xdff:inst4|freq_control_sync[1]         ; ddfs:inst15|freq_divider_DDFS:f_div_inst|count[5]  ; inst|altpll_component|pll|clk[0] ; inst|altpll_component|pll|clk[0] ; 10.000       ; -0.001     ; 3.234      ;
; 6.799 ; metastab_3xdff:inst4|freq_control_sync[1]         ; ddfs:inst15|freq_divider_DDFS:f_div_inst|count[0]  ; inst|altpll_component|pll|clk[0] ; inst|altpll_component|pll|clk[0] ; 10.000       ; -0.001     ; 3.232      ;
; 6.799 ; metastab_3xdff:inst4|freq_control_sync[1]         ; ddfs:inst15|freq_divider_DDFS:f_div_inst|count[1]  ; inst|altpll_component|pll|clk[0] ; inst|altpll_component|pll|clk[0] ; 10.000       ; -0.001     ; 3.232      ;
; 6.840 ; metastab_3xdff:inst4|freq_control_sync[2]         ; ddfs:inst15|freq_divider_DDFS:f_div_inst|count[15] ; inst|altpll_component|pll|clk[0] ; inst|altpll_component|pll|clk[0] ; 10.000       ; 0.000      ; 3.192      ;
; 6.853 ; metastab_3xdff:inst4|freq_control_sync[1]         ; ddfs:inst15|freq_divider_DDFS:f_div_inst|count[15] ; inst|altpll_component|pll|clk[0] ; inst|altpll_component|pll|clk[0] ; 10.000       ; 0.004      ; 3.183      ;
; 6.860 ; metastab_3xdff:inst4|freq_control_sync[0]         ; ddfs:inst15|freq_divider_DDFS:f_div_inst|count[8]  ; inst|altpll_component|pll|clk[0] ; inst|altpll_component|pll|clk[0] ; 10.000       ; -0.005     ; 3.167      ;
; 6.860 ; metastab_3xdff:inst4|freq_control_sync[0]         ; ddfs:inst15|freq_divider_DDFS:f_div_inst|count[9]  ; inst|altpll_component|pll|clk[0] ; inst|altpll_component|pll|clk[0] ; 10.000       ; -0.005     ; 3.167      ;
; 6.861 ; metastab_3xdff:inst4|freq_control_sync[0]         ; ddfs:inst15|freq_divider_DDFS:f_div_inst|count[3]  ; inst|altpll_component|pll|clk[0] ; inst|altpll_component|pll|clk[0] ; 10.000       ; -0.005     ; 3.166      ;
; 6.861 ; metastab_3xdff:inst4|freq_control_sync[0]         ; ddfs:inst15|freq_divider_DDFS:f_div_inst|count[5]  ; inst|altpll_component|pll|clk[0] ; inst|altpll_component|pll|clk[0] ; 10.000       ; -0.005     ; 3.166      ;
; 6.863 ; metastab_3xdff:inst4|freq_control_sync[0]         ; ddfs:inst15|freq_divider_DDFS:f_div_inst|count[0]  ; inst|altpll_component|pll|clk[0] ; inst|altpll_component|pll|clk[0] ; 10.000       ; -0.005     ; 3.164      ;
; 6.863 ; metastab_3xdff:inst4|freq_control_sync[0]         ; ddfs:inst15|freq_divider_DDFS:f_div_inst|count[1]  ; inst|altpll_component|pll|clk[0] ; inst|altpll_component|pll|clk[0] ; 10.000       ; -0.005     ; 3.164      ;
; 6.900 ; metastab_3xdff:inst4|freq_control_sync[2]         ; ddfs:inst15|freq_divider_DDFS:f_div_inst|count[2]  ; inst|altpll_component|pll|clk[0] ; inst|altpll_component|pll|clk[0] ; 10.000       ; -0.004     ; 3.128      ;
; 6.900 ; metastab_3xdff:inst4|freq_control_sync[2]         ; ddfs:inst15|freq_divider_DDFS:f_div_inst|count[6]  ; inst|altpll_component|pll|clk[0] ; inst|altpll_component|pll|clk[0] ; 10.000       ; -0.004     ; 3.128      ;
; 6.913 ; metastab_3xdff:inst4|freq_control_sync[1]         ; ddfs:inst15|freq_divider_DDFS:f_div_inst|count[2]  ; inst|altpll_component|pll|clk[0] ; inst|altpll_component|pll|clk[0] ; 10.000       ; 0.000      ; 3.119      ;
; 6.913 ; metastab_3xdff:inst4|freq_control_sync[1]         ; ddfs:inst15|freq_divider_DDFS:f_div_inst|count[6]  ; inst|altpll_component|pll|clk[0] ; inst|altpll_component|pll|clk[0] ; 10.000       ; 0.000      ; 3.119      ;
; 6.917 ; metastab_3xdff:inst4|freq_control_sync[0]         ; ddfs:inst15|freq_divider_DDFS:f_div_inst|count[15] ; inst|altpll_component|pll|clk[0] ; inst|altpll_component|pll|clk[0] ; 10.000       ; 0.000      ; 3.115      ;
; 6.932 ; metastab_3xdff:inst4|freq_control_sync[2]         ; ddfs:inst15|freq_divider_DDFS:f_div_inst|count[18] ; inst|altpll_component|pll|clk[0] ; inst|altpll_component|pll|clk[0] ; 10.000       ; -0.001     ; 3.099      ;
; 6.945 ; metastab_3xdff:inst4|freq_control_sync[1]         ; ddfs:inst15|freq_divider_DDFS:f_div_inst|count[18] ; inst|altpll_component|pll|clk[0] ; inst|altpll_component|pll|clk[0] ; 10.000       ; 0.003      ; 3.090      ;
; 6.977 ; metastab_3xdff:inst4|freq_control_sync[0]         ; ddfs:inst15|freq_divider_DDFS:f_div_inst|count[2]  ; inst|altpll_component|pll|clk[0] ; inst|altpll_component|pll|clk[0] ; 10.000       ; -0.004     ; 3.051      ;
; 6.977 ; metastab_3xdff:inst4|freq_control_sync[0]         ; ddfs:inst15|freq_divider_DDFS:f_div_inst|count[6]  ; inst|altpll_component|pll|clk[0] ; inst|altpll_component|pll|clk[0] ; 10.000       ; -0.004     ; 3.051      ;
; 7.009 ; metastab_3xdff:inst4|freq_control_sync[0]         ; ddfs:inst15|freq_divider_DDFS:f_div_inst|count[18] ; inst|altpll_component|pll|clk[0] ; inst|altpll_component|pll|clk[0] ; 10.000       ; -0.001     ; 3.022      ;
; 7.029 ; metastab_3xdff:inst4|freq_control_sync[2]         ; ddfs:inst15|freq_divider_DDFS:f_div_inst|count[13] ; inst|altpll_component|pll|clk[0] ; inst|altpll_component|pll|clk[0] ; 10.000       ; -0.001     ; 3.002      ;
; 7.042 ; metastab_3xdff:inst4|freq_control_sync[1]         ; ddfs:inst15|freq_divider_DDFS:f_div_inst|count[13] ; inst|altpll_component|pll|clk[0] ; inst|altpll_component|pll|clk[0] ; 10.000       ; 0.003      ; 2.993      ;
; 7.106 ; metastab_3xdff:inst4|freq_control_sync[0]         ; ddfs:inst15|freq_divider_DDFS:f_div_inst|count[13] ; inst|altpll_component|pll|clk[0] ; inst|altpll_component|pll|clk[0] ; 10.000       ; -0.001     ; 2.925      ;
; 7.147 ; metastab_3xdff:inst4|freq_control_sync[2]         ; ddfs:inst15|freq_divider_DDFS:f_div_inst|count[16] ; inst|altpll_component|pll|clk[0] ; inst|altpll_component|pll|clk[0] ; 10.000       ; -0.001     ; 2.884      ;
; 7.147 ; metastab_3xdff:inst4|freq_control_sync[2]         ; ddfs:inst15|freq_divider_DDFS:f_div_inst|count[17] ; inst|altpll_component|pll|clk[0] ; inst|altpll_component|pll|clk[0] ; 10.000       ; -0.001     ; 2.884      ;
; 7.160 ; metastab_3xdff:inst4|freq_control_sync[1]         ; ddfs:inst15|freq_divider_DDFS:f_div_inst|count[16] ; inst|altpll_component|pll|clk[0] ; inst|altpll_component|pll|clk[0] ; 10.000       ; 0.003      ; 2.875      ;
; 7.160 ; metastab_3xdff:inst4|freq_control_sync[1]         ; ddfs:inst15|freq_divider_DDFS:f_div_inst|count[17] ; inst|altpll_component|pll|clk[0] ; inst|altpll_component|pll|clk[0] ; 10.000       ; 0.003      ; 2.875      ;
; 7.196 ; metastab_3xdff:inst4|freq_control_sync[2]         ; ddfs:inst15|freq_divider_DDFS:f_div_inst|count[11] ; inst|altpll_component|pll|clk[0] ; inst|altpll_component|pll|clk[0] ; 10.000       ; -0.001     ; 2.835      ;
; 7.199 ; metastab_3xdff:inst4|freq_control_sync[2]         ; ddfs:inst15|freq_divider_DDFS:f_div_inst|count[10] ; inst|altpll_component|pll|clk[0] ; inst|altpll_component|pll|clk[0] ; 10.000       ; -0.001     ; 2.832      ;
; 7.209 ; metastab_3xdff:inst4|freq_control_sync[1]         ; ddfs:inst15|freq_divider_DDFS:f_div_inst|count[11] ; inst|altpll_component|pll|clk[0] ; inst|altpll_component|pll|clk[0] ; 10.000       ; 0.003      ; 2.826      ;
; 7.212 ; metastab_3xdff:inst4|freq_control_sync[1]         ; ddfs:inst15|freq_divider_DDFS:f_div_inst|count[10] ; inst|altpll_component|pll|clk[0] ; inst|altpll_component|pll|clk[0] ; 10.000       ; 0.003      ; 2.823      ;
; 7.215 ; metastab_3xdff:inst4|freq_control_sync[2]         ; ddfs:inst15|freq_divider_DDFS:f_div_inst|count[14] ; inst|altpll_component|pll|clk[0] ; inst|altpll_component|pll|clk[0] ; 10.000       ; -0.001     ; 2.816      ;
; 7.217 ; metastab_3xdff:inst4|freq_control_sync[2]         ; ddfs:inst15|freq_divider_DDFS:f_div_inst|count[12] ; inst|altpll_component|pll|clk[0] ; inst|altpll_component|pll|clk[0] ; 10.000       ; -0.001     ; 2.814      ;
; 7.218 ; metastab_3xdff:inst4|freq_control_sync[2]         ; ddfs:inst15|freq_divider_DDFS:f_div_inst|count[7]  ; inst|altpll_component|pll|clk[0] ; inst|altpll_component|pll|clk[0] ; 10.000       ; -0.001     ; 2.813      ;
; 7.224 ; metastab_3xdff:inst4|freq_control_sync[0]         ; ddfs:inst15|freq_divider_DDFS:f_div_inst|count[16] ; inst|altpll_component|pll|clk[0] ; inst|altpll_component|pll|clk[0] ; 10.000       ; -0.001     ; 2.807      ;
; 7.224 ; metastab_3xdff:inst4|freq_control_sync[0]         ; ddfs:inst15|freq_divider_DDFS:f_div_inst|count[17] ; inst|altpll_component|pll|clk[0] ; inst|altpll_component|pll|clk[0] ; 10.000       ; -0.001     ; 2.807      ;
; 7.228 ; metastab_3xdff:inst4|freq_control_sync[1]         ; ddfs:inst15|freq_divider_DDFS:f_div_inst|count[14] ; inst|altpll_component|pll|clk[0] ; inst|altpll_component|pll|clk[0] ; 10.000       ; 0.003      ; 2.807      ;
; 7.230 ; metastab_3xdff:inst4|freq_control_sync[1]         ; ddfs:inst15|freq_divider_DDFS:f_div_inst|count[12] ; inst|altpll_component|pll|clk[0] ; inst|altpll_component|pll|clk[0] ; 10.000       ; 0.003      ; 2.805      ;
; 7.231 ; metastab_3xdff:inst4|freq_control_sync[1]         ; ddfs:inst15|freq_divider_DDFS:f_div_inst|count[7]  ; inst|altpll_component|pll|clk[0] ; inst|altpll_component|pll|clk[0] ; 10.000       ; 0.003      ; 2.804      ;
; 7.273 ; metastab_3xdff:inst4|freq_control_sync[0]         ; ddfs:inst15|freq_divider_DDFS:f_div_inst|count[11] ; inst|altpll_component|pll|clk[0] ; inst|altpll_component|pll|clk[0] ; 10.000       ; -0.001     ; 2.758      ;
; 7.276 ; metastab_3xdff:inst4|freq_control_sync[0]         ; ddfs:inst15|freq_divider_DDFS:f_div_inst|count[10] ; inst|altpll_component|pll|clk[0] ; inst|altpll_component|pll|clk[0] ; 10.000       ; -0.001     ; 2.755      ;
; 7.292 ; metastab_3xdff:inst4|freq_control_sync[0]         ; ddfs:inst15|freq_divider_DDFS:f_div_inst|count[14] ; inst|altpll_component|pll|clk[0] ; inst|altpll_component|pll|clk[0] ; 10.000       ; -0.001     ; 2.739      ;
; 7.294 ; metastab_3xdff:inst4|freq_control_sync[0]         ; ddfs:inst15|freq_divider_DDFS:f_div_inst|count[12] ; inst|altpll_component|pll|clk[0] ; inst|altpll_component|pll|clk[0] ; 10.000       ; -0.001     ; 2.737      ;
; 7.295 ; metastab_3xdff:inst4|freq_control_sync[0]         ; ddfs:inst15|freq_divider_DDFS:f_div_inst|count[7]  ; inst|altpll_component|pll|clk[0] ; inst|altpll_component|pll|clk[0] ; 10.000       ; -0.001     ; 2.736      ;
; 7.323 ; metastab_3xdff:inst4|freq_control_sync[2]         ; ddfs:inst15|freq_divider_DDFS:f_div_inst|count[4]  ; inst|altpll_component|pll|clk[0] ; inst|altpll_component|pll|clk[0] ; 10.000       ; -0.001     ; 2.708      ;
; 7.324 ; metastab_3xdff:inst4|freq_control_sync[2]         ; ddfs:inst15|freq_divider_DDFS:f_div_inst|count[19] ; inst|altpll_component|pll|clk[0] ; inst|altpll_component|pll|clk[0] ; 10.000       ; -0.001     ; 2.707      ;
; 7.336 ; metastab_3xdff:inst4|freq_control_sync[1]         ; ddfs:inst15|freq_divider_DDFS:f_div_inst|count[4]  ; inst|altpll_component|pll|clk[0] ; inst|altpll_component|pll|clk[0] ; 10.000       ; 0.003      ; 2.699      ;
; 7.337 ; metastab_3xdff:inst4|freq_control_sync[1]         ; ddfs:inst15|freq_divider_DDFS:f_div_inst|count[19] ; inst|altpll_component|pll|clk[0] ; inst|altpll_component|pll|clk[0] ; 10.000       ; 0.003      ; 2.698      ;
; 7.400 ; metastab_3xdff:inst4|freq_control_sync[0]         ; ddfs:inst15|freq_divider_DDFS:f_div_inst|count[4]  ; inst|altpll_component|pll|clk[0] ; inst|altpll_component|pll|clk[0] ; 10.000       ; -0.001     ; 2.631      ;
; 7.401 ; metastab_3xdff:inst4|freq_control_sync[0]         ; ddfs:inst15|freq_divider_DDFS:f_div_inst|count[19] ; inst|altpll_component|pll|clk[0] ; inst|altpll_component|pll|clk[0] ; 10.000       ; -0.001     ; 2.630      ;
; 7.750 ; ddfs:inst15|freq_divider_DDFS:f_div_inst|count[4] ; ddfs:inst15|freq_divider_DDFS:f_div_inst|count[8]  ; inst|altpll_component|pll|clk[0] ; inst|altpll_component|pll|clk[0] ; 10.000       ; -0.004     ; 2.278      ;
; 7.750 ; ddfs:inst15|freq_divider_DDFS:f_div_inst|count[4] ; ddfs:inst15|freq_divider_DDFS:f_div_inst|count[9]  ; inst|altpll_component|pll|clk[0] ; inst|altpll_component|pll|clk[0] ; 10.000       ; -0.004     ; 2.278      ;
; 7.751 ; ddfs:inst15|freq_divider_DDFS:f_div_inst|count[4] ; ddfs:inst15|freq_divider_DDFS:f_div_inst|count[3]  ; inst|altpll_component|pll|clk[0] ; inst|altpll_component|pll|clk[0] ; 10.000       ; -0.004     ; 2.277      ;
; 7.751 ; ddfs:inst15|freq_divider_DDFS:f_div_inst|count[4] ; ddfs:inst15|freq_divider_DDFS:f_div_inst|count[5]  ; inst|altpll_component|pll|clk[0] ; inst|altpll_component|pll|clk[0] ; 10.000       ; -0.004     ; 2.277      ;
; 7.753 ; ddfs:inst15|freq_divider_DDFS:f_div_inst|count[4] ; ddfs:inst15|freq_divider_DDFS:f_div_inst|count[0]  ; inst|altpll_component|pll|clk[0] ; inst|altpll_component|pll|clk[0] ; 10.000       ; -0.004     ; 2.275      ;
; 7.753 ; ddfs:inst15|freq_divider_DDFS:f_div_inst|count[4] ; ddfs:inst15|freq_divider_DDFS:f_div_inst|count[1]  ; inst|altpll_component|pll|clk[0] ; inst|altpll_component|pll|clk[0] ; 10.000       ; -0.004     ; 2.275      ;
; 7.773 ; ddfs:inst15|freq_divider_DDFS:f_div_inst|count[0] ; ddfs:inst15|freq_divider_DDFS:f_div_inst|count[8]  ; inst|altpll_component|pll|clk[0] ; inst|altpll_component|pll|clk[0] ; 10.000       ; 0.000      ; 2.259      ;
; 7.773 ; ddfs:inst15|freq_divider_DDFS:f_div_inst|count[0] ; ddfs:inst15|freq_divider_DDFS:f_div_inst|count[9]  ; inst|altpll_component|pll|clk[0] ; inst|altpll_component|pll|clk[0] ; 10.000       ; 0.000      ; 2.259      ;
; 7.774 ; ddfs:inst15|freq_divider_DDFS:f_div_inst|count[0] ; ddfs:inst15|freq_divider_DDFS:f_div_inst|count[3]  ; inst|altpll_component|pll|clk[0] ; inst|altpll_component|pll|clk[0] ; 10.000       ; 0.000      ; 2.258      ;
; 7.774 ; ddfs:inst15|freq_divider_DDFS:f_div_inst|count[0] ; ddfs:inst15|freq_divider_DDFS:f_div_inst|count[5]  ; inst|altpll_component|pll|clk[0] ; inst|altpll_component|pll|clk[0] ; 10.000       ; 0.000      ; 2.258      ;
; 7.776 ; ddfs:inst15|freq_divider_DDFS:f_div_inst|count[0] ; ddfs:inst15|freq_divider_DDFS:f_div_inst|count[0]  ; inst|altpll_component|pll|clk[0] ; inst|altpll_component|pll|clk[0] ; 10.000       ; 0.000      ; 2.256      ;
; 7.776 ; ddfs:inst15|freq_divider_DDFS:f_div_inst|count[0] ; ddfs:inst15|freq_divider_DDFS:f_div_inst|count[1]  ; inst|altpll_component|pll|clk[0] ; inst|altpll_component|pll|clk[0] ; 10.000       ; 0.000      ; 2.256      ;
; 7.807 ; ddfs:inst15|freq_divider_DDFS:f_div_inst|count[4] ; ddfs:inst15|freq_divider_DDFS:f_div_inst|count[15] ; inst|altpll_component|pll|clk[0] ; inst|altpll_component|pll|clk[0] ; 10.000       ; 0.001      ; 2.226      ;
; 7.814 ; ddfs:inst15|freq_divider_DDFS:f_div_inst|count[1] ; ddfs:inst15|freq_divider_DDFS:f_div_inst|count[8]  ; inst|altpll_component|pll|clk[0] ; inst|altpll_component|pll|clk[0] ; 10.000       ; 0.000      ; 2.218      ;
; 7.814 ; ddfs:inst15|freq_divider_DDFS:f_div_inst|count[1] ; ddfs:inst15|freq_divider_DDFS:f_div_inst|count[9]  ; inst|altpll_component|pll|clk[0] ; inst|altpll_component|pll|clk[0] ; 10.000       ; 0.000      ; 2.218      ;
; 7.815 ; ddfs:inst15|freq_divider_DDFS:f_div_inst|count[1] ; ddfs:inst15|freq_divider_DDFS:f_div_inst|count[3]  ; inst|altpll_component|pll|clk[0] ; inst|altpll_component|pll|clk[0] ; 10.000       ; 0.000      ; 2.217      ;
; 7.815 ; ddfs:inst15|freq_divider_DDFS:f_div_inst|count[1] ; ddfs:inst15|freq_divider_DDFS:f_div_inst|count[5]  ; inst|altpll_component|pll|clk[0] ; inst|altpll_component|pll|clk[0] ; 10.000       ; 0.000      ; 2.217      ;
; 7.817 ; ddfs:inst15|freq_divider_DDFS:f_div_inst|count[1] ; ddfs:inst15|freq_divider_DDFS:f_div_inst|count[0]  ; inst|altpll_component|pll|clk[0] ; inst|altpll_component|pll|clk[0] ; 10.000       ; 0.000      ; 2.215      ;
; 7.817 ; ddfs:inst15|freq_divider_DDFS:f_div_inst|count[1] ; ddfs:inst15|freq_divider_DDFS:f_div_inst|count[1]  ; inst|altpll_component|pll|clk[0] ; inst|altpll_component|pll|clk[0] ; 10.000       ; 0.000      ; 2.215      ;
; 7.830 ; ddfs:inst15|freq_divider_DDFS:f_div_inst|count[0] ; ddfs:inst15|freq_divider_DDFS:f_div_inst|count[15] ; inst|altpll_component|pll|clk[0] ; inst|altpll_component|pll|clk[0] ; 10.000       ; 0.005      ; 2.207      ;
; 7.840 ; ddfs:inst15|freq_divider_DDFS:f_div_inst|count[3] ; ddfs:inst15|freq_divider_DDFS:f_div_inst|count[8]  ; inst|altpll_component|pll|clk[0] ; inst|altpll_component|pll|clk[0] ; 10.000       ; 0.000      ; 2.192      ;
; 7.840 ; ddfs:inst15|freq_divider_DDFS:f_div_inst|count[3] ; ddfs:inst15|freq_divider_DDFS:f_div_inst|count[9]  ; inst|altpll_component|pll|clk[0] ; inst|altpll_component|pll|clk[0] ; 10.000       ; 0.000      ; 2.192      ;
; 7.841 ; ddfs:inst15|freq_divider_DDFS:f_div_inst|count[3] ; ddfs:inst15|freq_divider_DDFS:f_div_inst|count[3]  ; inst|altpll_component|pll|clk[0] ; inst|altpll_component|pll|clk[0] ; 10.000       ; 0.000      ; 2.191      ;
; 7.841 ; ddfs:inst15|freq_divider_DDFS:f_div_inst|count[3] ; ddfs:inst15|freq_divider_DDFS:f_div_inst|count[5]  ; inst|altpll_component|pll|clk[0] ; inst|altpll_component|pll|clk[0] ; 10.000       ; 0.000      ; 2.191      ;
; 7.843 ; ddfs:inst15|freq_divider_DDFS:f_div_inst|count[3] ; ddfs:inst15|freq_divider_DDFS:f_div_inst|count[0]  ; inst|altpll_component|pll|clk[0] ; inst|altpll_component|pll|clk[0] ; 10.000       ; 0.000      ; 2.189      ;
; 7.843 ; ddfs:inst15|freq_divider_DDFS:f_div_inst|count[3] ; ddfs:inst15|freq_divider_DDFS:f_div_inst|count[1]  ; inst|altpll_component|pll|clk[0] ; inst|altpll_component|pll|clk[0] ; 10.000       ; 0.000      ; 2.189      ;
; 7.867 ; ddfs:inst15|freq_divider_DDFS:f_div_inst|count[4] ; ddfs:inst15|freq_divider_DDFS:f_div_inst|count[2]  ; inst|altpll_component|pll|clk[0] ; inst|altpll_component|pll|clk[0] ; 10.000       ; -0.003     ; 2.162      ;
; 7.867 ; ddfs:inst15|freq_divider_DDFS:f_div_inst|count[4] ; ddfs:inst15|freq_divider_DDFS:f_div_inst|count[6]  ; inst|altpll_component|pll|clk[0] ; inst|altpll_component|pll|clk[0] ; 10.000       ; -0.003     ; 2.162      ;
; 7.871 ; ddfs:inst15|freq_divider_DDFS:f_div_inst|count[1] ; ddfs:inst15|freq_divider_DDFS:f_div_inst|count[15] ; inst|altpll_component|pll|clk[0] ; inst|altpll_component|pll|clk[0] ; 10.000       ; 0.005      ; 2.166      ;
; 7.890 ; ddfs:inst15|freq_divider_DDFS:f_div_inst|count[0] ; ddfs:inst15|freq_divider_DDFS:f_div_inst|count[2]  ; inst|altpll_component|pll|clk[0] ; inst|altpll_component|pll|clk[0] ; 10.000       ; 0.001      ; 2.143      ;
; 7.890 ; ddfs:inst15|freq_divider_DDFS:f_div_inst|count[0] ; ddfs:inst15|freq_divider_DDFS:f_div_inst|count[6]  ; inst|altpll_component|pll|clk[0] ; inst|altpll_component|pll|clk[0] ; 10.000       ; 0.001      ; 2.143      ;
; 7.897 ; ddfs:inst15|freq_divider_DDFS:f_div_inst|count[3] ; ddfs:inst15|freq_divider_DDFS:f_div_inst|count[15] ; inst|altpll_component|pll|clk[0] ; inst|altpll_component|pll|clk[0] ; 10.000       ; 0.005      ; 2.140      ;
; 7.899 ; ddfs:inst15|freq_divider_DDFS:f_div_inst|count[4] ; ddfs:inst15|freq_divider_DDFS:f_div_inst|count[18] ; inst|altpll_component|pll|clk[0] ; inst|altpll_component|pll|clk[0] ; 10.000       ; 0.000      ; 2.133      ;
; 7.919 ; ddfs:inst15|freq_divider_DDFS:f_div_inst|count[2] ; ddfs:inst15|freq_divider_DDFS:f_div_inst|count[8]  ; inst|altpll_component|pll|clk[0] ; inst|altpll_component|pll|clk[0] ; 10.000       ; -0.001     ; 2.112      ;
; 7.919 ; ddfs:inst15|freq_divider_DDFS:f_div_inst|count[2] ; ddfs:inst15|freq_divider_DDFS:f_div_inst|count[9]  ; inst|altpll_component|pll|clk[0] ; inst|altpll_component|pll|clk[0] ; 10.000       ; -0.001     ; 2.112      ;
; 7.920 ; ddfs:inst15|freq_divider_DDFS:f_div_inst|count[2] ; ddfs:inst15|freq_divider_DDFS:f_div_inst|count[3]  ; inst|altpll_component|pll|clk[0] ; inst|altpll_component|pll|clk[0] ; 10.000       ; -0.001     ; 2.111      ;
; 7.920 ; ddfs:inst15|freq_divider_DDFS:f_div_inst|count[2] ; ddfs:inst15|freq_divider_DDFS:f_div_inst|count[5]  ; inst|altpll_component|pll|clk[0] ; inst|altpll_component|pll|clk[0] ; 10.000       ; -0.001     ; 2.111      ;
; 7.922 ; ddfs:inst15|freq_divider_DDFS:f_div_inst|count[2] ; ddfs:inst15|freq_divider_DDFS:f_div_inst|count[0]  ; inst|altpll_component|pll|clk[0] ; inst|altpll_component|pll|clk[0] ; 10.000       ; -0.001     ; 2.109      ;
; 7.922 ; ddfs:inst15|freq_divider_DDFS:f_div_inst|count[2] ; ddfs:inst15|freq_divider_DDFS:f_div_inst|count[1]  ; inst|altpll_component|pll|clk[0] ; inst|altpll_component|pll|clk[0] ; 10.000       ; -0.001     ; 2.109      ;
; 7.922 ; ddfs:inst15|freq_divider_DDFS:f_div_inst|count[0] ; ddfs:inst15|freq_divider_DDFS:f_div_inst|count[18] ; inst|altpll_component|pll|clk[0] ; inst|altpll_component|pll|clk[0] ; 10.000       ; 0.004      ; 2.114      ;
+-------+---------------------------------------------------+----------------------------------------------------+----------------------------------+----------------------------------+--------------+------------+------------+


+--------------------------------------------------------------------------------------------------------------------------------------------------------------------------------------------------------------------------+
; Fast Model Setup: 'CLOCK_50'                                                                                                                                                                                             ;
+-------+------------------------------------------------------------------------------------------------------------------------------+-------------+--------------+-------------+--------------+------------+------------+
; Slack ; From Node                                                                                                                    ; To Node     ; Launch Clock ; Latch Clock ; Relationship ; Clock Skew ; Data Delay ;
+-------+------------------------------------------------------------------------------------------------------------------------------+-------------+--------------+-------------+--------------+------------+------------+
; 8.486 ; lcd_driver:inst8|text_lut:text_lut_inst|altsyncram:rom_rtl_0|altsyncram_ap81:auto_generated|ram_block1a7~porta_address_reg0  ; LCD_RS      ; CLOCK_50     ; CLOCK_50    ; 20.000       ; -1.720     ; 4.794      ;
; 8.486 ; lcd_driver:inst8|text_lut:text_lut_inst|altsyncram:rom_rtl_0|altsyncram_ap81:auto_generated|ram_block1a7~porta_address_reg1  ; LCD_RS      ; CLOCK_50     ; CLOCK_50    ; 20.000       ; -1.720     ; 4.794      ;
; 8.486 ; lcd_driver:inst8|text_lut:text_lut_inst|altsyncram:rom_rtl_0|altsyncram_ap81:auto_generated|ram_block1a7~porta_address_reg2  ; LCD_RS      ; CLOCK_50     ; CLOCK_50    ; 20.000       ; -1.720     ; 4.794      ;
; 8.486 ; lcd_driver:inst8|text_lut:text_lut_inst|altsyncram:rom_rtl_0|altsyncram_ap81:auto_generated|ram_block1a7~porta_address_reg3  ; LCD_RS      ; CLOCK_50     ; CLOCK_50    ; 20.000       ; -1.720     ; 4.794      ;
; 8.486 ; lcd_driver:inst8|text_lut:text_lut_inst|altsyncram:rom_rtl_0|altsyncram_ap81:auto_generated|ram_block1a7~porta_address_reg4  ; LCD_RS      ; CLOCK_50     ; CLOCK_50    ; 20.000       ; -1.720     ; 4.794      ;
; 8.486 ; lcd_driver:inst8|text_lut:text_lut_inst|altsyncram:rom_rtl_0|altsyncram_ap81:auto_generated|ram_block1a7~porta_address_reg5  ; LCD_RS      ; CLOCK_50     ; CLOCK_50    ; 20.000       ; -1.720     ; 4.794      ;
; 8.486 ; lcd_driver:inst8|text_lut:text_lut_inst|altsyncram:rom_rtl_0|altsyncram_ap81:auto_generated|ram_block1a7~porta_address_reg6  ; LCD_RS      ; CLOCK_50     ; CLOCK_50    ; 20.000       ; -1.720     ; 4.794      ;
; 8.486 ; lcd_driver:inst8|text_lut:text_lut_inst|altsyncram:rom_rtl_0|altsyncram_ap81:auto_generated|ram_block1a7~porta_address_reg7  ; LCD_RS      ; CLOCK_50     ; CLOCK_50    ; 20.000       ; -1.720     ; 4.794      ;
; 8.486 ; lcd_driver:inst8|text_lut:text_lut_inst|altsyncram:rom_rtl_0|altsyncram_ap81:auto_generated|ram_block1a7~porta_address_reg8  ; LCD_RS      ; CLOCK_50     ; CLOCK_50    ; 20.000       ; -1.720     ; 4.794      ;
; 8.486 ; lcd_driver:inst8|text_lut:text_lut_inst|altsyncram:rom_rtl_0|altsyncram_ap81:auto_generated|ram_block1a7~porta_address_reg9  ; LCD_RS      ; CLOCK_50     ; CLOCK_50    ; 20.000       ; -1.720     ; 4.794      ;
; 8.486 ; lcd_driver:inst8|text_lut:text_lut_inst|altsyncram:rom_rtl_0|altsyncram_ap81:auto_generated|ram_block1a7~porta_address_reg10 ; LCD_RS      ; CLOCK_50     ; CLOCK_50    ; 20.000       ; -1.720     ; 4.794      ;
; 8.652 ; lcd_driver:inst8|text_lut:text_lut_inst|altsyncram:rom_rtl_0|altsyncram_ap81:auto_generated|ram_block1a1~porta_address_reg0  ; LCD_DATA[1] ; CLOCK_50     ; CLOCK_50    ; 20.000       ; -1.715     ; 4.633      ;
; 8.652 ; lcd_driver:inst8|text_lut:text_lut_inst|altsyncram:rom_rtl_0|altsyncram_ap81:auto_generated|ram_block1a1~porta_address_reg1  ; LCD_DATA[1] ; CLOCK_50     ; CLOCK_50    ; 20.000       ; -1.715     ; 4.633      ;
; 8.652 ; lcd_driver:inst8|text_lut:text_lut_inst|altsyncram:rom_rtl_0|altsyncram_ap81:auto_generated|ram_block1a1~porta_address_reg2  ; LCD_DATA[1] ; CLOCK_50     ; CLOCK_50    ; 20.000       ; -1.715     ; 4.633      ;
; 8.652 ; lcd_driver:inst8|text_lut:text_lut_inst|altsyncram:rom_rtl_0|altsyncram_ap81:auto_generated|ram_block1a1~porta_address_reg3  ; LCD_DATA[1] ; CLOCK_50     ; CLOCK_50    ; 20.000       ; -1.715     ; 4.633      ;
; 8.652 ; lcd_driver:inst8|text_lut:text_lut_inst|altsyncram:rom_rtl_0|altsyncram_ap81:auto_generated|ram_block1a1~porta_address_reg4  ; LCD_DATA[1] ; CLOCK_50     ; CLOCK_50    ; 20.000       ; -1.715     ; 4.633      ;
; 8.652 ; lcd_driver:inst8|text_lut:text_lut_inst|altsyncram:rom_rtl_0|altsyncram_ap81:auto_generated|ram_block1a1~porta_address_reg5  ; LCD_DATA[1] ; CLOCK_50     ; CLOCK_50    ; 20.000       ; -1.715     ; 4.633      ;
; 8.652 ; lcd_driver:inst8|text_lut:text_lut_inst|altsyncram:rom_rtl_0|altsyncram_ap81:auto_generated|ram_block1a1~porta_address_reg6  ; LCD_DATA[1] ; CLOCK_50     ; CLOCK_50    ; 20.000       ; -1.715     ; 4.633      ;
; 8.652 ; lcd_driver:inst8|text_lut:text_lut_inst|altsyncram:rom_rtl_0|altsyncram_ap81:auto_generated|ram_block1a1~porta_address_reg7  ; LCD_DATA[1] ; CLOCK_50     ; CLOCK_50    ; 20.000       ; -1.715     ; 4.633      ;
; 8.652 ; lcd_driver:inst8|text_lut:text_lut_inst|altsyncram:rom_rtl_0|altsyncram_ap81:auto_generated|ram_block1a1~porta_address_reg8  ; LCD_DATA[1] ; CLOCK_50     ; CLOCK_50    ; 20.000       ; -1.715     ; 4.633      ;
; 8.652 ; lcd_driver:inst8|text_lut:text_lut_inst|altsyncram:rom_rtl_0|altsyncram_ap81:auto_generated|ram_block1a1~porta_address_reg9  ; LCD_DATA[1] ; CLOCK_50     ; CLOCK_50    ; 20.000       ; -1.715     ; 4.633      ;
; 8.652 ; lcd_driver:inst8|text_lut:text_lut_inst|altsyncram:rom_rtl_0|altsyncram_ap81:auto_generated|ram_block1a1~porta_address_reg10 ; LCD_DATA[1] ; CLOCK_50     ; CLOCK_50    ; 20.000       ; -1.715     ; 4.633      ;
; 8.709 ; lcd_driver:inst8|text_lut:text_lut_inst|altsyncram:rom_rtl_0|altsyncram_ap81:auto_generated|ram_block1a7~porta_address_reg0  ; LCD_DATA[7] ; CLOCK_50     ; CLOCK_50    ; 20.000       ; -1.720     ; 4.571      ;
; 8.709 ; lcd_driver:inst8|text_lut:text_lut_inst|altsyncram:rom_rtl_0|altsyncram_ap81:auto_generated|ram_block1a7~porta_address_reg1  ; LCD_DATA[7] ; CLOCK_50     ; CLOCK_50    ; 20.000       ; -1.720     ; 4.571      ;
; 8.709 ; lcd_driver:inst8|text_lut:text_lut_inst|altsyncram:rom_rtl_0|altsyncram_ap81:auto_generated|ram_block1a7~porta_address_reg2  ; LCD_DATA[7] ; CLOCK_50     ; CLOCK_50    ; 20.000       ; -1.720     ; 4.571      ;
; 8.709 ; lcd_driver:inst8|text_lut:text_lut_inst|altsyncram:rom_rtl_0|altsyncram_ap81:auto_generated|ram_block1a7~porta_address_reg3  ; LCD_DATA[7] ; CLOCK_50     ; CLOCK_50    ; 20.000       ; -1.720     ; 4.571      ;
; 8.709 ; lcd_driver:inst8|text_lut:text_lut_inst|altsyncram:rom_rtl_0|altsyncram_ap81:auto_generated|ram_block1a7~porta_address_reg4  ; LCD_DATA[7] ; CLOCK_50     ; CLOCK_50    ; 20.000       ; -1.720     ; 4.571      ;
; 8.709 ; lcd_driver:inst8|text_lut:text_lut_inst|altsyncram:rom_rtl_0|altsyncram_ap81:auto_generated|ram_block1a7~porta_address_reg5  ; LCD_DATA[7] ; CLOCK_50     ; CLOCK_50    ; 20.000       ; -1.720     ; 4.571      ;
; 8.709 ; lcd_driver:inst8|text_lut:text_lut_inst|altsyncram:rom_rtl_0|altsyncram_ap81:auto_generated|ram_block1a7~porta_address_reg6  ; LCD_DATA[7] ; CLOCK_50     ; CLOCK_50    ; 20.000       ; -1.720     ; 4.571      ;
; 8.709 ; lcd_driver:inst8|text_lut:text_lut_inst|altsyncram:rom_rtl_0|altsyncram_ap81:auto_generated|ram_block1a7~porta_address_reg7  ; LCD_DATA[7] ; CLOCK_50     ; CLOCK_50    ; 20.000       ; -1.720     ; 4.571      ;
; 8.709 ; lcd_driver:inst8|text_lut:text_lut_inst|altsyncram:rom_rtl_0|altsyncram_ap81:auto_generated|ram_block1a7~porta_address_reg8  ; LCD_DATA[7] ; CLOCK_50     ; CLOCK_50    ; 20.000       ; -1.720     ; 4.571      ;
; 8.709 ; lcd_driver:inst8|text_lut:text_lut_inst|altsyncram:rom_rtl_0|altsyncram_ap81:auto_generated|ram_block1a7~porta_address_reg9  ; LCD_DATA[7] ; CLOCK_50     ; CLOCK_50    ; 20.000       ; -1.720     ; 4.571      ;
; 8.709 ; lcd_driver:inst8|text_lut:text_lut_inst|altsyncram:rom_rtl_0|altsyncram_ap81:auto_generated|ram_block1a7~porta_address_reg10 ; LCD_DATA[7] ; CLOCK_50     ; CLOCK_50    ; 20.000       ; -1.720     ; 4.571      ;
; 8.772 ; lcd_driver:inst8|text_lut:text_lut_inst|altsyncram:rom_rtl_0|altsyncram_ap81:auto_generated|ram_block1a1~porta_address_reg0  ; LCD_DATA[2] ; CLOCK_50     ; CLOCK_50    ; 20.000       ; -1.715     ; 4.513      ;
; 8.772 ; lcd_driver:inst8|text_lut:text_lut_inst|altsyncram:rom_rtl_0|altsyncram_ap81:auto_generated|ram_block1a1~porta_address_reg1  ; LCD_DATA[2] ; CLOCK_50     ; CLOCK_50    ; 20.000       ; -1.715     ; 4.513      ;
; 8.772 ; lcd_driver:inst8|text_lut:text_lut_inst|altsyncram:rom_rtl_0|altsyncram_ap81:auto_generated|ram_block1a1~porta_address_reg2  ; LCD_DATA[2] ; CLOCK_50     ; CLOCK_50    ; 20.000       ; -1.715     ; 4.513      ;
; 8.772 ; lcd_driver:inst8|text_lut:text_lut_inst|altsyncram:rom_rtl_0|altsyncram_ap81:auto_generated|ram_block1a1~porta_address_reg3  ; LCD_DATA[2] ; CLOCK_50     ; CLOCK_50    ; 20.000       ; -1.715     ; 4.513      ;
; 8.772 ; lcd_driver:inst8|text_lut:text_lut_inst|altsyncram:rom_rtl_0|altsyncram_ap81:auto_generated|ram_block1a1~porta_address_reg4  ; LCD_DATA[2] ; CLOCK_50     ; CLOCK_50    ; 20.000       ; -1.715     ; 4.513      ;
; 8.772 ; lcd_driver:inst8|text_lut:text_lut_inst|altsyncram:rom_rtl_0|altsyncram_ap81:auto_generated|ram_block1a1~porta_address_reg5  ; LCD_DATA[2] ; CLOCK_50     ; CLOCK_50    ; 20.000       ; -1.715     ; 4.513      ;
; 8.772 ; lcd_driver:inst8|text_lut:text_lut_inst|altsyncram:rom_rtl_0|altsyncram_ap81:auto_generated|ram_block1a1~porta_address_reg6  ; LCD_DATA[2] ; CLOCK_50     ; CLOCK_50    ; 20.000       ; -1.715     ; 4.513      ;
; 8.772 ; lcd_driver:inst8|text_lut:text_lut_inst|altsyncram:rom_rtl_0|altsyncram_ap81:auto_generated|ram_block1a1~porta_address_reg7  ; LCD_DATA[2] ; CLOCK_50     ; CLOCK_50    ; 20.000       ; -1.715     ; 4.513      ;
; 8.772 ; lcd_driver:inst8|text_lut:text_lut_inst|altsyncram:rom_rtl_0|altsyncram_ap81:auto_generated|ram_block1a1~porta_address_reg8  ; LCD_DATA[2] ; CLOCK_50     ; CLOCK_50    ; 20.000       ; -1.715     ; 4.513      ;
; 8.772 ; lcd_driver:inst8|text_lut:text_lut_inst|altsyncram:rom_rtl_0|altsyncram_ap81:auto_generated|ram_block1a1~porta_address_reg9  ; LCD_DATA[2] ; CLOCK_50     ; CLOCK_50    ; 20.000       ; -1.715     ; 4.513      ;
; 8.772 ; lcd_driver:inst8|text_lut:text_lut_inst|altsyncram:rom_rtl_0|altsyncram_ap81:auto_generated|ram_block1a1~porta_address_reg10 ; LCD_DATA[2] ; CLOCK_50     ; CLOCK_50    ; 20.000       ; -1.715     ; 4.513      ;
; 8.792 ; lcd_driver:inst8|text_lut:text_lut_inst|altsyncram:rom_rtl_0|altsyncram_ap81:auto_generated|ram_block1a5~porta_address_reg0  ; LCD_DATA[6] ; CLOCK_50     ; CLOCK_50    ; 20.000       ; -1.702     ; 4.506      ;
; 8.792 ; lcd_driver:inst8|text_lut:text_lut_inst|altsyncram:rom_rtl_0|altsyncram_ap81:auto_generated|ram_block1a5~porta_address_reg1  ; LCD_DATA[6] ; CLOCK_50     ; CLOCK_50    ; 20.000       ; -1.702     ; 4.506      ;
; 8.792 ; lcd_driver:inst8|text_lut:text_lut_inst|altsyncram:rom_rtl_0|altsyncram_ap81:auto_generated|ram_block1a5~porta_address_reg2  ; LCD_DATA[6] ; CLOCK_50     ; CLOCK_50    ; 20.000       ; -1.702     ; 4.506      ;
; 8.792 ; lcd_driver:inst8|text_lut:text_lut_inst|altsyncram:rom_rtl_0|altsyncram_ap81:auto_generated|ram_block1a5~porta_address_reg3  ; LCD_DATA[6] ; CLOCK_50     ; CLOCK_50    ; 20.000       ; -1.702     ; 4.506      ;
; 8.792 ; lcd_driver:inst8|text_lut:text_lut_inst|altsyncram:rom_rtl_0|altsyncram_ap81:auto_generated|ram_block1a5~porta_address_reg4  ; LCD_DATA[6] ; CLOCK_50     ; CLOCK_50    ; 20.000       ; -1.702     ; 4.506      ;
; 8.792 ; lcd_driver:inst8|text_lut:text_lut_inst|altsyncram:rom_rtl_0|altsyncram_ap81:auto_generated|ram_block1a5~porta_address_reg5  ; LCD_DATA[6] ; CLOCK_50     ; CLOCK_50    ; 20.000       ; -1.702     ; 4.506      ;
; 8.792 ; lcd_driver:inst8|text_lut:text_lut_inst|altsyncram:rom_rtl_0|altsyncram_ap81:auto_generated|ram_block1a5~porta_address_reg6  ; LCD_DATA[6] ; CLOCK_50     ; CLOCK_50    ; 20.000       ; -1.702     ; 4.506      ;
; 8.792 ; lcd_driver:inst8|text_lut:text_lut_inst|altsyncram:rom_rtl_0|altsyncram_ap81:auto_generated|ram_block1a5~porta_address_reg7  ; LCD_DATA[6] ; CLOCK_50     ; CLOCK_50    ; 20.000       ; -1.702     ; 4.506      ;
; 8.792 ; lcd_driver:inst8|text_lut:text_lut_inst|altsyncram:rom_rtl_0|altsyncram_ap81:auto_generated|ram_block1a5~porta_address_reg8  ; LCD_DATA[6] ; CLOCK_50     ; CLOCK_50    ; 20.000       ; -1.702     ; 4.506      ;
; 8.792 ; lcd_driver:inst8|text_lut:text_lut_inst|altsyncram:rom_rtl_0|altsyncram_ap81:auto_generated|ram_block1a5~porta_address_reg9  ; LCD_DATA[6] ; CLOCK_50     ; CLOCK_50    ; 20.000       ; -1.702     ; 4.506      ;
; 8.792 ; lcd_driver:inst8|text_lut:text_lut_inst|altsyncram:rom_rtl_0|altsyncram_ap81:auto_generated|ram_block1a5~porta_address_reg10 ; LCD_DATA[6] ; CLOCK_50     ; CLOCK_50    ; 20.000       ; -1.702     ; 4.506      ;
; 8.877 ; lcd_driver:inst8|text_lut:text_lut_inst|altsyncram:rom_rtl_0|altsyncram_ap81:auto_generated|ram_block1a0~porta_address_reg0  ; LCD_DATA[0] ; CLOCK_50     ; CLOCK_50    ; 20.000       ; -1.709     ; 4.414      ;
; 8.877 ; lcd_driver:inst8|text_lut:text_lut_inst|altsyncram:rom_rtl_0|altsyncram_ap81:auto_generated|ram_block1a0~porta_address_reg1  ; LCD_DATA[0] ; CLOCK_50     ; CLOCK_50    ; 20.000       ; -1.709     ; 4.414      ;
; 8.877 ; lcd_driver:inst8|text_lut:text_lut_inst|altsyncram:rom_rtl_0|altsyncram_ap81:auto_generated|ram_block1a0~porta_address_reg2  ; LCD_DATA[0] ; CLOCK_50     ; CLOCK_50    ; 20.000       ; -1.709     ; 4.414      ;
; 8.877 ; lcd_driver:inst8|text_lut:text_lut_inst|altsyncram:rom_rtl_0|altsyncram_ap81:auto_generated|ram_block1a0~porta_address_reg3  ; LCD_DATA[0] ; CLOCK_50     ; CLOCK_50    ; 20.000       ; -1.709     ; 4.414      ;
; 8.877 ; lcd_driver:inst8|text_lut:text_lut_inst|altsyncram:rom_rtl_0|altsyncram_ap81:auto_generated|ram_block1a0~porta_address_reg4  ; LCD_DATA[0] ; CLOCK_50     ; CLOCK_50    ; 20.000       ; -1.709     ; 4.414      ;
; 8.877 ; lcd_driver:inst8|text_lut:text_lut_inst|altsyncram:rom_rtl_0|altsyncram_ap81:auto_generated|ram_block1a0~porta_address_reg5  ; LCD_DATA[0] ; CLOCK_50     ; CLOCK_50    ; 20.000       ; -1.709     ; 4.414      ;
; 8.877 ; lcd_driver:inst8|text_lut:text_lut_inst|altsyncram:rom_rtl_0|altsyncram_ap81:auto_generated|ram_block1a0~porta_address_reg6  ; LCD_DATA[0] ; CLOCK_50     ; CLOCK_50    ; 20.000       ; -1.709     ; 4.414      ;
; 8.877 ; lcd_driver:inst8|text_lut:text_lut_inst|altsyncram:rom_rtl_0|altsyncram_ap81:auto_generated|ram_block1a0~porta_address_reg7  ; LCD_DATA[0] ; CLOCK_50     ; CLOCK_50    ; 20.000       ; -1.709     ; 4.414      ;
; 8.877 ; lcd_driver:inst8|text_lut:text_lut_inst|altsyncram:rom_rtl_0|altsyncram_ap81:auto_generated|ram_block1a0~porta_address_reg8  ; LCD_DATA[0] ; CLOCK_50     ; CLOCK_50    ; 20.000       ; -1.709     ; 4.414      ;
; 8.877 ; lcd_driver:inst8|text_lut:text_lut_inst|altsyncram:rom_rtl_0|altsyncram_ap81:auto_generated|ram_block1a0~porta_address_reg9  ; LCD_DATA[0] ; CLOCK_50     ; CLOCK_50    ; 20.000       ; -1.709     ; 4.414      ;
; 8.877 ; lcd_driver:inst8|text_lut:text_lut_inst|altsyncram:rom_rtl_0|altsyncram_ap81:auto_generated|ram_block1a0~porta_address_reg10 ; LCD_DATA[0] ; CLOCK_50     ; CLOCK_50    ; 20.000       ; -1.709     ; 4.414      ;
; 8.920 ; lcd_driver:inst8|text_lut:text_lut_inst|altsyncram:rom_rtl_0|altsyncram_ap81:auto_generated|ram_block1a5~porta_address_reg0  ; LCD_DATA[5] ; CLOCK_50     ; CLOCK_50    ; 20.000       ; -1.702     ; 4.378      ;
; 8.920 ; lcd_driver:inst8|text_lut:text_lut_inst|altsyncram:rom_rtl_0|altsyncram_ap81:auto_generated|ram_block1a5~porta_address_reg1  ; LCD_DATA[5] ; CLOCK_50     ; CLOCK_50    ; 20.000       ; -1.702     ; 4.378      ;
; 8.920 ; lcd_driver:inst8|text_lut:text_lut_inst|altsyncram:rom_rtl_0|altsyncram_ap81:auto_generated|ram_block1a5~porta_address_reg2  ; LCD_DATA[5] ; CLOCK_50     ; CLOCK_50    ; 20.000       ; -1.702     ; 4.378      ;
; 8.920 ; lcd_driver:inst8|text_lut:text_lut_inst|altsyncram:rom_rtl_0|altsyncram_ap81:auto_generated|ram_block1a5~porta_address_reg3  ; LCD_DATA[5] ; CLOCK_50     ; CLOCK_50    ; 20.000       ; -1.702     ; 4.378      ;
; 8.920 ; lcd_driver:inst8|text_lut:text_lut_inst|altsyncram:rom_rtl_0|altsyncram_ap81:auto_generated|ram_block1a5~porta_address_reg4  ; LCD_DATA[5] ; CLOCK_50     ; CLOCK_50    ; 20.000       ; -1.702     ; 4.378      ;
; 8.920 ; lcd_driver:inst8|text_lut:text_lut_inst|altsyncram:rom_rtl_0|altsyncram_ap81:auto_generated|ram_block1a5~porta_address_reg5  ; LCD_DATA[5] ; CLOCK_50     ; CLOCK_50    ; 20.000       ; -1.702     ; 4.378      ;
; 8.920 ; lcd_driver:inst8|text_lut:text_lut_inst|altsyncram:rom_rtl_0|altsyncram_ap81:auto_generated|ram_block1a5~porta_address_reg6  ; LCD_DATA[5] ; CLOCK_50     ; CLOCK_50    ; 20.000       ; -1.702     ; 4.378      ;
; 8.920 ; lcd_driver:inst8|text_lut:text_lut_inst|altsyncram:rom_rtl_0|altsyncram_ap81:auto_generated|ram_block1a5~porta_address_reg7  ; LCD_DATA[5] ; CLOCK_50     ; CLOCK_50    ; 20.000       ; -1.702     ; 4.378      ;
; 8.920 ; lcd_driver:inst8|text_lut:text_lut_inst|altsyncram:rom_rtl_0|altsyncram_ap81:auto_generated|ram_block1a5~porta_address_reg8  ; LCD_DATA[5] ; CLOCK_50     ; CLOCK_50    ; 20.000       ; -1.702     ; 4.378      ;
; 8.920 ; lcd_driver:inst8|text_lut:text_lut_inst|altsyncram:rom_rtl_0|altsyncram_ap81:auto_generated|ram_block1a5~porta_address_reg9  ; LCD_DATA[5] ; CLOCK_50     ; CLOCK_50    ; 20.000       ; -1.702     ; 4.378      ;
; 8.920 ; lcd_driver:inst8|text_lut:text_lut_inst|altsyncram:rom_rtl_0|altsyncram_ap81:auto_generated|ram_block1a5~porta_address_reg10 ; LCD_DATA[5] ; CLOCK_50     ; CLOCK_50    ; 20.000       ; -1.702     ; 4.378      ;
; 8.924 ; lcd_driver:inst8|text_lut:text_lut_inst|altsyncram:rom_rtl_0|altsyncram_ap81:auto_generated|ram_block1a3~porta_address_reg0  ; LCD_DATA[3] ; CLOCK_50     ; CLOCK_50    ; 20.000       ; -1.693     ; 4.383      ;
; 8.924 ; lcd_driver:inst8|text_lut:text_lut_inst|altsyncram:rom_rtl_0|altsyncram_ap81:auto_generated|ram_block1a3~porta_address_reg1  ; LCD_DATA[3] ; CLOCK_50     ; CLOCK_50    ; 20.000       ; -1.693     ; 4.383      ;
; 8.924 ; lcd_driver:inst8|text_lut:text_lut_inst|altsyncram:rom_rtl_0|altsyncram_ap81:auto_generated|ram_block1a3~porta_address_reg2  ; LCD_DATA[3] ; CLOCK_50     ; CLOCK_50    ; 20.000       ; -1.693     ; 4.383      ;
; 8.924 ; lcd_driver:inst8|text_lut:text_lut_inst|altsyncram:rom_rtl_0|altsyncram_ap81:auto_generated|ram_block1a3~porta_address_reg3  ; LCD_DATA[3] ; CLOCK_50     ; CLOCK_50    ; 20.000       ; -1.693     ; 4.383      ;
; 8.924 ; lcd_driver:inst8|text_lut:text_lut_inst|altsyncram:rom_rtl_0|altsyncram_ap81:auto_generated|ram_block1a3~porta_address_reg4  ; LCD_DATA[3] ; CLOCK_50     ; CLOCK_50    ; 20.000       ; -1.693     ; 4.383      ;
; 8.924 ; lcd_driver:inst8|text_lut:text_lut_inst|altsyncram:rom_rtl_0|altsyncram_ap81:auto_generated|ram_block1a3~porta_address_reg5  ; LCD_DATA[3] ; CLOCK_50     ; CLOCK_50    ; 20.000       ; -1.693     ; 4.383      ;
; 8.924 ; lcd_driver:inst8|text_lut:text_lut_inst|altsyncram:rom_rtl_0|altsyncram_ap81:auto_generated|ram_block1a3~porta_address_reg6  ; LCD_DATA[3] ; CLOCK_50     ; CLOCK_50    ; 20.000       ; -1.693     ; 4.383      ;
; 8.924 ; lcd_driver:inst8|text_lut:text_lut_inst|altsyncram:rom_rtl_0|altsyncram_ap81:auto_generated|ram_block1a3~porta_address_reg7  ; LCD_DATA[3] ; CLOCK_50     ; CLOCK_50    ; 20.000       ; -1.693     ; 4.383      ;
; 8.924 ; lcd_driver:inst8|text_lut:text_lut_inst|altsyncram:rom_rtl_0|altsyncram_ap81:auto_generated|ram_block1a3~porta_address_reg8  ; LCD_DATA[3] ; CLOCK_50     ; CLOCK_50    ; 20.000       ; -1.693     ; 4.383      ;
; 8.924 ; lcd_driver:inst8|text_lut:text_lut_inst|altsyncram:rom_rtl_0|altsyncram_ap81:auto_generated|ram_block1a3~porta_address_reg9  ; LCD_DATA[3] ; CLOCK_50     ; CLOCK_50    ; 20.000       ; -1.693     ; 4.383      ;
; 8.924 ; lcd_driver:inst8|text_lut:text_lut_inst|altsyncram:rom_rtl_0|altsyncram_ap81:auto_generated|ram_block1a3~porta_address_reg10 ; LCD_DATA[3] ; CLOCK_50     ; CLOCK_50    ; 20.000       ; -1.693     ; 4.383      ;
; 8.984 ; lcd_driver:inst8|text_lut:text_lut_inst|altsyncram:rom_rtl_0|altsyncram_ap81:auto_generated|ram_block1a3~porta_address_reg0  ; LCD_DATA[4] ; CLOCK_50     ; CLOCK_50    ; 20.000       ; -1.693     ; 4.323      ;
; 8.984 ; lcd_driver:inst8|text_lut:text_lut_inst|altsyncram:rom_rtl_0|altsyncram_ap81:auto_generated|ram_block1a3~porta_address_reg1  ; LCD_DATA[4] ; CLOCK_50     ; CLOCK_50    ; 20.000       ; -1.693     ; 4.323      ;
; 8.984 ; lcd_driver:inst8|text_lut:text_lut_inst|altsyncram:rom_rtl_0|altsyncram_ap81:auto_generated|ram_block1a3~porta_address_reg2  ; LCD_DATA[4] ; CLOCK_50     ; CLOCK_50    ; 20.000       ; -1.693     ; 4.323      ;
; 8.984 ; lcd_driver:inst8|text_lut:text_lut_inst|altsyncram:rom_rtl_0|altsyncram_ap81:auto_generated|ram_block1a3~porta_address_reg3  ; LCD_DATA[4] ; CLOCK_50     ; CLOCK_50    ; 20.000       ; -1.693     ; 4.323      ;
; 8.984 ; lcd_driver:inst8|text_lut:text_lut_inst|altsyncram:rom_rtl_0|altsyncram_ap81:auto_generated|ram_block1a3~porta_address_reg4  ; LCD_DATA[4] ; CLOCK_50     ; CLOCK_50    ; 20.000       ; -1.693     ; 4.323      ;
; 8.984 ; lcd_driver:inst8|text_lut:text_lut_inst|altsyncram:rom_rtl_0|altsyncram_ap81:auto_generated|ram_block1a3~porta_address_reg5  ; LCD_DATA[4] ; CLOCK_50     ; CLOCK_50    ; 20.000       ; -1.693     ; 4.323      ;
; 8.984 ; lcd_driver:inst8|text_lut:text_lut_inst|altsyncram:rom_rtl_0|altsyncram_ap81:auto_generated|ram_block1a3~porta_address_reg6  ; LCD_DATA[4] ; CLOCK_50     ; CLOCK_50    ; 20.000       ; -1.693     ; 4.323      ;
; 8.984 ; lcd_driver:inst8|text_lut:text_lut_inst|altsyncram:rom_rtl_0|altsyncram_ap81:auto_generated|ram_block1a3~porta_address_reg7  ; LCD_DATA[4] ; CLOCK_50     ; CLOCK_50    ; 20.000       ; -1.693     ; 4.323      ;
; 8.984 ; lcd_driver:inst8|text_lut:text_lut_inst|altsyncram:rom_rtl_0|altsyncram_ap81:auto_generated|ram_block1a3~porta_address_reg8  ; LCD_DATA[4] ; CLOCK_50     ; CLOCK_50    ; 20.000       ; -1.693     ; 4.323      ;
; 8.984 ; lcd_driver:inst8|text_lut:text_lut_inst|altsyncram:rom_rtl_0|altsyncram_ap81:auto_generated|ram_block1a3~porta_address_reg9  ; LCD_DATA[4] ; CLOCK_50     ; CLOCK_50    ; 20.000       ; -1.693     ; 4.323      ;
; 8.984 ; lcd_driver:inst8|text_lut:text_lut_inst|altsyncram:rom_rtl_0|altsyncram_ap81:auto_generated|ram_block1a3~porta_address_reg10 ; LCD_DATA[4] ; CLOCK_50     ; CLOCK_50    ; 20.000       ; -1.693     ; 4.323      ;
; 9.841 ; lcd_driver:inst8|lcd_en_cntr                                                                                                 ; LCD_EN      ; CLOCK_50     ; CLOCK_50    ; 20.000       ; -1.662     ; 3.497      ;
+-------+------------------------------------------------------------------------------------------------------------------------------+-------------+--------------+-------------+--------------+------------+------------+


+---------------------------------------------------------------------------------------------------------------------------------------------------------------------------------------------------------------------------------------------------------------------------------+
; Fast Model Setup: 'keypad_freq_sel_module:inst1|freq_divider_keypad_module:freq_div|q'                                                                                                                                                                                          ;
+--------+-------------------------------------------------------------------------+-----------+--------------------------------------------------------------------+--------------------------------------------------------------------+--------------+------------+------------+
; Slack  ; From Node                                                               ; To Node   ; Launch Clock                                                       ; Latch Clock                                                        ; Relationship ; Clock Skew ; Data Delay ;
+--------+-------------------------------------------------------------------------+-----------+--------------------------------------------------------------------+--------------------------------------------------------------------+--------------+------------+------------+
; 9.764  ; keypad_freq_sel_module:inst1|keypad_module:keypad_mod_inst|i_column[18] ; GPIO_1[1] ; keypad_freq_sel_module:inst1|freq_divider_keypad_module:freq_div|q ; keypad_freq_sel_module:inst1|freq_divider_keypad_module:freq_div|q ; 20.000       ; -1.695     ; 3.541      ;
; 9.816  ; keypad_freq_sel_module:inst1|keypad_module:keypad_mod_inst|i_column[18] ; GPIO_1[3] ; keypad_freq_sel_module:inst1|freq_divider_keypad_module:freq_div|q ; keypad_freq_sel_module:inst1|freq_divider_keypad_module:freq_div|q ; 20.000       ; -1.695     ; 3.489      ;
; 9.825  ; keypad_freq_sel_module:inst1|keypad_module:keypad_mod_inst|i_column[6]  ; GPIO_1[1] ; keypad_freq_sel_module:inst1|freq_divider_keypad_module:freq_div|q ; keypad_freq_sel_module:inst1|freq_divider_keypad_module:freq_div|q ; 20.000       ; -1.692     ; 3.483      ;
; 9.835  ; keypad_freq_sel_module:inst1|keypad_module:keypad_mod_inst|i_column[19] ; GPIO_1[1] ; keypad_freq_sel_module:inst1|freq_divider_keypad_module:freq_div|q ; keypad_freq_sel_module:inst1|freq_divider_keypad_module:freq_div|q ; 20.000       ; -1.695     ; 3.470      ;
; 9.840  ; keypad_freq_sel_module:inst1|keypad_module:keypad_mod_inst|i_column[8]  ; GPIO_1[1] ; keypad_freq_sel_module:inst1|freq_divider_keypad_module:freq_div|q ; keypad_freq_sel_module:inst1|freq_divider_keypad_module:freq_div|q ; 20.000       ; -1.692     ; 3.468      ;
; 9.858  ; keypad_freq_sel_module:inst1|keypad_module:keypad_mod_inst|i_column[17] ; GPIO_1[1] ; keypad_freq_sel_module:inst1|freq_divider_keypad_module:freq_div|q ; keypad_freq_sel_module:inst1|freq_divider_keypad_module:freq_div|q ; 20.000       ; -1.695     ; 3.447      ;
; 9.877  ; keypad_freq_sel_module:inst1|keypad_module:keypad_mod_inst|i_column[6]  ; GPIO_1[3] ; keypad_freq_sel_module:inst1|freq_divider_keypad_module:freq_div|q ; keypad_freq_sel_module:inst1|freq_divider_keypad_module:freq_div|q ; 20.000       ; -1.692     ; 3.431      ;
; 9.883  ; keypad_freq_sel_module:inst1|keypad_module:keypad_mod_inst|i_column[1]  ; GPIO_1[1] ; keypad_freq_sel_module:inst1|freq_divider_keypad_module:freq_div|q ; keypad_freq_sel_module:inst1|freq_divider_keypad_module:freq_div|q ; 20.000       ; -1.692     ; 3.425      ;
; 9.887  ; keypad_freq_sel_module:inst1|keypad_module:keypad_mod_inst|i_column[19] ; GPIO_1[3] ; keypad_freq_sel_module:inst1|freq_divider_keypad_module:freq_div|q ; keypad_freq_sel_module:inst1|freq_divider_keypad_module:freq_div|q ; 20.000       ; -1.695     ; 3.418      ;
; 9.892  ; keypad_freq_sel_module:inst1|keypad_module:keypad_mod_inst|i_column[8]  ; GPIO_1[3] ; keypad_freq_sel_module:inst1|freq_divider_keypad_module:freq_div|q ; keypad_freq_sel_module:inst1|freq_divider_keypad_module:freq_div|q ; 20.000       ; -1.692     ; 3.416      ;
; 9.906  ; keypad_freq_sel_module:inst1|keypad_module:keypad_mod_inst|i_column[7]  ; GPIO_1[1] ; keypad_freq_sel_module:inst1|freq_divider_keypad_module:freq_div|q ; keypad_freq_sel_module:inst1|freq_divider_keypad_module:freq_div|q ; 20.000       ; -1.692     ; 3.402      ;
; 9.910  ; keypad_freq_sel_module:inst1|keypad_module:keypad_mod_inst|i_column[17] ; GPIO_1[3] ; keypad_freq_sel_module:inst1|freq_divider_keypad_module:freq_div|q ; keypad_freq_sel_module:inst1|freq_divider_keypad_module:freq_div|q ; 20.000       ; -1.695     ; 3.395      ;
; 9.913  ; keypad_freq_sel_module:inst1|keypad_module:keypad_mod_inst|i_column[5]  ; GPIO_1[1] ; keypad_freq_sel_module:inst1|freq_divider_keypad_module:freq_div|q ; keypad_freq_sel_module:inst1|freq_divider_keypad_module:freq_div|q ; 20.000       ; -1.692     ; 3.395      ;
; 9.935  ; keypad_freq_sel_module:inst1|keypad_module:keypad_mod_inst|i_column[1]  ; GPIO_1[3] ; keypad_freq_sel_module:inst1|freq_divider_keypad_module:freq_div|q ; keypad_freq_sel_module:inst1|freq_divider_keypad_module:freq_div|q ; 20.000       ; -1.692     ; 3.373      ;
; 9.943  ; keypad_freq_sel_module:inst1|keypad_module:keypad_mod_inst|i_column[2]  ; GPIO_1[1] ; keypad_freq_sel_module:inst1|freq_divider_keypad_module:freq_div|q ; keypad_freq_sel_module:inst1|freq_divider_keypad_module:freq_div|q ; 20.000       ; -1.692     ; 3.365      ;
; 9.948  ; keypad_freq_sel_module:inst1|keypad_module:keypad_mod_inst|i_column[18] ; GPIO_1[0] ; keypad_freq_sel_module:inst1|freq_divider_keypad_module:freq_div|q ; keypad_freq_sel_module:inst1|freq_divider_keypad_module:freq_div|q ; 20.000       ; -1.695     ; 3.357      ;
; 9.949  ; keypad_freq_sel_module:inst1|keypad_module:keypad_mod_inst|i_column[9]  ; GPIO_1[1] ; keypad_freq_sel_module:inst1|freq_divider_keypad_module:freq_div|q ; keypad_freq_sel_module:inst1|freq_divider_keypad_module:freq_div|q ; 20.000       ; -1.692     ; 3.359      ;
; 9.958  ; keypad_freq_sel_module:inst1|keypad_module:keypad_mod_inst|i_column[7]  ; GPIO_1[3] ; keypad_freq_sel_module:inst1|freq_divider_keypad_module:freq_div|q ; keypad_freq_sel_module:inst1|freq_divider_keypad_module:freq_div|q ; 20.000       ; -1.692     ; 3.350      ;
; 9.965  ; keypad_freq_sel_module:inst1|keypad_module:keypad_mod_inst|i_column[5]  ; GPIO_1[3] ; keypad_freq_sel_module:inst1|freq_divider_keypad_module:freq_div|q ; keypad_freq_sel_module:inst1|freq_divider_keypad_module:freq_div|q ; 20.000       ; -1.692     ; 3.343      ;
; 9.967  ; keypad_freq_sel_module:inst1|keypad_module:keypad_mod_inst|i_column[13] ; GPIO_1[1] ; keypad_freq_sel_module:inst1|freq_divider_keypad_module:freq_div|q ; keypad_freq_sel_module:inst1|freq_divider_keypad_module:freq_div|q ; 20.000       ; -1.692     ; 3.341      ;
; 9.984  ; keypad_freq_sel_module:inst1|keypad_module:keypad_mod_inst|i_column[18] ; GPIO_1[2] ; keypad_freq_sel_module:inst1|freq_divider_keypad_module:freq_div|q ; keypad_freq_sel_module:inst1|freq_divider_keypad_module:freq_div|q ; 20.000       ; -1.695     ; 3.321      ;
; 9.987  ; keypad_freq_sel_module:inst1|keypad_module:keypad_mod_inst|i_column[26] ; GPIO_1[1] ; keypad_freq_sel_module:inst1|freq_divider_keypad_module:freq_div|q ; keypad_freq_sel_module:inst1|freq_divider_keypad_module:freq_div|q ; 20.000       ; -1.695     ; 3.318      ;
; 9.992  ; keypad_freq_sel_module:inst1|keypad_module:keypad_mod_inst|i_column[3]  ; GPIO_1[1] ; keypad_freq_sel_module:inst1|freq_divider_keypad_module:freq_div|q ; keypad_freq_sel_module:inst1|freq_divider_keypad_module:freq_div|q ; 20.000       ; -1.692     ; 3.316      ;
; 9.995  ; keypad_freq_sel_module:inst1|keypad_module:keypad_mod_inst|i_column[2]  ; GPIO_1[3] ; keypad_freq_sel_module:inst1|freq_divider_keypad_module:freq_div|q ; keypad_freq_sel_module:inst1|freq_divider_keypad_module:freq_div|q ; 20.000       ; -1.692     ; 3.313      ;
; 10.000 ; keypad_freq_sel_module:inst1|keypad_module:keypad_mod_inst|i_column[0]  ; GPIO_1[1] ; keypad_freq_sel_module:inst1|freq_divider_keypad_module:freq_div|q ; keypad_freq_sel_module:inst1|freq_divider_keypad_module:freq_div|q ; 20.000       ; -1.692     ; 3.308      ;
; 10.000 ; keypad_freq_sel_module:inst1|keypad_module:keypad_mod_inst|i_column[27] ; GPIO_1[1] ; keypad_freq_sel_module:inst1|freq_divider_keypad_module:freq_div|q ; keypad_freq_sel_module:inst1|freq_divider_keypad_module:freq_div|q ; 20.000       ; -1.695     ; 3.305      ;
; 10.001 ; keypad_freq_sel_module:inst1|keypad_module:keypad_mod_inst|i_column[9]  ; GPIO_1[3] ; keypad_freq_sel_module:inst1|freq_divider_keypad_module:freq_div|q ; keypad_freq_sel_module:inst1|freq_divider_keypad_module:freq_div|q ; 20.000       ; -1.692     ; 3.307      ;
; 10.009 ; keypad_freq_sel_module:inst1|keypad_module:keypad_mod_inst|i_column[6]  ; GPIO_1[0] ; keypad_freq_sel_module:inst1|freq_divider_keypad_module:freq_div|q ; keypad_freq_sel_module:inst1|freq_divider_keypad_module:freq_div|q ; 20.000       ; -1.692     ; 3.299      ;
; 10.018 ; keypad_freq_sel_module:inst1|keypad_module:keypad_mod_inst|i_column[10] ; GPIO_1[1] ; keypad_freq_sel_module:inst1|freq_divider_keypad_module:freq_div|q ; keypad_freq_sel_module:inst1|freq_divider_keypad_module:freq_div|q ; 20.000       ; -1.692     ; 3.290      ;
; 10.019 ; keypad_freq_sel_module:inst1|keypad_module:keypad_mod_inst|i_column[16] ; GPIO_1[1] ; keypad_freq_sel_module:inst1|freq_divider_keypad_module:freq_div|q ; keypad_freq_sel_module:inst1|freq_divider_keypad_module:freq_div|q ; 20.000       ; -1.695     ; 3.286      ;
; 10.019 ; keypad_freq_sel_module:inst1|keypad_module:keypad_mod_inst|i_column[13] ; GPIO_1[3] ; keypad_freq_sel_module:inst1|freq_divider_keypad_module:freq_div|q ; keypad_freq_sel_module:inst1|freq_divider_keypad_module:freq_div|q ; 20.000       ; -1.692     ; 3.289      ;
; 10.019 ; keypad_freq_sel_module:inst1|keypad_module:keypad_mod_inst|i_column[19] ; GPIO_1[0] ; keypad_freq_sel_module:inst1|freq_divider_keypad_module:freq_div|q ; keypad_freq_sel_module:inst1|freq_divider_keypad_module:freq_div|q ; 20.000       ; -1.695     ; 3.286      ;
; 10.024 ; keypad_freq_sel_module:inst1|keypad_module:keypad_mod_inst|i_column[8]  ; GPIO_1[0] ; keypad_freq_sel_module:inst1|freq_divider_keypad_module:freq_div|q ; keypad_freq_sel_module:inst1|freq_divider_keypad_module:freq_div|q ; 20.000       ; -1.692     ; 3.284      ;
; 10.024 ; keypad_freq_sel_module:inst1|keypad_module:keypad_mod_inst|i_column[24] ; GPIO_1[1] ; keypad_freq_sel_module:inst1|freq_divider_keypad_module:freq_div|q ; keypad_freq_sel_module:inst1|freq_divider_keypad_module:freq_div|q ; 20.000       ; -1.695     ; 3.281      ;
; 10.033 ; keypad_freq_sel_module:inst1|keypad_module:keypad_mod_inst|i_column[25] ; GPIO_1[1] ; keypad_freq_sel_module:inst1|freq_divider_keypad_module:freq_div|q ; keypad_freq_sel_module:inst1|freq_divider_keypad_module:freq_div|q ; 20.000       ; -1.695     ; 3.272      ;
; 10.039 ; keypad_freq_sel_module:inst1|keypad_module:keypad_mod_inst|i_column[26] ; GPIO_1[3] ; keypad_freq_sel_module:inst1|freq_divider_keypad_module:freq_div|q ; keypad_freq_sel_module:inst1|freq_divider_keypad_module:freq_div|q ; 20.000       ; -1.695     ; 3.266      ;
; 10.042 ; keypad_freq_sel_module:inst1|keypad_module:keypad_mod_inst|i_column[17] ; GPIO_1[0] ; keypad_freq_sel_module:inst1|freq_divider_keypad_module:freq_div|q ; keypad_freq_sel_module:inst1|freq_divider_keypad_module:freq_div|q ; 20.000       ; -1.695     ; 3.263      ;
; 10.044 ; keypad_freq_sel_module:inst1|keypad_module:keypad_mod_inst|i_column[3]  ; GPIO_1[3] ; keypad_freq_sel_module:inst1|freq_divider_keypad_module:freq_div|q ; keypad_freq_sel_module:inst1|freq_divider_keypad_module:freq_div|q ; 20.000       ; -1.692     ; 3.264      ;
; 10.045 ; keypad_freq_sel_module:inst1|keypad_module:keypad_mod_inst|i_column[6]  ; GPIO_1[2] ; keypad_freq_sel_module:inst1|freq_divider_keypad_module:freq_div|q ; keypad_freq_sel_module:inst1|freq_divider_keypad_module:freq_div|q ; 20.000       ; -1.692     ; 3.263      ;
; 10.048 ; keypad_freq_sel_module:inst1|keypad_module:keypad_mod_inst|i_column[4]  ; GPIO_1[1] ; keypad_freq_sel_module:inst1|freq_divider_keypad_module:freq_div|q ; keypad_freq_sel_module:inst1|freq_divider_keypad_module:freq_div|q ; 20.000       ; -1.692     ; 3.260      ;
; 10.052 ; keypad_freq_sel_module:inst1|keypad_module:keypad_mod_inst|i_column[0]  ; GPIO_1[3] ; keypad_freq_sel_module:inst1|freq_divider_keypad_module:freq_div|q ; keypad_freq_sel_module:inst1|freq_divider_keypad_module:freq_div|q ; 20.000       ; -1.692     ; 3.256      ;
; 10.052 ; keypad_freq_sel_module:inst1|keypad_module:keypad_mod_inst|i_column[27] ; GPIO_1[3] ; keypad_freq_sel_module:inst1|freq_divider_keypad_module:freq_div|q ; keypad_freq_sel_module:inst1|freq_divider_keypad_module:freq_div|q ; 20.000       ; -1.695     ; 3.253      ;
; 10.055 ; keypad_freq_sel_module:inst1|keypad_module:keypad_mod_inst|i_column[19] ; GPIO_1[2] ; keypad_freq_sel_module:inst1|freq_divider_keypad_module:freq_div|q ; keypad_freq_sel_module:inst1|freq_divider_keypad_module:freq_div|q ; 20.000       ; -1.695     ; 3.250      ;
; 10.060 ; keypad_freq_sel_module:inst1|keypad_module:keypad_mod_inst|i_column[8]  ; GPIO_1[2] ; keypad_freq_sel_module:inst1|freq_divider_keypad_module:freq_div|q ; keypad_freq_sel_module:inst1|freq_divider_keypad_module:freq_div|q ; 20.000       ; -1.692     ; 3.248      ;
; 10.067 ; keypad_freq_sel_module:inst1|keypad_module:keypad_mod_inst|i_column[1]  ; GPIO_1[0] ; keypad_freq_sel_module:inst1|freq_divider_keypad_module:freq_div|q ; keypad_freq_sel_module:inst1|freq_divider_keypad_module:freq_div|q ; 20.000       ; -1.692     ; 3.241      ;
; 10.070 ; keypad_freq_sel_module:inst1|keypad_module:keypad_mod_inst|i_column[10] ; GPIO_1[3] ; keypad_freq_sel_module:inst1|freq_divider_keypad_module:freq_div|q ; keypad_freq_sel_module:inst1|freq_divider_keypad_module:freq_div|q ; 20.000       ; -1.692     ; 3.238      ;
; 10.071 ; keypad_freq_sel_module:inst1|keypad_module:keypad_mod_inst|i_column[21] ; GPIO_1[1] ; keypad_freq_sel_module:inst1|freq_divider_keypad_module:freq_div|q ; keypad_freq_sel_module:inst1|freq_divider_keypad_module:freq_div|q ; 20.000       ; -1.695     ; 3.234      ;
; 10.071 ; keypad_freq_sel_module:inst1|keypad_module:keypad_mod_inst|i_column[16] ; GPIO_1[3] ; keypad_freq_sel_module:inst1|freq_divider_keypad_module:freq_div|q ; keypad_freq_sel_module:inst1|freq_divider_keypad_module:freq_div|q ; 20.000       ; -1.695     ; 3.234      ;
; 10.076 ; keypad_freq_sel_module:inst1|keypad_module:keypad_mod_inst|i_column[11] ; GPIO_1[1] ; keypad_freq_sel_module:inst1|freq_divider_keypad_module:freq_div|q ; keypad_freq_sel_module:inst1|freq_divider_keypad_module:freq_div|q ; 20.000       ; -1.692     ; 3.232      ;
; 10.076 ; keypad_freq_sel_module:inst1|keypad_module:keypad_mod_inst|i_column[24] ; GPIO_1[3] ; keypad_freq_sel_module:inst1|freq_divider_keypad_module:freq_div|q ; keypad_freq_sel_module:inst1|freq_divider_keypad_module:freq_div|q ; 20.000       ; -1.695     ; 3.229      ;
; 10.078 ; keypad_freq_sel_module:inst1|keypad_module:keypad_mod_inst|i_column[14] ; GPIO_1[1] ; keypad_freq_sel_module:inst1|freq_divider_keypad_module:freq_div|q ; keypad_freq_sel_module:inst1|freq_divider_keypad_module:freq_div|q ; 20.000       ; -1.692     ; 3.230      ;
; 10.078 ; keypad_freq_sel_module:inst1|keypad_module:keypad_mod_inst|i_column[17] ; GPIO_1[2] ; keypad_freq_sel_module:inst1|freq_divider_keypad_module:freq_div|q ; keypad_freq_sel_module:inst1|freq_divider_keypad_module:freq_div|q ; 20.000       ; -1.695     ; 3.227      ;
; 10.085 ; keypad_freq_sel_module:inst1|keypad_module:keypad_mod_inst|i_column[25] ; GPIO_1[3] ; keypad_freq_sel_module:inst1|freq_divider_keypad_module:freq_div|q ; keypad_freq_sel_module:inst1|freq_divider_keypad_module:freq_div|q ; 20.000       ; -1.695     ; 3.220      ;
; 10.090 ; keypad_freq_sel_module:inst1|keypad_module:keypad_mod_inst|i_column[7]  ; GPIO_1[0] ; keypad_freq_sel_module:inst1|freq_divider_keypad_module:freq_div|q ; keypad_freq_sel_module:inst1|freq_divider_keypad_module:freq_div|q ; 20.000       ; -1.692     ; 3.218      ;
; 10.097 ; keypad_freq_sel_module:inst1|keypad_module:keypad_mod_inst|i_column[5]  ; GPIO_1[0] ; keypad_freq_sel_module:inst1|freq_divider_keypad_module:freq_div|q ; keypad_freq_sel_module:inst1|freq_divider_keypad_module:freq_div|q ; 20.000       ; -1.692     ; 3.211      ;
; 10.100 ; keypad_freq_sel_module:inst1|keypad_module:keypad_mod_inst|i_column[4]  ; GPIO_1[3] ; keypad_freq_sel_module:inst1|freq_divider_keypad_module:freq_div|q ; keypad_freq_sel_module:inst1|freq_divider_keypad_module:freq_div|q ; 20.000       ; -1.692     ; 3.208      ;
; 10.103 ; keypad_freq_sel_module:inst1|keypad_module:keypad_mod_inst|i_column[1]  ; GPIO_1[2] ; keypad_freq_sel_module:inst1|freq_divider_keypad_module:freq_div|q ; keypad_freq_sel_module:inst1|freq_divider_keypad_module:freq_div|q ; 20.000       ; -1.692     ; 3.205      ;
; 10.123 ; keypad_freq_sel_module:inst1|keypad_module:keypad_mod_inst|i_column[21] ; GPIO_1[3] ; keypad_freq_sel_module:inst1|freq_divider_keypad_module:freq_div|q ; keypad_freq_sel_module:inst1|freq_divider_keypad_module:freq_div|q ; 20.000       ; -1.695     ; 3.182      ;
; 10.126 ; keypad_freq_sel_module:inst1|keypad_module:keypad_mod_inst|i_column[7]  ; GPIO_1[2] ; keypad_freq_sel_module:inst1|freq_divider_keypad_module:freq_div|q ; keypad_freq_sel_module:inst1|freq_divider_keypad_module:freq_div|q ; 20.000       ; -1.692     ; 3.182      ;
; 10.127 ; keypad_freq_sel_module:inst1|keypad_module:keypad_mod_inst|i_column[2]  ; GPIO_1[0] ; keypad_freq_sel_module:inst1|freq_divider_keypad_module:freq_div|q ; keypad_freq_sel_module:inst1|freq_divider_keypad_module:freq_div|q ; 20.000       ; -1.692     ; 3.181      ;
; 10.128 ; keypad_freq_sel_module:inst1|keypad_module:keypad_mod_inst|i_column[11] ; GPIO_1[3] ; keypad_freq_sel_module:inst1|freq_divider_keypad_module:freq_div|q ; keypad_freq_sel_module:inst1|freq_divider_keypad_module:freq_div|q ; 20.000       ; -1.692     ; 3.180      ;
; 10.130 ; keypad_freq_sel_module:inst1|keypad_module:keypad_mod_inst|i_column[14] ; GPIO_1[3] ; keypad_freq_sel_module:inst1|freq_divider_keypad_module:freq_div|q ; keypad_freq_sel_module:inst1|freq_divider_keypad_module:freq_div|q ; 20.000       ; -1.692     ; 3.178      ;
; 10.133 ; keypad_freq_sel_module:inst1|keypad_module:keypad_mod_inst|i_column[9]  ; GPIO_1[0] ; keypad_freq_sel_module:inst1|freq_divider_keypad_module:freq_div|q ; keypad_freq_sel_module:inst1|freq_divider_keypad_module:freq_div|q ; 20.000       ; -1.692     ; 3.175      ;
; 10.133 ; keypad_freq_sel_module:inst1|keypad_module:keypad_mod_inst|i_column[5]  ; GPIO_1[2] ; keypad_freq_sel_module:inst1|freq_divider_keypad_module:freq_div|q ; keypad_freq_sel_module:inst1|freq_divider_keypad_module:freq_div|q ; 20.000       ; -1.692     ; 3.175      ;
; 10.133 ; keypad_freq_sel_module:inst1|keypad_module:keypad_mod_inst|i_column[23] ; GPIO_1[1] ; keypad_freq_sel_module:inst1|freq_divider_keypad_module:freq_div|q ; keypad_freq_sel_module:inst1|freq_divider_keypad_module:freq_div|q ; 20.000       ; -1.695     ; 3.172      ;
; 10.139 ; keypad_freq_sel_module:inst1|keypad_module:keypad_mod_inst|i_column[15] ; GPIO_1[1] ; keypad_freq_sel_module:inst1|freq_divider_keypad_module:freq_div|q ; keypad_freq_sel_module:inst1|freq_divider_keypad_module:freq_div|q ; 20.000       ; -1.692     ; 3.169      ;
; 10.151 ; keypad_freq_sel_module:inst1|keypad_module:keypad_mod_inst|i_column[13] ; GPIO_1[0] ; keypad_freq_sel_module:inst1|freq_divider_keypad_module:freq_div|q ; keypad_freq_sel_module:inst1|freq_divider_keypad_module:freq_div|q ; 20.000       ; -1.692     ; 3.157      ;
; 10.151 ; keypad_freq_sel_module:inst1|keypad_module:keypad_mod_inst|i_column[22] ; GPIO_1[1] ; keypad_freq_sel_module:inst1|freq_divider_keypad_module:freq_div|q ; keypad_freq_sel_module:inst1|freq_divider_keypad_module:freq_div|q ; 20.000       ; -1.695     ; 3.154      ;
; 10.161 ; keypad_freq_sel_module:inst1|keypad_module:keypad_mod_inst|i_column[28] ; GPIO_1[1] ; keypad_freq_sel_module:inst1|freq_divider_keypad_module:freq_div|q ; keypad_freq_sel_module:inst1|freq_divider_keypad_module:freq_div|q ; 20.000       ; -1.695     ; 3.144      ;
; 10.163 ; keypad_freq_sel_module:inst1|keypad_module:keypad_mod_inst|i_column[2]  ; GPIO_1[2] ; keypad_freq_sel_module:inst1|freq_divider_keypad_module:freq_div|q ; keypad_freq_sel_module:inst1|freq_divider_keypad_module:freq_div|q ; 20.000       ; -1.692     ; 3.145      ;
; 10.169 ; keypad_freq_sel_module:inst1|keypad_module:keypad_mod_inst|i_column[9]  ; GPIO_1[2] ; keypad_freq_sel_module:inst1|freq_divider_keypad_module:freq_div|q ; keypad_freq_sel_module:inst1|freq_divider_keypad_module:freq_div|q ; 20.000       ; -1.692     ; 3.139      ;
; 10.171 ; keypad_freq_sel_module:inst1|keypad_module:keypad_mod_inst|i_column[26] ; GPIO_1[0] ; keypad_freq_sel_module:inst1|freq_divider_keypad_module:freq_div|q ; keypad_freq_sel_module:inst1|freq_divider_keypad_module:freq_div|q ; 20.000       ; -1.695     ; 3.134      ;
; 10.173 ; keypad_freq_sel_module:inst1|keypad_module:keypad_mod_inst|i_column[30] ; GPIO_1[1] ; keypad_freq_sel_module:inst1|freq_divider_keypad_module:freq_div|q ; keypad_freq_sel_module:inst1|freq_divider_keypad_module:freq_div|q ; 20.000       ; -1.695     ; 3.132      ;
; 10.176 ; keypad_freq_sel_module:inst1|keypad_module:keypad_mod_inst|i_column[3]  ; GPIO_1[0] ; keypad_freq_sel_module:inst1|freq_divider_keypad_module:freq_div|q ; keypad_freq_sel_module:inst1|freq_divider_keypad_module:freq_div|q ; 20.000       ; -1.692     ; 3.132      ;
; 10.184 ; keypad_freq_sel_module:inst1|keypad_module:keypad_mod_inst|i_column[0]  ; GPIO_1[0] ; keypad_freq_sel_module:inst1|freq_divider_keypad_module:freq_div|q ; keypad_freq_sel_module:inst1|freq_divider_keypad_module:freq_div|q ; 20.000       ; -1.692     ; 3.124      ;
; 10.184 ; keypad_freq_sel_module:inst1|keypad_module:keypad_mod_inst|i_column[27] ; GPIO_1[0] ; keypad_freq_sel_module:inst1|freq_divider_keypad_module:freq_div|q ; keypad_freq_sel_module:inst1|freq_divider_keypad_module:freq_div|q ; 20.000       ; -1.695     ; 3.121      ;
; 10.185 ; keypad_freq_sel_module:inst1|keypad_module:keypad_mod_inst|i_column[23] ; GPIO_1[3] ; keypad_freq_sel_module:inst1|freq_divider_keypad_module:freq_div|q ; keypad_freq_sel_module:inst1|freq_divider_keypad_module:freq_div|q ; 20.000       ; -1.695     ; 3.120      ;
; 10.187 ; keypad_freq_sel_module:inst1|keypad_module:keypad_mod_inst|i_column[13] ; GPIO_1[2] ; keypad_freq_sel_module:inst1|freq_divider_keypad_module:freq_div|q ; keypad_freq_sel_module:inst1|freq_divider_keypad_module:freq_div|q ; 20.000       ; -1.692     ; 3.121      ;
; 10.191 ; keypad_freq_sel_module:inst1|keypad_module:keypad_mod_inst|i_column[15] ; GPIO_1[3] ; keypad_freq_sel_module:inst1|freq_divider_keypad_module:freq_div|q ; keypad_freq_sel_module:inst1|freq_divider_keypad_module:freq_div|q ; 20.000       ; -1.692     ; 3.117      ;
; 10.196 ; keypad_freq_sel_module:inst1|keypad_module:keypad_mod_inst|i_column[29] ; GPIO_1[1] ; keypad_freq_sel_module:inst1|freq_divider_keypad_module:freq_div|q ; keypad_freq_sel_module:inst1|freq_divider_keypad_module:freq_div|q ; 20.000       ; -1.695     ; 3.109      ;
; 10.197 ; keypad_freq_sel_module:inst1|keypad_module:keypad_mod_inst|i_column[12] ; GPIO_1[1] ; keypad_freq_sel_module:inst1|freq_divider_keypad_module:freq_div|q ; keypad_freq_sel_module:inst1|freq_divider_keypad_module:freq_div|q ; 20.000       ; -1.692     ; 3.111      ;
; 10.202 ; keypad_freq_sel_module:inst1|keypad_module:keypad_mod_inst|i_column[10] ; GPIO_1[0] ; keypad_freq_sel_module:inst1|freq_divider_keypad_module:freq_div|q ; keypad_freq_sel_module:inst1|freq_divider_keypad_module:freq_div|q ; 20.000       ; -1.692     ; 3.106      ;
; 10.203 ; keypad_freq_sel_module:inst1|keypad_module:keypad_mod_inst|i_column[16] ; GPIO_1[0] ; keypad_freq_sel_module:inst1|freq_divider_keypad_module:freq_div|q ; keypad_freq_sel_module:inst1|freq_divider_keypad_module:freq_div|q ; 20.000       ; -1.695     ; 3.102      ;
; 10.203 ; keypad_freq_sel_module:inst1|keypad_module:keypad_mod_inst|i_column[22] ; GPIO_1[3] ; keypad_freq_sel_module:inst1|freq_divider_keypad_module:freq_div|q ; keypad_freq_sel_module:inst1|freq_divider_keypad_module:freq_div|q ; 20.000       ; -1.695     ; 3.102      ;
; 10.207 ; keypad_freq_sel_module:inst1|keypad_module:keypad_mod_inst|i_column[26] ; GPIO_1[2] ; keypad_freq_sel_module:inst1|freq_divider_keypad_module:freq_div|q ; keypad_freq_sel_module:inst1|freq_divider_keypad_module:freq_div|q ; 20.000       ; -1.695     ; 3.098      ;
; 10.208 ; keypad_freq_sel_module:inst1|keypad_module:keypad_mod_inst|i_column[24] ; GPIO_1[0] ; keypad_freq_sel_module:inst1|freq_divider_keypad_module:freq_div|q ; keypad_freq_sel_module:inst1|freq_divider_keypad_module:freq_div|q ; 20.000       ; -1.695     ; 3.097      ;
; 10.212 ; keypad_freq_sel_module:inst1|keypad_module:keypad_mod_inst|i_column[3]  ; GPIO_1[2] ; keypad_freq_sel_module:inst1|freq_divider_keypad_module:freq_div|q ; keypad_freq_sel_module:inst1|freq_divider_keypad_module:freq_div|q ; 20.000       ; -1.692     ; 3.096      ;
; 10.213 ; keypad_freq_sel_module:inst1|keypad_module:keypad_mod_inst|i_column[28] ; GPIO_1[3] ; keypad_freq_sel_module:inst1|freq_divider_keypad_module:freq_div|q ; keypad_freq_sel_module:inst1|freq_divider_keypad_module:freq_div|q ; 20.000       ; -1.695     ; 3.092      ;
; 10.217 ; keypad_freq_sel_module:inst1|keypad_module:keypad_mod_inst|i_column[25] ; GPIO_1[0] ; keypad_freq_sel_module:inst1|freq_divider_keypad_module:freq_div|q ; keypad_freq_sel_module:inst1|freq_divider_keypad_module:freq_div|q ; 20.000       ; -1.695     ; 3.088      ;
; 10.220 ; keypad_freq_sel_module:inst1|keypad_module:keypad_mod_inst|i_column[0]  ; GPIO_1[2] ; keypad_freq_sel_module:inst1|freq_divider_keypad_module:freq_div|q ; keypad_freq_sel_module:inst1|freq_divider_keypad_module:freq_div|q ; 20.000       ; -1.692     ; 3.088      ;
; 10.220 ; keypad_freq_sel_module:inst1|keypad_module:keypad_mod_inst|i_column[27] ; GPIO_1[2] ; keypad_freq_sel_module:inst1|freq_divider_keypad_module:freq_div|q ; keypad_freq_sel_module:inst1|freq_divider_keypad_module:freq_div|q ; 20.000       ; -1.695     ; 3.085      ;
; 10.225 ; keypad_freq_sel_module:inst1|keypad_module:keypad_mod_inst|i_column[30] ; GPIO_1[3] ; keypad_freq_sel_module:inst1|freq_divider_keypad_module:freq_div|q ; keypad_freq_sel_module:inst1|freq_divider_keypad_module:freq_div|q ; 20.000       ; -1.695     ; 3.080      ;
; 10.232 ; keypad_freq_sel_module:inst1|keypad_module:keypad_mod_inst|i_column[4]  ; GPIO_1[0] ; keypad_freq_sel_module:inst1|freq_divider_keypad_module:freq_div|q ; keypad_freq_sel_module:inst1|freq_divider_keypad_module:freq_div|q ; 20.000       ; -1.692     ; 3.076      ;
; 10.238 ; keypad_freq_sel_module:inst1|keypad_module:keypad_mod_inst|i_column[10] ; GPIO_1[2] ; keypad_freq_sel_module:inst1|freq_divider_keypad_module:freq_div|q ; keypad_freq_sel_module:inst1|freq_divider_keypad_module:freq_div|q ; 20.000       ; -1.692     ; 3.070      ;
; 10.239 ; keypad_freq_sel_module:inst1|keypad_module:keypad_mod_inst|i_column[16] ; GPIO_1[2] ; keypad_freq_sel_module:inst1|freq_divider_keypad_module:freq_div|q ; keypad_freq_sel_module:inst1|freq_divider_keypad_module:freq_div|q ; 20.000       ; -1.695     ; 3.066      ;
; 10.244 ; keypad_freq_sel_module:inst1|keypad_module:keypad_mod_inst|i_column[24] ; GPIO_1[2] ; keypad_freq_sel_module:inst1|freq_divider_keypad_module:freq_div|q ; keypad_freq_sel_module:inst1|freq_divider_keypad_module:freq_div|q ; 20.000       ; -1.695     ; 3.061      ;
; 10.248 ; keypad_freq_sel_module:inst1|keypad_module:keypad_mod_inst|i_column[29] ; GPIO_1[3] ; keypad_freq_sel_module:inst1|freq_divider_keypad_module:freq_div|q ; keypad_freq_sel_module:inst1|freq_divider_keypad_module:freq_div|q ; 20.000       ; -1.695     ; 3.057      ;
; 10.249 ; keypad_freq_sel_module:inst1|keypad_module:keypad_mod_inst|i_column[12] ; GPIO_1[3] ; keypad_freq_sel_module:inst1|freq_divider_keypad_module:freq_div|q ; keypad_freq_sel_module:inst1|freq_divider_keypad_module:freq_div|q ; 20.000       ; -1.692     ; 3.059      ;
; 10.253 ; keypad_freq_sel_module:inst1|keypad_module:keypad_mod_inst|i_column[25] ; GPIO_1[2] ; keypad_freq_sel_module:inst1|freq_divider_keypad_module:freq_div|q ; keypad_freq_sel_module:inst1|freq_divider_keypad_module:freq_div|q ; 20.000       ; -1.695     ; 3.052      ;
; 10.255 ; keypad_freq_sel_module:inst1|keypad_module:keypad_mod_inst|i_column[21] ; GPIO_1[0] ; keypad_freq_sel_module:inst1|freq_divider_keypad_module:freq_div|q ; keypad_freq_sel_module:inst1|freq_divider_keypad_module:freq_div|q ; 20.000       ; -1.695     ; 3.050      ;
+--------+-------------------------------------------------------------------------+-----------+--------------------------------------------------------------------+--------------------------------------------------------------------+--------------+------------+------------+


+---------------------------------------------------------------------------------------------------------------------------------------------------------------------------------------------------------------------------------------+
; Fast Model Hold: 'CLOCK_50'                                                                                                                                                                                                           ;
+-------+----------------------------------------------------------------------------+----------------------------------------------------------------------------+--------------+-------------+--------------+------------+------------+
; Slack ; From Node                                                                  ; To Node                                                                    ; Launch Clock ; Latch Clock ; Relationship ; Clock Skew ; Data Delay ;
+-------+----------------------------------------------------------------------------+----------------------------------------------------------------------------+--------------+-------------+--------------+------------+------------+
; 0.215 ; lcd_driver:inst8|state.WAIT_BUTTON_RELEASE                                 ; lcd_driver:inst8|state.WAIT_BUTTON_RELEASE                                 ; CLOCK_50     ; CLOCK_50    ; 0.000        ; 0.000      ; 0.367      ;
; 0.215 ; lcd_driver:inst8|btn_counter[0]                                            ; lcd_driver:inst8|btn_counter[0]                                            ; CLOCK_50     ; CLOCK_50    ; 0.000        ; 0.000      ; 0.367      ;
; 0.215 ; lcd_driver:inst8|state.DONE                                                ; lcd_driver:inst8|state.DONE                                                ; CLOCK_50     ; CLOCK_50    ; 0.000        ; 0.000      ; 0.367      ;
; 0.215 ; lcd_driver:inst8|sub_state_f[1]                                            ; lcd_driver:inst8|sub_state_f[1]                                            ; CLOCK_50     ; CLOCK_50    ; 0.000        ; 0.000      ; 0.367      ;
; 0.215 ; lcd_driver:inst8|state_f.SETUP                                             ; lcd_driver:inst8|state_f.SETUP                                             ; CLOCK_50     ; CLOCK_50    ; 0.000        ; 0.000      ; 0.367      ;
; 0.215 ; lcd_driver:inst8|sub_state_f[0]                                            ; lcd_driver:inst8|sub_state_f[0]                                            ; CLOCK_50     ; CLOCK_50    ; 0.000        ; 0.000      ; 0.367      ;
; 0.215 ; lcd_driver:inst8|state.WAIT                                                ; lcd_driver:inst8|state.WAIT                                                ; CLOCK_50     ; CLOCK_50    ; 0.000        ; 0.000      ; 0.367      ;
; 0.215 ; lcd_driver:inst8|lcd_data_freq[7]                                          ; lcd_driver:inst8|lcd_data_freq[7]                                          ; CLOCK_50     ; CLOCK_50    ; 0.000        ; 0.000      ; 0.367      ;
; 0.215 ; lcd_driver:inst8|lcd_en_freq                                               ; lcd_driver:inst8|lcd_en_freq                                               ; CLOCK_50     ; CLOCK_50    ; 0.000        ; 0.000      ; 0.367      ;
; 0.215 ; lcd_driver:inst8|lcd_en_cntr                                               ; lcd_driver:inst8|lcd_en_cntr                                               ; CLOCK_50     ; CLOCK_50    ; 0.000        ; 0.000      ; 0.367      ;
; 0.215 ; lcd_driver:inst8|lcd_rs_freq                                               ; lcd_driver:inst8|lcd_rs_freq                                               ; CLOCK_50     ; CLOCK_50    ; 0.000        ; 0.000      ; 0.367      ;
; 0.215 ; lcd_driver:inst8|btn_pressed                                               ; lcd_driver:inst8|btn_pressed                                               ; CLOCK_50     ; CLOCK_50    ; 0.000        ; 0.000      ; 0.367      ;
; 0.215 ; lcd_driver:inst8|state.POWER_ON                                            ; lcd_driver:inst8|state.POWER_ON                                            ; CLOCK_50     ; CLOCK_50    ; 0.000        ; 0.000      ; 0.367      ;
; 0.215 ; lcd_driver:inst8|sub_state.PAGE0                                           ; lcd_driver:inst8|sub_state.PAGE0                                           ; CLOCK_50     ; CLOCK_50    ; 0.000        ; 0.000      ; 0.367      ;
; 0.215 ; lcd_driver:inst8|sub_state.PAGE2                                           ; lcd_driver:inst8|sub_state.PAGE2                                           ; CLOCK_50     ; CLOCK_50    ; 0.000        ; 0.000      ; 0.367      ;
; 0.215 ; lcd_driver:inst8|n_index[3]                                                ; lcd_driver:inst8|n_index[3]                                                ; CLOCK_50     ; CLOCK_50    ; 0.000        ; 0.000      ; 0.367      ;
; 0.215 ; lcd_driver:inst8|state_f.WRITE_DATA                                        ; lcd_driver:inst8|state_f.WRITE_DATA                                        ; CLOCK_50     ; CLOCK_50    ; 0.000        ; 0.000      ; 0.367      ;
; 0.215 ; lcd_driver:inst8|state_f.WAIT_EXEC                                         ; lcd_driver:inst8|state_f.WAIT_EXEC                                         ; CLOCK_50     ; CLOCK_50    ; 0.000        ; 0.000      ; 0.367      ;
; 0.215 ; lcd_driver:inst8|n_index[0]                                                ; lcd_driver:inst8|n_index[0]                                                ; CLOCK_50     ; CLOCK_50    ; 0.000        ; 0.000      ; 0.367      ;
; 0.215 ; lcd_driver:inst8|n_index[1]                                                ; lcd_driver:inst8|n_index[1]                                                ; CLOCK_50     ; CLOCK_50    ; 0.000        ; 0.000      ; 0.367      ;
; 0.215 ; lcd_driver:inst8|n_index[2]                                                ; lcd_driver:inst8|n_index[2]                                                ; CLOCK_50     ; CLOCK_50    ; 0.000        ; 0.000      ; 0.367      ;
; 0.215 ; lcd_driver:inst8|sub_state.PAGE1                                           ; lcd_driver:inst8|sub_state.PAGE1                                           ; CLOCK_50     ; CLOCK_50    ; 0.000        ; 0.000      ; 0.367      ;
; 0.215 ; lcd_driver:inst8|state.WRITE_DATA                                          ; lcd_driver:inst8|state.WRITE_DATA                                          ; CLOCK_50     ; CLOCK_50    ; 0.000        ; 0.000      ; 0.367      ;
; 0.215 ; lcd_driver:inst8|state.WAIT_EXEC                                           ; lcd_driver:inst8|state.WAIT_EXEC                                           ; CLOCK_50     ; CLOCK_50    ; 0.000        ; 0.000      ; 0.367      ;
; 0.215 ; lcd_driver:inst8|state.PAGE_SELECT                                         ; lcd_driver:inst8|state.PAGE_SELECT                                         ; CLOCK_50     ; CLOCK_50    ; 0.000        ; 0.000      ; 0.367      ;
; 0.215 ; lcd_driver:inst8|sub_state.PAGE_ERROR                                      ; lcd_driver:inst8|sub_state.PAGE_ERROR                                      ; CLOCK_50     ; CLOCK_50    ; 0.000        ; 0.000      ; 0.367      ;
; 0.239 ; metastab_3xdff:inst4|bcd_freq_sync_2[25]                                   ; metastab_3xdff:inst4|bcd_freq_sync[25]                                     ; CLOCK_50     ; CLOCK_50    ; 0.000        ; 0.000      ; 0.391      ;
; 0.240 ; metastab_3xdff:inst4|bcd_freq_sync_1[12]                                   ; metastab_3xdff:inst4|bcd_freq_sync_2[12]                                   ; CLOCK_50     ; CLOCK_50    ; 0.000        ; 0.000      ; 0.392      ;
; 0.241 ; metastab_3xdff:inst4|bcd_freq_sync_1[8]                                    ; metastab_3xdff:inst4|bcd_freq_sync_2[8]                                    ; CLOCK_50     ; CLOCK_50    ; 0.000        ; 0.000      ; 0.393      ;
; 0.241 ; metastab_3xdff:inst4|bcd_freq_sync_1[3]                                    ; metastab_3xdff:inst4|bcd_freq_sync_2[3]                                    ; CLOCK_50     ; CLOCK_50    ; 0.000        ; 0.000      ; 0.393      ;
; 0.241 ; metastab_3xdff:inst4|bcd_freq_sync_2[21]                                   ; metastab_3xdff:inst4|bcd_freq_sync[21]                                     ; CLOCK_50     ; CLOCK_50    ; 0.000        ; 0.000      ; 0.393      ;
; 0.243 ; keypad_freq_sel_module:inst1|freq_divider_keypad_module:freq_div|count[31] ; keypad_freq_sel_module:inst1|freq_divider_keypad_module:freq_div|count[31] ; CLOCK_50     ; CLOCK_50    ; 0.000        ; 0.000      ; 0.395      ;
; 0.243 ; lcd_driver:inst8|counter_f[31]                                             ; lcd_driver:inst8|counter_f[31]                                             ; CLOCK_50     ; CLOCK_50    ; 0.000        ; 0.000      ; 0.395      ;
; 0.243 ; lcd_driver:inst8|counter[31]                                               ; lcd_driver:inst8|counter[31]                                               ; CLOCK_50     ; CLOCK_50    ; 0.000        ; 0.000      ; 0.395      ;
; 0.244 ; metastab_3xdff:inst4|bcd_freq_sync_2[5]                                    ; metastab_3xdff:inst4|bcd_freq_sync[5]                                      ; CLOCK_50     ; CLOCK_50    ; 0.000        ; 0.000      ; 0.396      ;
; 0.245 ; lcd_driver:inst8|state.WRITE_DATA                                          ; lcd_driver:inst8|lcd_en_cntr                                               ; CLOCK_50     ; CLOCK_50    ; 0.000        ; 0.000      ; 0.397      ;
; 0.248 ; metastab_3xdff:inst4|bcd_freq_sync_2[12]                                   ; metastab_3xdff:inst4|bcd_freq_sync[12]                                     ; CLOCK_50     ; CLOCK_50    ; 0.000        ; 0.000      ; 0.400      ;
; 0.254 ; lcd_driver:inst8|char_index[5]                                             ; lcd_driver:inst8|char_index[5]                                             ; CLOCK_50     ; CLOCK_50    ; 0.000        ; 0.000      ; 0.406      ;
; 0.258 ; lcd_driver:inst8|state.WAIT                                                ; lcd_driver:inst8|state.SETUP                                               ; CLOCK_50     ; CLOCK_50    ; 0.000        ; 0.000      ; 0.410      ;
; 0.279 ; lcd_driver:inst8|n_index[0]                                                ; lcd_driver:inst8|n_index[1]                                                ; CLOCK_50     ; CLOCK_50    ; 0.000        ; 0.000      ; 0.431      ;
; 0.280 ; lcd_driver:inst8|n_index[0]                                                ; lcd_driver:inst8|n_index[2]                                                ; CLOCK_50     ; CLOCK_50    ; 0.000        ; 0.000      ; 0.432      ;
; 0.283 ; lcd_driver:inst8|state_f.CHECK_AND_WAIT                                    ; lcd_driver:inst8|sub_state_f[1]                                            ; CLOCK_50     ; CLOCK_50    ; 0.000        ; 0.000      ; 0.435      ;
; 0.285 ; lcd_driver:inst8|state_f.CHECK_AND_WAIT                                    ; lcd_driver:inst8|lcd_rs_freq                                               ; CLOCK_50     ; CLOCK_50    ; 0.000        ; 0.000      ; 0.437      ;
; 0.286 ; lcd_driver:inst8|state_f.CHECK_AND_WAIT                                    ; lcd_driver:inst8|lcd_data_freq[7]                                          ; CLOCK_50     ; CLOCK_50    ; 0.000        ; 0.000      ; 0.438      ;
; 0.287 ; lcd_driver:inst8|state_f.CHECK_AND_WAIT                                    ; lcd_driver:inst8|sub_state_f[0]                                            ; CLOCK_50     ; CLOCK_50    ; 0.000        ; 0.000      ; 0.439      ;
; 0.312 ; metastab_3xdff:inst4|bcd_freq_sync_1[17]                                   ; metastab_3xdff:inst4|bcd_freq_sync_2[17]                                   ; CLOCK_50     ; CLOCK_50    ; 0.000        ; 0.000      ; 0.464      ;
; 0.313 ; metastab_3xdff:inst4|bcd_freq_sync_1[4]                                    ; metastab_3xdff:inst4|bcd_freq_sync_2[4]                                    ; CLOCK_50     ; CLOCK_50    ; 0.000        ; 0.000      ; 0.465      ;
; 0.313 ; metastab_3xdff:inst4|ena_ddfs_2                                            ; metastab_3xdff:inst4|ena_ddfs_sync                                         ; CLOCK_50     ; CLOCK_50    ; 0.000        ; 0.000      ; 0.465      ;
; 0.314 ; metastab_3xdff:inst4|bcd_freq_sync_1[10]                                   ; metastab_3xdff:inst4|bcd_freq_sync_2[10]                                   ; CLOCK_50     ; CLOCK_50    ; 0.000        ; 0.000      ; 0.466      ;
; 0.315 ; metastab_3xdff:inst4|bcd_freq_sync_2[19]                                   ; metastab_3xdff:inst4|bcd_freq_sync[19]                                     ; CLOCK_50     ; CLOCK_50    ; 0.000        ; 0.000      ; 0.467      ;
; 0.315 ; metastab_3xdff:inst4|bcd_freq_sync_2[18]                                   ; metastab_3xdff:inst4|bcd_freq_sync[18]                                     ; CLOCK_50     ; CLOCK_50    ; 0.000        ; 0.000      ; 0.467      ;
; 0.316 ; metastab_3xdff:inst4|bcd_freq_sync_1[20]                                   ; metastab_3xdff:inst4|bcd_freq_sync_2[20]                                   ; CLOCK_50     ; CLOCK_50    ; 0.000        ; 0.000      ; 0.468      ;
; 0.317 ; metastab_3xdff:inst4|bcd_freq_sync_2[24]                                   ; metastab_3xdff:inst4|bcd_freq_sync[24]                                     ; CLOCK_50     ; CLOCK_50    ; 0.000        ; 0.000      ; 0.469      ;
; 0.317 ; metastab_3xdff:inst4|bcd_freq_sync_1[5]                                    ; metastab_3xdff:inst4|bcd_freq_sync_2[5]                                    ; CLOCK_50     ; CLOCK_50    ; 0.000        ; 0.000      ; 0.469      ;
; 0.318 ; metastab_3xdff:inst4|bcd_freq_sync_1[0]                                    ; metastab_3xdff:inst4|bcd_freq_sync_2[0]                                    ; CLOCK_50     ; CLOCK_50    ; 0.000        ; 0.000      ; 0.470      ;
; 0.318 ; metastab_3xdff:inst4|bcd_freq_sync_1[11]                                   ; metastab_3xdff:inst4|bcd_freq_sync_2[11]                                   ; CLOCK_50     ; CLOCK_50    ; 0.000        ; 0.000      ; 0.470      ;
; 0.319 ; metastab_3xdff:inst4|bcd_freq_sync_2[7]                                    ; metastab_3xdff:inst4|bcd_freq_sync[7]                                      ; CLOCK_50     ; CLOCK_50    ; 0.000        ; 0.000      ; 0.471      ;
; 0.319 ; metastab_3xdff:inst4|bcd_freq_sync_2[6]                                    ; metastab_3xdff:inst4|bcd_freq_sync[6]                                      ; CLOCK_50     ; CLOCK_50    ; 0.000        ; 0.000      ; 0.471      ;
; 0.319 ; metastab_3xdff:inst4|bcd_freq_sync_1[22]                                   ; metastab_3xdff:inst4|bcd_freq_sync_2[22]                                   ; CLOCK_50     ; CLOCK_50    ; 0.000        ; 0.000      ; 0.471      ;
; 0.321 ; metastab_3xdff:inst4|bcd_freq_sync_1[24]                                   ; metastab_3xdff:inst4|bcd_freq_sync_2[24]                                   ; CLOCK_50     ; CLOCK_50    ; 0.000        ; -0.001     ; 0.472      ;
; 0.322 ; metastab_3xdff:inst4|bcd_freq_sync_2[27]                                   ; metastab_3xdff:inst4|bcd_freq_sync[27]                                     ; CLOCK_50     ; CLOCK_50    ; 0.000        ; 0.000      ; 0.474      ;
; 0.322 ; metastab_3xdff:inst4|bcd_freq_sync_2[22]                                   ; metastab_3xdff:inst4|bcd_freq_sync[22]                                     ; CLOCK_50     ; CLOCK_50    ; 0.000        ; 0.000      ; 0.474      ;
; 0.353 ; lcd_driver:inst8|counter[0]                                                ; lcd_driver:inst8|counter[0]                                                ; CLOCK_50     ; CLOCK_50    ; 0.000        ; 0.000      ; 0.505      ;
; 0.353 ; lcd_driver:inst8|counter_f[0]                                              ; lcd_driver:inst8|counter_f[0]                                              ; CLOCK_50     ; CLOCK_50    ; 0.000        ; 0.000      ; 0.505      ;
; 0.355 ; keypad_freq_sel_module:inst1|freq_divider_keypad_module:freq_div|count[16] ; keypad_freq_sel_module:inst1|freq_divider_keypad_module:freq_div|count[16] ; CLOCK_50     ; CLOCK_50    ; 0.000        ; 0.000      ; 0.507      ;
; 0.355 ; lcd_driver:inst8|counter[16]                                               ; lcd_driver:inst8|counter[16]                                               ; CLOCK_50     ; CLOCK_50    ; 0.000        ; 0.000      ; 0.507      ;
; 0.355 ; lcd_driver:inst8|counter_f[16]                                             ; lcd_driver:inst8|counter_f[16]                                             ; CLOCK_50     ; CLOCK_50    ; 0.000        ; 0.000      ; 0.507      ;
; 0.357 ; keypad_freq_sel_module:inst1|freq_divider_keypad_module:freq_div|count[1]  ; keypad_freq_sel_module:inst1|freq_divider_keypad_module:freq_div|count[1]  ; CLOCK_50     ; CLOCK_50    ; 0.000        ; 0.000      ; 0.509      ;
; 0.357 ; lcd_driver:inst8|counter[1]                                                ; lcd_driver:inst8|counter[1]                                                ; CLOCK_50     ; CLOCK_50    ; 0.000        ; 0.000      ; 0.509      ;
; 0.357 ; lcd_driver:inst8|counter_f[1]                                              ; lcd_driver:inst8|counter_f[1]                                              ; CLOCK_50     ; CLOCK_50    ; 0.000        ; 0.000      ; 0.509      ;
; 0.358 ; keypad_freq_sel_module:inst1|freq_divider_keypad_module:freq_div|count[2]  ; keypad_freq_sel_module:inst1|freq_divider_keypad_module:freq_div|count[2]  ; CLOCK_50     ; CLOCK_50    ; 0.000        ; 0.000      ; 0.510      ;
; 0.358 ; keypad_freq_sel_module:inst1|freq_divider_keypad_module:freq_div|count[4]  ; keypad_freq_sel_module:inst1|freq_divider_keypad_module:freq_div|count[4]  ; CLOCK_50     ; CLOCK_50    ; 0.000        ; 0.000      ; 0.510      ;
; 0.358 ; keypad_freq_sel_module:inst1|freq_divider_keypad_module:freq_div|count[11] ; keypad_freq_sel_module:inst1|freq_divider_keypad_module:freq_div|count[11] ; CLOCK_50     ; CLOCK_50    ; 0.000        ; 0.000      ; 0.510      ;
; 0.358 ; lcd_driver:inst8|counter[2]                                                ; lcd_driver:inst8|counter[2]                                                ; CLOCK_50     ; CLOCK_50    ; 0.000        ; 0.000      ; 0.510      ;
; 0.358 ; lcd_driver:inst8|counter_f[2]                                              ; lcd_driver:inst8|counter_f[2]                                              ; CLOCK_50     ; CLOCK_50    ; 0.000        ; 0.000      ; 0.510      ;
; 0.359 ; keypad_freq_sel_module:inst1|freq_divider_keypad_module:freq_div|count[17] ; keypad_freq_sel_module:inst1|freq_divider_keypad_module:freq_div|count[17] ; CLOCK_50     ; CLOCK_50    ; 0.000        ; 0.000      ; 0.511      ;
; 0.359 ; lcd_driver:inst8|char_index[1]                                             ; lcd_driver:inst8|char_index[1]                                             ; CLOCK_50     ; CLOCK_50    ; 0.000        ; 0.000      ; 0.511      ;
; 0.359 ; lcd_driver:inst8|counter_f[17]                                             ; lcd_driver:inst8|counter_f[17]                                             ; CLOCK_50     ; CLOCK_50    ; 0.000        ; 0.000      ; 0.511      ;
; 0.359 ; lcd_driver:inst8|counter[17]                                               ; lcd_driver:inst8|counter[17]                                               ; CLOCK_50     ; CLOCK_50    ; 0.000        ; 0.000      ; 0.511      ;
; 0.359 ; metastab_3xdff:inst4|next_1                                                ; metastab_3xdff:inst4|next_2                                                ; CLOCK_50     ; CLOCK_50    ; 0.000        ; 0.000      ; 0.511      ;
; 0.360 ; keypad_freq_sel_module:inst1|freq_divider_keypad_module:freq_div|count[18] ; keypad_freq_sel_module:inst1|freq_divider_keypad_module:freq_div|count[18] ; CLOCK_50     ; CLOCK_50    ; 0.000        ; 0.000      ; 0.512      ;
; 0.360 ; keypad_freq_sel_module:inst1|freq_divider_keypad_module:freq_div|count[25] ; keypad_freq_sel_module:inst1|freq_divider_keypad_module:freq_div|count[25] ; CLOCK_50     ; CLOCK_50    ; 0.000        ; 0.000      ; 0.512      ;
; 0.360 ; keypad_freq_sel_module:inst1|freq_divider_keypad_module:freq_div|count[27] ; keypad_freq_sel_module:inst1|freq_divider_keypad_module:freq_div|count[27] ; CLOCK_50     ; CLOCK_50    ; 0.000        ; 0.000      ; 0.512      ;
; 0.360 ; lcd_driver:inst8|counter[9]                                                ; lcd_driver:inst8|counter[9]                                                ; CLOCK_50     ; CLOCK_50    ; 0.000        ; 0.000      ; 0.512      ;
; 0.360 ; lcd_driver:inst8|counter[11]                                               ; lcd_driver:inst8|counter[11]                                               ; CLOCK_50     ; CLOCK_50    ; 0.000        ; 0.000      ; 0.512      ;
; 0.360 ; lcd_driver:inst8|counter[18]                                               ; lcd_driver:inst8|counter[18]                                               ; CLOCK_50     ; CLOCK_50    ; 0.000        ; 0.000      ; 0.512      ;
; 0.360 ; lcd_driver:inst8|counter[27]                                               ; lcd_driver:inst8|counter[27]                                               ; CLOCK_50     ; CLOCK_50    ; 0.000        ; 0.000      ; 0.512      ;
; 0.360 ; lcd_driver:inst8|counter_f[9]                                              ; lcd_driver:inst8|counter_f[9]                                              ; CLOCK_50     ; CLOCK_50    ; 0.000        ; 0.000      ; 0.512      ;
; 0.360 ; lcd_driver:inst8|counter_f[11]                                             ; lcd_driver:inst8|counter_f[11]                                             ; CLOCK_50     ; CLOCK_50    ; 0.000        ; 0.000      ; 0.512      ;
; 0.360 ; lcd_driver:inst8|counter_f[18]                                             ; lcd_driver:inst8|counter_f[18]                                             ; CLOCK_50     ; CLOCK_50    ; 0.000        ; 0.000      ; 0.512      ;
; 0.360 ; lcd_driver:inst8|counter_f[25]                                             ; lcd_driver:inst8|counter_f[25]                                             ; CLOCK_50     ; CLOCK_50    ; 0.000        ; 0.000      ; 0.512      ;
; 0.360 ; lcd_driver:inst8|counter_f[27]                                             ; lcd_driver:inst8|counter_f[27]                                             ; CLOCK_50     ; CLOCK_50    ; 0.000        ; 0.000      ; 0.512      ;
; 0.360 ; metastab_3xdff:inst4|bcd_freq_sync_2[15]                                   ; metastab_3xdff:inst4|bcd_freq_sync[15]                                     ; CLOCK_50     ; CLOCK_50    ; 0.000        ; 0.000      ; 0.512      ;
; 0.360 ; metastab_3xdff:inst4|bcd_freq_sync_1[7]                                    ; metastab_3xdff:inst4|bcd_freq_sync_2[7]                                    ; CLOCK_50     ; CLOCK_50    ; 0.000        ; 0.000      ; 0.512      ;
; 0.360 ; metastab_3xdff:inst4|mirror_y_sync_keypad_2                                ; metastab_3xdff:inst4|mirror_y_sync_keypad                                  ; CLOCK_50     ; CLOCK_50    ; 0.000        ; 0.000      ; 0.512      ;
; 0.361 ; keypad_freq_sel_module:inst1|freq_divider_keypad_module:freq_div|count[13] ; keypad_freq_sel_module:inst1|freq_divider_keypad_module:freq_div|count[13] ; CLOCK_50     ; CLOCK_50    ; 0.000        ; 0.000      ; 0.513      ;
; 0.361 ; keypad_freq_sel_module:inst1|freq_divider_keypad_module:freq_div|count[14] ; keypad_freq_sel_module:inst1|freq_divider_keypad_module:freq_div|count[14] ; CLOCK_50     ; CLOCK_50    ; 0.000        ; 0.000      ; 0.513      ;
; 0.361 ; keypad_freq_sel_module:inst1|freq_divider_keypad_module:freq_div|count[15] ; keypad_freq_sel_module:inst1|freq_divider_keypad_module:freq_div|count[15] ; CLOCK_50     ; CLOCK_50    ; 0.000        ; 0.000      ; 0.513      ;
; 0.361 ; keypad_freq_sel_module:inst1|freq_divider_keypad_module:freq_div|count[20] ; keypad_freq_sel_module:inst1|freq_divider_keypad_module:freq_div|count[20] ; CLOCK_50     ; CLOCK_50    ; 0.000        ; 0.000      ; 0.513      ;
; 0.361 ; keypad_freq_sel_module:inst1|freq_divider_keypad_module:freq_div|count[23] ; keypad_freq_sel_module:inst1|freq_divider_keypad_module:freq_div|count[23] ; CLOCK_50     ; CLOCK_50    ; 0.000        ; 0.000      ; 0.513      ;
+-------+----------------------------------------------------------------------------+----------------------------------------------------------------------------+--------------+-------------+--------------+------------+------------+


+------------------------------------------------------------------------------------------------------------------------------------------------------------------------------------------------------------------------------------------------------------------------------------------------------------------------------------------------------+
; Fast Model Hold: 'keypad_freq_sel_module:inst1|freq_divider_keypad_module:freq_div|q'                                                                                                                                                                                                                                                                ;
+-------+-----------------------------------------------------------------------------+-----------------------------------------------------------------------------+--------------------------------------------------------------------+--------------------------------------------------------------------+--------------+------------+------------+
; Slack ; From Node                                                                   ; To Node                                                                     ; Launch Clock                                                       ; Latch Clock                                                        ; Relationship ; Clock Skew ; Data Delay ;
+-------+-----------------------------------------------------------------------------+-----------------------------------------------------------------------------+--------------------------------------------------------------------+--------------------------------------------------------------------+--------------+------------+------------+
; 0.215 ; keypad_freq_sel_module:inst1|debounced_keypad_pressed                       ; keypad_freq_sel_module:inst1|debounced_keypad_pressed                       ; keypad_freq_sel_module:inst1|freq_divider_keypad_module:freq_div|q ; keypad_freq_sel_module:inst1|freq_divider_keypad_module:freq_div|q ; 0.000        ; 0.000      ; 0.367      ;
; 0.215 ; keypad_freq_sel_module:inst1|button_pressed                                 ; keypad_freq_sel_module:inst1|button_pressed                                 ; keypad_freq_sel_module:inst1|freq_divider_keypad_module:freq_div|q ; keypad_freq_sel_module:inst1|freq_divider_keypad_module:freq_div|q ; 0.000        ; 0.000      ; 0.367      ;
; 0.215 ; keypad_freq_sel_module:inst1|prev_page                                      ; keypad_freq_sel_module:inst1|prev_page                                      ; keypad_freq_sel_module:inst1|freq_divider_keypad_module:freq_div|q ; keypad_freq_sel_module:inst1|freq_divider_keypad_module:freq_div|q ; 0.000        ; 0.000      ; 0.367      ;
; 0.215 ; keypad_freq_sel_module:inst1|next_page                                      ; keypad_freq_sel_module:inst1|next_page                                      ; keypad_freq_sel_module:inst1|freq_divider_keypad_module:freq_div|q ; keypad_freq_sel_module:inst1|freq_divider_keypad_module:freq_div|q ; 0.000        ; 0.000      ; 0.367      ;
; 0.215 ; keypad_freq_sel_module:inst1|digit_counter[2]                               ; keypad_freq_sel_module:inst1|digit_counter[2]                               ; keypad_freq_sel_module:inst1|freq_divider_keypad_module:freq_div|q ; keypad_freq_sel_module:inst1|freq_divider_keypad_module:freq_div|q ; 0.000        ; 0.000      ; 0.367      ;
; 0.215 ; keypad_freq_sel_module:inst1|freq_1[0]                                      ; keypad_freq_sel_module:inst1|freq_1[0]                                      ; keypad_freq_sel_module:inst1|freq_divider_keypad_module:freq_div|q ; keypad_freq_sel_module:inst1|freq_divider_keypad_module:freq_div|q ; 0.000        ; 0.000      ; 0.367      ;
; 0.215 ; keypad_freq_sel_module:inst1|freq_1[3]                                      ; keypad_freq_sel_module:inst1|freq_1[3]                                      ; keypad_freq_sel_module:inst1|freq_divider_keypad_module:freq_div|q ; keypad_freq_sel_module:inst1|freq_divider_keypad_module:freq_div|q ; 0.000        ; 0.000      ; 0.367      ;
; 0.215 ; keypad_freq_sel_module:inst1|freq_1[2]                                      ; keypad_freq_sel_module:inst1|freq_1[2]                                      ; keypad_freq_sel_module:inst1|freq_divider_keypad_module:freq_div|q ; keypad_freq_sel_module:inst1|freq_divider_keypad_module:freq_div|q ; 0.000        ; 0.000      ; 0.367      ;
; 0.215 ; keypad_freq_sel_module:inst1|freq_1[1]                                      ; keypad_freq_sel_module:inst1|freq_1[1]                                      ; keypad_freq_sel_module:inst1|freq_divider_keypad_module:freq_div|q ; keypad_freq_sel_module:inst1|freq_divider_keypad_module:freq_div|q ; 0.000        ; 0.000      ; 0.367      ;
; 0.215 ; keypad_freq_sel_module:inst1|sel_A                                          ; keypad_freq_sel_module:inst1|sel_A                                          ; keypad_freq_sel_module:inst1|freq_divider_keypad_module:freq_div|q ; keypad_freq_sel_module:inst1|freq_divider_keypad_module:freq_div|q ; 0.000        ; 0.000      ; 0.367      ;
; 0.215 ; keypad_freq_sel_module:inst1|keypad_module:keypad_mod_inst|tmp_out_keys[8]  ; keypad_freq_sel_module:inst1|keypad_module:keypad_mod_inst|tmp_out_keys[8]  ; keypad_freq_sel_module:inst1|freq_divider_keypad_module:freq_div|q ; keypad_freq_sel_module:inst1|freq_divider_keypad_module:freq_div|q ; 0.000        ; 0.000      ; 0.367      ;
; 0.215 ; keypad_freq_sel_module:inst1|keypad_module:keypad_mod_inst|tmp_out_keys[14] ; keypad_freq_sel_module:inst1|keypad_module:keypad_mod_inst|tmp_out_keys[14] ; keypad_freq_sel_module:inst1|freq_divider_keypad_module:freq_div|q ; keypad_freq_sel_module:inst1|freq_divider_keypad_module:freq_div|q ; 0.000        ; 0.000      ; 0.367      ;
; 0.215 ; keypad_freq_sel_module:inst1|keypad_module:keypad_mod_inst|tmp_out_keys[7]  ; keypad_freq_sel_module:inst1|keypad_module:keypad_mod_inst|tmp_out_keys[7]  ; keypad_freq_sel_module:inst1|freq_divider_keypad_module:freq_div|q ; keypad_freq_sel_module:inst1|freq_divider_keypad_module:freq_div|q ; 0.000        ; 0.000      ; 0.367      ;
; 0.215 ; keypad_freq_sel_module:inst1|keypad_module:keypad_mod_inst|tmp_out_keys[13] ; keypad_freq_sel_module:inst1|keypad_module:keypad_mod_inst|tmp_out_keys[13] ; keypad_freq_sel_module:inst1|freq_divider_keypad_module:freq_div|q ; keypad_freq_sel_module:inst1|freq_divider_keypad_module:freq_div|q ; 0.000        ; 0.000      ; 0.367      ;
; 0.215 ; keypad_freq_sel_module:inst1|keypad_module:keypad_mod_inst|tmp_out_keys[11] ; keypad_freq_sel_module:inst1|keypad_module:keypad_mod_inst|tmp_out_keys[11] ; keypad_freq_sel_module:inst1|freq_divider_keypad_module:freq_div|q ; keypad_freq_sel_module:inst1|freq_divider_keypad_module:freq_div|q ; 0.000        ; 0.000      ; 0.367      ;
; 0.215 ; keypad_freq_sel_module:inst1|keypad_module:keypad_mod_inst|tmp_out_keys[9]  ; keypad_freq_sel_module:inst1|keypad_module:keypad_mod_inst|tmp_out_keys[9]  ; keypad_freq_sel_module:inst1|freq_divider_keypad_module:freq_div|q ; keypad_freq_sel_module:inst1|freq_divider_keypad_module:freq_div|q ; 0.000        ; 0.000      ; 0.367      ;
; 0.215 ; keypad_freq_sel_module:inst1|keypad_module:keypad_mod_inst|tmp_out_keys[12] ; keypad_freq_sel_module:inst1|keypad_module:keypad_mod_inst|tmp_out_keys[12] ; keypad_freq_sel_module:inst1|freq_divider_keypad_module:freq_div|q ; keypad_freq_sel_module:inst1|freq_divider_keypad_module:freq_div|q ; 0.000        ; 0.000      ; 0.367      ;
; 0.215 ; keypad_freq_sel_module:inst1|keypad_module:keypad_mod_inst|tmp_out_keys[10] ; keypad_freq_sel_module:inst1|keypad_module:keypad_mod_inst|tmp_out_keys[10] ; keypad_freq_sel_module:inst1|freq_divider_keypad_module:freq_div|q ; keypad_freq_sel_module:inst1|freq_divider_keypad_module:freq_div|q ; 0.000        ; 0.000      ; 0.367      ;
; 0.215 ; keypad_freq_sel_module:inst1|keypad_module:keypad_mod_inst|tmp_out_keys[15] ; keypad_freq_sel_module:inst1|keypad_module:keypad_mod_inst|tmp_out_keys[15] ; keypad_freq_sel_module:inst1|freq_divider_keypad_module:freq_div|q ; keypad_freq_sel_module:inst1|freq_divider_keypad_module:freq_div|q ; 0.000        ; 0.000      ; 0.367      ;
; 0.215 ; keypad_freq_sel_module:inst1|keypad_module:keypad_mod_inst|tmp_out_keys[3]  ; keypad_freq_sel_module:inst1|keypad_module:keypad_mod_inst|tmp_out_keys[3]  ; keypad_freq_sel_module:inst1|freq_divider_keypad_module:freq_div|q ; keypad_freq_sel_module:inst1|freq_divider_keypad_module:freq_div|q ; 0.000        ; 0.000      ; 0.367      ;
; 0.215 ; keypad_freq_sel_module:inst1|keypad_module:keypad_mod_inst|tmp_out_keys[4]  ; keypad_freq_sel_module:inst1|keypad_module:keypad_mod_inst|tmp_out_keys[4]  ; keypad_freq_sel_module:inst1|freq_divider_keypad_module:freq_div|q ; keypad_freq_sel_module:inst1|freq_divider_keypad_module:freq_div|q ; 0.000        ; 0.000      ; 0.367      ;
; 0.215 ; keypad_freq_sel_module:inst1|keypad_module:keypad_mod_inst|tmp_out_keys[6]  ; keypad_freq_sel_module:inst1|keypad_module:keypad_mod_inst|tmp_out_keys[6]  ; keypad_freq_sel_module:inst1|freq_divider_keypad_module:freq_div|q ; keypad_freq_sel_module:inst1|freq_divider_keypad_module:freq_div|q ; 0.000        ; 0.000      ; 0.367      ;
; 0.215 ; keypad_freq_sel_module:inst1|keypad_module:keypad_mod_inst|tmp_out_keys[5]  ; keypad_freq_sel_module:inst1|keypad_module:keypad_mod_inst|tmp_out_keys[5]  ; keypad_freq_sel_module:inst1|freq_divider_keypad_module:freq_div|q ; keypad_freq_sel_module:inst1|freq_divider_keypad_module:freq_div|q ; 0.000        ; 0.000      ; 0.367      ;
; 0.215 ; keypad_freq_sel_module:inst1|keypad_module:keypad_mod_inst|tmp_out_keys[2]  ; keypad_freq_sel_module:inst1|keypad_module:keypad_mod_inst|tmp_out_keys[2]  ; keypad_freq_sel_module:inst1|freq_divider_keypad_module:freq_div|q ; keypad_freq_sel_module:inst1|freq_divider_keypad_module:freq_div|q ; 0.000        ; 0.000      ; 0.367      ;
; 0.215 ; keypad_freq_sel_module:inst1|keypad_module:keypad_mod_inst|tmp_out_keys[1]  ; keypad_freq_sel_module:inst1|keypad_module:keypad_mod_inst|tmp_out_keys[1]  ; keypad_freq_sel_module:inst1|freq_divider_keypad_module:freq_div|q ; keypad_freq_sel_module:inst1|freq_divider_keypad_module:freq_div|q ; 0.000        ; 0.000      ; 0.367      ;
; 0.215 ; keypad_freq_sel_module:inst1|keypad_module:keypad_mod_inst|tmp_out_keys[0]  ; keypad_freq_sel_module:inst1|keypad_module:keypad_mod_inst|tmp_out_keys[0]  ; keypad_freq_sel_module:inst1|freq_divider_keypad_module:freq_div|q ; keypad_freq_sel_module:inst1|freq_divider_keypad_module:freq_div|q ; 0.000        ; 0.000      ; 0.367      ;
; 0.215 ; keypad_freq_sel_module:inst1|number_not_sel                                 ; keypad_freq_sel_module:inst1|number_not_sel                                 ; keypad_freq_sel_module:inst1|freq_divider_keypad_module:freq_div|q ; keypad_freq_sel_module:inst1|freq_divider_keypad_module:freq_div|q ; 0.000        ; 0.000      ; 0.367      ;
; 0.242 ; keypad_freq_sel_module:inst1|freq_4[3]                                      ; keypad_freq_sel_module:inst1|freq_3[3]                                      ; keypad_freq_sel_module:inst1|freq_divider_keypad_module:freq_div|q ; keypad_freq_sel_module:inst1|freq_divider_keypad_module:freq_div|q ; 0.000        ; 0.000      ; 0.394      ;
; 0.243 ; keypad_freq_sel_module:inst1|keypad_module:keypad_mod_inst|i_column[31]     ; keypad_freq_sel_module:inst1|keypad_module:keypad_mod_inst|i_column[31]     ; keypad_freq_sel_module:inst1|freq_divider_keypad_module:freq_div|q ; keypad_freq_sel_module:inst1|freq_divider_keypad_module:freq_div|q ; 0.000        ; 0.000      ; 0.395      ;
; 0.243 ; keypad_freq_sel_module:inst1|cont[31]                                       ; keypad_freq_sel_module:inst1|cont[31]                                       ; keypad_freq_sel_module:inst1|freq_divider_keypad_module:freq_div|q ; keypad_freq_sel_module:inst1|freq_divider_keypad_module:freq_div|q ; 0.000        ; 0.000      ; 0.395      ;
; 0.244 ; keypad_freq_sel_module:inst1|freq_4[2]                                      ; keypad_freq_sel_module:inst1|freq_3[2]                                      ; keypad_freq_sel_module:inst1|freq_divider_keypad_module:freq_div|q ; keypad_freq_sel_module:inst1|freq_divider_keypad_module:freq_div|q ; 0.000        ; 0.000      ; 0.396      ;
; 0.244 ; keypad_freq_sel_module:inst1|freq_5[2]                                      ; keypad_freq_sel_module:inst1|freq_4[2]                                      ; keypad_freq_sel_module:inst1|freq_divider_keypad_module:freq_div|q ; keypad_freq_sel_module:inst1|freq_divider_keypad_module:freq_div|q ; 0.000        ; 0.000      ; 0.396      ;
; 0.254 ; keypad_freq_sel_module:inst1|button_pressed                                 ; keypad_freq_sel_module:inst1|prev_page                                      ; keypad_freq_sel_module:inst1|freq_divider_keypad_module:freq_div|q ; keypad_freq_sel_module:inst1|freq_divider_keypad_module:freq_div|q ; 0.000        ; 0.000      ; 0.406      ;
; 0.257 ; keypad_freq_sel_module:inst1|debounced_keypad_pressed                       ; keypad_freq_sel_module:inst1|next_page                                      ; keypad_freq_sel_module:inst1|freq_divider_keypad_module:freq_div|q ; keypad_freq_sel_module:inst1|freq_divider_keypad_module:freq_div|q ; 0.000        ; 0.000      ; 0.409      ;
; 0.258 ; keypad_freq_sel_module:inst1|debounced_keypad_pressed                       ; keypad_freq_sel_module:inst1|button_pressed                                 ; keypad_freq_sel_module:inst1|freq_divider_keypad_module:freq_div|q ; keypad_freq_sel_module:inst1|freq_divider_keypad_module:freq_div|q ; 0.000        ; 0.000      ; 0.410      ;
; 0.273 ; keypad_freq_sel_module:inst1|digit_counter[1]                               ; keypad_freq_sel_module:inst1|digit_counter_BCD[1]                           ; keypad_freq_sel_module:inst1|freq_divider_keypad_module:freq_div|q ; keypad_freq_sel_module:inst1|freq_divider_keypad_module:freq_div|q ; 0.000        ; 0.000      ; 0.425      ;
; 0.330 ; keypad_freq_sel_module:inst1|freq_3[2]                                      ; keypad_freq_sel_module:inst1|freq_4[2]                                      ; keypad_freq_sel_module:inst1|freq_divider_keypad_module:freq_div|q ; keypad_freq_sel_module:inst1|freq_divider_keypad_module:freq_div|q ; 0.000        ; 0.000      ; 0.482      ;
; 0.340 ; keypad_freq_sel_module:inst1|freq_4[1]                                      ; keypad_freq_sel_module:inst1|freq_3[1]                                      ; keypad_freq_sel_module:inst1|freq_divider_keypad_module:freq_div|q ; keypad_freq_sel_module:inst1|freq_divider_keypad_module:freq_div|q ; 0.000        ; 0.000      ; 0.492      ;
; 0.342 ; keypad_freq_sel_module:inst1|freq_4[0]                                      ; keypad_freq_sel_module:inst1|freq_5[0]                                      ; keypad_freq_sel_module:inst1|freq_divider_keypad_module:freq_div|q ; keypad_freq_sel_module:inst1|freq_divider_keypad_module:freq_div|q ; 0.000        ; 0.000      ; 0.494      ;
; 0.343 ; keypad_freq_sel_module:inst1|freq_5[0]                                      ; keypad_freq_sel_module:inst1|freq_6[0]                                      ; keypad_freq_sel_module:inst1|freq_divider_keypad_module:freq_div|q ; keypad_freq_sel_module:inst1|freq_divider_keypad_module:freq_div|q ; 0.000        ; 0.000      ; 0.495      ;
; 0.344 ; keypad_freq_sel_module:inst1|freq_2[1]                                      ; keypad_freq_sel_module:inst1|freq_3[1]                                      ; keypad_freq_sel_module:inst1|freq_divider_keypad_module:freq_div|q ; keypad_freq_sel_module:inst1|freq_divider_keypad_module:freq_div|q ; 0.000        ; 0.000      ; 0.496      ;
; 0.344 ; keypad_freq_sel_module:inst1|freq_5[1]                                      ; keypad_freq_sel_module:inst1|freq_6[1]                                      ; keypad_freq_sel_module:inst1|freq_divider_keypad_module:freq_div|q ; keypad_freq_sel_module:inst1|freq_divider_keypad_module:freq_div|q ; 0.000        ; 0.000      ; 0.496      ;
; 0.348 ; keypad_freq_sel_module:inst1|freq_4[1]                                      ; keypad_freq_sel_module:inst1|freq_5[1]                                      ; keypad_freq_sel_module:inst1|freq_divider_keypad_module:freq_div|q ; keypad_freq_sel_module:inst1|freq_divider_keypad_module:freq_div|q ; 0.000        ; 0.000      ; 0.500      ;
; 0.353 ; keypad_freq_sel_module:inst1|cont[0]                                        ; keypad_freq_sel_module:inst1|cont[0]                                        ; keypad_freq_sel_module:inst1|freq_divider_keypad_module:freq_div|q ; keypad_freq_sel_module:inst1|freq_divider_keypad_module:freq_div|q ; 0.000        ; 0.000      ; 0.505      ;
; 0.355 ; keypad_freq_sel_module:inst1|keypad_module:keypad_mod_inst|i_column[0]      ; keypad_freq_sel_module:inst1|keypad_module:keypad_mod_inst|i_column[0]      ; keypad_freq_sel_module:inst1|freq_divider_keypad_module:freq_div|q ; keypad_freq_sel_module:inst1|freq_divider_keypad_module:freq_div|q ; 0.000        ; 0.000      ; 0.507      ;
; 0.355 ; keypad_freq_sel_module:inst1|cont[16]                                       ; keypad_freq_sel_module:inst1|cont[16]                                       ; keypad_freq_sel_module:inst1|freq_divider_keypad_module:freq_div|q ; keypad_freq_sel_module:inst1|freq_divider_keypad_module:freq_div|q ; 0.000        ; 0.000      ; 0.507      ;
; 0.357 ; keypad_freq_sel_module:inst1|keypad_module:keypad_mod_inst|i_column[16]     ; keypad_freq_sel_module:inst1|keypad_module:keypad_mod_inst|i_column[16]     ; keypad_freq_sel_module:inst1|freq_divider_keypad_module:freq_div|q ; keypad_freq_sel_module:inst1|freq_divider_keypad_module:freq_div|q ; 0.000        ; 0.000      ; 0.509      ;
; 0.357 ; keypad_freq_sel_module:inst1|cont[1]                                        ; keypad_freq_sel_module:inst1|cont[1]                                        ; keypad_freq_sel_module:inst1|freq_divider_keypad_module:freq_div|q ; keypad_freq_sel_module:inst1|freq_divider_keypad_module:freq_div|q ; 0.000        ; 0.000      ; 0.509      ;
; 0.358 ; keypad_freq_sel_module:inst1|cont[2]                                        ; keypad_freq_sel_module:inst1|cont[2]                                        ; keypad_freq_sel_module:inst1|freq_divider_keypad_module:freq_div|q ; keypad_freq_sel_module:inst1|freq_divider_keypad_module:freq_div|q ; 0.000        ; 0.000      ; 0.510      ;
; 0.359 ; keypad_freq_sel_module:inst1|keypad_module:keypad_mod_inst|i_column[1]      ; keypad_freq_sel_module:inst1|keypad_module:keypad_mod_inst|i_column[1]      ; keypad_freq_sel_module:inst1|freq_divider_keypad_module:freq_div|q ; keypad_freq_sel_module:inst1|freq_divider_keypad_module:freq_div|q ; 0.000        ; 0.000      ; 0.511      ;
; 0.359 ; keypad_freq_sel_module:inst1|keypad_module:keypad_mod_inst|i_column[17]     ; keypad_freq_sel_module:inst1|keypad_module:keypad_mod_inst|i_column[17]     ; keypad_freq_sel_module:inst1|freq_divider_keypad_module:freq_div|q ; keypad_freq_sel_module:inst1|freq_divider_keypad_module:freq_div|q ; 0.000        ; 0.000      ; 0.511      ;
; 0.359 ; keypad_freq_sel_module:inst1|cont[17]                                       ; keypad_freq_sel_module:inst1|cont[17]                                       ; keypad_freq_sel_module:inst1|freq_divider_keypad_module:freq_div|q ; keypad_freq_sel_module:inst1|freq_divider_keypad_module:freq_div|q ; 0.000        ; 0.000      ; 0.511      ;
; 0.359 ; keypad_freq_sel_module:inst1|freq_3[0]                                      ; keypad_freq_sel_module:inst1|freq_4[0]                                      ; keypad_freq_sel_module:inst1|freq_divider_keypad_module:freq_div|q ; keypad_freq_sel_module:inst1|freq_divider_keypad_module:freq_div|q ; 0.000        ; 0.000      ; 0.511      ;
; 0.360 ; keypad_freq_sel_module:inst1|keypad_module:keypad_mod_inst|i_column[9]      ; keypad_freq_sel_module:inst1|keypad_module:keypad_mod_inst|i_column[9]      ; keypad_freq_sel_module:inst1|freq_divider_keypad_module:freq_div|q ; keypad_freq_sel_module:inst1|freq_divider_keypad_module:freq_div|q ; 0.000        ; 0.000      ; 0.512      ;
; 0.360 ; keypad_freq_sel_module:inst1|keypad_module:keypad_mod_inst|i_column[11]     ; keypad_freq_sel_module:inst1|keypad_module:keypad_mod_inst|i_column[11]     ; keypad_freq_sel_module:inst1|freq_divider_keypad_module:freq_div|q ; keypad_freq_sel_module:inst1|freq_divider_keypad_module:freq_div|q ; 0.000        ; 0.000      ; 0.512      ;
; 0.360 ; keypad_freq_sel_module:inst1|keypad_module:keypad_mod_inst|i_column[18]     ; keypad_freq_sel_module:inst1|keypad_module:keypad_mod_inst|i_column[18]     ; keypad_freq_sel_module:inst1|freq_divider_keypad_module:freq_div|q ; keypad_freq_sel_module:inst1|freq_divider_keypad_module:freq_div|q ; 0.000        ; 0.000      ; 0.512      ;
; 0.360 ; keypad_freq_sel_module:inst1|keypad_module:keypad_mod_inst|i_column[25]     ; keypad_freq_sel_module:inst1|keypad_module:keypad_mod_inst|i_column[25]     ; keypad_freq_sel_module:inst1|freq_divider_keypad_module:freq_div|q ; keypad_freq_sel_module:inst1|freq_divider_keypad_module:freq_div|q ; 0.000        ; 0.000      ; 0.512      ;
; 0.360 ; keypad_freq_sel_module:inst1|keypad_module:keypad_mod_inst|i_column[27]     ; keypad_freq_sel_module:inst1|keypad_module:keypad_mod_inst|i_column[27]     ; keypad_freq_sel_module:inst1|freq_divider_keypad_module:freq_div|q ; keypad_freq_sel_module:inst1|freq_divider_keypad_module:freq_div|q ; 0.000        ; 0.000      ; 0.512      ;
; 0.360 ; keypad_freq_sel_module:inst1|cont[9]                                        ; keypad_freq_sel_module:inst1|cont[9]                                        ; keypad_freq_sel_module:inst1|freq_divider_keypad_module:freq_div|q ; keypad_freq_sel_module:inst1|freq_divider_keypad_module:freq_div|q ; 0.000        ; 0.000      ; 0.512      ;
; 0.360 ; keypad_freq_sel_module:inst1|cont[11]                                       ; keypad_freq_sel_module:inst1|cont[11]                                       ; keypad_freq_sel_module:inst1|freq_divider_keypad_module:freq_div|q ; keypad_freq_sel_module:inst1|freq_divider_keypad_module:freq_div|q ; 0.000        ; 0.000      ; 0.512      ;
; 0.360 ; keypad_freq_sel_module:inst1|cont[18]                                       ; keypad_freq_sel_module:inst1|cont[18]                                       ; keypad_freq_sel_module:inst1|freq_divider_keypad_module:freq_div|q ; keypad_freq_sel_module:inst1|freq_divider_keypad_module:freq_div|q ; 0.000        ; 0.000      ; 0.512      ;
; 0.360 ; keypad_freq_sel_module:inst1|cont[25]                                       ; keypad_freq_sel_module:inst1|cont[25]                                       ; keypad_freq_sel_module:inst1|freq_divider_keypad_module:freq_div|q ; keypad_freq_sel_module:inst1|freq_divider_keypad_module:freq_div|q ; 0.000        ; 0.000      ; 0.512      ;
; 0.360 ; keypad_freq_sel_module:inst1|cont[27]                                       ; keypad_freq_sel_module:inst1|cont[27]                                       ; keypad_freq_sel_module:inst1|freq_divider_keypad_module:freq_div|q ; keypad_freq_sel_module:inst1|freq_divider_keypad_module:freq_div|q ; 0.000        ; 0.000      ; 0.512      ;
; 0.361 ; keypad_freq_sel_module:inst1|keypad_module:keypad_mod_inst|i_column[4]      ; keypad_freq_sel_module:inst1|keypad_module:keypad_mod_inst|i_column[4]      ; keypad_freq_sel_module:inst1|freq_divider_keypad_module:freq_div|q ; keypad_freq_sel_module:inst1|freq_divider_keypad_module:freq_div|q ; 0.000        ; 0.000      ; 0.513      ;
; 0.361 ; keypad_freq_sel_module:inst1|keypad_module:keypad_mod_inst|i_column[7]      ; keypad_freq_sel_module:inst1|keypad_module:keypad_mod_inst|i_column[7]      ; keypad_freq_sel_module:inst1|freq_divider_keypad_module:freq_div|q ; keypad_freq_sel_module:inst1|freq_divider_keypad_module:freq_div|q ; 0.000        ; 0.000      ; 0.513      ;
; 0.361 ; keypad_freq_sel_module:inst1|keypad_module:keypad_mod_inst|i_column[13]     ; keypad_freq_sel_module:inst1|keypad_module:keypad_mod_inst|i_column[13]     ; keypad_freq_sel_module:inst1|freq_divider_keypad_module:freq_div|q ; keypad_freq_sel_module:inst1|freq_divider_keypad_module:freq_div|q ; 0.000        ; 0.000      ; 0.513      ;
; 0.361 ; keypad_freq_sel_module:inst1|keypad_module:keypad_mod_inst|i_column[14]     ; keypad_freq_sel_module:inst1|keypad_module:keypad_mod_inst|i_column[14]     ; keypad_freq_sel_module:inst1|freq_divider_keypad_module:freq_div|q ; keypad_freq_sel_module:inst1|freq_divider_keypad_module:freq_div|q ; 0.000        ; 0.000      ; 0.513      ;
; 0.361 ; keypad_freq_sel_module:inst1|keypad_module:keypad_mod_inst|i_column[15]     ; keypad_freq_sel_module:inst1|keypad_module:keypad_mod_inst|i_column[15]     ; keypad_freq_sel_module:inst1|freq_divider_keypad_module:freq_div|q ; keypad_freq_sel_module:inst1|freq_divider_keypad_module:freq_div|q ; 0.000        ; 0.000      ; 0.513      ;
; 0.361 ; keypad_freq_sel_module:inst1|keypad_module:keypad_mod_inst|i_column[23]     ; keypad_freq_sel_module:inst1|keypad_module:keypad_mod_inst|i_column[23]     ; keypad_freq_sel_module:inst1|freq_divider_keypad_module:freq_div|q ; keypad_freq_sel_module:inst1|freq_divider_keypad_module:freq_div|q ; 0.000        ; 0.000      ; 0.513      ;
; 0.361 ; keypad_freq_sel_module:inst1|keypad_module:keypad_mod_inst|i_column[29]     ; keypad_freq_sel_module:inst1|keypad_module:keypad_mod_inst|i_column[29]     ; keypad_freq_sel_module:inst1|freq_divider_keypad_module:freq_div|q ; keypad_freq_sel_module:inst1|freq_divider_keypad_module:freq_div|q ; 0.000        ; 0.000      ; 0.513      ;
; 0.361 ; keypad_freq_sel_module:inst1|keypad_module:keypad_mod_inst|i_column[30]     ; keypad_freq_sel_module:inst1|keypad_module:keypad_mod_inst|i_column[30]     ; keypad_freq_sel_module:inst1|freq_divider_keypad_module:freq_div|q ; keypad_freq_sel_module:inst1|freq_divider_keypad_module:freq_div|q ; 0.000        ; 0.000      ; 0.513      ;
; 0.361 ; keypad_freq_sel_module:inst1|keypad_module:keypad_mod_inst|i_column[20]     ; keypad_freq_sel_module:inst1|keypad_module:keypad_mod_inst|i_column[20]     ; keypad_freq_sel_module:inst1|freq_divider_keypad_module:freq_div|q ; keypad_freq_sel_module:inst1|freq_divider_keypad_module:freq_div|q ; 0.000        ; 0.000      ; 0.513      ;
; 0.361 ; keypad_freq_sel_module:inst1|cont[4]                                        ; keypad_freq_sel_module:inst1|cont[4]                                        ; keypad_freq_sel_module:inst1|freq_divider_keypad_module:freq_div|q ; keypad_freq_sel_module:inst1|freq_divider_keypad_module:freq_div|q ; 0.000        ; 0.000      ; 0.513      ;
; 0.361 ; keypad_freq_sel_module:inst1|cont[7]                                        ; keypad_freq_sel_module:inst1|cont[7]                                        ; keypad_freq_sel_module:inst1|freq_divider_keypad_module:freq_div|q ; keypad_freq_sel_module:inst1|freq_divider_keypad_module:freq_div|q ; 0.000        ; 0.000      ; 0.513      ;
; 0.361 ; keypad_freq_sel_module:inst1|cont[13]                                       ; keypad_freq_sel_module:inst1|cont[13]                                       ; keypad_freq_sel_module:inst1|freq_divider_keypad_module:freq_div|q ; keypad_freq_sel_module:inst1|freq_divider_keypad_module:freq_div|q ; 0.000        ; 0.000      ; 0.513      ;
; 0.361 ; keypad_freq_sel_module:inst1|cont[14]                                       ; keypad_freq_sel_module:inst1|cont[14]                                       ; keypad_freq_sel_module:inst1|freq_divider_keypad_module:freq_div|q ; keypad_freq_sel_module:inst1|freq_divider_keypad_module:freq_div|q ; 0.000        ; 0.000      ; 0.513      ;
; 0.361 ; keypad_freq_sel_module:inst1|cont[15]                                       ; keypad_freq_sel_module:inst1|cont[15]                                       ; keypad_freq_sel_module:inst1|freq_divider_keypad_module:freq_div|q ; keypad_freq_sel_module:inst1|freq_divider_keypad_module:freq_div|q ; 0.000        ; 0.000      ; 0.513      ;
; 0.361 ; keypad_freq_sel_module:inst1|cont[20]                                       ; keypad_freq_sel_module:inst1|cont[20]                                       ; keypad_freq_sel_module:inst1|freq_divider_keypad_module:freq_div|q ; keypad_freq_sel_module:inst1|freq_divider_keypad_module:freq_div|q ; 0.000        ; 0.000      ; 0.513      ;
; 0.361 ; keypad_freq_sel_module:inst1|cont[23]                                       ; keypad_freq_sel_module:inst1|cont[23]                                       ; keypad_freq_sel_module:inst1|freq_divider_keypad_module:freq_div|q ; keypad_freq_sel_module:inst1|freq_divider_keypad_module:freq_div|q ; 0.000        ; 0.000      ; 0.513      ;
; 0.361 ; keypad_freq_sel_module:inst1|cont[29]                                       ; keypad_freq_sel_module:inst1|cont[29]                                       ; keypad_freq_sel_module:inst1|freq_divider_keypad_module:freq_div|q ; keypad_freq_sel_module:inst1|freq_divider_keypad_module:freq_div|q ; 0.000        ; 0.000      ; 0.513      ;
; 0.361 ; keypad_freq_sel_module:inst1|cont[30]                                       ; keypad_freq_sel_module:inst1|cont[30]                                       ; keypad_freq_sel_module:inst1|freq_divider_keypad_module:freq_div|q ; keypad_freq_sel_module:inst1|freq_divider_keypad_module:freq_div|q ; 0.000        ; 0.000      ; 0.513      ;
; 0.363 ; keypad_freq_sel_module:inst1|keypad_module:keypad_mod_inst|i_column[2]      ; keypad_freq_sel_module:inst1|keypad_module:keypad_mod_inst|i_column[2]      ; keypad_freq_sel_module:inst1|freq_divider_keypad_module:freq_div|q ; keypad_freq_sel_module:inst1|freq_divider_keypad_module:freq_div|q ; 0.000        ; 0.000      ; 0.515      ;
; 0.364 ; keypad_freq_sel_module:inst1|freq_6[1]                                      ; keypad_freq_sel_module:inst1|freq_5[1]                                      ; keypad_freq_sel_module:inst1|freq_divider_keypad_module:freq_div|q ; keypad_freq_sel_module:inst1|freq_divider_keypad_module:freq_div|q ; 0.000        ; 0.000      ; 0.516      ;
; 0.365 ; keypad_freq_sel_module:inst1|digit_counter_BCD[1]                           ; keypad_freq_sel_module:inst1|digit_counter[1]                               ; keypad_freq_sel_module:inst1|freq_divider_keypad_module:freq_div|q ; keypad_freq_sel_module:inst1|freq_divider_keypad_module:freq_div|q ; 0.000        ; 0.000      ; 0.517      ;
; 0.369 ; keypad_freq_sel_module:inst1|freq_6[0]                                      ; keypad_freq_sel_module:inst1|freq_5[0]                                      ; keypad_freq_sel_module:inst1|freq_divider_keypad_module:freq_div|q ; keypad_freq_sel_module:inst1|freq_divider_keypad_module:freq_div|q ; 0.000        ; 0.000      ; 0.521      ;
; 0.371 ; keypad_freq_sel_module:inst1|keypad_module:keypad_mod_inst|i_column[8]      ; keypad_freq_sel_module:inst1|keypad_module:keypad_mod_inst|i_column[8]      ; keypad_freq_sel_module:inst1|freq_divider_keypad_module:freq_div|q ; keypad_freq_sel_module:inst1|freq_divider_keypad_module:freq_div|q ; 0.000        ; 0.000      ; 0.523      ;
; 0.371 ; keypad_freq_sel_module:inst1|keypad_module:keypad_mod_inst|i_column[10]     ; keypad_freq_sel_module:inst1|keypad_module:keypad_mod_inst|i_column[10]     ; keypad_freq_sel_module:inst1|freq_divider_keypad_module:freq_div|q ; keypad_freq_sel_module:inst1|freq_divider_keypad_module:freq_div|q ; 0.000        ; 0.000      ; 0.523      ;
; 0.371 ; keypad_freq_sel_module:inst1|keypad_module:keypad_mod_inst|i_column[19]     ; keypad_freq_sel_module:inst1|keypad_module:keypad_mod_inst|i_column[19]     ; keypad_freq_sel_module:inst1|freq_divider_keypad_module:freq_div|q ; keypad_freq_sel_module:inst1|freq_divider_keypad_module:freq_div|q ; 0.000        ; 0.000      ; 0.523      ;
; 0.371 ; keypad_freq_sel_module:inst1|keypad_module:keypad_mod_inst|i_column[24]     ; keypad_freq_sel_module:inst1|keypad_module:keypad_mod_inst|i_column[24]     ; keypad_freq_sel_module:inst1|freq_divider_keypad_module:freq_div|q ; keypad_freq_sel_module:inst1|freq_divider_keypad_module:freq_div|q ; 0.000        ; 0.000      ; 0.523      ;
; 0.371 ; keypad_freq_sel_module:inst1|keypad_module:keypad_mod_inst|i_column[26]     ; keypad_freq_sel_module:inst1|keypad_module:keypad_mod_inst|i_column[26]     ; keypad_freq_sel_module:inst1|freq_divider_keypad_module:freq_div|q ; keypad_freq_sel_module:inst1|freq_divider_keypad_module:freq_div|q ; 0.000        ; 0.000      ; 0.523      ;
; 0.371 ; keypad_freq_sel_module:inst1|cont[3]                                        ; keypad_freq_sel_module:inst1|cont[3]                                        ; keypad_freq_sel_module:inst1|freq_divider_keypad_module:freq_div|q ; keypad_freq_sel_module:inst1|freq_divider_keypad_module:freq_div|q ; 0.000        ; 0.000      ; 0.523      ;
; 0.371 ; keypad_freq_sel_module:inst1|cont[8]                                        ; keypad_freq_sel_module:inst1|cont[8]                                        ; keypad_freq_sel_module:inst1|freq_divider_keypad_module:freq_div|q ; keypad_freq_sel_module:inst1|freq_divider_keypad_module:freq_div|q ; 0.000        ; 0.000      ; 0.523      ;
; 0.371 ; keypad_freq_sel_module:inst1|cont[10]                                       ; keypad_freq_sel_module:inst1|cont[10]                                       ; keypad_freq_sel_module:inst1|freq_divider_keypad_module:freq_div|q ; keypad_freq_sel_module:inst1|freq_divider_keypad_module:freq_div|q ; 0.000        ; 0.000      ; 0.523      ;
; 0.371 ; keypad_freq_sel_module:inst1|cont[19]                                       ; keypad_freq_sel_module:inst1|cont[19]                                       ; keypad_freq_sel_module:inst1|freq_divider_keypad_module:freq_div|q ; keypad_freq_sel_module:inst1|freq_divider_keypad_module:freq_div|q ; 0.000        ; 0.000      ; 0.523      ;
; 0.371 ; keypad_freq_sel_module:inst1|cont[24]                                       ; keypad_freq_sel_module:inst1|cont[24]                                       ; keypad_freq_sel_module:inst1|freq_divider_keypad_module:freq_div|q ; keypad_freq_sel_module:inst1|freq_divider_keypad_module:freq_div|q ; 0.000        ; 0.000      ; 0.523      ;
; 0.371 ; keypad_freq_sel_module:inst1|cont[26]                                       ; keypad_freq_sel_module:inst1|cont[26]                                       ; keypad_freq_sel_module:inst1|freq_divider_keypad_module:freq_div|q ; keypad_freq_sel_module:inst1|freq_divider_keypad_module:freq_div|q ; 0.000        ; 0.000      ; 0.523      ;
; 0.372 ; keypad_freq_sel_module:inst1|keypad_module:keypad_mod_inst|i_column[5]      ; keypad_freq_sel_module:inst1|keypad_module:keypad_mod_inst|i_column[5]      ; keypad_freq_sel_module:inst1|freq_divider_keypad_module:freq_div|q ; keypad_freq_sel_module:inst1|freq_divider_keypad_module:freq_div|q ; 0.000        ; 0.000      ; 0.524      ;
; 0.372 ; keypad_freq_sel_module:inst1|keypad_module:keypad_mod_inst|i_column[6]      ; keypad_freq_sel_module:inst1|keypad_module:keypad_mod_inst|i_column[6]      ; keypad_freq_sel_module:inst1|freq_divider_keypad_module:freq_div|q ; keypad_freq_sel_module:inst1|freq_divider_keypad_module:freq_div|q ; 0.000        ; 0.000      ; 0.524      ;
; 0.372 ; keypad_freq_sel_module:inst1|keypad_module:keypad_mod_inst|i_column[12]     ; keypad_freq_sel_module:inst1|keypad_module:keypad_mod_inst|i_column[12]     ; keypad_freq_sel_module:inst1|freq_divider_keypad_module:freq_div|q ; keypad_freq_sel_module:inst1|freq_divider_keypad_module:freq_div|q ; 0.000        ; 0.000      ; 0.524      ;
; 0.372 ; keypad_freq_sel_module:inst1|keypad_module:keypad_mod_inst|i_column[21]     ; keypad_freq_sel_module:inst1|keypad_module:keypad_mod_inst|i_column[21]     ; keypad_freq_sel_module:inst1|freq_divider_keypad_module:freq_div|q ; keypad_freq_sel_module:inst1|freq_divider_keypad_module:freq_div|q ; 0.000        ; 0.000      ; 0.524      ;
+-------+-----------------------------------------------------------------------------+-----------------------------------------------------------------------------+--------------------------------------------------------------------+--------------------------------------------------------------------+--------------+------------+------------+


+--------------------------------------------------------------------------------------------------------------------------------------------------------------------------------------------------------------------------------+
; Fast Model Hold: 'inst|altpll_component|pll|clk[0]'                                                                                                                                                                            ;
+-------+----------------------------------------------------+----------------------------------------------------+----------------------------------+----------------------------------+--------------+------------+------------+
; Slack ; From Node                                          ; To Node                                            ; Launch Clock                     ; Latch Clock                      ; Relationship ; Clock Skew ; Data Delay ;
+-------+----------------------------------------------------+----------------------------------------------------+----------------------------------+----------------------------------+--------------+------------+------------+
; 0.240 ; metastab_3xdff:inst4|sin_sync_1                    ; metastab_3xdff:inst4|sin_sync_2                    ; inst|altpll_component|pll|clk[0] ; inst|altpll_component|pll|clk[0] ; 0.000        ; 0.000      ; 0.392      ;
; 0.240 ; metastab_3xdff:inst4|sin_sync_2                    ; metastab_3xdff:inst4|sin_sync                      ; inst|altpll_component|pll|clk[0] ; inst|altpll_component|pll|clk[0] ; 0.000        ; 0.000      ; 0.392      ;
; 0.241 ; metastab_3xdff:inst4|mirror_y_sync_ddfs_1          ; metastab_3xdff:inst4|mirror_y_sync_ddfs_2          ; inst|altpll_component|pll|clk[0] ; inst|altpll_component|pll|clk[0] ; 0.000        ; 0.000      ; 0.393      ;
; 0.241 ; metastab_3xdff:inst4|triang_sync_2                 ; metastab_3xdff:inst4|triang_sync                   ; inst|altpll_component|pll|clk[0] ; inst|altpll_component|pll|clk[0] ; 0.000        ; 0.000      ; 0.393      ;
; 0.242 ; metastab_3xdff:inst4|triang_sync_1                 ; metastab_3xdff:inst4|triang_sync_2                 ; inst|altpll_component|pll|clk[0] ; inst|altpll_component|pll|clk[0] ; 0.000        ; 0.000      ; 0.394      ;
; 0.313 ; metastab_3xdff:inst4|fw_1[2]                       ; metastab_3xdff:inst4|fw_2[2]                       ; inst|altpll_component|pll|clk[0] ; inst|altpll_component|pll|clk[0] ; 0.000        ; 0.000      ; 0.465      ;
; 0.315 ; metastab_3xdff:inst4|freq_control_1[2]             ; metastab_3xdff:inst4|freq_control_2[2]             ; inst|altpll_component|pll|clk[0] ; inst|altpll_component|pll|clk[0] ; 0.000        ; 0.000      ; 0.467      ;
; 0.344 ; metastab_3xdff:inst4|freq_control_sync[2]          ; ddfs:inst15|freq_divider_DDFS:f_div_inst|count[13] ; inst|altpll_component|pll|clk[0] ; inst|altpll_component|pll|clk[0] ; 0.000        ; -0.001     ; 0.495      ;
; 0.358 ; metastab_3xdff:inst4|fw_2[3]                       ; metastab_3xdff:inst4|fw_sync[3]                    ; inst|altpll_component|pll|clk[0] ; inst|altpll_component|pll|clk[0] ; 0.000        ; 0.000      ; 0.510      ;
; 0.360 ; metastab_3xdff:inst4|fw_2[5]                       ; metastab_3xdff:inst4|fw_sync[5]                    ; inst|altpll_component|pll|clk[0] ; inst|altpll_component|pll|clk[0] ; 0.000        ; 0.000      ; 0.512      ;
; 0.361 ; metastab_3xdff:inst4|freq_control_1[1]             ; metastab_3xdff:inst4|freq_control_2[1]             ; inst|altpll_component|pll|clk[0] ; inst|altpll_component|pll|clk[0] ; 0.000        ; 0.000      ; 0.513      ;
; 0.361 ; metastab_3xdff:inst4|fw_2[0]                       ; metastab_3xdff:inst4|fw_sync[0]                    ; inst|altpll_component|pll|clk[0] ; inst|altpll_component|pll|clk[0] ; 0.000        ; 0.000      ; 0.513      ;
; 0.362 ; metastab_3xdff:inst4|fw_2[6]                       ; metastab_3xdff:inst4|fw_sync[6]                    ; inst|altpll_component|pll|clk[0] ; inst|altpll_component|pll|clk[0] ; 0.000        ; 0.000      ; 0.514      ;
; 0.363 ; metastab_3xdff:inst4|fw_2[2]                       ; metastab_3xdff:inst4|fw_sync[2]                    ; inst|altpll_component|pll|clk[0] ; inst|altpll_component|pll|clk[0] ; 0.000        ; 0.000      ; 0.515      ;
; 0.363 ; metastab_3xdff:inst4|fw_2[4]                       ; metastab_3xdff:inst4|fw_sync[4]                    ; inst|altpll_component|pll|clk[0] ; inst|altpll_component|pll|clk[0] ; 0.000        ; 0.000      ; 0.515      ;
; 0.374 ; metastab_3xdff:inst4|fw_1[3]                       ; metastab_3xdff:inst4|fw_2[3]                       ; inst|altpll_component|pll|clk[0] ; inst|altpll_component|pll|clk[0] ; 0.000        ; 0.000      ; 0.526      ;
; 0.375 ; metastab_3xdff:inst4|freq_control_1[0]             ; metastab_3xdff:inst4|freq_control_2[0]             ; inst|altpll_component|pll|clk[0] ; inst|altpll_component|pll|clk[0] ; 0.000        ; 0.000      ; 0.527      ;
; 0.375 ; metastab_3xdff:inst4|fw_1[4]                       ; metastab_3xdff:inst4|fw_2[4]                       ; inst|altpll_component|pll|clk[0] ; inst|altpll_component|pll|clk[0] ; 0.000        ; 0.000      ; 0.527      ;
; 0.377 ; metastab_3xdff:inst4|fw_2[1]                       ; metastab_3xdff:inst4|fw_sync[1]                    ; inst|altpll_component|pll|clk[0] ; inst|altpll_component|pll|clk[0] ; 0.000        ; 0.000      ; 0.529      ;
; 0.377 ; metastab_3xdff:inst4|mirror_x_sync_ddfs_2          ; metastab_3xdff:inst4|mirror_x_sync_ddfs            ; inst|altpll_component|pll|clk[0] ; inst|altpll_component|pll|clk[0] ; 0.000        ; 0.000      ; 0.529      ;
; 0.378 ; metastab_3xdff:inst4|mirror_y_sync_ddfs_2          ; metastab_3xdff:inst4|mirror_y_sync_ddfs            ; inst|altpll_component|pll|clk[0] ; inst|altpll_component|pll|clk[0] ; 0.000        ; 0.000      ; 0.530      ;
; 0.378 ; metastab_3xdff:inst4|mirror_x_sync_ddfs_1          ; metastab_3xdff:inst4|mirror_x_sync_ddfs_2          ; inst|altpll_component|pll|clk[0] ; inst|altpll_component|pll|clk[0] ; 0.000        ; 0.000      ; 0.530      ;
; 0.402 ; metastab_3xdff:inst4|freq_control_sync[2]          ; ddfs:inst15|freq_divider_DDFS:f_div_inst|count[15] ; inst|altpll_component|pll|clk[0] ; inst|altpll_component|pll|clk[0] ; 0.000        ; 0.000      ; 0.554      ;
; 0.463 ; metastab_3xdff:inst4|freq_control_sync[2]          ; ddfs:inst15|freq_divider_DDFS:f_div_inst|count[17] ; inst|altpll_component|pll|clk[0] ; inst|altpll_component|pll|clk[0] ; 0.000        ; -0.001     ; 0.614      ;
; 0.464 ; metastab_3xdff:inst4|freq_control_sync[2]          ; ddfs:inst15|freq_divider_DDFS:f_div_inst|count[16] ; inst|altpll_component|pll|clk[0] ; inst|altpll_component|pll|clk[0] ; 0.000        ; -0.001     ; 0.615      ;
; 0.482 ; metastab_3xdff:inst4|freq_control_sync[0]          ; ddfs:inst15|freq_divider_DDFS:f_div_inst|count[15] ; inst|altpll_component|pll|clk[0] ; inst|altpll_component|pll|clk[0] ; 0.000        ; 0.000      ; 0.634      ;
; 0.495 ; metastab_3xdff:inst4|freq_control_sync[1]          ; ddfs:inst15|freq_divider_DDFS:f_div_inst|count[0]  ; inst|altpll_component|pll|clk[0] ; inst|altpll_component|pll|clk[0] ; 0.000        ; -0.001     ; 0.646      ;
; 0.542 ; metastab_3xdff:inst4|freq_control_sync[1]          ; ddfs:inst15|freq_divider_DDFS:f_div_inst|count[17] ; inst|altpll_component|pll|clk[0] ; inst|altpll_component|pll|clk[0] ; 0.000        ; 0.003      ; 0.697      ;
; 0.543 ; metastab_3xdff:inst4|freq_control_sync[1]          ; ddfs:inst15|freq_divider_DDFS:f_div_inst|count[4]  ; inst|altpll_component|pll|clk[0] ; inst|altpll_component|pll|clk[0] ; 0.000        ; 0.003      ; 0.698      ;
; 0.543 ; metastab_3xdff:inst4|freq_control_sync[1]          ; ddfs:inst15|freq_divider_DDFS:f_div_inst|count[16] ; inst|altpll_component|pll|clk[0] ; inst|altpll_component|pll|clk[0] ; 0.000        ; 0.003      ; 0.698      ;
; 0.544 ; metastab_3xdff:inst4|freq_control_sync[1]          ; ddfs:inst15|freq_divider_DDFS:f_div_inst|count[13] ; inst|altpll_component|pll|clk[0] ; inst|altpll_component|pll|clk[0] ; 0.000        ; 0.003      ; 0.699      ;
; 0.575 ; ddfs:inst15|freq_divider_DDFS:f_div_inst|count[14] ; ddfs:inst15|freq_divider_DDFS:f_div_inst|count[14] ; inst|altpll_component|pll|clk[0] ; inst|altpll_component|pll|clk[0] ; 0.000        ; 0.000      ; 0.727      ;
; 0.575 ; metastab_3xdff:inst4|freq_control_sync[2]          ; ddfs:inst15|freq_divider_DDFS:f_div_inst|count[18] ; inst|altpll_component|pll|clk[0] ; inst|altpll_component|pll|clk[0] ; 0.000        ; -0.001     ; 0.726      ;
; 0.579 ; ddfs:inst15|freq_divider_DDFS:f_div_inst|count[1]  ; ddfs:inst15|freq_divider_DDFS:f_div_inst|count[1]  ; inst|altpll_component|pll|clk[0] ; inst|altpll_component|pll|clk[0] ; 0.000        ; 0.000      ; 0.731      ;
; 0.590 ; ddfs:inst15|freq_divider_DDFS:f_div_inst|count[12] ; ddfs:inst15|freq_divider_DDFS:f_div_inst|count[12] ; inst|altpll_component|pll|clk[0] ; inst|altpll_component|pll|clk[0] ; 0.000        ; 0.000      ; 0.742      ;
; 0.598 ; metastab_3xdff:inst4|freq_control_sync[1]          ; ddfs:inst15|freq_divider_DDFS:f_div_inst|count[9]  ; inst|altpll_component|pll|clk[0] ; inst|altpll_component|pll|clk[0] ; 0.000        ; -0.001     ; 0.749      ;
; 0.599 ; metastab_3xdff:inst4|freq_control_sync[1]          ; ddfs:inst15|freq_divider_DDFS:f_div_inst|count[2]  ; inst|altpll_component|pll|clk[0] ; inst|altpll_component|pll|clk[0] ; 0.000        ; 0.000      ; 0.751      ;
; 0.600 ; metastab_3xdff:inst4|freq_control_sync[1]          ; ddfs:inst15|freq_divider_DDFS:f_div_inst|count[5]  ; inst|altpll_component|pll|clk[0] ; inst|altpll_component|pll|clk[0] ; 0.000        ; -0.001     ; 0.751      ;
; 0.603 ; metastab_3xdff:inst4|freq_control_sync[2]          ; ddfs:inst15|freq_divider_DDFS:f_div_inst|count[2]  ; inst|altpll_component|pll|clk[0] ; inst|altpll_component|pll|clk[0] ; 0.000        ; -0.004     ; 0.751      ;
; 0.625 ; metastab_3xdff:inst4|freq_control_sync[1]          ; ddfs:inst15|freq_divider_DDFS:f_div_inst|count[18] ; inst|altpll_component|pll|clk[0] ; inst|altpll_component|pll|clk[0] ; 0.000        ; 0.003      ; 0.780      ;
; 0.643 ; ddfs:inst15|freq_divider_DDFS:f_div_inst|count[11] ; ddfs:inst15|freq_divider_DDFS:f_div_inst|count[11] ; inst|altpll_component|pll|clk[0] ; inst|altpll_component|pll|clk[0] ; 0.000        ; 0.000      ; 0.795      ;
; 0.645 ; ddfs:inst15|freq_divider_DDFS:f_div_inst|count[9]  ; ddfs:inst15|freq_divider_DDFS:f_div_inst|count[9]  ; inst|altpll_component|pll|clk[0] ; inst|altpll_component|pll|clk[0] ; 0.000        ; 0.000      ; 0.797      ;
; 0.649 ; ddfs:inst15|freq_divider_DDFS:f_div_inst|count[8]  ; ddfs:inst15|freq_divider_DDFS:f_div_inst|count[8]  ; inst|altpll_component|pll|clk[0] ; inst|altpll_component|pll|clk[0] ; 0.000        ; 0.000      ; 0.801      ;
; 0.652 ; ddfs:inst15|freq_divider_DDFS:f_div_inst|count[5]  ; ddfs:inst15|freq_divider_DDFS:f_div_inst|count[5]  ; inst|altpll_component|pll|clk[0] ; inst|altpll_component|pll|clk[0] ; 0.000        ; 0.000      ; 0.804      ;
; 0.661 ; ddfs:inst15|freq_divider_DDFS:f_div_inst|count[10] ; ddfs:inst15|freq_divider_DDFS:f_div_inst|count[10] ; inst|altpll_component|pll|clk[0] ; inst|altpll_component|pll|clk[0] ; 0.000        ; 0.000      ; 0.813      ;
; 0.661 ; metastab_3xdff:inst4|freq_control_sync[2]          ; ddfs:inst15|freq_divider_DDFS:f_div_inst|count[9]  ; inst|altpll_component|pll|clk[0] ; inst|altpll_component|pll|clk[0] ; 0.000        ; -0.005     ; 0.808      ;
; 0.661 ; metastab_3xdff:inst4|freq_control_sync[2]          ; ddfs:inst15|freq_divider_DDFS:f_div_inst|count[8]  ; inst|altpll_component|pll|clk[0] ; inst|altpll_component|pll|clk[0] ; 0.000        ; -0.005     ; 0.808      ;
; 0.663 ; ddfs:inst15|freq_divider_DDFS:f_div_inst|count[18] ; ddfs:inst15|freq_divider_DDFS:f_div_inst|count[18] ; inst|altpll_component|pll|clk[0] ; inst|altpll_component|pll|clk[0] ; 0.000        ; 0.000      ; 0.815      ;
; 0.664 ; metastab_3xdff:inst4|freq_control_sync[2]          ; ddfs:inst15|freq_divider_DDFS:f_div_inst|count[3]  ; inst|altpll_component|pll|clk[0] ; inst|altpll_component|pll|clk[0] ; 0.000        ; -0.005     ; 0.811      ;
; 0.664 ; metastab_3xdff:inst4|freq_control_sync[2]          ; ddfs:inst15|freq_divider_DDFS:f_div_inst|count[5]  ; inst|altpll_component|pll|clk[0] ; inst|altpll_component|pll|clk[0] ; 0.000        ; -0.005     ; 0.811      ;
; 0.667 ; metastab_3xdff:inst4|freq_control_sync[1]          ; ddfs:inst15|freq_divider_DDFS:f_div_inst|count[6]  ; inst|altpll_component|pll|clk[0] ; inst|altpll_component|pll|clk[0] ; 0.000        ; 0.000      ; 0.819      ;
; 0.673 ; ddfs:inst15|freq_divider_DDFS:f_div_inst|count[0]  ; ddfs:inst15|freq_divider_DDFS:f_div_inst|count[0]  ; inst|altpll_component|pll|clk[0] ; inst|altpll_component|pll|clk[0] ; 0.000        ; 0.000      ; 0.825      ;
; 0.704 ; metastab_3xdff:inst4|freq_control_sync[0]          ; ddfs:inst15|freq_divider_DDFS:f_div_inst|count[6]  ; inst|altpll_component|pll|clk[0] ; inst|altpll_component|pll|clk[0] ; 0.000        ; -0.004     ; 0.852      ;
; 0.707 ; metastab_3xdff:inst4|freq_control_2[1]             ; metastab_3xdff:inst4|freq_control_sync[1]          ; inst|altpll_component|pll|clk[0] ; inst|altpll_component|pll|clk[0] ; 0.000        ; 0.037      ; 0.896      ;
; 0.716 ; ddfs:inst15|freq_divider_DDFS:f_div_inst|count[11] ; ddfs:inst15|freq_divider_DDFS:f_div_inst|count[12] ; inst|altpll_component|pll|clk[0] ; inst|altpll_component|pll|clk[0] ; 0.000        ; 0.000      ; 0.868      ;
; 0.723 ; metastab_3xdff:inst4|freq_control_sync[0]          ; ddfs:inst15|freq_divider_DDFS:f_div_inst|count[12] ; inst|altpll_component|pll|clk[0] ; inst|altpll_component|pll|clk[0] ; 0.000        ; -0.001     ; 0.874      ;
; 0.730 ; ddfs:inst15|freq_divider_DDFS:f_div_inst|count[0]  ; ddfs:inst15|freq_divider_DDFS:f_div_inst|count[1]  ; inst|altpll_component|pll|clk[0] ; inst|altpll_component|pll|clk[0] ; 0.000        ; 0.000      ; 0.882      ;
; 0.734 ; metastab_3xdff:inst4|freq_control_sync[2]          ; ddfs:inst15|freq_divider_DDFS:f_div_inst|count[1]  ; inst|altpll_component|pll|clk[0] ; inst|altpll_component|pll|clk[0] ; 0.000        ; -0.005     ; 0.881      ;
; 0.737 ; metastab_3xdff:inst4|freq_control_sync[2]          ; ddfs:inst15|freq_divider_DDFS:f_div_inst|count[0]  ; inst|altpll_component|pll|clk[0] ; inst|altpll_component|pll|clk[0] ; 0.000        ; -0.005     ; 0.884      ;
; 0.743 ; ddfs:inst15|freq_divider_DDFS:f_div_inst|count[3]  ; ddfs:inst15|freq_divider_DDFS:f_div_inst|count[3]  ; inst|altpll_component|pll|clk[0] ; inst|altpll_component|pll|clk[0] ; 0.000        ; 0.000      ; 0.895      ;
; 0.746 ; ddfs:inst15|freq_divider_DDFS:f_div_inst|count[18] ; ddfs:inst15|freq_divider_DDFS:f_div_inst|count[19] ; inst|altpll_component|pll|clk[0] ; inst|altpll_component|pll|clk[0] ; 0.000        ; 0.000      ; 0.898      ;
; 0.747 ; ddfs:inst15|freq_divider_DDFS:f_div_inst|count[18] ; ddfs:inst15|freq_divider_DDFS:f_div_inst|count[4]  ; inst|altpll_component|pll|clk[0] ; inst|altpll_component|pll|clk[0] ; 0.000        ; 0.000      ; 0.899      ;
; 0.761 ; metastab_3xdff:inst4|freq_control_sync[1]          ; ddfs:inst15|freq_divider_DDFS:f_div_inst|count[15] ; inst|altpll_component|pll|clk[0] ; inst|altpll_component|pll|clk[0] ; 0.000        ; 0.004      ; 0.917      ;
; 0.763 ; ddfs:inst15|freq_divider_DDFS:f_div_inst|count[12] ; ddfs:inst15|freq_divider_DDFS:f_div_inst|count[14] ; inst|altpll_component|pll|clk[0] ; inst|altpll_component|pll|clk[0] ; 0.000        ; 0.000      ; 0.915      ;
; 0.766 ; ddfs:inst15|freq_divider_DDFS:f_div_inst|count[10] ; ddfs:inst15|freq_divider_DDFS:f_div_inst|count[12] ; inst|altpll_component|pll|clk[0] ; inst|altpll_component|pll|clk[0] ; 0.000        ; 0.000      ; 0.918      ;
; 0.772 ; metastab_3xdff:inst4|freq_control_2[2]             ; metastab_3xdff:inst4|freq_control_sync[2]          ; inst|altpll_component|pll|clk[0] ; inst|altpll_component|pll|clk[0] ; 0.000        ; 0.041      ; 0.965      ;
; 0.776 ; metastab_3xdff:inst4|freq_control_2[0]             ; metastab_3xdff:inst4|freq_control_sync[0]          ; inst|altpll_component|pll|clk[0] ; inst|altpll_component|pll|clk[0] ; 0.000        ; 0.041      ; 0.969      ;
; 0.779 ; metastab_3xdff:inst4|freq_control_sync[1]          ; ddfs:inst15|freq_divider_DDFS:f_div_inst|count[8]  ; inst|altpll_component|pll|clk[0] ; inst|altpll_component|pll|clk[0] ; 0.000        ; -0.001     ; 0.930      ;
; 0.780 ; metastab_3xdff:inst4|freq_control_sync[1]          ; ddfs:inst15|freq_divider_DDFS:f_div_inst|count[1]  ; inst|altpll_component|pll|clk[0] ; inst|altpll_component|pll|clk[0] ; 0.000        ; -0.001     ; 0.931      ;
; 0.784 ; ddfs:inst15|freq_divider_DDFS:f_div_inst|count[11] ; ddfs:inst15|freq_divider_DDFS:f_div_inst|count[14] ; inst|altpll_component|pll|clk[0] ; inst|altpll_component|pll|clk[0] ; 0.000        ; 0.000      ; 0.936      ;
; 0.786 ; ddfs:inst15|freq_divider_DDFS:f_div_inst|count[8]  ; ddfs:inst15|freq_divider_DDFS:f_div_inst|count[9]  ; inst|altpll_component|pll|clk[0] ; inst|altpll_component|pll|clk[0] ; 0.000        ; 0.000      ; 0.938      ;
; 0.796 ; ddfs:inst15|freq_divider_DDFS:f_div_inst|count[10] ; ddfs:inst15|freq_divider_DDFS:f_div_inst|count[11] ; inst|altpll_component|pll|clk[0] ; inst|altpll_component|pll|clk[0] ; 0.000        ; 0.000      ; 0.948      ;
; 0.803 ; ddfs:inst15|freq_divider_DDFS:f_div_inst|count[13] ; ddfs:inst15|freq_divider_DDFS:f_div_inst|count[14] ; inst|altpll_component|pll|clk[0] ; inst|altpll_component|pll|clk[0] ; 0.000        ; 0.000      ; 0.955      ;
; 0.806 ; metastab_3xdff:inst4|freq_control_sync[0]          ; ddfs:inst15|freq_divider_DDFS:f_div_inst|count[2]  ; inst|altpll_component|pll|clk[0] ; inst|altpll_component|pll|clk[0] ; 0.000        ; -0.004     ; 0.954      ;
; 0.824 ; ddfs:inst15|freq_divider_DDFS:f_div_inst|count[9]  ; ddfs:inst15|freq_divider_DDFS:f_div_inst|count[10] ; inst|altpll_component|pll|clk[0] ; inst|altpll_component|pll|clk[0] ; 0.000        ; 0.004      ; 0.980      ;
; 0.824 ; ddfs:inst15|freq_divider_DDFS:f_div_inst|count[9]  ; ddfs:inst15|freq_divider_DDFS:f_div_inst|count[12] ; inst|altpll_component|pll|clk[0] ; inst|altpll_component|pll|clk[0] ; 0.000        ; 0.004      ; 0.980      ;
; 0.826 ; ddfs:inst15|freq_divider_DDFS:f_div_inst|count[16] ; ddfs:inst15|freq_divider_DDFS:f_div_inst|count[16] ; inst|altpll_component|pll|clk[0] ; inst|altpll_component|pll|clk[0] ; 0.000        ; 0.000      ; 0.978      ;
; 0.828 ; ddfs:inst15|freq_divider_DDFS:f_div_inst|count[6]  ; ddfs:inst15|freq_divider_DDFS:f_div_inst|count[6]  ; inst|altpll_component|pll|clk[0] ; inst|altpll_component|pll|clk[0] ; 0.000        ; 0.000      ; 0.980      ;
; 0.832 ; ddfs:inst15|freq_divider_DDFS:f_div_inst|count[17] ; ddfs:inst15|freq_divider_DDFS:f_div_inst|count[17] ; inst|altpll_component|pll|clk[0] ; inst|altpll_component|pll|clk[0] ; 0.000        ; 0.000      ; 0.984      ;
; 0.834 ; ddfs:inst15|freq_divider_DDFS:f_div_inst|count[10] ; ddfs:inst15|freq_divider_DDFS:f_div_inst|count[14] ; inst|altpll_component|pll|clk[0] ; inst|altpll_component|pll|clk[0] ; 0.000        ; 0.000      ; 0.986      ;
; 0.838 ; ddfs:inst15|freq_divider_DDFS:f_div_inst|count[2]  ; ddfs:inst15|freq_divider_DDFS:f_div_inst|count[2]  ; inst|altpll_component|pll|clk[0] ; inst|altpll_component|pll|clk[0] ; 0.000        ; 0.000      ; 0.990      ;
; 0.838 ; ddfs:inst15|freq_divider_DDFS:f_div_inst|count[3]  ; ddfs:inst15|freq_divider_DDFS:f_div_inst|count[5]  ; inst|altpll_component|pll|clk[0] ; inst|altpll_component|pll|clk[0] ; 0.000        ; 0.000      ; 0.990      ;
; 0.841 ; ddfs:inst15|freq_divider_DDFS:f_div_inst|count[14] ; ddfs:inst15|freq_divider_DDFS:f_div_inst|count[15] ; inst|altpll_component|pll|clk[0] ; inst|altpll_component|pll|clk[0] ; 0.000        ; 0.001      ; 0.994      ;
; 0.848 ; metastab_3xdff:inst4|freq_control_sync[0]          ; ddfs:inst15|freq_divider_DDFS:f_div_inst|count[14] ; inst|altpll_component|pll|clk[0] ; inst|altpll_component|pll|clk[0] ; 0.000        ; -0.001     ; 0.999      ;
; 0.852 ; ddfs:inst15|freq_divider_DDFS:f_div_inst|count[18] ; ddfs:inst15|freq_divider_DDFS:f_div_inst|count[7]  ; inst|altpll_component|pll|clk[0] ; inst|altpll_component|pll|clk[0] ; 0.000        ; 0.000      ; 1.004      ;
; 0.853 ; ddfs:inst15|freq_divider_DDFS:f_div_inst|count[18] ; ddfs:inst15|freq_divider_DDFS:f_div_inst|count[12] ; inst|altpll_component|pll|clk[0] ; inst|altpll_component|pll|clk[0] ; 0.000        ; 0.000      ; 1.005      ;
; 0.854 ; ddfs:inst15|freq_divider_DDFS:f_div_inst|count[9]  ; ddfs:inst15|freq_divider_DDFS:f_div_inst|count[11] ; inst|altpll_component|pll|clk[0] ; inst|altpll_component|pll|clk[0] ; 0.000        ; 0.004      ; 1.010      ;
; 0.855 ; ddfs:inst15|freq_divider_DDFS:f_div_inst|count[18] ; ddfs:inst15|freq_divider_DDFS:f_div_inst|count[14] ; inst|altpll_component|pll|clk[0] ; inst|altpll_component|pll|clk[0] ; 0.000        ; 0.000      ; 1.007      ;
; 0.855 ; ddfs:inst15|freq_divider_DDFS:f_div_inst|count[17] ; ddfs:inst15|freq_divider_DDFS:f_div_inst|count[19] ; inst|altpll_component|pll|clk[0] ; inst|altpll_component|pll|clk[0] ; 0.000        ; 0.000      ; 1.007      ;
; 0.856 ; ddfs:inst15|freq_divider_DDFS:f_div_inst|count[17] ; ddfs:inst15|freq_divider_DDFS:f_div_inst|count[4]  ; inst|altpll_component|pll|clk[0] ; inst|altpll_component|pll|clk[0] ; 0.000        ; 0.000      ; 1.008      ;
; 0.860 ; ddfs:inst15|freq_divider_DDFS:f_div_inst|count[5]  ; ddfs:inst15|freq_divider_DDFS:f_div_inst|count[8]  ; inst|altpll_component|pll|clk[0] ; inst|altpll_component|pll|clk[0] ; 0.000        ; 0.000      ; 1.012      ;
; 0.866 ; ddfs:inst15|freq_divider_DDFS:f_div_inst|count[5]  ; ddfs:inst15|freq_divider_DDFS:f_div_inst|count[6]  ; inst|altpll_component|pll|clk[0] ; inst|altpll_component|pll|clk[0] ; 0.000        ; 0.001      ; 1.019      ;
; 0.867 ; metastab_3xdff:inst4|freq_control_sync[0]          ; ddfs:inst15|freq_divider_DDFS:f_div_inst|count[3]  ; inst|altpll_component|pll|clk[0] ; inst|altpll_component|pll|clk[0] ; 0.000        ; -0.005     ; 1.014      ;
; 0.867 ; ddfs:inst15|freq_divider_DDFS:f_div_inst|count[8]  ; ddfs:inst15|freq_divider_DDFS:f_div_inst|count[10] ; inst|altpll_component|pll|clk[0] ; inst|altpll_component|pll|clk[0] ; 0.000        ; 0.004      ; 1.023      ;
; 0.867 ; ddfs:inst15|freq_divider_DDFS:f_div_inst|count[8]  ; ddfs:inst15|freq_divider_DDFS:f_div_inst|count[12] ; inst|altpll_component|pll|clk[0] ; inst|altpll_component|pll|clk[0] ; 0.000        ; 0.004      ; 1.023      ;
; 0.871 ; ddfs:inst15|freq_divider_DDFS:f_div_inst|count[18] ; ddfs:inst15|freq_divider_DDFS:f_div_inst|count[10] ; inst|altpll_component|pll|clk[0] ; inst|altpll_component|pll|clk[0] ; 0.000        ; 0.000      ; 1.023      ;
; 0.874 ; ddfs:inst15|freq_divider_DDFS:f_div_inst|count[18] ; ddfs:inst15|freq_divider_DDFS:f_div_inst|count[11] ; inst|altpll_component|pll|clk[0] ; inst|altpll_component|pll|clk[0] ; 0.000        ; 0.000      ; 1.026      ;
; 0.883 ; metastab_3xdff:inst4|freq_control_sync[2]          ; ddfs:inst15|freq_divider_DDFS:f_div_inst|count[12] ; inst|altpll_component|pll|clk[0] ; inst|altpll_component|pll|clk[0] ; 0.000        ; -0.001     ; 1.034      ;
; 0.885 ; metastab_3xdff:inst4|freq_control_sync[2]          ; ddfs:inst15|freq_divider_DDFS:f_div_inst|count[14] ; inst|altpll_component|pll|clk[0] ; inst|altpll_component|pll|clk[0] ; 0.000        ; -0.001     ; 1.036      ;
; 0.892 ; ddfs:inst15|freq_divider_DDFS:f_div_inst|count[9]  ; ddfs:inst15|freq_divider_DDFS:f_div_inst|count[14] ; inst|altpll_component|pll|clk[0] ; inst|altpll_component|pll|clk[0] ; 0.000        ; 0.004      ; 1.048      ;
+-------+----------------------------------------------------+----------------------------------------------------+----------------------------------+----------------------------------+--------------+------------+------------+


+----------------------------------------------------------------------------------------------------------------------------------------------------------------------------------------------------------------------------------------------------------------------------------------------------+
; Fast Model Hold: 'ddfs:inst15|freq_divider_DDFS:f_div_inst|count[19]'                                                                                                                                                                                                                              ;
+-------+----------------------+------------------------------------------------------------------------------------------------------------------+----------------------------------------------------+----------------------------------------------------+--------------+------------+------------+
; Slack ; From Node            ; To Node                                                                                                          ; Launch Clock                                       ; Latch Clock                                        ; Relationship ; Clock Skew ; Data Delay ;
+-------+----------------------+------------------------------------------------------------------------------------------------------------------+----------------------------------------------------+----------------------------------------------------+--------------+------------+------------+
; 0.520 ; ddfs:inst15|cont[10] ; ddfs:inst15|sin_lut:lut_inst|altsyncram:rom_rtl_0|altsyncram_qm81:auto_generated|ram_block1a4~porta_address_reg9 ; ddfs:inst15|freq_divider_DDFS:f_div_inst|count[19] ; ddfs:inst15|freq_divider_DDFS:f_div_inst|count[19] ; 0.000        ; 0.062      ; 0.720      ;
; 0.531 ; ddfs:inst15|cont[10] ; ddfs:inst15|sin_lut:lut_inst|altsyncram:rom_rtl_0|altsyncram_qm81:auto_generated|ram_block1a4~porta_address_reg6 ; ddfs:inst15|freq_divider_DDFS:f_div_inst|count[19] ; ddfs:inst15|freq_divider_DDFS:f_div_inst|count[19] ; 0.000        ; 0.062      ; 0.731      ;
; 0.538 ; ddfs:inst15|cont[10] ; ddfs:inst15|sin_lut:lut_inst|altsyncram:rom_rtl_0|altsyncram_qm81:auto_generated|ram_block1a4~porta_address_reg5 ; ddfs:inst15|freq_divider_DDFS:f_div_inst|count[19] ; ddfs:inst15|freq_divider_DDFS:f_div_inst|count[19] ; 0.000        ; 0.062      ; 0.738      ;
; 0.538 ; ddfs:inst15|cont[10] ; ddfs:inst15|sin_lut:lut_inst|altsyncram:rom_rtl_0|altsyncram_qm81:auto_generated|ram_block1a4~porta_address_reg3 ; ddfs:inst15|freq_divider_DDFS:f_div_inst|count[19] ; ddfs:inst15|freq_divider_DDFS:f_div_inst|count[19] ; 0.000        ; 0.062      ; 0.738      ;
; 0.545 ; ddfs:inst15|cont[11] ; ddfs:inst15|cont[11]                                                                                             ; ddfs:inst15|freq_divider_DDFS:f_div_inst|count[19] ; ddfs:inst15|freq_divider_DDFS:f_div_inst|count[19] ; 0.000        ; 0.000      ; 0.697      ;
; 0.569 ; ddfs:inst15|cont[6]  ; ddfs:inst15|sin_lut:lut_inst|altsyncram:rom_rtl_0|altsyncram_qm81:auto_generated|ram_block1a4~porta_address_reg6 ; ddfs:inst15|freq_divider_DDFS:f_div_inst|count[19] ; ddfs:inst15|freq_divider_DDFS:f_div_inst|count[19] ; 0.000        ; 0.062      ; 0.769      ;
; 0.581 ; ddfs:inst15|cont[5]  ; ddfs:inst15|sin_lut:lut_inst|altsyncram:rom_rtl_0|altsyncram_qm81:auto_generated|ram_block1a4~porta_address_reg5 ; ddfs:inst15|freq_divider_DDFS:f_div_inst|count[19] ; ddfs:inst15|freq_divider_DDFS:f_div_inst|count[19] ; 0.000        ; 0.062      ; 0.781      ;
; 0.583 ; ddfs:inst15|cont[9]  ; ddfs:inst15|sin_lut:lut_inst|altsyncram:rom_rtl_0|altsyncram_qm81:auto_generated|ram_block1a4~porta_address_reg9 ; ddfs:inst15|freq_divider_DDFS:f_div_inst|count[19] ; ddfs:inst15|freq_divider_DDFS:f_div_inst|count[19] ; 0.000        ; 0.062      ; 0.783      ;
; 0.587 ; ddfs:inst15|cont[11] ; ddfs:inst15|cont_rt[11]                                                                                          ; ddfs:inst15|freq_divider_DDFS:f_div_inst|count[19] ; ddfs:inst15|freq_divider_DDFS:f_div_inst|count[19] ; 0.000        ; -0.014     ; 0.725      ;
; 0.587 ; ddfs:inst15|cont[3]  ; ddfs:inst15|sin_lut:lut_inst|altsyncram:rom_rtl_0|altsyncram_qm81:auto_generated|ram_block1a4~porta_address_reg3 ; ddfs:inst15|freq_divider_DDFS:f_div_inst|count[19] ; ddfs:inst15|freq_divider_DDFS:f_div_inst|count[19] ; 0.000        ; 0.062      ; 0.787      ;
; 0.642 ; ddfs:inst15|cont[0]  ; ddfs:inst15|sin_lut:lut_inst|altsyncram:rom_rtl_0|altsyncram_qm81:auto_generated|ram_block1a4~porta_address_reg0 ; ddfs:inst15|freq_divider_DDFS:f_div_inst|count[19] ; ddfs:inst15|freq_divider_DDFS:f_div_inst|count[19] ; 0.000        ; 0.061      ; 0.841      ;
; 0.645 ; ddfs:inst15|cont[7]  ; ddfs:inst15|sin_lut:lut_inst|altsyncram:rom_rtl_0|altsyncram_qm81:auto_generated|ram_block1a4~porta_address_reg7 ; ddfs:inst15|freq_divider_DDFS:f_div_inst|count[19] ; ddfs:inst15|freq_divider_DDFS:f_div_inst|count[19] ; 0.000        ; 0.061      ; 0.844      ;
; 0.648 ; ddfs:inst15|cont[10] ; ddfs:inst15|sin_lut:lut_inst|altsyncram:rom_rtl_0|altsyncram_qm81:auto_generated|ram_block1a1~porta_address_reg9 ; ddfs:inst15|freq_divider_DDFS:f_div_inst|count[19] ; ddfs:inst15|freq_divider_DDFS:f_div_inst|count[19] ; 0.000        ; 0.064      ; 0.850      ;
; 0.653 ; ddfs:inst15|cont[10] ; ddfs:inst15|sin_lut:lut_inst|altsyncram:rom_rtl_0|altsyncram_qm81:auto_generated|ram_block1a8~porta_address_reg3 ; ddfs:inst15|freq_divider_DDFS:f_div_inst|count[19] ; ddfs:inst15|freq_divider_DDFS:f_div_inst|count[19] ; 0.000        ; 0.065      ; 0.856      ;
; 0.653 ; ddfs:inst15|cont[10] ; ddfs:inst15|sin_lut:lut_inst|altsyncram:rom_rtl_0|altsyncram_qm81:auto_generated|ram_block1a1~porta_address_reg3 ; ddfs:inst15|freq_divider_DDFS:f_div_inst|count[19] ; ddfs:inst15|freq_divider_DDFS:f_div_inst|count[19] ; 0.000        ; 0.064      ; 0.855      ;
; 0.654 ; ddfs:inst15|cont[10] ; ddfs:inst15|sin_lut:lut_inst|altsyncram:rom_rtl_0|altsyncram_qm81:auto_generated|ram_block1a1~porta_address_reg6 ; ddfs:inst15|freq_divider_DDFS:f_div_inst|count[19] ; ddfs:inst15|freq_divider_DDFS:f_div_inst|count[19] ; 0.000        ; 0.064      ; 0.856      ;
; 0.657 ; ddfs:inst15|cont[10] ; ddfs:inst15|sin_lut:lut_inst|altsyncram:rom_rtl_0|altsyncram_qm81:auto_generated|ram_block1a1~porta_address_reg5 ; ddfs:inst15|freq_divider_DDFS:f_div_inst|count[19] ; ddfs:inst15|freq_divider_DDFS:f_div_inst|count[19] ; 0.000        ; 0.064      ; 0.859      ;
; 0.659 ; ddfs:inst15|cont[10] ; ddfs:inst15|sin_lut:lut_inst|altsyncram:rom_rtl_0|altsyncram_qm81:auto_generated|ram_block1a8~porta_address_reg5 ; ddfs:inst15|freq_divider_DDFS:f_div_inst|count[19] ; ddfs:inst15|freq_divider_DDFS:f_div_inst|count[19] ; 0.000        ; 0.065      ; 0.862      ;
; 0.659 ; ddfs:inst15|cont[11] ; ddfs:inst15|cont[10]                                                                                             ; ddfs:inst15|freq_divider_DDFS:f_div_inst|count[19] ; ddfs:inst15|freq_divider_DDFS:f_div_inst|count[19] ; 0.000        ; -0.001     ; 0.810      ;
; 0.660 ; ddfs:inst15|cont[10] ; ddfs:inst15|sin_lut:lut_inst|altsyncram:rom_rtl_0|altsyncram_qm81:auto_generated|ram_block1a8~porta_address_reg9 ; ddfs:inst15|freq_divider_DDFS:f_div_inst|count[19] ; ddfs:inst15|freq_divider_DDFS:f_div_inst|count[19] ; 0.000        ; 0.065      ; 0.863      ;
; 0.666 ; ddfs:inst15|cont[10] ; ddfs:inst15|sin_lut:lut_inst|altsyncram:rom_rtl_0|altsyncram_qm81:auto_generated|ram_block1a8~porta_address_reg6 ; ddfs:inst15|freq_divider_DDFS:f_div_inst|count[19] ; ddfs:inst15|freq_divider_DDFS:f_div_inst|count[19] ; 0.000        ; 0.065      ; 0.869      ;
; 0.675 ; ddfs:inst15|cont[10] ; ddfs:inst15|cont_rt[10]                                                                                          ; ddfs:inst15|freq_divider_DDFS:f_div_inst|count[19] ; ddfs:inst15|freq_divider_DDFS:f_div_inst|count[19] ; 0.000        ; -0.013     ; 0.814      ;
; 0.689 ; ddfs:inst15|cont[10] ; ddfs:inst15|sin_lut:lut_inst|altsyncram:rom_rtl_0|altsyncram_qm81:auto_generated|ram_block1a4~porta_address_reg1 ; ddfs:inst15|freq_divider_DDFS:f_div_inst|count[19] ; ddfs:inst15|freq_divider_DDFS:f_div_inst|count[19] ; 0.000        ; 0.062      ; 0.889      ;
; 0.692 ; ddfs:inst15|cont[6]  ; ddfs:inst15|sin_lut:lut_inst|altsyncram:rom_rtl_0|altsyncram_qm81:auto_generated|ram_block1a1~porta_address_reg6 ; ddfs:inst15|freq_divider_DDFS:f_div_inst|count[19] ; ddfs:inst15|freq_divider_DDFS:f_div_inst|count[19] ; 0.000        ; 0.064      ; 0.894      ;
; 0.700 ; ddfs:inst15|cont[5]  ; ddfs:inst15|sin_lut:lut_inst|altsyncram:rom_rtl_0|altsyncram_qm81:auto_generated|ram_block1a1~porta_address_reg5 ; ddfs:inst15|freq_divider_DDFS:f_div_inst|count[19] ; ddfs:inst15|freq_divider_DDFS:f_div_inst|count[19] ; 0.000        ; 0.064      ; 0.902      ;
; 0.702 ; ddfs:inst15|cont[3]  ; ddfs:inst15|sin_lut:lut_inst|altsyncram:rom_rtl_0|altsyncram_qm81:auto_generated|ram_block1a8~porta_address_reg3 ; ddfs:inst15|freq_divider_DDFS:f_div_inst|count[19] ; ddfs:inst15|freq_divider_DDFS:f_div_inst|count[19] ; 0.000        ; 0.065      ; 0.905      ;
; 0.702 ; ddfs:inst15|cont[3]  ; ddfs:inst15|sin_lut:lut_inst|altsyncram:rom_rtl_0|altsyncram_qm81:auto_generated|ram_block1a1~porta_address_reg3 ; ddfs:inst15|freq_divider_DDFS:f_div_inst|count[19] ; ddfs:inst15|freq_divider_DDFS:f_div_inst|count[19] ; 0.000        ; 0.064      ; 0.904      ;
; 0.702 ; ddfs:inst15|cont[5]  ; ddfs:inst15|sin_lut:lut_inst|altsyncram:rom_rtl_0|altsyncram_qm81:auto_generated|ram_block1a8~porta_address_reg5 ; ddfs:inst15|freq_divider_DDFS:f_div_inst|count[19] ; ddfs:inst15|freq_divider_DDFS:f_div_inst|count[19] ; 0.000        ; 0.065      ; 0.905      ;
; 0.704 ; ddfs:inst15|cont[6]  ; ddfs:inst15|sin_lut:lut_inst|altsyncram:rom_rtl_0|altsyncram_qm81:auto_generated|ram_block1a8~porta_address_reg6 ; ddfs:inst15|freq_divider_DDFS:f_div_inst|count[19] ; ddfs:inst15|freq_divider_DDFS:f_div_inst|count[19] ; 0.000        ; 0.065      ; 0.907      ;
; 0.708 ; ddfs:inst15|cont[7]  ; ddfs:inst15|cont[7]                                                                                              ; ddfs:inst15|freq_divider_DDFS:f_div_inst|count[19] ; ddfs:inst15|freq_divider_DDFS:f_div_inst|count[19] ; 0.000        ; 0.000      ; 0.860      ;
; 0.711 ; ddfs:inst15|cont[9]  ; ddfs:inst15|sin_lut:lut_inst|altsyncram:rom_rtl_0|altsyncram_qm81:auto_generated|ram_block1a1~porta_address_reg9 ; ddfs:inst15|freq_divider_DDFS:f_div_inst|count[19] ; ddfs:inst15|freq_divider_DDFS:f_div_inst|count[19] ; 0.000        ; 0.064      ; 0.913      ;
; 0.715 ; ddfs:inst15|cont[10] ; ddfs:inst15|sin_lut:lut_inst|altsyncram:rom_rtl_0|altsyncram_qm81:auto_generated|ram_block1a1~porta_address_reg4 ; ddfs:inst15|freq_divider_DDFS:f_div_inst|count[19] ; ddfs:inst15|freq_divider_DDFS:f_div_inst|count[19] ; 0.000        ; 0.064      ; 0.917      ;
; 0.717 ; ddfs:inst15|cont[10] ; ddfs:inst15|sin_lut:lut_inst|altsyncram:rom_rtl_0|altsyncram_qm81:auto_generated|ram_block1a4~porta_address_reg8 ; ddfs:inst15|freq_divider_DDFS:f_div_inst|count[19] ; ddfs:inst15|freq_divider_DDFS:f_div_inst|count[19] ; 0.000        ; 0.062      ; 0.917      ;
; 0.718 ; ddfs:inst15|cont[8]  ; ddfs:inst15|sin_lut:lut_inst|altsyncram:rom_rtl_0|altsyncram_qm81:auto_generated|ram_block1a4~porta_address_reg8 ; ddfs:inst15|freq_divider_DDFS:f_div_inst|count[19] ; ddfs:inst15|freq_divider_DDFS:f_div_inst|count[19] ; 0.000        ; 0.061      ; 0.917      ;
; 0.722 ; ddfs:inst15|cont[8]  ; ddfs:inst15|cont[8]                                                                                              ; ddfs:inst15|freq_divider_DDFS:f_div_inst|count[19] ; ddfs:inst15|freq_divider_DDFS:f_div_inst|count[19] ; 0.000        ; 0.000      ; 0.874      ;
; 0.723 ; ddfs:inst15|cont[9]  ; ddfs:inst15|sin_lut:lut_inst|altsyncram:rom_rtl_0|altsyncram_qm81:auto_generated|ram_block1a8~porta_address_reg9 ; ddfs:inst15|freq_divider_DDFS:f_div_inst|count[19] ; ddfs:inst15|freq_divider_DDFS:f_div_inst|count[19] ; 0.000        ; 0.065      ; 0.926      ;
; 0.734 ; ddfs:inst15|cont[1]  ; ddfs:inst15|sin_lut:lut_inst|altsyncram:rom_rtl_0|altsyncram_qm81:auto_generated|ram_block1a4~porta_address_reg1 ; ddfs:inst15|freq_divider_DDFS:f_div_inst|count[19] ; ddfs:inst15|freq_divider_DDFS:f_div_inst|count[19] ; 0.000        ; 0.062      ; 0.934      ;
; 0.769 ; ddfs:inst15|cont[7]  ; ddfs:inst15|sin_lut:lut_inst|altsyncram:rom_rtl_0|altsyncram_qm81:auto_generated|ram_block1a1~porta_address_reg7 ; ddfs:inst15|freq_divider_DDFS:f_div_inst|count[19] ; ddfs:inst15|freq_divider_DDFS:f_div_inst|count[19] ; 0.000        ; 0.063      ; 0.970      ;
; 0.769 ; ddfs:inst15|cont[0]  ; ddfs:inst15|sin_lut:lut_inst|altsyncram:rom_rtl_0|altsyncram_qm81:auto_generated|ram_block1a1~porta_address_reg0 ; ddfs:inst15|freq_divider_DDFS:f_div_inst|count[19] ; ddfs:inst15|freq_divider_DDFS:f_div_inst|count[19] ; 0.000        ; 0.063      ; 0.970      ;
; 0.770 ; ddfs:inst15|cont[0]  ; ddfs:inst15|sin_lut:lut_inst|altsyncram:rom_rtl_0|altsyncram_qm81:auto_generated|ram_block1a8~porta_address_reg0 ; ddfs:inst15|freq_divider_DDFS:f_div_inst|count[19] ; ddfs:inst15|freq_divider_DDFS:f_div_inst|count[19] ; 0.000        ; 0.064      ; 0.972      ;
; 0.775 ; ddfs:inst15|cont[7]  ; ddfs:inst15|sin_lut:lut_inst|altsyncram:rom_rtl_0|altsyncram_qm81:auto_generated|ram_block1a8~porta_address_reg7 ; ddfs:inst15|freq_divider_DDFS:f_div_inst|count[19] ; ddfs:inst15|freq_divider_DDFS:f_div_inst|count[19] ; 0.000        ; 0.064      ; 0.977      ;
; 0.782 ; ddfs:inst15|cont[10] ; ddfs:inst15|cont[11]                                                                                             ; ddfs:inst15|freq_divider_DDFS:f_div_inst|count[19] ; ddfs:inst15|freq_divider_DDFS:f_div_inst|count[19] ; 0.000        ; 0.001      ; 0.935      ;
; 0.797 ; ddfs:inst15|cont[10] ; ddfs:inst15|sin_lut:lut_inst|altsyncram:rom_rtl_0|altsyncram_qm81:auto_generated|ram_block1a8~porta_address_reg2 ; ddfs:inst15|freq_divider_DDFS:f_div_inst|count[19] ; ddfs:inst15|freq_divider_DDFS:f_div_inst|count[19] ; 0.000        ; 0.065      ; 1.000      ;
; 0.808 ; ddfs:inst15|cont[10] ; ddfs:inst15|sin_lut:lut_inst|altsyncram:rom_rtl_0|altsyncram_qm81:auto_generated|ram_block1a1~porta_address_reg1 ; ddfs:inst15|freq_divider_DDFS:f_div_inst|count[19] ; ddfs:inst15|freq_divider_DDFS:f_div_inst|count[19] ; 0.000        ; 0.064      ; 1.010      ;
; 0.813 ; ddfs:inst15|cont[4]  ; ddfs:inst15|sin_lut:lut_inst|altsyncram:rom_rtl_0|altsyncram_qm81:auto_generated|ram_block1a1~porta_address_reg4 ; ddfs:inst15|freq_divider_DDFS:f_div_inst|count[19] ; ddfs:inst15|freq_divider_DDFS:f_div_inst|count[19] ; 0.000        ; 0.064      ; 1.015      ;
; 0.815 ; ddfs:inst15|cont[10] ; ddfs:inst15|sin_lut:lut_inst|altsyncram:rom_rtl_0|altsyncram_qm81:auto_generated|ram_block1a1~porta_address_reg8 ; ddfs:inst15|freq_divider_DDFS:f_div_inst|count[19] ; ddfs:inst15|freq_divider_DDFS:f_div_inst|count[19] ; 0.000        ; 0.064      ; 1.017      ;
; 0.816 ; ddfs:inst15|cont[8]  ; ddfs:inst15|sin_lut:lut_inst|altsyncram:rom_rtl_0|altsyncram_qm81:auto_generated|ram_block1a1~porta_address_reg8 ; ddfs:inst15|freq_divider_DDFS:f_div_inst|count[19] ; ddfs:inst15|freq_divider_DDFS:f_div_inst|count[19] ; 0.000        ; 0.063      ; 1.017      ;
; 0.818 ; ddfs:inst15|cont[0]  ; ddfs:inst15|cont[0]                                                                                              ; ddfs:inst15|freq_divider_DDFS:f_div_inst|count[19] ; ddfs:inst15|freq_divider_DDFS:f_div_inst|count[19] ; 0.000        ; 0.000      ; 0.970      ;
; 0.819 ; ddfs:inst15|cont[10] ; ddfs:inst15|sin_lut:lut_inst|altsyncram:rom_rtl_0|altsyncram_qm81:auto_generated|ram_block1a8~porta_address_reg1 ; ddfs:inst15|freq_divider_DDFS:f_div_inst|count[19] ; ddfs:inst15|freq_divider_DDFS:f_div_inst|count[19] ; 0.000        ; 0.065      ; 1.022      ;
; 0.820 ; ddfs:inst15|cont[10] ; ddfs:inst15|sin_lut:lut_inst|altsyncram:rom_rtl_0|altsyncram_qm81:auto_generated|ram_block1a8~porta_address_reg4 ; ddfs:inst15|freq_divider_DDFS:f_div_inst|count[19] ; ddfs:inst15|freq_divider_DDFS:f_div_inst|count[19] ; 0.000        ; 0.065      ; 1.023      ;
; 0.823 ; ddfs:inst15|cont[10] ; ddfs:inst15|sin_lut:lut_inst|altsyncram:rom_rtl_0|altsyncram_qm81:auto_generated|ram_block1a4~porta_address_reg0 ; ddfs:inst15|freq_divider_DDFS:f_div_inst|count[19] ; ddfs:inst15|freq_divider_DDFS:f_div_inst|count[19] ; 0.000        ; 0.062      ; 1.023      ;
; 0.827 ; ddfs:inst15|cont[10] ; ddfs:inst15|sin_lut:lut_inst|altsyncram:rom_rtl_0|altsyncram_qm81:auto_generated|ram_block1a8~porta_address_reg8 ; ddfs:inst15|freq_divider_DDFS:f_div_inst|count[19] ; ddfs:inst15|freq_divider_DDFS:f_div_inst|count[19] ; 0.000        ; 0.065      ; 1.030      ;
; 0.828 ; ddfs:inst15|cont[8]  ; ddfs:inst15|sin_lut:lut_inst|altsyncram:rom_rtl_0|altsyncram_qm81:auto_generated|ram_block1a8~porta_address_reg8 ; ddfs:inst15|freq_divider_DDFS:f_div_inst|count[19] ; ddfs:inst15|freq_divider_DDFS:f_div_inst|count[19] ; 0.000        ; 0.064      ; 1.030      ;
; 0.829 ; ddfs:inst15|cont[10] ; ddfs:inst15|sin_lut:lut_inst|altsyncram:rom_rtl_0|altsyncram_qm81:auto_generated|ram_block1a4~porta_address_reg7 ; ddfs:inst15|freq_divider_DDFS:f_div_inst|count[19] ; ddfs:inst15|freq_divider_DDFS:f_div_inst|count[19] ; 0.000        ; 0.062      ; 1.029      ;
; 0.838 ; ddfs:inst15|cont[0]  ; ddfs:inst15|cont[11]                                                                                             ; ddfs:inst15|freq_divider_DDFS:f_div_inst|count[19] ; ddfs:inst15|freq_divider_DDFS:f_div_inst|count[19] ; 0.000        ; 0.000      ; 0.990      ;
; 0.845 ; ddfs:inst15|cont[7]  ; ddfs:inst15|cont[8]                                                                                              ; ddfs:inst15|freq_divider_DDFS:f_div_inst|count[19] ; ddfs:inst15|freq_divider_DDFS:f_div_inst|count[19] ; 0.000        ; 0.000      ; 0.997      ;
; 0.849 ; ddfs:inst15|cont[2]  ; ddfs:inst15|sin_lut:lut_inst|altsyncram:rom_rtl_0|altsyncram_qm81:auto_generated|ram_block1a8~porta_address_reg2 ; ddfs:inst15|freq_divider_DDFS:f_div_inst|count[19] ; ddfs:inst15|freq_divider_DDFS:f_div_inst|count[19] ; 0.000        ; 0.065      ; 1.052      ;
; 0.850 ; ddfs:inst15|cont[10] ; ddfs:inst15|sin_lut:lut_inst|altsyncram:rom_rtl_0|altsyncram_qm81:auto_generated|ram_block1a4~porta_address_reg4 ; ddfs:inst15|freq_divider_DDFS:f_div_inst|count[19] ; ddfs:inst15|freq_divider_DDFS:f_div_inst|count[19] ; 0.000        ; 0.062      ; 1.050      ;
; 0.853 ; ddfs:inst15|cont[1]  ; ddfs:inst15|sin_lut:lut_inst|altsyncram:rom_rtl_0|altsyncram_qm81:auto_generated|ram_block1a1~porta_address_reg1 ; ddfs:inst15|freq_divider_DDFS:f_div_inst|count[19] ; ddfs:inst15|freq_divider_DDFS:f_div_inst|count[19] ; 0.000        ; 0.064      ; 1.055      ;
; 0.863 ; ddfs:inst15|cont[11] ; ddfs:inst15|cont[0]                                                                                              ; ddfs:inst15|freq_divider_DDFS:f_div_inst|count[19] ; ddfs:inst15|freq_divider_DDFS:f_div_inst|count[19] ; 0.000        ; 0.000      ; 1.015      ;
; 0.864 ; ddfs:inst15|cont[1]  ; ddfs:inst15|sin_lut:lut_inst|altsyncram:rom_rtl_0|altsyncram_qm81:auto_generated|ram_block1a8~porta_address_reg1 ; ddfs:inst15|freq_divider_DDFS:f_div_inst|count[19] ; ddfs:inst15|freq_divider_DDFS:f_div_inst|count[19] ; 0.000        ; 0.065      ; 1.067      ;
; 0.868 ; ddfs:inst15|cont[11] ; ddfs:inst15|cont[7]                                                                                              ; ddfs:inst15|freq_divider_DDFS:f_div_inst|count[19] ; ddfs:inst15|freq_divider_DDFS:f_div_inst|count[19] ; 0.000        ; 0.000      ; 1.020      ;
; 0.869 ; ddfs:inst15|cont[11] ; ddfs:inst15|cont[8]                                                                                              ; ddfs:inst15|freq_divider_DDFS:f_div_inst|count[19] ; ddfs:inst15|freq_divider_DDFS:f_div_inst|count[19] ; 0.000        ; 0.000      ; 1.021      ;
; 0.873 ; ddfs:inst15|cont[1]  ; ddfs:inst15|cont[11]                                                                                             ; ddfs:inst15|freq_divider_DDFS:f_div_inst|count[19] ; ddfs:inst15|freq_divider_DDFS:f_div_inst|count[19] ; 0.000        ; 0.001      ; 1.026      ;
; 0.895 ; ddfs:inst15|cont[10] ; ddfs:inst15|cont[10]                                                                                             ; ddfs:inst15|freq_divider_DDFS:f_div_inst|count[19] ; ddfs:inst15|freq_divider_DDFS:f_div_inst|count[19] ; 0.000        ; 0.000      ; 1.047      ;
; 0.918 ; ddfs:inst15|cont[4]  ; ddfs:inst15|sin_lut:lut_inst|altsyncram:rom_rtl_0|altsyncram_qm81:auto_generated|ram_block1a8~porta_address_reg4 ; ddfs:inst15|freq_divider_DDFS:f_div_inst|count[19] ; ddfs:inst15|freq_divider_DDFS:f_div_inst|count[19] ; 0.000        ; 0.065      ; 1.121      ;
; 0.931 ; ddfs:inst15|cont[5]  ; ddfs:inst15|cont[5]                                                                                              ; ddfs:inst15|freq_divider_DDFS:f_div_inst|count[19] ; ddfs:inst15|freq_divider_DDFS:f_div_inst|count[19] ; 0.000        ; 0.000      ; 1.083      ;
; 0.931 ; ddfs:inst15|cont[10] ; ddfs:inst15|sin_lut:lut_inst|altsyncram:rom_rtl_0|altsyncram_qm81:auto_generated|ram_block1a1~porta_address_reg2 ; ddfs:inst15|freq_divider_DDFS:f_div_inst|count[19] ; ddfs:inst15|freq_divider_DDFS:f_div_inst|count[19] ; 0.000        ; 0.064      ; 1.133      ;
; 0.933 ; ddfs:inst15|cont[9]  ; ddfs:inst15|cont[9]                                                                                              ; ddfs:inst15|freq_divider_DDFS:f_div_inst|count[19] ; ddfs:inst15|freq_divider_DDFS:f_div_inst|count[19] ; 0.000        ; 0.000      ; 1.085      ;
; 0.948 ; ddfs:inst15|cont[4]  ; ddfs:inst15|sin_lut:lut_inst|altsyncram:rom_rtl_0|altsyncram_qm81:auto_generated|ram_block1a4~porta_address_reg4 ; ddfs:inst15|freq_divider_DDFS:f_div_inst|count[19] ; ddfs:inst15|freq_divider_DDFS:f_div_inst|count[19] ; 0.000        ; 0.062      ; 1.148      ;
; 0.950 ; ddfs:inst15|cont[10] ; ddfs:inst15|sin_lut:lut_inst|altsyncram:rom_rtl_0|altsyncram_qm81:auto_generated|ram_block1a1~porta_address_reg0 ; ddfs:inst15|freq_divider_DDFS:f_div_inst|count[19] ; ddfs:inst15|freq_divider_DDFS:f_div_inst|count[19] ; 0.000        ; 0.064      ; 1.152      ;
; 0.951 ; ddfs:inst15|cont[10] ; ddfs:inst15|sin_lut:lut_inst|altsyncram:rom_rtl_0|altsyncram_qm81:auto_generated|ram_block1a8~porta_address_reg0 ; ddfs:inst15|freq_divider_DDFS:f_div_inst|count[19] ; ddfs:inst15|freq_divider_DDFS:f_div_inst|count[19] ; 0.000        ; 0.065      ; 1.154      ;
; 0.952 ; ddfs:inst15|cont[0]  ; ddfs:inst15|cont[10]                                                                                             ; ddfs:inst15|freq_divider_DDFS:f_div_inst|count[19] ; ddfs:inst15|freq_divider_DDFS:f_div_inst|count[19] ; 0.000        ; -0.001     ; 1.103      ;
; 0.953 ; ddfs:inst15|cont[10] ; ddfs:inst15|sin_lut:lut_inst|altsyncram:rom_rtl_0|altsyncram_qm81:auto_generated|ram_block1a1~porta_address_reg7 ; ddfs:inst15|freq_divider_DDFS:f_div_inst|count[19] ; ddfs:inst15|freq_divider_DDFS:f_div_inst|count[19] ; 0.000        ; 0.064      ; 1.155      ;
; 0.959 ; ddfs:inst15|cont[10] ; ddfs:inst15|sin_lut:lut_inst|altsyncram:rom_rtl_0|altsyncram_qm81:auto_generated|ram_block1a8~porta_address_reg7 ; ddfs:inst15|freq_divider_DDFS:f_div_inst|count[19] ; ddfs:inst15|freq_divider_DDFS:f_div_inst|count[19] ; 0.000        ; 0.065      ; 1.162      ;
; 0.961 ; ddfs:inst15|cont[4]  ; ddfs:inst15|cont[4]                                                                                              ; ddfs:inst15|freq_divider_DDFS:f_div_inst|count[19] ; ddfs:inst15|freq_divider_DDFS:f_div_inst|count[19] ; 0.000        ; 0.000      ; 1.113      ;
; 0.972 ; ddfs:inst15|cont[6]  ; ddfs:inst15|cont[6]                                                                                              ; ddfs:inst15|freq_divider_DDFS:f_div_inst|count[19] ; ddfs:inst15|freq_divider_DDFS:f_div_inst|count[19] ; 0.000        ; 0.000      ; 1.124      ;
; 0.978 ; ddfs:inst15|cont[6]  ; ddfs:inst15|cont[7]                                                                                              ; ddfs:inst15|freq_divider_DDFS:f_div_inst|count[19] ; ddfs:inst15|freq_divider_DDFS:f_div_inst|count[19] ; 0.000        ; 0.001      ; 1.131      ;
; 0.979 ; ddfs:inst15|cont[8]  ; ddfs:inst15|cont[9]                                                                                              ; ddfs:inst15|freq_divider_DDFS:f_div_inst|count[19] ; ddfs:inst15|freq_divider_DDFS:f_div_inst|count[19] ; 0.000        ; -0.001     ; 1.130      ;
; 0.982 ; ddfs:inst15|cont[11] ; ddfs:inst15|cont[3]                                                                                              ; ddfs:inst15|freq_divider_DDFS:f_div_inst|count[19] ; ddfs:inst15|freq_divider_DDFS:f_div_inst|count[19] ; 0.000        ; -0.001     ; 1.133      ;
; 0.983 ; ddfs:inst15|cont[2]  ; ddfs:inst15|sin_lut:lut_inst|altsyncram:rom_rtl_0|altsyncram_qm81:auto_generated|ram_block1a1~porta_address_reg2 ; ddfs:inst15|freq_divider_DDFS:f_div_inst|count[19] ; ddfs:inst15|freq_divider_DDFS:f_div_inst|count[19] ; 0.000        ; 0.064      ; 1.185      ;
; 0.985 ; ddfs:inst15|cont[11] ; ddfs:inst15|cont[4]                                                                                              ; ddfs:inst15|freq_divider_DDFS:f_div_inst|count[19] ; ddfs:inst15|freq_divider_DDFS:f_div_inst|count[19] ; 0.000        ; -0.001     ; 1.136      ;
; 0.986 ; ddfs:inst15|cont[11] ; ddfs:inst15|cont[1]                                                                                              ; ddfs:inst15|freq_divider_DDFS:f_div_inst|count[19] ; ddfs:inst15|freq_divider_DDFS:f_div_inst|count[19] ; 0.000        ; -0.001     ; 1.137      ;
; 0.987 ; ddfs:inst15|cont[1]  ; ddfs:inst15|cont[10]                                                                                             ; ddfs:inst15|freq_divider_DDFS:f_div_inst|count[19] ; ddfs:inst15|freq_divider_DDFS:f_div_inst|count[19] ; 0.000        ; 0.000      ; 1.139      ;
; 0.987 ; ddfs:inst15|cont[11] ; ddfs:inst15|cont[6]                                                                                              ; ddfs:inst15|freq_divider_DDFS:f_div_inst|count[19] ; ddfs:inst15|freq_divider_DDFS:f_div_inst|count[19] ; 0.000        ; -0.001     ; 1.138      ;
; 0.988 ; ddfs:inst15|cont[8]  ; ddfs:inst15|cont[11]                                                                                             ; ddfs:inst15|freq_divider_DDFS:f_div_inst|count[19] ; ddfs:inst15|freq_divider_DDFS:f_div_inst|count[19] ; 0.000        ; 0.000      ; 1.140      ;
; 0.988 ; ddfs:inst15|cont[3]  ; ddfs:inst15|cont[3]                                                                                              ; ddfs:inst15|freq_divider_DDFS:f_div_inst|count[19] ; ddfs:inst15|freq_divider_DDFS:f_div_inst|count[19] ; 0.000        ; 0.000      ; 1.140      ;
; 0.990 ; ddfs:inst15|cont[11] ; ddfs:inst15|cont[2]                                                                                              ; ddfs:inst15|freq_divider_DDFS:f_div_inst|count[19] ; ddfs:inst15|freq_divider_DDFS:f_div_inst|count[19] ; 0.000        ; -0.001     ; 1.141      ;
; 0.990 ; ddfs:inst15|cont[11] ; ddfs:inst15|cont[9]                                                                                              ; ddfs:inst15|freq_divider_DDFS:f_div_inst|count[19] ; ddfs:inst15|freq_divider_DDFS:f_div_inst|count[19] ; 0.000        ; -0.001     ; 1.141      ;
; 0.991 ; ddfs:inst15|cont[11] ; ddfs:inst15|cont[5]                                                                                              ; ddfs:inst15|freq_divider_DDFS:f_div_inst|count[19] ; ddfs:inst15|freq_divider_DDFS:f_div_inst|count[19] ; 0.000        ; -0.001     ; 1.142      ;
; 0.997 ; ddfs:inst15|cont[7]  ; ddfs:inst15|cont[9]                                                                                              ; ddfs:inst15|freq_divider_DDFS:f_div_inst|count[19] ; ddfs:inst15|freq_divider_DDFS:f_div_inst|count[19] ; 0.000        ; -0.001     ; 1.148      ;
; 1.006 ; ddfs:inst15|cont[7]  ; ddfs:inst15|cont[11]                                                                                             ; ddfs:inst15|freq_divider_DDFS:f_div_inst|count[19] ; ddfs:inst15|freq_divider_DDFS:f_div_inst|count[19] ; 0.000        ; 0.000      ; 1.158      ;
; 1.012 ; ddfs:inst15|cont[6]  ; ddfs:inst15|cont[8]                                                                                              ; ddfs:inst15|freq_divider_DDFS:f_div_inst|count[19] ; ddfs:inst15|freq_divider_DDFS:f_div_inst|count[19] ; 0.000        ; 0.001      ; 1.165      ;
; 1.018 ; ddfs:inst15|cont[1]  ; ddfs:inst15|cont[1]                                                                                              ; ddfs:inst15|freq_divider_DDFS:f_div_inst|count[19] ; ddfs:inst15|freq_divider_DDFS:f_div_inst|count[19] ; 0.000        ; 0.000      ; 1.170      ;
; 1.026 ; ddfs:inst15|cont[5]  ; ddfs:inst15|cont[7]                                                                                              ; ddfs:inst15|freq_divider_DDFS:f_div_inst|count[19] ; ddfs:inst15|freq_divider_DDFS:f_div_inst|count[19] ; 0.000        ; 0.001      ; 1.179      ;
; 1.047 ; ddfs:inst15|cont[9]  ; ddfs:inst15|cont[11]                                                                                             ; ddfs:inst15|freq_divider_DDFS:f_div_inst|count[19] ; ddfs:inst15|freq_divider_DDFS:f_div_inst|count[19] ; 0.000        ; 0.001      ; 1.200      ;
; 1.052 ; ddfs:inst15|cont[8]  ; ddfs:inst15|cont[10]                                                                                             ; ddfs:inst15|freq_divider_DDFS:f_div_inst|count[19] ; ddfs:inst15|freq_divider_DDFS:f_div_inst|count[19] ; 0.000        ; -0.001     ; 1.203      ;
; 1.060 ; ddfs:inst15|cont[5]  ; ddfs:inst15|cont[8]                                                                                              ; ddfs:inst15|freq_divider_DDFS:f_div_inst|count[19] ; ddfs:inst15|freq_divider_DDFS:f_div_inst|count[19] ; 0.000        ; 0.001      ; 1.213      ;
; 1.065 ; ddfs:inst15|cont[10] ; ddfs:inst15|sin_lut:lut_inst|altsyncram:rom_rtl_0|altsyncram_qm81:auto_generated|ram_block1a4~porta_address_reg2 ; ddfs:inst15|freq_divider_DDFS:f_div_inst|count[19] ; ddfs:inst15|freq_divider_DDFS:f_div_inst|count[19] ; 0.000        ; 0.062      ; 1.265      ;
; 1.070 ; ddfs:inst15|cont[7]  ; ddfs:inst15|cont[10]                                                                                             ; ddfs:inst15|freq_divider_DDFS:f_div_inst|count[19] ; ddfs:inst15|freq_divider_DDFS:f_div_inst|count[19] ; 0.000        ; -0.001     ; 1.221      ;
+-------+----------------------+------------------------------------------------------------------------------------------------------------------+----------------------------------------------------+----------------------------------------------------+--------------+------------+------------+


+---------------------------------------------------------------------------------------------------------------------------------------------------------------------------------+
; Fast Model Recovery: 'ddfs:inst15|freq_divider_DDFS:f_div_inst|count[19]'                                                                                                       ;
+--------+------------------------------------+----------------------+--------------+----------------------------------------------------+--------------+------------+------------+
; Slack  ; From Node                          ; To Node              ; Launch Clock ; Latch Clock                                        ; Relationship ; Clock Skew ; Data Delay ;
+--------+------------------------------------+----------------------+--------------+----------------------------------------------------+--------------+------------+------------+
; 18.200 ; metastab_3xdff:inst4|ena_ddfs_sync ; ddfs:inst15|cont[7]  ; CLOCK_50     ; ddfs:inst15|freq_divider_DDFS:f_div_inst|count[19] ; 20.000       ; 0.038      ; 1.870      ;
; 18.200 ; metastab_3xdff:inst4|ena_ddfs_sync ; ddfs:inst15|cont[8]  ; CLOCK_50     ; ddfs:inst15|freq_divider_DDFS:f_div_inst|count[19] ; 20.000       ; 0.038      ; 1.870      ;
; 18.200 ; metastab_3xdff:inst4|ena_ddfs_sync ; ddfs:inst15|cont[11] ; CLOCK_50     ; ddfs:inst15|freq_divider_DDFS:f_div_inst|count[19] ; 20.000       ; 0.038      ; 1.870      ;
; 18.200 ; metastab_3xdff:inst4|ena_ddfs_sync ; ddfs:inst15|cont[0]  ; CLOCK_50     ; ddfs:inst15|freq_divider_DDFS:f_div_inst|count[19] ; 20.000       ; 0.038      ; 1.870      ;
; 18.209 ; metastab_3xdff:inst4|ena_ddfs_sync ; ddfs:inst15|cont[1]  ; CLOCK_50     ; ddfs:inst15|freq_divider_DDFS:f_div_inst|count[19] ; 20.000       ; 0.037      ; 1.860      ;
; 18.209 ; metastab_3xdff:inst4|ena_ddfs_sync ; ddfs:inst15|cont[9]  ; CLOCK_50     ; ddfs:inst15|freq_divider_DDFS:f_div_inst|count[19] ; 20.000       ; 0.037      ; 1.860      ;
; 18.209 ; metastab_3xdff:inst4|ena_ddfs_sync ; ddfs:inst15|cont[6]  ; CLOCK_50     ; ddfs:inst15|freq_divider_DDFS:f_div_inst|count[19] ; 20.000       ; 0.037      ; 1.860      ;
; 18.209 ; metastab_3xdff:inst4|ena_ddfs_sync ; ddfs:inst15|cont[3]  ; CLOCK_50     ; ddfs:inst15|freq_divider_DDFS:f_div_inst|count[19] ; 20.000       ; 0.037      ; 1.860      ;
; 18.209 ; metastab_3xdff:inst4|ena_ddfs_sync ; ddfs:inst15|cont[4]  ; CLOCK_50     ; ddfs:inst15|freq_divider_DDFS:f_div_inst|count[19] ; 20.000       ; 0.037      ; 1.860      ;
; 18.209 ; metastab_3xdff:inst4|ena_ddfs_sync ; ddfs:inst15|cont[5]  ; CLOCK_50     ; ddfs:inst15|freq_divider_DDFS:f_div_inst|count[19] ; 20.000       ; 0.037      ; 1.860      ;
; 18.209 ; metastab_3xdff:inst4|ena_ddfs_sync ; ddfs:inst15|cont[2]  ; CLOCK_50     ; ddfs:inst15|freq_divider_DDFS:f_div_inst|count[19] ; 20.000       ; 0.037      ; 1.860      ;
; 18.209 ; metastab_3xdff:inst4|ena_ddfs_sync ; ddfs:inst15|cont[10] ; CLOCK_50     ; ddfs:inst15|freq_divider_DDFS:f_div_inst|count[19] ; 20.000       ; 0.037      ; 1.860      ;
+--------+------------------------------------+----------------------+--------------+----------------------------------------------------+--------------+------------+------------+


+--------------------------------------------------------------------------------------------------------------------------------------------------------------------------------+
; Fast Model Removal: 'ddfs:inst15|freq_divider_DDFS:f_div_inst|count[19]'                                                                                                       ;
+-------+------------------------------------+----------------------+--------------+----------------------------------------------------+--------------+------------+------------+
; Slack ; From Node                          ; To Node              ; Launch Clock ; Latch Clock                                        ; Relationship ; Clock Skew ; Data Delay ;
+-------+------------------------------------+----------------------+--------------+----------------------------------------------------+--------------+------------+------------+
; 1.671 ; metastab_3xdff:inst4|ena_ddfs_sync ; ddfs:inst15|cont[1]  ; CLOCK_50     ; ddfs:inst15|freq_divider_DDFS:f_div_inst|count[19] ; 0.000        ; 0.037      ; 1.860      ;
; 1.671 ; metastab_3xdff:inst4|ena_ddfs_sync ; ddfs:inst15|cont[9]  ; CLOCK_50     ; ddfs:inst15|freq_divider_DDFS:f_div_inst|count[19] ; 0.000        ; 0.037      ; 1.860      ;
; 1.671 ; metastab_3xdff:inst4|ena_ddfs_sync ; ddfs:inst15|cont[6]  ; CLOCK_50     ; ddfs:inst15|freq_divider_DDFS:f_div_inst|count[19] ; 0.000        ; 0.037      ; 1.860      ;
; 1.671 ; metastab_3xdff:inst4|ena_ddfs_sync ; ddfs:inst15|cont[3]  ; CLOCK_50     ; ddfs:inst15|freq_divider_DDFS:f_div_inst|count[19] ; 0.000        ; 0.037      ; 1.860      ;
; 1.671 ; metastab_3xdff:inst4|ena_ddfs_sync ; ddfs:inst15|cont[4]  ; CLOCK_50     ; ddfs:inst15|freq_divider_DDFS:f_div_inst|count[19] ; 0.000        ; 0.037      ; 1.860      ;
; 1.671 ; metastab_3xdff:inst4|ena_ddfs_sync ; ddfs:inst15|cont[5]  ; CLOCK_50     ; ddfs:inst15|freq_divider_DDFS:f_div_inst|count[19] ; 0.000        ; 0.037      ; 1.860      ;
; 1.671 ; metastab_3xdff:inst4|ena_ddfs_sync ; ddfs:inst15|cont[2]  ; CLOCK_50     ; ddfs:inst15|freq_divider_DDFS:f_div_inst|count[19] ; 0.000        ; 0.037      ; 1.860      ;
; 1.671 ; metastab_3xdff:inst4|ena_ddfs_sync ; ddfs:inst15|cont[10] ; CLOCK_50     ; ddfs:inst15|freq_divider_DDFS:f_div_inst|count[19] ; 0.000        ; 0.037      ; 1.860      ;
; 1.680 ; metastab_3xdff:inst4|ena_ddfs_sync ; ddfs:inst15|cont[7]  ; CLOCK_50     ; ddfs:inst15|freq_divider_DDFS:f_div_inst|count[19] ; 0.000        ; 0.038      ; 1.870      ;
; 1.680 ; metastab_3xdff:inst4|ena_ddfs_sync ; ddfs:inst15|cont[8]  ; CLOCK_50     ; ddfs:inst15|freq_divider_DDFS:f_div_inst|count[19] ; 0.000        ; 0.038      ; 1.870      ;
; 1.680 ; metastab_3xdff:inst4|ena_ddfs_sync ; ddfs:inst15|cont[11] ; CLOCK_50     ; ddfs:inst15|freq_divider_DDFS:f_div_inst|count[19] ; 0.000        ; 0.038      ; 1.870      ;
; 1.680 ; metastab_3xdff:inst4|ena_ddfs_sync ; ddfs:inst15|cont[0]  ; CLOCK_50     ; ddfs:inst15|freq_divider_DDFS:f_div_inst|count[19] ; 0.000        ; 0.038      ; 1.870      ;
+-------+------------------------------------+----------------------+--------------+----------------------------------------------------+--------------+------------+------------+


+---------------------------------------------------------------------------------------------------------------------------------------------------------------+
; Fast Model Minimum Pulse Width: 'inst|altpll_component|pll|clk[0]'                                                                                            ;
+-------+--------------+----------------+------------------+----------------------------------+------------+----------------------------------------------------+
; Slack ; Actual Width ; Required Width ; Type             ; Clock                            ; Clock Edge ; Target                                             ;
+-------+--------------+----------------+------------------+----------------------------------+------------+----------------------------------------------------+
; 4.000 ; 5.000        ; 1.000          ; High Pulse Width ; inst|altpll_component|pll|clk[0] ; Rise       ; ddfs:inst15|freq_divider_DDFS:f_div_inst|count[0]  ;
; 4.000 ; 5.000        ; 1.000          ; Low Pulse Width  ; inst|altpll_component|pll|clk[0] ; Rise       ; ddfs:inst15|freq_divider_DDFS:f_div_inst|count[0]  ;
; 4.000 ; 5.000        ; 1.000          ; High Pulse Width ; inst|altpll_component|pll|clk[0] ; Rise       ; ddfs:inst15|freq_divider_DDFS:f_div_inst|count[10] ;
; 4.000 ; 5.000        ; 1.000          ; Low Pulse Width  ; inst|altpll_component|pll|clk[0] ; Rise       ; ddfs:inst15|freq_divider_DDFS:f_div_inst|count[10] ;
; 4.000 ; 5.000        ; 1.000          ; High Pulse Width ; inst|altpll_component|pll|clk[0] ; Rise       ; ddfs:inst15|freq_divider_DDFS:f_div_inst|count[11] ;
; 4.000 ; 5.000        ; 1.000          ; Low Pulse Width  ; inst|altpll_component|pll|clk[0] ; Rise       ; ddfs:inst15|freq_divider_DDFS:f_div_inst|count[11] ;
; 4.000 ; 5.000        ; 1.000          ; High Pulse Width ; inst|altpll_component|pll|clk[0] ; Rise       ; ddfs:inst15|freq_divider_DDFS:f_div_inst|count[12] ;
; 4.000 ; 5.000        ; 1.000          ; Low Pulse Width  ; inst|altpll_component|pll|clk[0] ; Rise       ; ddfs:inst15|freq_divider_DDFS:f_div_inst|count[12] ;
; 4.000 ; 5.000        ; 1.000          ; High Pulse Width ; inst|altpll_component|pll|clk[0] ; Rise       ; ddfs:inst15|freq_divider_DDFS:f_div_inst|count[13] ;
; 4.000 ; 5.000        ; 1.000          ; Low Pulse Width  ; inst|altpll_component|pll|clk[0] ; Rise       ; ddfs:inst15|freq_divider_DDFS:f_div_inst|count[13] ;
; 4.000 ; 5.000        ; 1.000          ; High Pulse Width ; inst|altpll_component|pll|clk[0] ; Rise       ; ddfs:inst15|freq_divider_DDFS:f_div_inst|count[14] ;
; 4.000 ; 5.000        ; 1.000          ; Low Pulse Width  ; inst|altpll_component|pll|clk[0] ; Rise       ; ddfs:inst15|freq_divider_DDFS:f_div_inst|count[14] ;
; 4.000 ; 5.000        ; 1.000          ; High Pulse Width ; inst|altpll_component|pll|clk[0] ; Rise       ; ddfs:inst15|freq_divider_DDFS:f_div_inst|count[15] ;
; 4.000 ; 5.000        ; 1.000          ; Low Pulse Width  ; inst|altpll_component|pll|clk[0] ; Rise       ; ddfs:inst15|freq_divider_DDFS:f_div_inst|count[15] ;
; 4.000 ; 5.000        ; 1.000          ; High Pulse Width ; inst|altpll_component|pll|clk[0] ; Rise       ; ddfs:inst15|freq_divider_DDFS:f_div_inst|count[16] ;
; 4.000 ; 5.000        ; 1.000          ; Low Pulse Width  ; inst|altpll_component|pll|clk[0] ; Rise       ; ddfs:inst15|freq_divider_DDFS:f_div_inst|count[16] ;
; 4.000 ; 5.000        ; 1.000          ; High Pulse Width ; inst|altpll_component|pll|clk[0] ; Rise       ; ddfs:inst15|freq_divider_DDFS:f_div_inst|count[17] ;
; 4.000 ; 5.000        ; 1.000          ; Low Pulse Width  ; inst|altpll_component|pll|clk[0] ; Rise       ; ddfs:inst15|freq_divider_DDFS:f_div_inst|count[17] ;
; 4.000 ; 5.000        ; 1.000          ; High Pulse Width ; inst|altpll_component|pll|clk[0] ; Rise       ; ddfs:inst15|freq_divider_DDFS:f_div_inst|count[18] ;
; 4.000 ; 5.000        ; 1.000          ; Low Pulse Width  ; inst|altpll_component|pll|clk[0] ; Rise       ; ddfs:inst15|freq_divider_DDFS:f_div_inst|count[18] ;
; 4.000 ; 5.000        ; 1.000          ; High Pulse Width ; inst|altpll_component|pll|clk[0] ; Rise       ; ddfs:inst15|freq_divider_DDFS:f_div_inst|count[19] ;
; 4.000 ; 5.000        ; 1.000          ; Low Pulse Width  ; inst|altpll_component|pll|clk[0] ; Rise       ; ddfs:inst15|freq_divider_DDFS:f_div_inst|count[19] ;
; 4.000 ; 5.000        ; 1.000          ; High Pulse Width ; inst|altpll_component|pll|clk[0] ; Rise       ; ddfs:inst15|freq_divider_DDFS:f_div_inst|count[1]  ;
; 4.000 ; 5.000        ; 1.000          ; Low Pulse Width  ; inst|altpll_component|pll|clk[0] ; Rise       ; ddfs:inst15|freq_divider_DDFS:f_div_inst|count[1]  ;
; 4.000 ; 5.000        ; 1.000          ; High Pulse Width ; inst|altpll_component|pll|clk[0] ; Rise       ; ddfs:inst15|freq_divider_DDFS:f_div_inst|count[2]  ;
; 4.000 ; 5.000        ; 1.000          ; Low Pulse Width  ; inst|altpll_component|pll|clk[0] ; Rise       ; ddfs:inst15|freq_divider_DDFS:f_div_inst|count[2]  ;
; 4.000 ; 5.000        ; 1.000          ; High Pulse Width ; inst|altpll_component|pll|clk[0] ; Rise       ; ddfs:inst15|freq_divider_DDFS:f_div_inst|count[3]  ;
; 4.000 ; 5.000        ; 1.000          ; Low Pulse Width  ; inst|altpll_component|pll|clk[0] ; Rise       ; ddfs:inst15|freq_divider_DDFS:f_div_inst|count[3]  ;
; 4.000 ; 5.000        ; 1.000          ; High Pulse Width ; inst|altpll_component|pll|clk[0] ; Rise       ; ddfs:inst15|freq_divider_DDFS:f_div_inst|count[4]  ;
; 4.000 ; 5.000        ; 1.000          ; Low Pulse Width  ; inst|altpll_component|pll|clk[0] ; Rise       ; ddfs:inst15|freq_divider_DDFS:f_div_inst|count[4]  ;
; 4.000 ; 5.000        ; 1.000          ; High Pulse Width ; inst|altpll_component|pll|clk[0] ; Rise       ; ddfs:inst15|freq_divider_DDFS:f_div_inst|count[5]  ;
; 4.000 ; 5.000        ; 1.000          ; Low Pulse Width  ; inst|altpll_component|pll|clk[0] ; Rise       ; ddfs:inst15|freq_divider_DDFS:f_div_inst|count[5]  ;
; 4.000 ; 5.000        ; 1.000          ; High Pulse Width ; inst|altpll_component|pll|clk[0] ; Rise       ; ddfs:inst15|freq_divider_DDFS:f_div_inst|count[6]  ;
; 4.000 ; 5.000        ; 1.000          ; Low Pulse Width  ; inst|altpll_component|pll|clk[0] ; Rise       ; ddfs:inst15|freq_divider_DDFS:f_div_inst|count[6]  ;
; 4.000 ; 5.000        ; 1.000          ; High Pulse Width ; inst|altpll_component|pll|clk[0] ; Rise       ; ddfs:inst15|freq_divider_DDFS:f_div_inst|count[7]  ;
; 4.000 ; 5.000        ; 1.000          ; Low Pulse Width  ; inst|altpll_component|pll|clk[0] ; Rise       ; ddfs:inst15|freq_divider_DDFS:f_div_inst|count[7]  ;
; 4.000 ; 5.000        ; 1.000          ; High Pulse Width ; inst|altpll_component|pll|clk[0] ; Rise       ; ddfs:inst15|freq_divider_DDFS:f_div_inst|count[8]  ;
; 4.000 ; 5.000        ; 1.000          ; Low Pulse Width  ; inst|altpll_component|pll|clk[0] ; Rise       ; ddfs:inst15|freq_divider_DDFS:f_div_inst|count[8]  ;
; 4.000 ; 5.000        ; 1.000          ; High Pulse Width ; inst|altpll_component|pll|clk[0] ; Rise       ; ddfs:inst15|freq_divider_DDFS:f_div_inst|count[9]  ;
; 4.000 ; 5.000        ; 1.000          ; Low Pulse Width  ; inst|altpll_component|pll|clk[0] ; Rise       ; ddfs:inst15|freq_divider_DDFS:f_div_inst|count[9]  ;
; 4.000 ; 5.000        ; 1.000          ; High Pulse Width ; inst|altpll_component|pll|clk[0] ; Rise       ; metastab_3xdff:inst4|freq_control_1[0]             ;
; 4.000 ; 5.000        ; 1.000          ; Low Pulse Width  ; inst|altpll_component|pll|clk[0] ; Rise       ; metastab_3xdff:inst4|freq_control_1[0]             ;
; 4.000 ; 5.000        ; 1.000          ; High Pulse Width ; inst|altpll_component|pll|clk[0] ; Rise       ; metastab_3xdff:inst4|freq_control_1[1]             ;
; 4.000 ; 5.000        ; 1.000          ; Low Pulse Width  ; inst|altpll_component|pll|clk[0] ; Rise       ; metastab_3xdff:inst4|freq_control_1[1]             ;
; 4.000 ; 5.000        ; 1.000          ; High Pulse Width ; inst|altpll_component|pll|clk[0] ; Rise       ; metastab_3xdff:inst4|freq_control_1[2]             ;
; 4.000 ; 5.000        ; 1.000          ; Low Pulse Width  ; inst|altpll_component|pll|clk[0] ; Rise       ; metastab_3xdff:inst4|freq_control_1[2]             ;
; 4.000 ; 5.000        ; 1.000          ; High Pulse Width ; inst|altpll_component|pll|clk[0] ; Rise       ; metastab_3xdff:inst4|freq_control_2[0]             ;
; 4.000 ; 5.000        ; 1.000          ; Low Pulse Width  ; inst|altpll_component|pll|clk[0] ; Rise       ; metastab_3xdff:inst4|freq_control_2[0]             ;
; 4.000 ; 5.000        ; 1.000          ; High Pulse Width ; inst|altpll_component|pll|clk[0] ; Rise       ; metastab_3xdff:inst4|freq_control_2[1]             ;
; 4.000 ; 5.000        ; 1.000          ; Low Pulse Width  ; inst|altpll_component|pll|clk[0] ; Rise       ; metastab_3xdff:inst4|freq_control_2[1]             ;
; 4.000 ; 5.000        ; 1.000          ; High Pulse Width ; inst|altpll_component|pll|clk[0] ; Rise       ; metastab_3xdff:inst4|freq_control_2[2]             ;
; 4.000 ; 5.000        ; 1.000          ; Low Pulse Width  ; inst|altpll_component|pll|clk[0] ; Rise       ; metastab_3xdff:inst4|freq_control_2[2]             ;
; 4.000 ; 5.000        ; 1.000          ; High Pulse Width ; inst|altpll_component|pll|clk[0] ; Rise       ; metastab_3xdff:inst4|freq_control_sync[0]          ;
; 4.000 ; 5.000        ; 1.000          ; Low Pulse Width  ; inst|altpll_component|pll|clk[0] ; Rise       ; metastab_3xdff:inst4|freq_control_sync[0]          ;
; 4.000 ; 5.000        ; 1.000          ; High Pulse Width ; inst|altpll_component|pll|clk[0] ; Rise       ; metastab_3xdff:inst4|freq_control_sync[1]          ;
; 4.000 ; 5.000        ; 1.000          ; Low Pulse Width  ; inst|altpll_component|pll|clk[0] ; Rise       ; metastab_3xdff:inst4|freq_control_sync[1]          ;
; 4.000 ; 5.000        ; 1.000          ; High Pulse Width ; inst|altpll_component|pll|clk[0] ; Rise       ; metastab_3xdff:inst4|freq_control_sync[2]          ;
; 4.000 ; 5.000        ; 1.000          ; Low Pulse Width  ; inst|altpll_component|pll|clk[0] ; Rise       ; metastab_3xdff:inst4|freq_control_sync[2]          ;
; 4.000 ; 5.000        ; 1.000          ; High Pulse Width ; inst|altpll_component|pll|clk[0] ; Rise       ; metastab_3xdff:inst4|fw_1[0]                       ;
; 4.000 ; 5.000        ; 1.000          ; Low Pulse Width  ; inst|altpll_component|pll|clk[0] ; Rise       ; metastab_3xdff:inst4|fw_1[0]                       ;
; 4.000 ; 5.000        ; 1.000          ; High Pulse Width ; inst|altpll_component|pll|clk[0] ; Rise       ; metastab_3xdff:inst4|fw_1[1]                       ;
; 4.000 ; 5.000        ; 1.000          ; Low Pulse Width  ; inst|altpll_component|pll|clk[0] ; Rise       ; metastab_3xdff:inst4|fw_1[1]                       ;
; 4.000 ; 5.000        ; 1.000          ; High Pulse Width ; inst|altpll_component|pll|clk[0] ; Rise       ; metastab_3xdff:inst4|fw_1[2]                       ;
; 4.000 ; 5.000        ; 1.000          ; Low Pulse Width  ; inst|altpll_component|pll|clk[0] ; Rise       ; metastab_3xdff:inst4|fw_1[2]                       ;
; 4.000 ; 5.000        ; 1.000          ; High Pulse Width ; inst|altpll_component|pll|clk[0] ; Rise       ; metastab_3xdff:inst4|fw_1[3]                       ;
; 4.000 ; 5.000        ; 1.000          ; Low Pulse Width  ; inst|altpll_component|pll|clk[0] ; Rise       ; metastab_3xdff:inst4|fw_1[3]                       ;
; 4.000 ; 5.000        ; 1.000          ; High Pulse Width ; inst|altpll_component|pll|clk[0] ; Rise       ; metastab_3xdff:inst4|fw_1[4]                       ;
; 4.000 ; 5.000        ; 1.000          ; Low Pulse Width  ; inst|altpll_component|pll|clk[0] ; Rise       ; metastab_3xdff:inst4|fw_1[4]                       ;
; 4.000 ; 5.000        ; 1.000          ; High Pulse Width ; inst|altpll_component|pll|clk[0] ; Rise       ; metastab_3xdff:inst4|fw_1[5]                       ;
; 4.000 ; 5.000        ; 1.000          ; Low Pulse Width  ; inst|altpll_component|pll|clk[0] ; Rise       ; metastab_3xdff:inst4|fw_1[5]                       ;
; 4.000 ; 5.000        ; 1.000          ; High Pulse Width ; inst|altpll_component|pll|clk[0] ; Rise       ; metastab_3xdff:inst4|fw_1[6]                       ;
; 4.000 ; 5.000        ; 1.000          ; Low Pulse Width  ; inst|altpll_component|pll|clk[0] ; Rise       ; metastab_3xdff:inst4|fw_1[6]                       ;
; 4.000 ; 5.000        ; 1.000          ; High Pulse Width ; inst|altpll_component|pll|clk[0] ; Rise       ; metastab_3xdff:inst4|fw_2[0]                       ;
; 4.000 ; 5.000        ; 1.000          ; Low Pulse Width  ; inst|altpll_component|pll|clk[0] ; Rise       ; metastab_3xdff:inst4|fw_2[0]                       ;
; 4.000 ; 5.000        ; 1.000          ; High Pulse Width ; inst|altpll_component|pll|clk[0] ; Rise       ; metastab_3xdff:inst4|fw_2[1]                       ;
; 4.000 ; 5.000        ; 1.000          ; Low Pulse Width  ; inst|altpll_component|pll|clk[0] ; Rise       ; metastab_3xdff:inst4|fw_2[1]                       ;
; 4.000 ; 5.000        ; 1.000          ; High Pulse Width ; inst|altpll_component|pll|clk[0] ; Rise       ; metastab_3xdff:inst4|fw_2[2]                       ;
; 4.000 ; 5.000        ; 1.000          ; Low Pulse Width  ; inst|altpll_component|pll|clk[0] ; Rise       ; metastab_3xdff:inst4|fw_2[2]                       ;
; 4.000 ; 5.000        ; 1.000          ; High Pulse Width ; inst|altpll_component|pll|clk[0] ; Rise       ; metastab_3xdff:inst4|fw_2[3]                       ;
; 4.000 ; 5.000        ; 1.000          ; Low Pulse Width  ; inst|altpll_component|pll|clk[0] ; Rise       ; metastab_3xdff:inst4|fw_2[3]                       ;
; 4.000 ; 5.000        ; 1.000          ; High Pulse Width ; inst|altpll_component|pll|clk[0] ; Rise       ; metastab_3xdff:inst4|fw_2[4]                       ;
; 4.000 ; 5.000        ; 1.000          ; Low Pulse Width  ; inst|altpll_component|pll|clk[0] ; Rise       ; metastab_3xdff:inst4|fw_2[4]                       ;
; 4.000 ; 5.000        ; 1.000          ; High Pulse Width ; inst|altpll_component|pll|clk[0] ; Rise       ; metastab_3xdff:inst4|fw_2[5]                       ;
; 4.000 ; 5.000        ; 1.000          ; Low Pulse Width  ; inst|altpll_component|pll|clk[0] ; Rise       ; metastab_3xdff:inst4|fw_2[5]                       ;
; 4.000 ; 5.000        ; 1.000          ; High Pulse Width ; inst|altpll_component|pll|clk[0] ; Rise       ; metastab_3xdff:inst4|fw_2[6]                       ;
; 4.000 ; 5.000        ; 1.000          ; Low Pulse Width  ; inst|altpll_component|pll|clk[0] ; Rise       ; metastab_3xdff:inst4|fw_2[6]                       ;
; 4.000 ; 5.000        ; 1.000          ; High Pulse Width ; inst|altpll_component|pll|clk[0] ; Rise       ; metastab_3xdff:inst4|fw_sync[0]                    ;
; 4.000 ; 5.000        ; 1.000          ; Low Pulse Width  ; inst|altpll_component|pll|clk[0] ; Rise       ; metastab_3xdff:inst4|fw_sync[0]                    ;
; 4.000 ; 5.000        ; 1.000          ; High Pulse Width ; inst|altpll_component|pll|clk[0] ; Rise       ; metastab_3xdff:inst4|fw_sync[1]                    ;
; 4.000 ; 5.000        ; 1.000          ; Low Pulse Width  ; inst|altpll_component|pll|clk[0] ; Rise       ; metastab_3xdff:inst4|fw_sync[1]                    ;
; 4.000 ; 5.000        ; 1.000          ; High Pulse Width ; inst|altpll_component|pll|clk[0] ; Rise       ; metastab_3xdff:inst4|fw_sync[2]                    ;
; 4.000 ; 5.000        ; 1.000          ; Low Pulse Width  ; inst|altpll_component|pll|clk[0] ; Rise       ; metastab_3xdff:inst4|fw_sync[2]                    ;
; 4.000 ; 5.000        ; 1.000          ; High Pulse Width ; inst|altpll_component|pll|clk[0] ; Rise       ; metastab_3xdff:inst4|fw_sync[3]                    ;
; 4.000 ; 5.000        ; 1.000          ; Low Pulse Width  ; inst|altpll_component|pll|clk[0] ; Rise       ; metastab_3xdff:inst4|fw_sync[3]                    ;
; 4.000 ; 5.000        ; 1.000          ; High Pulse Width ; inst|altpll_component|pll|clk[0] ; Rise       ; metastab_3xdff:inst4|fw_sync[4]                    ;
; 4.000 ; 5.000        ; 1.000          ; Low Pulse Width  ; inst|altpll_component|pll|clk[0] ; Rise       ; metastab_3xdff:inst4|fw_sync[4]                    ;
; 4.000 ; 5.000        ; 1.000          ; High Pulse Width ; inst|altpll_component|pll|clk[0] ; Rise       ; metastab_3xdff:inst4|fw_sync[5]                    ;
; 4.000 ; 5.000        ; 1.000          ; Low Pulse Width  ; inst|altpll_component|pll|clk[0] ; Rise       ; metastab_3xdff:inst4|fw_sync[5]                    ;
; 4.000 ; 5.000        ; 1.000          ; High Pulse Width ; inst|altpll_component|pll|clk[0] ; Rise       ; metastab_3xdff:inst4|fw_sync[6]                    ;
; 4.000 ; 5.000        ; 1.000          ; Low Pulse Width  ; inst|altpll_component|pll|clk[0] ; Rise       ; metastab_3xdff:inst4|fw_sync[6]                    ;
+-------+--------------+----------------+------------------+----------------------------------+------------+----------------------------------------------------+


+-----------------------------------------------------------------------------------------------------------------------------------------------------------------------------------------------------------------+
; Fast Model Minimum Pulse Width: 'CLOCK_50'                                                                                                                                                                      ;
+-------+--------------+----------------+------------------+----------+------------+------------------------------------------------------------------------------------------------------------------------------+
; Slack ; Actual Width ; Required Width ; Type             ; Clock    ; Clock Edge ; Target                                                                                                                       ;
+-------+--------------+----------------+------------------+----------+------------+------------------------------------------------------------------------------------------------------------------------------+
; 8.077 ; 10.000       ; 1.923          ; High Pulse Width ; CLOCK_50 ; Rise       ; lcd_driver:inst8|text_lut:text_lut_inst|altsyncram:rom_rtl_0|altsyncram_ap81:auto_generated|ram_block1a0~porta_address_reg0  ;
; 8.077 ; 10.000       ; 1.923          ; Low Pulse Width  ; CLOCK_50 ; Rise       ; lcd_driver:inst8|text_lut:text_lut_inst|altsyncram:rom_rtl_0|altsyncram_ap81:auto_generated|ram_block1a0~porta_address_reg0  ;
; 8.077 ; 10.000       ; 1.923          ; High Pulse Width ; CLOCK_50 ; Rise       ; lcd_driver:inst8|text_lut:text_lut_inst|altsyncram:rom_rtl_0|altsyncram_ap81:auto_generated|ram_block1a0~porta_address_reg1  ;
; 8.077 ; 10.000       ; 1.923          ; Low Pulse Width  ; CLOCK_50 ; Rise       ; lcd_driver:inst8|text_lut:text_lut_inst|altsyncram:rom_rtl_0|altsyncram_ap81:auto_generated|ram_block1a0~porta_address_reg1  ;
; 8.077 ; 10.000       ; 1.923          ; High Pulse Width ; CLOCK_50 ; Rise       ; lcd_driver:inst8|text_lut:text_lut_inst|altsyncram:rom_rtl_0|altsyncram_ap81:auto_generated|ram_block1a0~porta_address_reg10 ;
; 8.077 ; 10.000       ; 1.923          ; Low Pulse Width  ; CLOCK_50 ; Rise       ; lcd_driver:inst8|text_lut:text_lut_inst|altsyncram:rom_rtl_0|altsyncram_ap81:auto_generated|ram_block1a0~porta_address_reg10 ;
; 8.077 ; 10.000       ; 1.923          ; High Pulse Width ; CLOCK_50 ; Rise       ; lcd_driver:inst8|text_lut:text_lut_inst|altsyncram:rom_rtl_0|altsyncram_ap81:auto_generated|ram_block1a0~porta_address_reg2  ;
; 8.077 ; 10.000       ; 1.923          ; Low Pulse Width  ; CLOCK_50 ; Rise       ; lcd_driver:inst8|text_lut:text_lut_inst|altsyncram:rom_rtl_0|altsyncram_ap81:auto_generated|ram_block1a0~porta_address_reg2  ;
; 8.077 ; 10.000       ; 1.923          ; High Pulse Width ; CLOCK_50 ; Rise       ; lcd_driver:inst8|text_lut:text_lut_inst|altsyncram:rom_rtl_0|altsyncram_ap81:auto_generated|ram_block1a0~porta_address_reg3  ;
; 8.077 ; 10.000       ; 1.923          ; Low Pulse Width  ; CLOCK_50 ; Rise       ; lcd_driver:inst8|text_lut:text_lut_inst|altsyncram:rom_rtl_0|altsyncram_ap81:auto_generated|ram_block1a0~porta_address_reg3  ;
; 8.077 ; 10.000       ; 1.923          ; High Pulse Width ; CLOCK_50 ; Rise       ; lcd_driver:inst8|text_lut:text_lut_inst|altsyncram:rom_rtl_0|altsyncram_ap81:auto_generated|ram_block1a0~porta_address_reg4  ;
; 8.077 ; 10.000       ; 1.923          ; Low Pulse Width  ; CLOCK_50 ; Rise       ; lcd_driver:inst8|text_lut:text_lut_inst|altsyncram:rom_rtl_0|altsyncram_ap81:auto_generated|ram_block1a0~porta_address_reg4  ;
; 8.077 ; 10.000       ; 1.923          ; High Pulse Width ; CLOCK_50 ; Rise       ; lcd_driver:inst8|text_lut:text_lut_inst|altsyncram:rom_rtl_0|altsyncram_ap81:auto_generated|ram_block1a0~porta_address_reg5  ;
; 8.077 ; 10.000       ; 1.923          ; Low Pulse Width  ; CLOCK_50 ; Rise       ; lcd_driver:inst8|text_lut:text_lut_inst|altsyncram:rom_rtl_0|altsyncram_ap81:auto_generated|ram_block1a0~porta_address_reg5  ;
; 8.077 ; 10.000       ; 1.923          ; High Pulse Width ; CLOCK_50 ; Rise       ; lcd_driver:inst8|text_lut:text_lut_inst|altsyncram:rom_rtl_0|altsyncram_ap81:auto_generated|ram_block1a0~porta_address_reg6  ;
; 8.077 ; 10.000       ; 1.923          ; Low Pulse Width  ; CLOCK_50 ; Rise       ; lcd_driver:inst8|text_lut:text_lut_inst|altsyncram:rom_rtl_0|altsyncram_ap81:auto_generated|ram_block1a0~porta_address_reg6  ;
; 8.077 ; 10.000       ; 1.923          ; High Pulse Width ; CLOCK_50 ; Rise       ; lcd_driver:inst8|text_lut:text_lut_inst|altsyncram:rom_rtl_0|altsyncram_ap81:auto_generated|ram_block1a0~porta_address_reg7  ;
; 8.077 ; 10.000       ; 1.923          ; Low Pulse Width  ; CLOCK_50 ; Rise       ; lcd_driver:inst8|text_lut:text_lut_inst|altsyncram:rom_rtl_0|altsyncram_ap81:auto_generated|ram_block1a0~porta_address_reg7  ;
; 8.077 ; 10.000       ; 1.923          ; High Pulse Width ; CLOCK_50 ; Rise       ; lcd_driver:inst8|text_lut:text_lut_inst|altsyncram:rom_rtl_0|altsyncram_ap81:auto_generated|ram_block1a0~porta_address_reg8  ;
; 8.077 ; 10.000       ; 1.923          ; Low Pulse Width  ; CLOCK_50 ; Rise       ; lcd_driver:inst8|text_lut:text_lut_inst|altsyncram:rom_rtl_0|altsyncram_ap81:auto_generated|ram_block1a0~porta_address_reg8  ;
; 8.077 ; 10.000       ; 1.923          ; High Pulse Width ; CLOCK_50 ; Rise       ; lcd_driver:inst8|text_lut:text_lut_inst|altsyncram:rom_rtl_0|altsyncram_ap81:auto_generated|ram_block1a0~porta_address_reg9  ;
; 8.077 ; 10.000       ; 1.923          ; Low Pulse Width  ; CLOCK_50 ; Rise       ; lcd_driver:inst8|text_lut:text_lut_inst|altsyncram:rom_rtl_0|altsyncram_ap81:auto_generated|ram_block1a0~porta_address_reg9  ;
; 8.077 ; 10.000       ; 1.923          ; High Pulse Width ; CLOCK_50 ; Rise       ; lcd_driver:inst8|text_lut:text_lut_inst|altsyncram:rom_rtl_0|altsyncram_ap81:auto_generated|ram_block1a1~porta_address_reg0  ;
; 8.077 ; 10.000       ; 1.923          ; Low Pulse Width  ; CLOCK_50 ; Rise       ; lcd_driver:inst8|text_lut:text_lut_inst|altsyncram:rom_rtl_0|altsyncram_ap81:auto_generated|ram_block1a1~porta_address_reg0  ;
; 8.077 ; 10.000       ; 1.923          ; High Pulse Width ; CLOCK_50 ; Rise       ; lcd_driver:inst8|text_lut:text_lut_inst|altsyncram:rom_rtl_0|altsyncram_ap81:auto_generated|ram_block1a1~porta_address_reg1  ;
; 8.077 ; 10.000       ; 1.923          ; Low Pulse Width  ; CLOCK_50 ; Rise       ; lcd_driver:inst8|text_lut:text_lut_inst|altsyncram:rom_rtl_0|altsyncram_ap81:auto_generated|ram_block1a1~porta_address_reg1  ;
; 8.077 ; 10.000       ; 1.923          ; High Pulse Width ; CLOCK_50 ; Rise       ; lcd_driver:inst8|text_lut:text_lut_inst|altsyncram:rom_rtl_0|altsyncram_ap81:auto_generated|ram_block1a1~porta_address_reg10 ;
; 8.077 ; 10.000       ; 1.923          ; Low Pulse Width  ; CLOCK_50 ; Rise       ; lcd_driver:inst8|text_lut:text_lut_inst|altsyncram:rom_rtl_0|altsyncram_ap81:auto_generated|ram_block1a1~porta_address_reg10 ;
; 8.077 ; 10.000       ; 1.923          ; High Pulse Width ; CLOCK_50 ; Rise       ; lcd_driver:inst8|text_lut:text_lut_inst|altsyncram:rom_rtl_0|altsyncram_ap81:auto_generated|ram_block1a1~porta_address_reg2  ;
; 8.077 ; 10.000       ; 1.923          ; Low Pulse Width  ; CLOCK_50 ; Rise       ; lcd_driver:inst8|text_lut:text_lut_inst|altsyncram:rom_rtl_0|altsyncram_ap81:auto_generated|ram_block1a1~porta_address_reg2  ;
; 8.077 ; 10.000       ; 1.923          ; High Pulse Width ; CLOCK_50 ; Rise       ; lcd_driver:inst8|text_lut:text_lut_inst|altsyncram:rom_rtl_0|altsyncram_ap81:auto_generated|ram_block1a1~porta_address_reg3  ;
; 8.077 ; 10.000       ; 1.923          ; Low Pulse Width  ; CLOCK_50 ; Rise       ; lcd_driver:inst8|text_lut:text_lut_inst|altsyncram:rom_rtl_0|altsyncram_ap81:auto_generated|ram_block1a1~porta_address_reg3  ;
; 8.077 ; 10.000       ; 1.923          ; High Pulse Width ; CLOCK_50 ; Rise       ; lcd_driver:inst8|text_lut:text_lut_inst|altsyncram:rom_rtl_0|altsyncram_ap81:auto_generated|ram_block1a1~porta_address_reg4  ;
; 8.077 ; 10.000       ; 1.923          ; Low Pulse Width  ; CLOCK_50 ; Rise       ; lcd_driver:inst8|text_lut:text_lut_inst|altsyncram:rom_rtl_0|altsyncram_ap81:auto_generated|ram_block1a1~porta_address_reg4  ;
; 8.077 ; 10.000       ; 1.923          ; High Pulse Width ; CLOCK_50 ; Rise       ; lcd_driver:inst8|text_lut:text_lut_inst|altsyncram:rom_rtl_0|altsyncram_ap81:auto_generated|ram_block1a1~porta_address_reg5  ;
; 8.077 ; 10.000       ; 1.923          ; Low Pulse Width  ; CLOCK_50 ; Rise       ; lcd_driver:inst8|text_lut:text_lut_inst|altsyncram:rom_rtl_0|altsyncram_ap81:auto_generated|ram_block1a1~porta_address_reg5  ;
; 8.077 ; 10.000       ; 1.923          ; High Pulse Width ; CLOCK_50 ; Rise       ; lcd_driver:inst8|text_lut:text_lut_inst|altsyncram:rom_rtl_0|altsyncram_ap81:auto_generated|ram_block1a1~porta_address_reg6  ;
; 8.077 ; 10.000       ; 1.923          ; Low Pulse Width  ; CLOCK_50 ; Rise       ; lcd_driver:inst8|text_lut:text_lut_inst|altsyncram:rom_rtl_0|altsyncram_ap81:auto_generated|ram_block1a1~porta_address_reg6  ;
; 8.077 ; 10.000       ; 1.923          ; High Pulse Width ; CLOCK_50 ; Rise       ; lcd_driver:inst8|text_lut:text_lut_inst|altsyncram:rom_rtl_0|altsyncram_ap81:auto_generated|ram_block1a1~porta_address_reg7  ;
; 8.077 ; 10.000       ; 1.923          ; Low Pulse Width  ; CLOCK_50 ; Rise       ; lcd_driver:inst8|text_lut:text_lut_inst|altsyncram:rom_rtl_0|altsyncram_ap81:auto_generated|ram_block1a1~porta_address_reg7  ;
; 8.077 ; 10.000       ; 1.923          ; High Pulse Width ; CLOCK_50 ; Rise       ; lcd_driver:inst8|text_lut:text_lut_inst|altsyncram:rom_rtl_0|altsyncram_ap81:auto_generated|ram_block1a1~porta_address_reg8  ;
; 8.077 ; 10.000       ; 1.923          ; Low Pulse Width  ; CLOCK_50 ; Rise       ; lcd_driver:inst8|text_lut:text_lut_inst|altsyncram:rom_rtl_0|altsyncram_ap81:auto_generated|ram_block1a1~porta_address_reg8  ;
; 8.077 ; 10.000       ; 1.923          ; High Pulse Width ; CLOCK_50 ; Rise       ; lcd_driver:inst8|text_lut:text_lut_inst|altsyncram:rom_rtl_0|altsyncram_ap81:auto_generated|ram_block1a1~porta_address_reg9  ;
; 8.077 ; 10.000       ; 1.923          ; Low Pulse Width  ; CLOCK_50 ; Rise       ; lcd_driver:inst8|text_lut:text_lut_inst|altsyncram:rom_rtl_0|altsyncram_ap81:auto_generated|ram_block1a1~porta_address_reg9  ;
; 8.077 ; 10.000       ; 1.923          ; High Pulse Width ; CLOCK_50 ; Rise       ; lcd_driver:inst8|text_lut:text_lut_inst|altsyncram:rom_rtl_0|altsyncram_ap81:auto_generated|ram_block1a3~porta_address_reg0  ;
; 8.077 ; 10.000       ; 1.923          ; Low Pulse Width  ; CLOCK_50 ; Rise       ; lcd_driver:inst8|text_lut:text_lut_inst|altsyncram:rom_rtl_0|altsyncram_ap81:auto_generated|ram_block1a3~porta_address_reg0  ;
; 8.077 ; 10.000       ; 1.923          ; High Pulse Width ; CLOCK_50 ; Rise       ; lcd_driver:inst8|text_lut:text_lut_inst|altsyncram:rom_rtl_0|altsyncram_ap81:auto_generated|ram_block1a3~porta_address_reg1  ;
; 8.077 ; 10.000       ; 1.923          ; Low Pulse Width  ; CLOCK_50 ; Rise       ; lcd_driver:inst8|text_lut:text_lut_inst|altsyncram:rom_rtl_0|altsyncram_ap81:auto_generated|ram_block1a3~porta_address_reg1  ;
; 8.077 ; 10.000       ; 1.923          ; High Pulse Width ; CLOCK_50 ; Rise       ; lcd_driver:inst8|text_lut:text_lut_inst|altsyncram:rom_rtl_0|altsyncram_ap81:auto_generated|ram_block1a3~porta_address_reg10 ;
; 8.077 ; 10.000       ; 1.923          ; Low Pulse Width  ; CLOCK_50 ; Rise       ; lcd_driver:inst8|text_lut:text_lut_inst|altsyncram:rom_rtl_0|altsyncram_ap81:auto_generated|ram_block1a3~porta_address_reg10 ;
; 8.077 ; 10.000       ; 1.923          ; High Pulse Width ; CLOCK_50 ; Rise       ; lcd_driver:inst8|text_lut:text_lut_inst|altsyncram:rom_rtl_0|altsyncram_ap81:auto_generated|ram_block1a3~porta_address_reg2  ;
; 8.077 ; 10.000       ; 1.923          ; Low Pulse Width  ; CLOCK_50 ; Rise       ; lcd_driver:inst8|text_lut:text_lut_inst|altsyncram:rom_rtl_0|altsyncram_ap81:auto_generated|ram_block1a3~porta_address_reg2  ;
; 8.077 ; 10.000       ; 1.923          ; High Pulse Width ; CLOCK_50 ; Rise       ; lcd_driver:inst8|text_lut:text_lut_inst|altsyncram:rom_rtl_0|altsyncram_ap81:auto_generated|ram_block1a3~porta_address_reg3  ;
; 8.077 ; 10.000       ; 1.923          ; Low Pulse Width  ; CLOCK_50 ; Rise       ; lcd_driver:inst8|text_lut:text_lut_inst|altsyncram:rom_rtl_0|altsyncram_ap81:auto_generated|ram_block1a3~porta_address_reg3  ;
; 8.077 ; 10.000       ; 1.923          ; High Pulse Width ; CLOCK_50 ; Rise       ; lcd_driver:inst8|text_lut:text_lut_inst|altsyncram:rom_rtl_0|altsyncram_ap81:auto_generated|ram_block1a3~porta_address_reg4  ;
; 8.077 ; 10.000       ; 1.923          ; Low Pulse Width  ; CLOCK_50 ; Rise       ; lcd_driver:inst8|text_lut:text_lut_inst|altsyncram:rom_rtl_0|altsyncram_ap81:auto_generated|ram_block1a3~porta_address_reg4  ;
; 8.077 ; 10.000       ; 1.923          ; High Pulse Width ; CLOCK_50 ; Rise       ; lcd_driver:inst8|text_lut:text_lut_inst|altsyncram:rom_rtl_0|altsyncram_ap81:auto_generated|ram_block1a3~porta_address_reg5  ;
; 8.077 ; 10.000       ; 1.923          ; Low Pulse Width  ; CLOCK_50 ; Rise       ; lcd_driver:inst8|text_lut:text_lut_inst|altsyncram:rom_rtl_0|altsyncram_ap81:auto_generated|ram_block1a3~porta_address_reg5  ;
; 8.077 ; 10.000       ; 1.923          ; High Pulse Width ; CLOCK_50 ; Rise       ; lcd_driver:inst8|text_lut:text_lut_inst|altsyncram:rom_rtl_0|altsyncram_ap81:auto_generated|ram_block1a3~porta_address_reg6  ;
; 8.077 ; 10.000       ; 1.923          ; Low Pulse Width  ; CLOCK_50 ; Rise       ; lcd_driver:inst8|text_lut:text_lut_inst|altsyncram:rom_rtl_0|altsyncram_ap81:auto_generated|ram_block1a3~porta_address_reg6  ;
; 8.077 ; 10.000       ; 1.923          ; High Pulse Width ; CLOCK_50 ; Rise       ; lcd_driver:inst8|text_lut:text_lut_inst|altsyncram:rom_rtl_0|altsyncram_ap81:auto_generated|ram_block1a3~porta_address_reg7  ;
; 8.077 ; 10.000       ; 1.923          ; Low Pulse Width  ; CLOCK_50 ; Rise       ; lcd_driver:inst8|text_lut:text_lut_inst|altsyncram:rom_rtl_0|altsyncram_ap81:auto_generated|ram_block1a3~porta_address_reg7  ;
; 8.077 ; 10.000       ; 1.923          ; High Pulse Width ; CLOCK_50 ; Rise       ; lcd_driver:inst8|text_lut:text_lut_inst|altsyncram:rom_rtl_0|altsyncram_ap81:auto_generated|ram_block1a3~porta_address_reg8  ;
; 8.077 ; 10.000       ; 1.923          ; Low Pulse Width  ; CLOCK_50 ; Rise       ; lcd_driver:inst8|text_lut:text_lut_inst|altsyncram:rom_rtl_0|altsyncram_ap81:auto_generated|ram_block1a3~porta_address_reg8  ;
; 8.077 ; 10.000       ; 1.923          ; High Pulse Width ; CLOCK_50 ; Rise       ; lcd_driver:inst8|text_lut:text_lut_inst|altsyncram:rom_rtl_0|altsyncram_ap81:auto_generated|ram_block1a3~porta_address_reg9  ;
; 8.077 ; 10.000       ; 1.923          ; Low Pulse Width  ; CLOCK_50 ; Rise       ; lcd_driver:inst8|text_lut:text_lut_inst|altsyncram:rom_rtl_0|altsyncram_ap81:auto_generated|ram_block1a3~porta_address_reg9  ;
; 8.077 ; 10.000       ; 1.923          ; High Pulse Width ; CLOCK_50 ; Rise       ; lcd_driver:inst8|text_lut:text_lut_inst|altsyncram:rom_rtl_0|altsyncram_ap81:auto_generated|ram_block1a5~porta_address_reg0  ;
; 8.077 ; 10.000       ; 1.923          ; Low Pulse Width  ; CLOCK_50 ; Rise       ; lcd_driver:inst8|text_lut:text_lut_inst|altsyncram:rom_rtl_0|altsyncram_ap81:auto_generated|ram_block1a5~porta_address_reg0  ;
; 8.077 ; 10.000       ; 1.923          ; High Pulse Width ; CLOCK_50 ; Rise       ; lcd_driver:inst8|text_lut:text_lut_inst|altsyncram:rom_rtl_0|altsyncram_ap81:auto_generated|ram_block1a5~porta_address_reg1  ;
; 8.077 ; 10.000       ; 1.923          ; Low Pulse Width  ; CLOCK_50 ; Rise       ; lcd_driver:inst8|text_lut:text_lut_inst|altsyncram:rom_rtl_0|altsyncram_ap81:auto_generated|ram_block1a5~porta_address_reg1  ;
; 8.077 ; 10.000       ; 1.923          ; High Pulse Width ; CLOCK_50 ; Rise       ; lcd_driver:inst8|text_lut:text_lut_inst|altsyncram:rom_rtl_0|altsyncram_ap81:auto_generated|ram_block1a5~porta_address_reg10 ;
; 8.077 ; 10.000       ; 1.923          ; Low Pulse Width  ; CLOCK_50 ; Rise       ; lcd_driver:inst8|text_lut:text_lut_inst|altsyncram:rom_rtl_0|altsyncram_ap81:auto_generated|ram_block1a5~porta_address_reg10 ;
; 8.077 ; 10.000       ; 1.923          ; High Pulse Width ; CLOCK_50 ; Rise       ; lcd_driver:inst8|text_lut:text_lut_inst|altsyncram:rom_rtl_0|altsyncram_ap81:auto_generated|ram_block1a5~porta_address_reg2  ;
; 8.077 ; 10.000       ; 1.923          ; Low Pulse Width  ; CLOCK_50 ; Rise       ; lcd_driver:inst8|text_lut:text_lut_inst|altsyncram:rom_rtl_0|altsyncram_ap81:auto_generated|ram_block1a5~porta_address_reg2  ;
; 8.077 ; 10.000       ; 1.923          ; High Pulse Width ; CLOCK_50 ; Rise       ; lcd_driver:inst8|text_lut:text_lut_inst|altsyncram:rom_rtl_0|altsyncram_ap81:auto_generated|ram_block1a5~porta_address_reg3  ;
; 8.077 ; 10.000       ; 1.923          ; Low Pulse Width  ; CLOCK_50 ; Rise       ; lcd_driver:inst8|text_lut:text_lut_inst|altsyncram:rom_rtl_0|altsyncram_ap81:auto_generated|ram_block1a5~porta_address_reg3  ;
; 8.077 ; 10.000       ; 1.923          ; High Pulse Width ; CLOCK_50 ; Rise       ; lcd_driver:inst8|text_lut:text_lut_inst|altsyncram:rom_rtl_0|altsyncram_ap81:auto_generated|ram_block1a5~porta_address_reg4  ;
; 8.077 ; 10.000       ; 1.923          ; Low Pulse Width  ; CLOCK_50 ; Rise       ; lcd_driver:inst8|text_lut:text_lut_inst|altsyncram:rom_rtl_0|altsyncram_ap81:auto_generated|ram_block1a5~porta_address_reg4  ;
; 8.077 ; 10.000       ; 1.923          ; High Pulse Width ; CLOCK_50 ; Rise       ; lcd_driver:inst8|text_lut:text_lut_inst|altsyncram:rom_rtl_0|altsyncram_ap81:auto_generated|ram_block1a5~porta_address_reg5  ;
; 8.077 ; 10.000       ; 1.923          ; Low Pulse Width  ; CLOCK_50 ; Rise       ; lcd_driver:inst8|text_lut:text_lut_inst|altsyncram:rom_rtl_0|altsyncram_ap81:auto_generated|ram_block1a5~porta_address_reg5  ;
; 8.077 ; 10.000       ; 1.923          ; High Pulse Width ; CLOCK_50 ; Rise       ; lcd_driver:inst8|text_lut:text_lut_inst|altsyncram:rom_rtl_0|altsyncram_ap81:auto_generated|ram_block1a5~porta_address_reg6  ;
; 8.077 ; 10.000       ; 1.923          ; Low Pulse Width  ; CLOCK_50 ; Rise       ; lcd_driver:inst8|text_lut:text_lut_inst|altsyncram:rom_rtl_0|altsyncram_ap81:auto_generated|ram_block1a5~porta_address_reg6  ;
; 8.077 ; 10.000       ; 1.923          ; High Pulse Width ; CLOCK_50 ; Rise       ; lcd_driver:inst8|text_lut:text_lut_inst|altsyncram:rom_rtl_0|altsyncram_ap81:auto_generated|ram_block1a5~porta_address_reg7  ;
; 8.077 ; 10.000       ; 1.923          ; Low Pulse Width  ; CLOCK_50 ; Rise       ; lcd_driver:inst8|text_lut:text_lut_inst|altsyncram:rom_rtl_0|altsyncram_ap81:auto_generated|ram_block1a5~porta_address_reg7  ;
; 8.077 ; 10.000       ; 1.923          ; High Pulse Width ; CLOCK_50 ; Rise       ; lcd_driver:inst8|text_lut:text_lut_inst|altsyncram:rom_rtl_0|altsyncram_ap81:auto_generated|ram_block1a5~porta_address_reg8  ;
; 8.077 ; 10.000       ; 1.923          ; Low Pulse Width  ; CLOCK_50 ; Rise       ; lcd_driver:inst8|text_lut:text_lut_inst|altsyncram:rom_rtl_0|altsyncram_ap81:auto_generated|ram_block1a5~porta_address_reg8  ;
; 8.077 ; 10.000       ; 1.923          ; High Pulse Width ; CLOCK_50 ; Rise       ; lcd_driver:inst8|text_lut:text_lut_inst|altsyncram:rom_rtl_0|altsyncram_ap81:auto_generated|ram_block1a5~porta_address_reg9  ;
; 8.077 ; 10.000       ; 1.923          ; Low Pulse Width  ; CLOCK_50 ; Rise       ; lcd_driver:inst8|text_lut:text_lut_inst|altsyncram:rom_rtl_0|altsyncram_ap81:auto_generated|ram_block1a5~porta_address_reg9  ;
; 8.077 ; 10.000       ; 1.923          ; High Pulse Width ; CLOCK_50 ; Rise       ; lcd_driver:inst8|text_lut:text_lut_inst|altsyncram:rom_rtl_0|altsyncram_ap81:auto_generated|ram_block1a7~porta_address_reg0  ;
; 8.077 ; 10.000       ; 1.923          ; Low Pulse Width  ; CLOCK_50 ; Rise       ; lcd_driver:inst8|text_lut:text_lut_inst|altsyncram:rom_rtl_0|altsyncram_ap81:auto_generated|ram_block1a7~porta_address_reg0  ;
; 8.077 ; 10.000       ; 1.923          ; High Pulse Width ; CLOCK_50 ; Rise       ; lcd_driver:inst8|text_lut:text_lut_inst|altsyncram:rom_rtl_0|altsyncram_ap81:auto_generated|ram_block1a7~porta_address_reg1  ;
; 8.077 ; 10.000       ; 1.923          ; Low Pulse Width  ; CLOCK_50 ; Rise       ; lcd_driver:inst8|text_lut:text_lut_inst|altsyncram:rom_rtl_0|altsyncram_ap81:auto_generated|ram_block1a7~porta_address_reg1  ;
; 8.077 ; 10.000       ; 1.923          ; High Pulse Width ; CLOCK_50 ; Rise       ; lcd_driver:inst8|text_lut:text_lut_inst|altsyncram:rom_rtl_0|altsyncram_ap81:auto_generated|ram_block1a7~porta_address_reg10 ;
; 8.077 ; 10.000       ; 1.923          ; Low Pulse Width  ; CLOCK_50 ; Rise       ; lcd_driver:inst8|text_lut:text_lut_inst|altsyncram:rom_rtl_0|altsyncram_ap81:auto_generated|ram_block1a7~porta_address_reg10 ;
; 8.077 ; 10.000       ; 1.923          ; High Pulse Width ; CLOCK_50 ; Rise       ; lcd_driver:inst8|text_lut:text_lut_inst|altsyncram:rom_rtl_0|altsyncram_ap81:auto_generated|ram_block1a7~porta_address_reg2  ;
; 8.077 ; 10.000       ; 1.923          ; Low Pulse Width  ; CLOCK_50 ; Rise       ; lcd_driver:inst8|text_lut:text_lut_inst|altsyncram:rom_rtl_0|altsyncram_ap81:auto_generated|ram_block1a7~porta_address_reg2  ;
; 8.077 ; 10.000       ; 1.923          ; High Pulse Width ; CLOCK_50 ; Rise       ; lcd_driver:inst8|text_lut:text_lut_inst|altsyncram:rom_rtl_0|altsyncram_ap81:auto_generated|ram_block1a7~porta_address_reg3  ;
; 8.077 ; 10.000       ; 1.923          ; Low Pulse Width  ; CLOCK_50 ; Rise       ; lcd_driver:inst8|text_lut:text_lut_inst|altsyncram:rom_rtl_0|altsyncram_ap81:auto_generated|ram_block1a7~porta_address_reg3  ;
; 8.077 ; 10.000       ; 1.923          ; High Pulse Width ; CLOCK_50 ; Rise       ; lcd_driver:inst8|text_lut:text_lut_inst|altsyncram:rom_rtl_0|altsyncram_ap81:auto_generated|ram_block1a7~porta_address_reg4  ;
; 8.077 ; 10.000       ; 1.923          ; Low Pulse Width  ; CLOCK_50 ; Rise       ; lcd_driver:inst8|text_lut:text_lut_inst|altsyncram:rom_rtl_0|altsyncram_ap81:auto_generated|ram_block1a7~porta_address_reg4  ;
+-------+--------------+----------------+------------------+----------+------------+------------------------------------------------------------------------------------------------------------------------------+


+------------------------------------------------------------------------------------------------------------------------------------------------------------------------------------------------------------------------------------------------+
; Fast Model Minimum Pulse Width: 'ddfs:inst15|freq_divider_DDFS:f_div_inst|count[19]'                                                                                                                                                           ;
+--------+--------------+----------------+------------------+----------------------------------------------------+------------+------------------------------------------------------------------------------------------------------------------+
; Slack  ; Actual Width ; Required Width ; Type             ; Clock                                              ; Clock Edge ; Target                                                                                                           ;
+--------+--------------+----------------+------------------+----------------------------------------------------+------------+------------------------------------------------------------------------------------------------------------------+
; 8.077  ; 10.000       ; 1.923          ; High Pulse Width ; ddfs:inst15|freq_divider_DDFS:f_div_inst|count[19] ; Rise       ; ddfs:inst15|sin_lut:lut_inst|altsyncram:rom_rtl_0|altsyncram_qm81:auto_generated|ram_block1a1~porta_address_reg0 ;
; 8.077  ; 10.000       ; 1.923          ; Low Pulse Width  ; ddfs:inst15|freq_divider_DDFS:f_div_inst|count[19] ; Rise       ; ddfs:inst15|sin_lut:lut_inst|altsyncram:rom_rtl_0|altsyncram_qm81:auto_generated|ram_block1a1~porta_address_reg0 ;
; 8.077  ; 10.000       ; 1.923          ; High Pulse Width ; ddfs:inst15|freq_divider_DDFS:f_div_inst|count[19] ; Rise       ; ddfs:inst15|sin_lut:lut_inst|altsyncram:rom_rtl_0|altsyncram_qm81:auto_generated|ram_block1a1~porta_address_reg1 ;
; 8.077  ; 10.000       ; 1.923          ; Low Pulse Width  ; ddfs:inst15|freq_divider_DDFS:f_div_inst|count[19] ; Rise       ; ddfs:inst15|sin_lut:lut_inst|altsyncram:rom_rtl_0|altsyncram_qm81:auto_generated|ram_block1a1~porta_address_reg1 ;
; 8.077  ; 10.000       ; 1.923          ; High Pulse Width ; ddfs:inst15|freq_divider_DDFS:f_div_inst|count[19] ; Rise       ; ddfs:inst15|sin_lut:lut_inst|altsyncram:rom_rtl_0|altsyncram_qm81:auto_generated|ram_block1a1~porta_address_reg2 ;
; 8.077  ; 10.000       ; 1.923          ; Low Pulse Width  ; ddfs:inst15|freq_divider_DDFS:f_div_inst|count[19] ; Rise       ; ddfs:inst15|sin_lut:lut_inst|altsyncram:rom_rtl_0|altsyncram_qm81:auto_generated|ram_block1a1~porta_address_reg2 ;
; 8.077  ; 10.000       ; 1.923          ; High Pulse Width ; ddfs:inst15|freq_divider_DDFS:f_div_inst|count[19] ; Rise       ; ddfs:inst15|sin_lut:lut_inst|altsyncram:rom_rtl_0|altsyncram_qm81:auto_generated|ram_block1a1~porta_address_reg3 ;
; 8.077  ; 10.000       ; 1.923          ; Low Pulse Width  ; ddfs:inst15|freq_divider_DDFS:f_div_inst|count[19] ; Rise       ; ddfs:inst15|sin_lut:lut_inst|altsyncram:rom_rtl_0|altsyncram_qm81:auto_generated|ram_block1a1~porta_address_reg3 ;
; 8.077  ; 10.000       ; 1.923          ; High Pulse Width ; ddfs:inst15|freq_divider_DDFS:f_div_inst|count[19] ; Rise       ; ddfs:inst15|sin_lut:lut_inst|altsyncram:rom_rtl_0|altsyncram_qm81:auto_generated|ram_block1a1~porta_address_reg4 ;
; 8.077  ; 10.000       ; 1.923          ; Low Pulse Width  ; ddfs:inst15|freq_divider_DDFS:f_div_inst|count[19] ; Rise       ; ddfs:inst15|sin_lut:lut_inst|altsyncram:rom_rtl_0|altsyncram_qm81:auto_generated|ram_block1a1~porta_address_reg4 ;
; 8.077  ; 10.000       ; 1.923          ; High Pulse Width ; ddfs:inst15|freq_divider_DDFS:f_div_inst|count[19] ; Rise       ; ddfs:inst15|sin_lut:lut_inst|altsyncram:rom_rtl_0|altsyncram_qm81:auto_generated|ram_block1a1~porta_address_reg5 ;
; 8.077  ; 10.000       ; 1.923          ; Low Pulse Width  ; ddfs:inst15|freq_divider_DDFS:f_div_inst|count[19] ; Rise       ; ddfs:inst15|sin_lut:lut_inst|altsyncram:rom_rtl_0|altsyncram_qm81:auto_generated|ram_block1a1~porta_address_reg5 ;
; 8.077  ; 10.000       ; 1.923          ; High Pulse Width ; ddfs:inst15|freq_divider_DDFS:f_div_inst|count[19] ; Rise       ; ddfs:inst15|sin_lut:lut_inst|altsyncram:rom_rtl_0|altsyncram_qm81:auto_generated|ram_block1a1~porta_address_reg6 ;
; 8.077  ; 10.000       ; 1.923          ; Low Pulse Width  ; ddfs:inst15|freq_divider_DDFS:f_div_inst|count[19] ; Rise       ; ddfs:inst15|sin_lut:lut_inst|altsyncram:rom_rtl_0|altsyncram_qm81:auto_generated|ram_block1a1~porta_address_reg6 ;
; 8.077  ; 10.000       ; 1.923          ; High Pulse Width ; ddfs:inst15|freq_divider_DDFS:f_div_inst|count[19] ; Rise       ; ddfs:inst15|sin_lut:lut_inst|altsyncram:rom_rtl_0|altsyncram_qm81:auto_generated|ram_block1a1~porta_address_reg7 ;
; 8.077  ; 10.000       ; 1.923          ; Low Pulse Width  ; ddfs:inst15|freq_divider_DDFS:f_div_inst|count[19] ; Rise       ; ddfs:inst15|sin_lut:lut_inst|altsyncram:rom_rtl_0|altsyncram_qm81:auto_generated|ram_block1a1~porta_address_reg7 ;
; 8.077  ; 10.000       ; 1.923          ; High Pulse Width ; ddfs:inst15|freq_divider_DDFS:f_div_inst|count[19] ; Rise       ; ddfs:inst15|sin_lut:lut_inst|altsyncram:rom_rtl_0|altsyncram_qm81:auto_generated|ram_block1a1~porta_address_reg8 ;
; 8.077  ; 10.000       ; 1.923          ; Low Pulse Width  ; ddfs:inst15|freq_divider_DDFS:f_div_inst|count[19] ; Rise       ; ddfs:inst15|sin_lut:lut_inst|altsyncram:rom_rtl_0|altsyncram_qm81:auto_generated|ram_block1a1~porta_address_reg8 ;
; 8.077  ; 10.000       ; 1.923          ; High Pulse Width ; ddfs:inst15|freq_divider_DDFS:f_div_inst|count[19] ; Rise       ; ddfs:inst15|sin_lut:lut_inst|altsyncram:rom_rtl_0|altsyncram_qm81:auto_generated|ram_block1a1~porta_address_reg9 ;
; 8.077  ; 10.000       ; 1.923          ; Low Pulse Width  ; ddfs:inst15|freq_divider_DDFS:f_div_inst|count[19] ; Rise       ; ddfs:inst15|sin_lut:lut_inst|altsyncram:rom_rtl_0|altsyncram_qm81:auto_generated|ram_block1a1~porta_address_reg9 ;
; 8.077  ; 10.000       ; 1.923          ; High Pulse Width ; ddfs:inst15|freq_divider_DDFS:f_div_inst|count[19] ; Rise       ; ddfs:inst15|sin_lut:lut_inst|altsyncram:rom_rtl_0|altsyncram_qm81:auto_generated|ram_block1a4~porta_address_reg0 ;
; 8.077  ; 10.000       ; 1.923          ; Low Pulse Width  ; ddfs:inst15|freq_divider_DDFS:f_div_inst|count[19] ; Rise       ; ddfs:inst15|sin_lut:lut_inst|altsyncram:rom_rtl_0|altsyncram_qm81:auto_generated|ram_block1a4~porta_address_reg0 ;
; 8.077  ; 10.000       ; 1.923          ; High Pulse Width ; ddfs:inst15|freq_divider_DDFS:f_div_inst|count[19] ; Rise       ; ddfs:inst15|sin_lut:lut_inst|altsyncram:rom_rtl_0|altsyncram_qm81:auto_generated|ram_block1a4~porta_address_reg1 ;
; 8.077  ; 10.000       ; 1.923          ; Low Pulse Width  ; ddfs:inst15|freq_divider_DDFS:f_div_inst|count[19] ; Rise       ; ddfs:inst15|sin_lut:lut_inst|altsyncram:rom_rtl_0|altsyncram_qm81:auto_generated|ram_block1a4~porta_address_reg1 ;
; 8.077  ; 10.000       ; 1.923          ; High Pulse Width ; ddfs:inst15|freq_divider_DDFS:f_div_inst|count[19] ; Rise       ; ddfs:inst15|sin_lut:lut_inst|altsyncram:rom_rtl_0|altsyncram_qm81:auto_generated|ram_block1a4~porta_address_reg2 ;
; 8.077  ; 10.000       ; 1.923          ; Low Pulse Width  ; ddfs:inst15|freq_divider_DDFS:f_div_inst|count[19] ; Rise       ; ddfs:inst15|sin_lut:lut_inst|altsyncram:rom_rtl_0|altsyncram_qm81:auto_generated|ram_block1a4~porta_address_reg2 ;
; 8.077  ; 10.000       ; 1.923          ; High Pulse Width ; ddfs:inst15|freq_divider_DDFS:f_div_inst|count[19] ; Rise       ; ddfs:inst15|sin_lut:lut_inst|altsyncram:rom_rtl_0|altsyncram_qm81:auto_generated|ram_block1a4~porta_address_reg3 ;
; 8.077  ; 10.000       ; 1.923          ; Low Pulse Width  ; ddfs:inst15|freq_divider_DDFS:f_div_inst|count[19] ; Rise       ; ddfs:inst15|sin_lut:lut_inst|altsyncram:rom_rtl_0|altsyncram_qm81:auto_generated|ram_block1a4~porta_address_reg3 ;
; 8.077  ; 10.000       ; 1.923          ; High Pulse Width ; ddfs:inst15|freq_divider_DDFS:f_div_inst|count[19] ; Rise       ; ddfs:inst15|sin_lut:lut_inst|altsyncram:rom_rtl_0|altsyncram_qm81:auto_generated|ram_block1a4~porta_address_reg4 ;
; 8.077  ; 10.000       ; 1.923          ; Low Pulse Width  ; ddfs:inst15|freq_divider_DDFS:f_div_inst|count[19] ; Rise       ; ddfs:inst15|sin_lut:lut_inst|altsyncram:rom_rtl_0|altsyncram_qm81:auto_generated|ram_block1a4~porta_address_reg4 ;
; 8.077  ; 10.000       ; 1.923          ; High Pulse Width ; ddfs:inst15|freq_divider_DDFS:f_div_inst|count[19] ; Rise       ; ddfs:inst15|sin_lut:lut_inst|altsyncram:rom_rtl_0|altsyncram_qm81:auto_generated|ram_block1a4~porta_address_reg5 ;
; 8.077  ; 10.000       ; 1.923          ; Low Pulse Width  ; ddfs:inst15|freq_divider_DDFS:f_div_inst|count[19] ; Rise       ; ddfs:inst15|sin_lut:lut_inst|altsyncram:rom_rtl_0|altsyncram_qm81:auto_generated|ram_block1a4~porta_address_reg5 ;
; 8.077  ; 10.000       ; 1.923          ; High Pulse Width ; ddfs:inst15|freq_divider_DDFS:f_div_inst|count[19] ; Rise       ; ddfs:inst15|sin_lut:lut_inst|altsyncram:rom_rtl_0|altsyncram_qm81:auto_generated|ram_block1a4~porta_address_reg6 ;
; 8.077  ; 10.000       ; 1.923          ; Low Pulse Width  ; ddfs:inst15|freq_divider_DDFS:f_div_inst|count[19] ; Rise       ; ddfs:inst15|sin_lut:lut_inst|altsyncram:rom_rtl_0|altsyncram_qm81:auto_generated|ram_block1a4~porta_address_reg6 ;
; 8.077  ; 10.000       ; 1.923          ; High Pulse Width ; ddfs:inst15|freq_divider_DDFS:f_div_inst|count[19] ; Rise       ; ddfs:inst15|sin_lut:lut_inst|altsyncram:rom_rtl_0|altsyncram_qm81:auto_generated|ram_block1a4~porta_address_reg7 ;
; 8.077  ; 10.000       ; 1.923          ; Low Pulse Width  ; ddfs:inst15|freq_divider_DDFS:f_div_inst|count[19] ; Rise       ; ddfs:inst15|sin_lut:lut_inst|altsyncram:rom_rtl_0|altsyncram_qm81:auto_generated|ram_block1a4~porta_address_reg7 ;
; 8.077  ; 10.000       ; 1.923          ; High Pulse Width ; ddfs:inst15|freq_divider_DDFS:f_div_inst|count[19] ; Rise       ; ddfs:inst15|sin_lut:lut_inst|altsyncram:rom_rtl_0|altsyncram_qm81:auto_generated|ram_block1a4~porta_address_reg8 ;
; 8.077  ; 10.000       ; 1.923          ; Low Pulse Width  ; ddfs:inst15|freq_divider_DDFS:f_div_inst|count[19] ; Rise       ; ddfs:inst15|sin_lut:lut_inst|altsyncram:rom_rtl_0|altsyncram_qm81:auto_generated|ram_block1a4~porta_address_reg8 ;
; 8.077  ; 10.000       ; 1.923          ; High Pulse Width ; ddfs:inst15|freq_divider_DDFS:f_div_inst|count[19] ; Rise       ; ddfs:inst15|sin_lut:lut_inst|altsyncram:rom_rtl_0|altsyncram_qm81:auto_generated|ram_block1a4~porta_address_reg9 ;
; 8.077  ; 10.000       ; 1.923          ; Low Pulse Width  ; ddfs:inst15|freq_divider_DDFS:f_div_inst|count[19] ; Rise       ; ddfs:inst15|sin_lut:lut_inst|altsyncram:rom_rtl_0|altsyncram_qm81:auto_generated|ram_block1a4~porta_address_reg9 ;
; 8.077  ; 10.000       ; 1.923          ; High Pulse Width ; ddfs:inst15|freq_divider_DDFS:f_div_inst|count[19] ; Rise       ; ddfs:inst15|sin_lut:lut_inst|altsyncram:rom_rtl_0|altsyncram_qm81:auto_generated|ram_block1a8~porta_address_reg0 ;
; 8.077  ; 10.000       ; 1.923          ; Low Pulse Width  ; ddfs:inst15|freq_divider_DDFS:f_div_inst|count[19] ; Rise       ; ddfs:inst15|sin_lut:lut_inst|altsyncram:rom_rtl_0|altsyncram_qm81:auto_generated|ram_block1a8~porta_address_reg0 ;
; 8.077  ; 10.000       ; 1.923          ; High Pulse Width ; ddfs:inst15|freq_divider_DDFS:f_div_inst|count[19] ; Rise       ; ddfs:inst15|sin_lut:lut_inst|altsyncram:rom_rtl_0|altsyncram_qm81:auto_generated|ram_block1a8~porta_address_reg1 ;
; 8.077  ; 10.000       ; 1.923          ; Low Pulse Width  ; ddfs:inst15|freq_divider_DDFS:f_div_inst|count[19] ; Rise       ; ddfs:inst15|sin_lut:lut_inst|altsyncram:rom_rtl_0|altsyncram_qm81:auto_generated|ram_block1a8~porta_address_reg1 ;
; 8.077  ; 10.000       ; 1.923          ; High Pulse Width ; ddfs:inst15|freq_divider_DDFS:f_div_inst|count[19] ; Rise       ; ddfs:inst15|sin_lut:lut_inst|altsyncram:rom_rtl_0|altsyncram_qm81:auto_generated|ram_block1a8~porta_address_reg2 ;
; 8.077  ; 10.000       ; 1.923          ; Low Pulse Width  ; ddfs:inst15|freq_divider_DDFS:f_div_inst|count[19] ; Rise       ; ddfs:inst15|sin_lut:lut_inst|altsyncram:rom_rtl_0|altsyncram_qm81:auto_generated|ram_block1a8~porta_address_reg2 ;
; 8.077  ; 10.000       ; 1.923          ; High Pulse Width ; ddfs:inst15|freq_divider_DDFS:f_div_inst|count[19] ; Rise       ; ddfs:inst15|sin_lut:lut_inst|altsyncram:rom_rtl_0|altsyncram_qm81:auto_generated|ram_block1a8~porta_address_reg3 ;
; 8.077  ; 10.000       ; 1.923          ; Low Pulse Width  ; ddfs:inst15|freq_divider_DDFS:f_div_inst|count[19] ; Rise       ; ddfs:inst15|sin_lut:lut_inst|altsyncram:rom_rtl_0|altsyncram_qm81:auto_generated|ram_block1a8~porta_address_reg3 ;
; 8.077  ; 10.000       ; 1.923          ; High Pulse Width ; ddfs:inst15|freq_divider_DDFS:f_div_inst|count[19] ; Rise       ; ddfs:inst15|sin_lut:lut_inst|altsyncram:rom_rtl_0|altsyncram_qm81:auto_generated|ram_block1a8~porta_address_reg4 ;
; 8.077  ; 10.000       ; 1.923          ; Low Pulse Width  ; ddfs:inst15|freq_divider_DDFS:f_div_inst|count[19] ; Rise       ; ddfs:inst15|sin_lut:lut_inst|altsyncram:rom_rtl_0|altsyncram_qm81:auto_generated|ram_block1a8~porta_address_reg4 ;
; 8.077  ; 10.000       ; 1.923          ; High Pulse Width ; ddfs:inst15|freq_divider_DDFS:f_div_inst|count[19] ; Rise       ; ddfs:inst15|sin_lut:lut_inst|altsyncram:rom_rtl_0|altsyncram_qm81:auto_generated|ram_block1a8~porta_address_reg5 ;
; 8.077  ; 10.000       ; 1.923          ; Low Pulse Width  ; ddfs:inst15|freq_divider_DDFS:f_div_inst|count[19] ; Rise       ; ddfs:inst15|sin_lut:lut_inst|altsyncram:rom_rtl_0|altsyncram_qm81:auto_generated|ram_block1a8~porta_address_reg5 ;
; 8.077  ; 10.000       ; 1.923          ; High Pulse Width ; ddfs:inst15|freq_divider_DDFS:f_div_inst|count[19] ; Rise       ; ddfs:inst15|sin_lut:lut_inst|altsyncram:rom_rtl_0|altsyncram_qm81:auto_generated|ram_block1a8~porta_address_reg6 ;
; 8.077  ; 10.000       ; 1.923          ; Low Pulse Width  ; ddfs:inst15|freq_divider_DDFS:f_div_inst|count[19] ; Rise       ; ddfs:inst15|sin_lut:lut_inst|altsyncram:rom_rtl_0|altsyncram_qm81:auto_generated|ram_block1a8~porta_address_reg6 ;
; 8.077  ; 10.000       ; 1.923          ; High Pulse Width ; ddfs:inst15|freq_divider_DDFS:f_div_inst|count[19] ; Rise       ; ddfs:inst15|sin_lut:lut_inst|altsyncram:rom_rtl_0|altsyncram_qm81:auto_generated|ram_block1a8~porta_address_reg7 ;
; 8.077  ; 10.000       ; 1.923          ; Low Pulse Width  ; ddfs:inst15|freq_divider_DDFS:f_div_inst|count[19] ; Rise       ; ddfs:inst15|sin_lut:lut_inst|altsyncram:rom_rtl_0|altsyncram_qm81:auto_generated|ram_block1a8~porta_address_reg7 ;
; 8.077  ; 10.000       ; 1.923          ; High Pulse Width ; ddfs:inst15|freq_divider_DDFS:f_div_inst|count[19] ; Rise       ; ddfs:inst15|sin_lut:lut_inst|altsyncram:rom_rtl_0|altsyncram_qm81:auto_generated|ram_block1a8~porta_address_reg8 ;
; 8.077  ; 10.000       ; 1.923          ; Low Pulse Width  ; ddfs:inst15|freq_divider_DDFS:f_div_inst|count[19] ; Rise       ; ddfs:inst15|sin_lut:lut_inst|altsyncram:rom_rtl_0|altsyncram_qm81:auto_generated|ram_block1a8~porta_address_reg8 ;
; 8.077  ; 10.000       ; 1.923          ; High Pulse Width ; ddfs:inst15|freq_divider_DDFS:f_div_inst|count[19] ; Rise       ; ddfs:inst15|sin_lut:lut_inst|altsyncram:rom_rtl_0|altsyncram_qm81:auto_generated|ram_block1a8~porta_address_reg9 ;
; 8.077  ; 10.000       ; 1.923          ; Low Pulse Width  ; ddfs:inst15|freq_divider_DDFS:f_div_inst|count[19] ; Rise       ; ddfs:inst15|sin_lut:lut_inst|altsyncram:rom_rtl_0|altsyncram_qm81:auto_generated|ram_block1a8~porta_address_reg9 ;
; 9.000  ; 10.000       ; 1.000          ; High Pulse Width ; ddfs:inst15|freq_divider_DDFS:f_div_inst|count[19] ; Rise       ; ddfs:inst15|cont[0]                                                                                              ;
; 9.000  ; 10.000       ; 1.000          ; Low Pulse Width  ; ddfs:inst15|freq_divider_DDFS:f_div_inst|count[19] ; Rise       ; ddfs:inst15|cont[0]                                                                                              ;
; 9.000  ; 10.000       ; 1.000          ; High Pulse Width ; ddfs:inst15|freq_divider_DDFS:f_div_inst|count[19] ; Rise       ; ddfs:inst15|cont[10]                                                                                             ;
; 9.000  ; 10.000       ; 1.000          ; Low Pulse Width  ; ddfs:inst15|freq_divider_DDFS:f_div_inst|count[19] ; Rise       ; ddfs:inst15|cont[10]                                                                                             ;
; 9.000  ; 10.000       ; 1.000          ; High Pulse Width ; ddfs:inst15|freq_divider_DDFS:f_div_inst|count[19] ; Rise       ; ddfs:inst15|cont[11]                                                                                             ;
; 9.000  ; 10.000       ; 1.000          ; Low Pulse Width  ; ddfs:inst15|freq_divider_DDFS:f_div_inst|count[19] ; Rise       ; ddfs:inst15|cont[11]                                                                                             ;
; 9.000  ; 10.000       ; 1.000          ; High Pulse Width ; ddfs:inst15|freq_divider_DDFS:f_div_inst|count[19] ; Rise       ; ddfs:inst15|cont[1]                                                                                              ;
; 9.000  ; 10.000       ; 1.000          ; Low Pulse Width  ; ddfs:inst15|freq_divider_DDFS:f_div_inst|count[19] ; Rise       ; ddfs:inst15|cont[1]                                                                                              ;
; 9.000  ; 10.000       ; 1.000          ; High Pulse Width ; ddfs:inst15|freq_divider_DDFS:f_div_inst|count[19] ; Rise       ; ddfs:inst15|cont[2]                                                                                              ;
; 9.000  ; 10.000       ; 1.000          ; Low Pulse Width  ; ddfs:inst15|freq_divider_DDFS:f_div_inst|count[19] ; Rise       ; ddfs:inst15|cont[2]                                                                                              ;
; 9.000  ; 10.000       ; 1.000          ; High Pulse Width ; ddfs:inst15|freq_divider_DDFS:f_div_inst|count[19] ; Rise       ; ddfs:inst15|cont[3]                                                                                              ;
; 9.000  ; 10.000       ; 1.000          ; Low Pulse Width  ; ddfs:inst15|freq_divider_DDFS:f_div_inst|count[19] ; Rise       ; ddfs:inst15|cont[3]                                                                                              ;
; 9.000  ; 10.000       ; 1.000          ; High Pulse Width ; ddfs:inst15|freq_divider_DDFS:f_div_inst|count[19] ; Rise       ; ddfs:inst15|cont[4]                                                                                              ;
; 9.000  ; 10.000       ; 1.000          ; Low Pulse Width  ; ddfs:inst15|freq_divider_DDFS:f_div_inst|count[19] ; Rise       ; ddfs:inst15|cont[4]                                                                                              ;
; 9.000  ; 10.000       ; 1.000          ; High Pulse Width ; ddfs:inst15|freq_divider_DDFS:f_div_inst|count[19] ; Rise       ; ddfs:inst15|cont[5]                                                                                              ;
; 9.000  ; 10.000       ; 1.000          ; Low Pulse Width  ; ddfs:inst15|freq_divider_DDFS:f_div_inst|count[19] ; Rise       ; ddfs:inst15|cont[5]                                                                                              ;
; 9.000  ; 10.000       ; 1.000          ; High Pulse Width ; ddfs:inst15|freq_divider_DDFS:f_div_inst|count[19] ; Rise       ; ddfs:inst15|cont[6]                                                                                              ;
; 9.000  ; 10.000       ; 1.000          ; Low Pulse Width  ; ddfs:inst15|freq_divider_DDFS:f_div_inst|count[19] ; Rise       ; ddfs:inst15|cont[6]                                                                                              ;
; 9.000  ; 10.000       ; 1.000          ; High Pulse Width ; ddfs:inst15|freq_divider_DDFS:f_div_inst|count[19] ; Rise       ; ddfs:inst15|cont[7]                                                                                              ;
; 9.000  ; 10.000       ; 1.000          ; Low Pulse Width  ; ddfs:inst15|freq_divider_DDFS:f_div_inst|count[19] ; Rise       ; ddfs:inst15|cont[7]                                                                                              ;
; 9.000  ; 10.000       ; 1.000          ; High Pulse Width ; ddfs:inst15|freq_divider_DDFS:f_div_inst|count[19] ; Rise       ; ddfs:inst15|cont[8]                                                                                              ;
; 9.000  ; 10.000       ; 1.000          ; Low Pulse Width  ; ddfs:inst15|freq_divider_DDFS:f_div_inst|count[19] ; Rise       ; ddfs:inst15|cont[8]                                                                                              ;
; 9.000  ; 10.000       ; 1.000          ; High Pulse Width ; ddfs:inst15|freq_divider_DDFS:f_div_inst|count[19] ; Rise       ; ddfs:inst15|cont[9]                                                                                              ;
; 9.000  ; 10.000       ; 1.000          ; Low Pulse Width  ; ddfs:inst15|freq_divider_DDFS:f_div_inst|count[19] ; Rise       ; ddfs:inst15|cont[9]                                                                                              ;
; 9.000  ; 10.000       ; 1.000          ; High Pulse Width ; ddfs:inst15|freq_divider_DDFS:f_div_inst|count[19] ; Rise       ; ddfs:inst15|cont_rt[10]                                                                                          ;
; 9.000  ; 10.000       ; 1.000          ; Low Pulse Width  ; ddfs:inst15|freq_divider_DDFS:f_div_inst|count[19] ; Rise       ; ddfs:inst15|cont_rt[10]                                                                                          ;
; 9.000  ; 10.000       ; 1.000          ; High Pulse Width ; ddfs:inst15|freq_divider_DDFS:f_div_inst|count[19] ; Rise       ; ddfs:inst15|cont_rt[11]                                                                                          ;
; 9.000  ; 10.000       ; 1.000          ; Low Pulse Width  ; ddfs:inst15|freq_divider_DDFS:f_div_inst|count[19] ; Rise       ; ddfs:inst15|cont_rt[11]                                                                                          ;
; 10.000 ; 10.000       ; 0.000          ; High Pulse Width ; ddfs:inst15|freq_divider_DDFS:f_div_inst|count[19] ; Rise       ; inst15|cont[0]|clk                                                                                               ;
; 10.000 ; 10.000       ; 0.000          ; Low Pulse Width  ; ddfs:inst15|freq_divider_DDFS:f_div_inst|count[19] ; Rise       ; inst15|cont[0]|clk                                                                                               ;
; 10.000 ; 10.000       ; 0.000          ; High Pulse Width ; ddfs:inst15|freq_divider_DDFS:f_div_inst|count[19] ; Rise       ; inst15|cont[10]|clk                                                                                              ;
; 10.000 ; 10.000       ; 0.000          ; Low Pulse Width  ; ddfs:inst15|freq_divider_DDFS:f_div_inst|count[19] ; Rise       ; inst15|cont[10]|clk                                                                                              ;
; 10.000 ; 10.000       ; 0.000          ; High Pulse Width ; ddfs:inst15|freq_divider_DDFS:f_div_inst|count[19] ; Rise       ; inst15|cont[11]|clk                                                                                              ;
; 10.000 ; 10.000       ; 0.000          ; Low Pulse Width  ; ddfs:inst15|freq_divider_DDFS:f_div_inst|count[19] ; Rise       ; inst15|cont[11]|clk                                                                                              ;
; 10.000 ; 10.000       ; 0.000          ; High Pulse Width ; ddfs:inst15|freq_divider_DDFS:f_div_inst|count[19] ; Rise       ; inst15|cont[1]|clk                                                                                               ;
; 10.000 ; 10.000       ; 0.000          ; Low Pulse Width  ; ddfs:inst15|freq_divider_DDFS:f_div_inst|count[19] ; Rise       ; inst15|cont[1]|clk                                                                                               ;
; 10.000 ; 10.000       ; 0.000          ; High Pulse Width ; ddfs:inst15|freq_divider_DDFS:f_div_inst|count[19] ; Rise       ; inst15|cont[2]|clk                                                                                               ;
; 10.000 ; 10.000       ; 0.000          ; Low Pulse Width  ; ddfs:inst15|freq_divider_DDFS:f_div_inst|count[19] ; Rise       ; inst15|cont[2]|clk                                                                                               ;
; 10.000 ; 10.000       ; 0.000          ; High Pulse Width ; ddfs:inst15|freq_divider_DDFS:f_div_inst|count[19] ; Rise       ; inst15|cont[3]|clk                                                                                               ;
; 10.000 ; 10.000       ; 0.000          ; Low Pulse Width  ; ddfs:inst15|freq_divider_DDFS:f_div_inst|count[19] ; Rise       ; inst15|cont[3]|clk                                                                                               ;
+--------+--------------+----------------+------------------+----------------------------------------------------+------------+------------------------------------------------------------------------------------------------------------------+


+------------------------------------------------------------------------------------------------------------------------------------------------------------------------------------------+
; Fast Model Minimum Pulse Width: 'keypad_freq_sel_module:inst1|freq_divider_keypad_module:freq_div|q'                                                                                     ;
+-------+--------------+----------------+------------------+--------------------------------------------------------------------+------------+---------------------------------------------+
; Slack ; Actual Width ; Required Width ; Type             ; Clock                                                              ; Clock Edge ; Target                                      ;
+-------+--------------+----------------+------------------+--------------------------------------------------------------------+------------+---------------------------------------------+
; 9.000 ; 10.000       ; 1.000          ; High Pulse Width ; keypad_freq_sel_module:inst1|freq_divider_keypad_module:freq_div|q ; Rise       ; keypad_freq_sel_module:inst1|BCD_1[0]       ;
; 9.000 ; 10.000       ; 1.000          ; Low Pulse Width  ; keypad_freq_sel_module:inst1|freq_divider_keypad_module:freq_div|q ; Rise       ; keypad_freq_sel_module:inst1|BCD_1[0]       ;
; 9.000 ; 10.000       ; 1.000          ; High Pulse Width ; keypad_freq_sel_module:inst1|freq_divider_keypad_module:freq_div|q ; Rise       ; keypad_freq_sel_module:inst1|BCD_1[1]       ;
; 9.000 ; 10.000       ; 1.000          ; Low Pulse Width  ; keypad_freq_sel_module:inst1|freq_divider_keypad_module:freq_div|q ; Rise       ; keypad_freq_sel_module:inst1|BCD_1[1]       ;
; 9.000 ; 10.000       ; 1.000          ; High Pulse Width ; keypad_freq_sel_module:inst1|freq_divider_keypad_module:freq_div|q ; Rise       ; keypad_freq_sel_module:inst1|BCD_1[2]       ;
; 9.000 ; 10.000       ; 1.000          ; Low Pulse Width  ; keypad_freq_sel_module:inst1|freq_divider_keypad_module:freq_div|q ; Rise       ; keypad_freq_sel_module:inst1|BCD_1[2]       ;
; 9.000 ; 10.000       ; 1.000          ; High Pulse Width ; keypad_freq_sel_module:inst1|freq_divider_keypad_module:freq_div|q ; Rise       ; keypad_freq_sel_module:inst1|BCD_1[3]       ;
; 9.000 ; 10.000       ; 1.000          ; Low Pulse Width  ; keypad_freq_sel_module:inst1|freq_divider_keypad_module:freq_div|q ; Rise       ; keypad_freq_sel_module:inst1|BCD_1[3]       ;
; 9.000 ; 10.000       ; 1.000          ; High Pulse Width ; keypad_freq_sel_module:inst1|freq_divider_keypad_module:freq_div|q ; Rise       ; keypad_freq_sel_module:inst1|BCD_2[0]       ;
; 9.000 ; 10.000       ; 1.000          ; Low Pulse Width  ; keypad_freq_sel_module:inst1|freq_divider_keypad_module:freq_div|q ; Rise       ; keypad_freq_sel_module:inst1|BCD_2[0]       ;
; 9.000 ; 10.000       ; 1.000          ; High Pulse Width ; keypad_freq_sel_module:inst1|freq_divider_keypad_module:freq_div|q ; Rise       ; keypad_freq_sel_module:inst1|BCD_2[1]       ;
; 9.000 ; 10.000       ; 1.000          ; Low Pulse Width  ; keypad_freq_sel_module:inst1|freq_divider_keypad_module:freq_div|q ; Rise       ; keypad_freq_sel_module:inst1|BCD_2[1]       ;
; 9.000 ; 10.000       ; 1.000          ; High Pulse Width ; keypad_freq_sel_module:inst1|freq_divider_keypad_module:freq_div|q ; Rise       ; keypad_freq_sel_module:inst1|BCD_2[2]       ;
; 9.000 ; 10.000       ; 1.000          ; Low Pulse Width  ; keypad_freq_sel_module:inst1|freq_divider_keypad_module:freq_div|q ; Rise       ; keypad_freq_sel_module:inst1|BCD_2[2]       ;
; 9.000 ; 10.000       ; 1.000          ; High Pulse Width ; keypad_freq_sel_module:inst1|freq_divider_keypad_module:freq_div|q ; Rise       ; keypad_freq_sel_module:inst1|BCD_2[3]       ;
; 9.000 ; 10.000       ; 1.000          ; Low Pulse Width  ; keypad_freq_sel_module:inst1|freq_divider_keypad_module:freq_div|q ; Rise       ; keypad_freq_sel_module:inst1|BCD_2[3]       ;
; 9.000 ; 10.000       ; 1.000          ; High Pulse Width ; keypad_freq_sel_module:inst1|freq_divider_keypad_module:freq_div|q ; Rise       ; keypad_freq_sel_module:inst1|BCD_3[0]       ;
; 9.000 ; 10.000       ; 1.000          ; Low Pulse Width  ; keypad_freq_sel_module:inst1|freq_divider_keypad_module:freq_div|q ; Rise       ; keypad_freq_sel_module:inst1|BCD_3[0]       ;
; 9.000 ; 10.000       ; 1.000          ; High Pulse Width ; keypad_freq_sel_module:inst1|freq_divider_keypad_module:freq_div|q ; Rise       ; keypad_freq_sel_module:inst1|BCD_3[1]       ;
; 9.000 ; 10.000       ; 1.000          ; Low Pulse Width  ; keypad_freq_sel_module:inst1|freq_divider_keypad_module:freq_div|q ; Rise       ; keypad_freq_sel_module:inst1|BCD_3[1]       ;
; 9.000 ; 10.000       ; 1.000          ; High Pulse Width ; keypad_freq_sel_module:inst1|freq_divider_keypad_module:freq_div|q ; Rise       ; keypad_freq_sel_module:inst1|BCD_3[2]       ;
; 9.000 ; 10.000       ; 1.000          ; Low Pulse Width  ; keypad_freq_sel_module:inst1|freq_divider_keypad_module:freq_div|q ; Rise       ; keypad_freq_sel_module:inst1|BCD_3[2]       ;
; 9.000 ; 10.000       ; 1.000          ; High Pulse Width ; keypad_freq_sel_module:inst1|freq_divider_keypad_module:freq_div|q ; Rise       ; keypad_freq_sel_module:inst1|BCD_3[3]       ;
; 9.000 ; 10.000       ; 1.000          ; Low Pulse Width  ; keypad_freq_sel_module:inst1|freq_divider_keypad_module:freq_div|q ; Rise       ; keypad_freq_sel_module:inst1|BCD_3[3]       ;
; 9.000 ; 10.000       ; 1.000          ; High Pulse Width ; keypad_freq_sel_module:inst1|freq_divider_keypad_module:freq_div|q ; Rise       ; keypad_freq_sel_module:inst1|BCD_4[0]       ;
; 9.000 ; 10.000       ; 1.000          ; Low Pulse Width  ; keypad_freq_sel_module:inst1|freq_divider_keypad_module:freq_div|q ; Rise       ; keypad_freq_sel_module:inst1|BCD_4[0]       ;
; 9.000 ; 10.000       ; 1.000          ; High Pulse Width ; keypad_freq_sel_module:inst1|freq_divider_keypad_module:freq_div|q ; Rise       ; keypad_freq_sel_module:inst1|BCD_4[1]       ;
; 9.000 ; 10.000       ; 1.000          ; Low Pulse Width  ; keypad_freq_sel_module:inst1|freq_divider_keypad_module:freq_div|q ; Rise       ; keypad_freq_sel_module:inst1|BCD_4[1]       ;
; 9.000 ; 10.000       ; 1.000          ; High Pulse Width ; keypad_freq_sel_module:inst1|freq_divider_keypad_module:freq_div|q ; Rise       ; keypad_freq_sel_module:inst1|BCD_4[2]       ;
; 9.000 ; 10.000       ; 1.000          ; Low Pulse Width  ; keypad_freq_sel_module:inst1|freq_divider_keypad_module:freq_div|q ; Rise       ; keypad_freq_sel_module:inst1|BCD_4[2]       ;
; 9.000 ; 10.000       ; 1.000          ; High Pulse Width ; keypad_freq_sel_module:inst1|freq_divider_keypad_module:freq_div|q ; Rise       ; keypad_freq_sel_module:inst1|BCD_4[3]       ;
; 9.000 ; 10.000       ; 1.000          ; Low Pulse Width  ; keypad_freq_sel_module:inst1|freq_divider_keypad_module:freq_div|q ; Rise       ; keypad_freq_sel_module:inst1|BCD_4[3]       ;
; 9.000 ; 10.000       ; 1.000          ; High Pulse Width ; keypad_freq_sel_module:inst1|freq_divider_keypad_module:freq_div|q ; Rise       ; keypad_freq_sel_module:inst1|BCD_5[0]       ;
; 9.000 ; 10.000       ; 1.000          ; Low Pulse Width  ; keypad_freq_sel_module:inst1|freq_divider_keypad_module:freq_div|q ; Rise       ; keypad_freq_sel_module:inst1|BCD_5[0]       ;
; 9.000 ; 10.000       ; 1.000          ; High Pulse Width ; keypad_freq_sel_module:inst1|freq_divider_keypad_module:freq_div|q ; Rise       ; keypad_freq_sel_module:inst1|BCD_5[1]       ;
; 9.000 ; 10.000       ; 1.000          ; Low Pulse Width  ; keypad_freq_sel_module:inst1|freq_divider_keypad_module:freq_div|q ; Rise       ; keypad_freq_sel_module:inst1|BCD_5[1]       ;
; 9.000 ; 10.000       ; 1.000          ; High Pulse Width ; keypad_freq_sel_module:inst1|freq_divider_keypad_module:freq_div|q ; Rise       ; keypad_freq_sel_module:inst1|BCD_5[2]       ;
; 9.000 ; 10.000       ; 1.000          ; Low Pulse Width  ; keypad_freq_sel_module:inst1|freq_divider_keypad_module:freq_div|q ; Rise       ; keypad_freq_sel_module:inst1|BCD_5[2]       ;
; 9.000 ; 10.000       ; 1.000          ; High Pulse Width ; keypad_freq_sel_module:inst1|freq_divider_keypad_module:freq_div|q ; Rise       ; keypad_freq_sel_module:inst1|BCD_5[3]       ;
; 9.000 ; 10.000       ; 1.000          ; Low Pulse Width  ; keypad_freq_sel_module:inst1|freq_divider_keypad_module:freq_div|q ; Rise       ; keypad_freq_sel_module:inst1|BCD_5[3]       ;
; 9.000 ; 10.000       ; 1.000          ; High Pulse Width ; keypad_freq_sel_module:inst1|freq_divider_keypad_module:freq_div|q ; Rise       ; keypad_freq_sel_module:inst1|BCD_6[0]       ;
; 9.000 ; 10.000       ; 1.000          ; Low Pulse Width  ; keypad_freq_sel_module:inst1|freq_divider_keypad_module:freq_div|q ; Rise       ; keypad_freq_sel_module:inst1|BCD_6[0]       ;
; 9.000 ; 10.000       ; 1.000          ; High Pulse Width ; keypad_freq_sel_module:inst1|freq_divider_keypad_module:freq_div|q ; Rise       ; keypad_freq_sel_module:inst1|BCD_6[1]       ;
; 9.000 ; 10.000       ; 1.000          ; Low Pulse Width  ; keypad_freq_sel_module:inst1|freq_divider_keypad_module:freq_div|q ; Rise       ; keypad_freq_sel_module:inst1|BCD_6[1]       ;
; 9.000 ; 10.000       ; 1.000          ; High Pulse Width ; keypad_freq_sel_module:inst1|freq_divider_keypad_module:freq_div|q ; Rise       ; keypad_freq_sel_module:inst1|BCD_6[2]       ;
; 9.000 ; 10.000       ; 1.000          ; Low Pulse Width  ; keypad_freq_sel_module:inst1|freq_divider_keypad_module:freq_div|q ; Rise       ; keypad_freq_sel_module:inst1|BCD_6[2]       ;
; 9.000 ; 10.000       ; 1.000          ; High Pulse Width ; keypad_freq_sel_module:inst1|freq_divider_keypad_module:freq_div|q ; Rise       ; keypad_freq_sel_module:inst1|BCD_6[3]       ;
; 9.000 ; 10.000       ; 1.000          ; Low Pulse Width  ; keypad_freq_sel_module:inst1|freq_divider_keypad_module:freq_div|q ; Rise       ; keypad_freq_sel_module:inst1|BCD_6[3]       ;
; 9.000 ; 10.000       ; 1.000          ; High Pulse Width ; keypad_freq_sel_module:inst1|freq_divider_keypad_module:freq_div|q ; Rise       ; keypad_freq_sel_module:inst1|BCD_7[0]       ;
; 9.000 ; 10.000       ; 1.000          ; Low Pulse Width  ; keypad_freq_sel_module:inst1|freq_divider_keypad_module:freq_div|q ; Rise       ; keypad_freq_sel_module:inst1|BCD_7[0]       ;
; 9.000 ; 10.000       ; 1.000          ; High Pulse Width ; keypad_freq_sel_module:inst1|freq_divider_keypad_module:freq_div|q ; Rise       ; keypad_freq_sel_module:inst1|BCD_7[1]       ;
; 9.000 ; 10.000       ; 1.000          ; Low Pulse Width  ; keypad_freq_sel_module:inst1|freq_divider_keypad_module:freq_div|q ; Rise       ; keypad_freq_sel_module:inst1|BCD_7[1]       ;
; 9.000 ; 10.000       ; 1.000          ; High Pulse Width ; keypad_freq_sel_module:inst1|freq_divider_keypad_module:freq_div|q ; Rise       ; keypad_freq_sel_module:inst1|BCD_7[2]       ;
; 9.000 ; 10.000       ; 1.000          ; Low Pulse Width  ; keypad_freq_sel_module:inst1|freq_divider_keypad_module:freq_div|q ; Rise       ; keypad_freq_sel_module:inst1|BCD_7[2]       ;
; 9.000 ; 10.000       ; 1.000          ; High Pulse Width ; keypad_freq_sel_module:inst1|freq_divider_keypad_module:freq_div|q ; Rise       ; keypad_freq_sel_module:inst1|BCD_7[3]       ;
; 9.000 ; 10.000       ; 1.000          ; Low Pulse Width  ; keypad_freq_sel_module:inst1|freq_divider_keypad_module:freq_div|q ; Rise       ; keypad_freq_sel_module:inst1|BCD_7[3]       ;
; 9.000 ; 10.000       ; 1.000          ; High Pulse Width ; keypad_freq_sel_module:inst1|freq_divider_keypad_module:freq_div|q ; Rise       ; keypad_freq_sel_module:inst1|button_pressed ;
; 9.000 ; 10.000       ; 1.000          ; Low Pulse Width  ; keypad_freq_sel_module:inst1|freq_divider_keypad_module:freq_div|q ; Rise       ; keypad_freq_sel_module:inst1|button_pressed ;
; 9.000 ; 10.000       ; 1.000          ; High Pulse Width ; keypad_freq_sel_module:inst1|freq_divider_keypad_module:freq_div|q ; Rise       ; keypad_freq_sel_module:inst1|cont[0]        ;
; 9.000 ; 10.000       ; 1.000          ; Low Pulse Width  ; keypad_freq_sel_module:inst1|freq_divider_keypad_module:freq_div|q ; Rise       ; keypad_freq_sel_module:inst1|cont[0]        ;
; 9.000 ; 10.000       ; 1.000          ; High Pulse Width ; keypad_freq_sel_module:inst1|freq_divider_keypad_module:freq_div|q ; Rise       ; keypad_freq_sel_module:inst1|cont[10]       ;
; 9.000 ; 10.000       ; 1.000          ; Low Pulse Width  ; keypad_freq_sel_module:inst1|freq_divider_keypad_module:freq_div|q ; Rise       ; keypad_freq_sel_module:inst1|cont[10]       ;
; 9.000 ; 10.000       ; 1.000          ; High Pulse Width ; keypad_freq_sel_module:inst1|freq_divider_keypad_module:freq_div|q ; Rise       ; keypad_freq_sel_module:inst1|cont[11]       ;
; 9.000 ; 10.000       ; 1.000          ; Low Pulse Width  ; keypad_freq_sel_module:inst1|freq_divider_keypad_module:freq_div|q ; Rise       ; keypad_freq_sel_module:inst1|cont[11]       ;
; 9.000 ; 10.000       ; 1.000          ; High Pulse Width ; keypad_freq_sel_module:inst1|freq_divider_keypad_module:freq_div|q ; Rise       ; keypad_freq_sel_module:inst1|cont[12]       ;
; 9.000 ; 10.000       ; 1.000          ; Low Pulse Width  ; keypad_freq_sel_module:inst1|freq_divider_keypad_module:freq_div|q ; Rise       ; keypad_freq_sel_module:inst1|cont[12]       ;
; 9.000 ; 10.000       ; 1.000          ; High Pulse Width ; keypad_freq_sel_module:inst1|freq_divider_keypad_module:freq_div|q ; Rise       ; keypad_freq_sel_module:inst1|cont[13]       ;
; 9.000 ; 10.000       ; 1.000          ; Low Pulse Width  ; keypad_freq_sel_module:inst1|freq_divider_keypad_module:freq_div|q ; Rise       ; keypad_freq_sel_module:inst1|cont[13]       ;
; 9.000 ; 10.000       ; 1.000          ; High Pulse Width ; keypad_freq_sel_module:inst1|freq_divider_keypad_module:freq_div|q ; Rise       ; keypad_freq_sel_module:inst1|cont[14]       ;
; 9.000 ; 10.000       ; 1.000          ; Low Pulse Width  ; keypad_freq_sel_module:inst1|freq_divider_keypad_module:freq_div|q ; Rise       ; keypad_freq_sel_module:inst1|cont[14]       ;
; 9.000 ; 10.000       ; 1.000          ; High Pulse Width ; keypad_freq_sel_module:inst1|freq_divider_keypad_module:freq_div|q ; Rise       ; keypad_freq_sel_module:inst1|cont[15]       ;
; 9.000 ; 10.000       ; 1.000          ; Low Pulse Width  ; keypad_freq_sel_module:inst1|freq_divider_keypad_module:freq_div|q ; Rise       ; keypad_freq_sel_module:inst1|cont[15]       ;
; 9.000 ; 10.000       ; 1.000          ; High Pulse Width ; keypad_freq_sel_module:inst1|freq_divider_keypad_module:freq_div|q ; Rise       ; keypad_freq_sel_module:inst1|cont[16]       ;
; 9.000 ; 10.000       ; 1.000          ; Low Pulse Width  ; keypad_freq_sel_module:inst1|freq_divider_keypad_module:freq_div|q ; Rise       ; keypad_freq_sel_module:inst1|cont[16]       ;
; 9.000 ; 10.000       ; 1.000          ; High Pulse Width ; keypad_freq_sel_module:inst1|freq_divider_keypad_module:freq_div|q ; Rise       ; keypad_freq_sel_module:inst1|cont[17]       ;
; 9.000 ; 10.000       ; 1.000          ; Low Pulse Width  ; keypad_freq_sel_module:inst1|freq_divider_keypad_module:freq_div|q ; Rise       ; keypad_freq_sel_module:inst1|cont[17]       ;
; 9.000 ; 10.000       ; 1.000          ; High Pulse Width ; keypad_freq_sel_module:inst1|freq_divider_keypad_module:freq_div|q ; Rise       ; keypad_freq_sel_module:inst1|cont[18]       ;
; 9.000 ; 10.000       ; 1.000          ; Low Pulse Width  ; keypad_freq_sel_module:inst1|freq_divider_keypad_module:freq_div|q ; Rise       ; keypad_freq_sel_module:inst1|cont[18]       ;
; 9.000 ; 10.000       ; 1.000          ; High Pulse Width ; keypad_freq_sel_module:inst1|freq_divider_keypad_module:freq_div|q ; Rise       ; keypad_freq_sel_module:inst1|cont[19]       ;
; 9.000 ; 10.000       ; 1.000          ; Low Pulse Width  ; keypad_freq_sel_module:inst1|freq_divider_keypad_module:freq_div|q ; Rise       ; keypad_freq_sel_module:inst1|cont[19]       ;
; 9.000 ; 10.000       ; 1.000          ; High Pulse Width ; keypad_freq_sel_module:inst1|freq_divider_keypad_module:freq_div|q ; Rise       ; keypad_freq_sel_module:inst1|cont[1]        ;
; 9.000 ; 10.000       ; 1.000          ; Low Pulse Width  ; keypad_freq_sel_module:inst1|freq_divider_keypad_module:freq_div|q ; Rise       ; keypad_freq_sel_module:inst1|cont[1]        ;
; 9.000 ; 10.000       ; 1.000          ; High Pulse Width ; keypad_freq_sel_module:inst1|freq_divider_keypad_module:freq_div|q ; Rise       ; keypad_freq_sel_module:inst1|cont[20]       ;
; 9.000 ; 10.000       ; 1.000          ; Low Pulse Width  ; keypad_freq_sel_module:inst1|freq_divider_keypad_module:freq_div|q ; Rise       ; keypad_freq_sel_module:inst1|cont[20]       ;
; 9.000 ; 10.000       ; 1.000          ; High Pulse Width ; keypad_freq_sel_module:inst1|freq_divider_keypad_module:freq_div|q ; Rise       ; keypad_freq_sel_module:inst1|cont[21]       ;
; 9.000 ; 10.000       ; 1.000          ; Low Pulse Width  ; keypad_freq_sel_module:inst1|freq_divider_keypad_module:freq_div|q ; Rise       ; keypad_freq_sel_module:inst1|cont[21]       ;
; 9.000 ; 10.000       ; 1.000          ; High Pulse Width ; keypad_freq_sel_module:inst1|freq_divider_keypad_module:freq_div|q ; Rise       ; keypad_freq_sel_module:inst1|cont[22]       ;
; 9.000 ; 10.000       ; 1.000          ; Low Pulse Width  ; keypad_freq_sel_module:inst1|freq_divider_keypad_module:freq_div|q ; Rise       ; keypad_freq_sel_module:inst1|cont[22]       ;
; 9.000 ; 10.000       ; 1.000          ; High Pulse Width ; keypad_freq_sel_module:inst1|freq_divider_keypad_module:freq_div|q ; Rise       ; keypad_freq_sel_module:inst1|cont[23]       ;
; 9.000 ; 10.000       ; 1.000          ; Low Pulse Width  ; keypad_freq_sel_module:inst1|freq_divider_keypad_module:freq_div|q ; Rise       ; keypad_freq_sel_module:inst1|cont[23]       ;
; 9.000 ; 10.000       ; 1.000          ; High Pulse Width ; keypad_freq_sel_module:inst1|freq_divider_keypad_module:freq_div|q ; Rise       ; keypad_freq_sel_module:inst1|cont[24]       ;
; 9.000 ; 10.000       ; 1.000          ; Low Pulse Width  ; keypad_freq_sel_module:inst1|freq_divider_keypad_module:freq_div|q ; Rise       ; keypad_freq_sel_module:inst1|cont[24]       ;
; 9.000 ; 10.000       ; 1.000          ; High Pulse Width ; keypad_freq_sel_module:inst1|freq_divider_keypad_module:freq_div|q ; Rise       ; keypad_freq_sel_module:inst1|cont[25]       ;
; 9.000 ; 10.000       ; 1.000          ; Low Pulse Width  ; keypad_freq_sel_module:inst1|freq_divider_keypad_module:freq_div|q ; Rise       ; keypad_freq_sel_module:inst1|cont[25]       ;
; 9.000 ; 10.000       ; 1.000          ; High Pulse Width ; keypad_freq_sel_module:inst1|freq_divider_keypad_module:freq_div|q ; Rise       ; keypad_freq_sel_module:inst1|cont[26]       ;
; 9.000 ; 10.000       ; 1.000          ; Low Pulse Width  ; keypad_freq_sel_module:inst1|freq_divider_keypad_module:freq_div|q ; Rise       ; keypad_freq_sel_module:inst1|cont[26]       ;
; 9.000 ; 10.000       ; 1.000          ; High Pulse Width ; keypad_freq_sel_module:inst1|freq_divider_keypad_module:freq_div|q ; Rise       ; keypad_freq_sel_module:inst1|cont[27]       ;
; 9.000 ; 10.000       ; 1.000          ; Low Pulse Width  ; keypad_freq_sel_module:inst1|freq_divider_keypad_module:freq_div|q ; Rise       ; keypad_freq_sel_module:inst1|cont[27]       ;
; 9.000 ; 10.000       ; 1.000          ; High Pulse Width ; keypad_freq_sel_module:inst1|freq_divider_keypad_module:freq_div|q ; Rise       ; keypad_freq_sel_module:inst1|cont[28]       ;
; 9.000 ; 10.000       ; 1.000          ; Low Pulse Width  ; keypad_freq_sel_module:inst1|freq_divider_keypad_module:freq_div|q ; Rise       ; keypad_freq_sel_module:inst1|cont[28]       ;
+-------+--------------+----------------+------------------+--------------------------------------------------------------------+------------+---------------------------------------------+


+-------------------------------------------------------------------------------------------------------------------------------------------------------------------------------------+
; Clock to Output Times                                                                                                                                                               ;
+--------------+--------------------------------------------------------------------+-------+-------+------------+--------------------------------------------------------------------+
; Data Port    ; Clock Port                                                         ; Rise  ; Fall  ; Clock Edge ; Clock Reference                                                    ;
+--------------+--------------------------------------------------------------------+-------+-------+------------+--------------------------------------------------------------------+
; LCD_DATA[*]  ; CLOCK_50                                                           ; 6.348 ; 6.348 ; Rise       ; CLOCK_50                                                           ;
;  LCD_DATA[0] ; CLOCK_50                                                           ; 6.123 ; 6.123 ; Rise       ; CLOCK_50                                                           ;
;  LCD_DATA[1] ; CLOCK_50                                                           ; 6.348 ; 6.348 ; Rise       ; CLOCK_50                                                           ;
;  LCD_DATA[2] ; CLOCK_50                                                           ; 6.228 ; 6.228 ; Rise       ; CLOCK_50                                                           ;
;  LCD_DATA[3] ; CLOCK_50                                                           ; 6.076 ; 6.076 ; Rise       ; CLOCK_50                                                           ;
;  LCD_DATA[4] ; CLOCK_50                                                           ; 6.016 ; 6.016 ; Rise       ; CLOCK_50                                                           ;
;  LCD_DATA[5] ; CLOCK_50                                                           ; 6.080 ; 6.080 ; Rise       ; CLOCK_50                                                           ;
;  LCD_DATA[6] ; CLOCK_50                                                           ; 6.208 ; 6.208 ; Rise       ; CLOCK_50                                                           ;
;  LCD_DATA[7] ; CLOCK_50                                                           ; 6.291 ; 6.291 ; Rise       ; CLOCK_50                                                           ;
; LCD_EN       ; CLOCK_50                                                           ; 5.159 ; 5.159 ; Rise       ; CLOCK_50                                                           ;
; LCD_RS       ; CLOCK_50                                                           ; 6.514 ; 6.514 ; Rise       ; CLOCK_50                                                           ;
; VGA_CLK      ; ddfs:inst15|freq_divider_DDFS:f_div_inst|count[19]                 ; 3.001 ;       ; Rise       ; ddfs:inst15|freq_divider_DDFS:f_div_inst|count[19]                 ;
; VGA_R[*]     ; ddfs:inst15|freq_divider_DDFS:f_div_inst|count[19]                 ; 7.402 ; 7.402 ; Rise       ; ddfs:inst15|freq_divider_DDFS:f_div_inst|count[19]                 ;
;  VGA_R[0]    ; ddfs:inst15|freq_divider_DDFS:f_div_inst|count[19]                 ; 6.999 ; 6.999 ; Rise       ; ddfs:inst15|freq_divider_DDFS:f_div_inst|count[19]                 ;
;  VGA_R[1]    ; ddfs:inst15|freq_divider_DDFS:f_div_inst|count[19]                 ; 6.974 ; 6.974 ; Rise       ; ddfs:inst15|freq_divider_DDFS:f_div_inst|count[19]                 ;
;  VGA_R[2]    ; ddfs:inst15|freq_divider_DDFS:f_div_inst|count[19]                 ; 7.001 ; 7.001 ; Rise       ; ddfs:inst15|freq_divider_DDFS:f_div_inst|count[19]                 ;
;  VGA_R[3]    ; ddfs:inst15|freq_divider_DDFS:f_div_inst|count[19]                 ; 7.001 ; 7.001 ; Rise       ; ddfs:inst15|freq_divider_DDFS:f_div_inst|count[19]                 ;
;  VGA_R[4]    ; ddfs:inst15|freq_divider_DDFS:f_div_inst|count[19]                 ; 7.091 ; 7.091 ; Rise       ; ddfs:inst15|freq_divider_DDFS:f_div_inst|count[19]                 ;
;  VGA_R[5]    ; ddfs:inst15|freq_divider_DDFS:f_div_inst|count[19]                 ; 7.148 ; 7.148 ; Rise       ; ddfs:inst15|freq_divider_DDFS:f_div_inst|count[19]                 ;
;  VGA_R[6]    ; ddfs:inst15|freq_divider_DDFS:f_div_inst|count[19]                 ; 7.355 ; 7.355 ; Rise       ; ddfs:inst15|freq_divider_DDFS:f_div_inst|count[19]                 ;
;  VGA_R[7]    ; ddfs:inst15|freq_divider_DDFS:f_div_inst|count[19]                 ; 7.301 ; 7.301 ; Rise       ; ddfs:inst15|freq_divider_DDFS:f_div_inst|count[19]                 ;
;  VGA_R[8]    ; ddfs:inst15|freq_divider_DDFS:f_div_inst|count[19]                 ; 7.402 ; 7.402 ; Rise       ; ddfs:inst15|freq_divider_DDFS:f_div_inst|count[19]                 ;
;  VGA_R[9]    ; ddfs:inst15|freq_divider_DDFS:f_div_inst|count[19]                 ; 7.339 ; 7.339 ; Rise       ; ddfs:inst15|freq_divider_DDFS:f_div_inst|count[19]                 ;
; VGA_CLK      ; ddfs:inst15|freq_divider_DDFS:f_div_inst|count[19]                 ;       ; 3.001 ; Fall       ; ddfs:inst15|freq_divider_DDFS:f_div_inst|count[19]                 ;
; GPIO_1[*]    ; keypad_freq_sel_module:inst1|freq_divider_keypad_module:freq_div|q ; 5.236 ; 5.236 ; Rise       ; keypad_freq_sel_module:inst1|freq_divider_keypad_module:freq_div|q ;
;  GPIO_1[0]   ; keypad_freq_sel_module:inst1|freq_divider_keypad_module:freq_div|q ; 5.052 ; 5.052 ; Rise       ; keypad_freq_sel_module:inst1|freq_divider_keypad_module:freq_div|q ;
;  GPIO_1[1]   ; keypad_freq_sel_module:inst1|freq_divider_keypad_module:freq_div|q ; 5.236 ; 5.236 ; Rise       ; keypad_freq_sel_module:inst1|freq_divider_keypad_module:freq_div|q ;
;  GPIO_1[2]   ; keypad_freq_sel_module:inst1|freq_divider_keypad_module:freq_div|q ; 5.016 ; 5.016 ; Rise       ; keypad_freq_sel_module:inst1|freq_divider_keypad_module:freq_div|q ;
;  GPIO_1[3]   ; keypad_freq_sel_module:inst1|freq_divider_keypad_module:freq_div|q ; 5.184 ; 5.184 ; Rise       ; keypad_freq_sel_module:inst1|freq_divider_keypad_module:freq_div|q ;
+--------------+--------------------------------------------------------------------+-------+-------+------------+--------------------------------------------------------------------+


+-------------------------------------------------------------------------------------------------------------------------------------------------------------------------------------+
; Minimum Clock to Output Times                                                                                                                                                       ;
+--------------+--------------------------------------------------------------------+-------+-------+------------+--------------------------------------------------------------------+
; Data Port    ; Clock Port                                                         ; Rise  ; Fall  ; Clock Edge ; Clock Reference                                                    ;
+--------------+--------------------------------------------------------------------+-------+-------+------------+--------------------------------------------------------------------+
; LCD_DATA[*]  ; CLOCK_50                                                           ; 4.502 ; 4.502 ; Rise       ; CLOCK_50                                                           ;
;  LCD_DATA[0] ; CLOCK_50                                                           ; 4.588 ; 4.588 ; Rise       ; CLOCK_50                                                           ;
;  LCD_DATA[1] ; CLOCK_50                                                           ; 4.727 ; 4.727 ; Rise       ; CLOCK_50                                                           ;
;  LCD_DATA[2] ; CLOCK_50                                                           ; 4.600 ; 4.600 ; Rise       ; CLOCK_50                                                           ;
;  LCD_DATA[3] ; CLOCK_50                                                           ; 4.596 ; 4.596 ; Rise       ; CLOCK_50                                                           ;
;  LCD_DATA[4] ; CLOCK_50                                                           ; 4.502 ; 4.502 ; Rise       ; CLOCK_50                                                           ;
;  LCD_DATA[5] ; CLOCK_50                                                           ; 4.661 ; 4.661 ; Rise       ; CLOCK_50                                                           ;
;  LCD_DATA[6] ; CLOCK_50                                                           ; 4.638 ; 4.638 ; Rise       ; CLOCK_50                                                           ;
;  LCD_DATA[7] ; CLOCK_50                                                           ; 4.668 ; 4.668 ; Rise       ; CLOCK_50                                                           ;
; LCD_EN       ; CLOCK_50                                                           ; 4.370 ; 4.370 ; Rise       ; CLOCK_50                                                           ;
; LCD_RS       ; CLOCK_50                                                           ; 4.355 ; 4.355 ; Rise       ; CLOCK_50                                                           ;
; VGA_CLK      ; ddfs:inst15|freq_divider_DDFS:f_div_inst|count[19]                 ; 3.001 ;       ; Rise       ; ddfs:inst15|freq_divider_DDFS:f_div_inst|count[19]                 ;
; VGA_R[*]     ; ddfs:inst15|freq_divider_DDFS:f_div_inst|count[19]                 ; 4.269 ; 4.269 ; Rise       ; ddfs:inst15|freq_divider_DDFS:f_div_inst|count[19]                 ;
;  VGA_R[0]    ; ddfs:inst15|freq_divider_DDFS:f_div_inst|count[19]                 ; 4.637 ; 4.637 ; Rise       ; ddfs:inst15|freq_divider_DDFS:f_div_inst|count[19]                 ;
;  VGA_R[1]    ; ddfs:inst15|freq_divider_DDFS:f_div_inst|count[19]                 ; 4.608 ; 4.608 ; Rise       ; ddfs:inst15|freq_divider_DDFS:f_div_inst|count[19]                 ;
;  VGA_R[2]    ; ddfs:inst15|freq_divider_DDFS:f_div_inst|count[19]                 ; 4.578 ; 4.578 ; Rise       ; ddfs:inst15|freq_divider_DDFS:f_div_inst|count[19]                 ;
;  VGA_R[3]    ; ddfs:inst15|freq_divider_DDFS:f_div_inst|count[19]                 ; 4.642 ; 4.642 ; Rise       ; ddfs:inst15|freq_divider_DDFS:f_div_inst|count[19]                 ;
;  VGA_R[4]    ; ddfs:inst15|freq_divider_DDFS:f_div_inst|count[19]                 ; 4.563 ; 4.563 ; Rise       ; ddfs:inst15|freq_divider_DDFS:f_div_inst|count[19]                 ;
;  VGA_R[5]    ; ddfs:inst15|freq_divider_DDFS:f_div_inst|count[19]                 ; 4.633 ; 4.633 ; Rise       ; ddfs:inst15|freq_divider_DDFS:f_div_inst|count[19]                 ;
;  VGA_R[6]    ; ddfs:inst15|freq_divider_DDFS:f_div_inst|count[19]                 ; 4.719 ; 4.719 ; Rise       ; ddfs:inst15|freq_divider_DDFS:f_div_inst|count[19]                 ;
;  VGA_R[7]    ; ddfs:inst15|freq_divider_DDFS:f_div_inst|count[19]                 ; 4.646 ; 4.646 ; Rise       ; ddfs:inst15|freq_divider_DDFS:f_div_inst|count[19]                 ;
;  VGA_R[8]    ; ddfs:inst15|freq_divider_DDFS:f_div_inst|count[19]                 ; 4.719 ; 4.719 ; Rise       ; ddfs:inst15|freq_divider_DDFS:f_div_inst|count[19]                 ;
;  VGA_R[9]    ; ddfs:inst15|freq_divider_DDFS:f_div_inst|count[19]                 ; 4.269 ; 4.269 ; Rise       ; ddfs:inst15|freq_divider_DDFS:f_div_inst|count[19]                 ;
; VGA_CLK      ; ddfs:inst15|freq_divider_DDFS:f_div_inst|count[19]                 ;       ; 3.001 ; Fall       ; ddfs:inst15|freq_divider_DDFS:f_div_inst|count[19]                 ;
; GPIO_1[*]    ; keypad_freq_sel_module:inst1|freq_divider_keypad_module:freq_div|q ; 3.886 ; 3.886 ; Rise       ; keypad_freq_sel_module:inst1|freq_divider_keypad_module:freq_div|q ;
;  GPIO_1[0]   ; keypad_freq_sel_module:inst1|freq_divider_keypad_module:freq_div|q ; 4.155 ; 4.155 ; Rise       ; keypad_freq_sel_module:inst1|freq_divider_keypad_module:freq_div|q ;
;  GPIO_1[1]   ; keypad_freq_sel_module:inst1|freq_divider_keypad_module:freq_div|q ; 3.939 ; 3.939 ; Rise       ; keypad_freq_sel_module:inst1|freq_divider_keypad_module:freq_div|q ;
;  GPIO_1[2]   ; keypad_freq_sel_module:inst1|freq_divider_keypad_module:freq_div|q ; 4.132 ; 4.132 ; Rise       ; keypad_freq_sel_module:inst1|freq_divider_keypad_module:freq_div|q ;
;  GPIO_1[3]   ; keypad_freq_sel_module:inst1|freq_divider_keypad_module:freq_div|q ; 3.886 ; 3.886 ; Rise       ; keypad_freq_sel_module:inst1|freq_divider_keypad_module:freq_div|q ;
+--------------+--------------------------------------------------------------------+-------+-------+------------+--------------------------------------------------------------------+


+--------------------------------------------------------------------------------------------------------------------------------+
; Multicorner Timing Analysis Summary                                                                                            ;
+---------------------------------------------------------------------+-------+-------+----------+---------+---------------------+
; Clock                                                               ; Setup ; Hold  ; Recovery ; Removal ; Minimum Pulse Width ;
+---------------------------------------------------------------------+-------+-------+----------+---------+---------------------+
; Worst-case Slack                                                    ; 2.352 ; 0.215 ; 16.595   ; 1.671   ; 4.000               ;
;  CLOCK_50                                                           ; 3.567 ; 0.215 ; N/A      ; N/A     ; 8.077               ;
;  ddfs:inst15|freq_divider_DDFS:f_div_inst|count[19]                 ; 2.352 ; 0.520 ; 16.595   ; 1.671   ; 8.077               ;
;  inst|altpll_component|pll|clk[0]                                   ; 2.800 ; 0.240 ; N/A      ; N/A     ; 4.000               ;
;  keypad_freq_sel_module:inst1|freq_divider_keypad_module:freq_div|q ; 4.774 ; 0.215 ; N/A      ; N/A     ; 9.000               ;
; Design-wide TNS                                                     ; 0.0   ; 0.0   ; 0.0      ; 0.0     ; 0.0                 ;
;  CLOCK_50                                                           ; 0.000 ; 0.000 ; N/A      ; N/A     ; 0.000               ;
;  ddfs:inst15|freq_divider_DDFS:f_div_inst|count[19]                 ; 0.000 ; 0.000 ; 0.000    ; 0.000   ; 0.000               ;
;  inst|altpll_component|pll|clk[0]                                   ; 0.000 ; 0.000 ; N/A      ; N/A     ; 0.000               ;
;  keypad_freq_sel_module:inst1|freq_divider_keypad_module:freq_div|q ; 0.000 ; 0.000 ; N/A      ; N/A     ; 0.000               ;
+---------------------------------------------------------------------+-------+-------+----------+---------+---------------------+


+---------------------------------------------------------------------------------------------------------------------------------------------------------------------------------------+
; Clock to Output Times                                                                                                                                                                 ;
+--------------+--------------------------------------------------------------------+--------+--------+------------+--------------------------------------------------------------------+
; Data Port    ; Clock Port                                                         ; Rise   ; Fall   ; Clock Edge ; Clock Reference                                                    ;
+--------------+--------------------------------------------------------------------+--------+--------+------------+--------------------------------------------------------------------+
; LCD_DATA[*]  ; CLOCK_50                                                           ; 11.187 ; 11.187 ; Rise       ; CLOCK_50                                                           ;
;  LCD_DATA[0] ; CLOCK_50                                                           ; 10.696 ; 10.696 ; Rise       ; CLOCK_50                                                           ;
;  LCD_DATA[1] ; CLOCK_50                                                           ; 11.187 ; 11.187 ; Rise       ; CLOCK_50                                                           ;
;  LCD_DATA[2] ; CLOCK_50                                                           ; 10.915 ; 10.915 ; Rise       ; CLOCK_50                                                           ;
;  LCD_DATA[3] ; CLOCK_50                                                           ; 10.608 ; 10.608 ; Rise       ; CLOCK_50                                                           ;
;  LCD_DATA[4] ; CLOCK_50                                                           ; 10.496 ; 10.496 ; Rise       ; CLOCK_50                                                           ;
;  LCD_DATA[5] ; CLOCK_50                                                           ; 10.589 ; 10.589 ; Rise       ; CLOCK_50                                                           ;
;  LCD_DATA[6] ; CLOCK_50                                                           ; 10.896 ; 10.896 ; Rise       ; CLOCK_50                                                           ;
;  LCD_DATA[7] ; CLOCK_50                                                           ; 11.032 ; 11.032 ; Rise       ; CLOCK_50                                                           ;
; LCD_EN       ; CLOCK_50                                                           ; 9.636  ; 9.636  ; Rise       ; CLOCK_50                                                           ;
; LCD_RS       ; CLOCK_50                                                           ; 11.433 ; 11.433 ; Rise       ; CLOCK_50                                                           ;
; VGA_CLK      ; ddfs:inst15|freq_divider_DDFS:f_div_inst|count[19]                 ; 5.648  ;        ; Rise       ; ddfs:inst15|freq_divider_DDFS:f_div_inst|count[19]                 ;
; VGA_R[*]     ; ddfs:inst15|freq_divider_DDFS:f_div_inst|count[19]                 ; 13.618 ; 13.618 ; Rise       ; ddfs:inst15|freq_divider_DDFS:f_div_inst|count[19]                 ;
;  VGA_R[0]    ; ddfs:inst15|freq_divider_DDFS:f_div_inst|count[19]                 ; 12.763 ; 12.763 ; Rise       ; ddfs:inst15|freq_divider_DDFS:f_div_inst|count[19]                 ;
;  VGA_R[1]    ; ddfs:inst15|freq_divider_DDFS:f_div_inst|count[19]                 ; 12.746 ; 12.746 ; Rise       ; ddfs:inst15|freq_divider_DDFS:f_div_inst|count[19]                 ;
;  VGA_R[2]    ; ddfs:inst15|freq_divider_DDFS:f_div_inst|count[19]                 ; 12.806 ; 12.806 ; Rise       ; ddfs:inst15|freq_divider_DDFS:f_div_inst|count[19]                 ;
;  VGA_R[3]    ; ddfs:inst15|freq_divider_DDFS:f_div_inst|count[19]                 ; 12.768 ; 12.768 ; Rise       ; ddfs:inst15|freq_divider_DDFS:f_div_inst|count[19]                 ;
;  VGA_R[4]    ; ddfs:inst15|freq_divider_DDFS:f_div_inst|count[19]                 ; 12.919 ; 12.919 ; Rise       ; ddfs:inst15|freq_divider_DDFS:f_div_inst|count[19]                 ;
;  VGA_R[5]    ; ddfs:inst15|freq_divider_DDFS:f_div_inst|count[19]                 ; 13.026 ; 13.026 ; Rise       ; ddfs:inst15|freq_divider_DDFS:f_div_inst|count[19]                 ;
;  VGA_R[6]    ; ddfs:inst15|freq_divider_DDFS:f_div_inst|count[19]                 ; 13.510 ; 13.510 ; Rise       ; ddfs:inst15|freq_divider_DDFS:f_div_inst|count[19]                 ;
;  VGA_R[7]    ; ddfs:inst15|freq_divider_DDFS:f_div_inst|count[19]                 ; 13.363 ; 13.363 ; Rise       ; ddfs:inst15|freq_divider_DDFS:f_div_inst|count[19]                 ;
;  VGA_R[8]    ; ddfs:inst15|freq_divider_DDFS:f_div_inst|count[19]                 ; 13.618 ; 13.618 ; Rise       ; ddfs:inst15|freq_divider_DDFS:f_div_inst|count[19]                 ;
;  VGA_R[9]    ; ddfs:inst15|freq_divider_DDFS:f_div_inst|count[19]                 ; 13.465 ; 13.465 ; Rise       ; ddfs:inst15|freq_divider_DDFS:f_div_inst|count[19]                 ;
; VGA_CLK      ; ddfs:inst15|freq_divider_DDFS:f_div_inst|count[19]                 ;        ; 5.648  ; Fall       ; ddfs:inst15|freq_divider_DDFS:f_div_inst|count[19]                 ;
; GPIO_1[*]    ; keypad_freq_sel_module:inst1|freq_divider_keypad_module:freq_div|q ; 10.226 ; 10.226 ; Rise       ; keypad_freq_sel_module:inst1|freq_divider_keypad_module:freq_div|q ;
;  GPIO_1[0]   ; keypad_freq_sel_module:inst1|freq_divider_keypad_module:freq_div|q ; 9.817  ; 9.817  ; Rise       ; keypad_freq_sel_module:inst1|freq_divider_keypad_module:freq_div|q ;
;  GPIO_1[1]   ; keypad_freq_sel_module:inst1|freq_divider_keypad_module:freq_div|q ; 10.226 ; 10.226 ; Rise       ; keypad_freq_sel_module:inst1|freq_divider_keypad_module:freq_div|q ;
;  GPIO_1[2]   ; keypad_freq_sel_module:inst1|freq_divider_keypad_module:freq_div|q ; 9.780  ; 9.780  ; Rise       ; keypad_freq_sel_module:inst1|freq_divider_keypad_module:freq_div|q ;
;  GPIO_1[3]   ; keypad_freq_sel_module:inst1|freq_divider_keypad_module:freq_div|q ; 10.166 ; 10.166 ; Rise       ; keypad_freq_sel_module:inst1|freq_divider_keypad_module:freq_div|q ;
+--------------+--------------------------------------------------------------------+--------+--------+------------+--------------------------------------------------------------------+


+-------------------------------------------------------------------------------------------------------------------------------------------------------------------------------------+
; Minimum Clock to Output Times                                                                                                                                                       ;
+--------------+--------------------------------------------------------------------+-------+-------+------------+--------------------------------------------------------------------+
; Data Port    ; Clock Port                                                         ; Rise  ; Fall  ; Clock Edge ; Clock Reference                                                    ;
+--------------+--------------------------------------------------------------------+-------+-------+------------+--------------------------------------------------------------------+
; LCD_DATA[*]  ; CLOCK_50                                                           ; 4.502 ; 4.502 ; Rise       ; CLOCK_50                                                           ;
;  LCD_DATA[0] ; CLOCK_50                                                           ; 4.588 ; 4.588 ; Rise       ; CLOCK_50                                                           ;
;  LCD_DATA[1] ; CLOCK_50                                                           ; 4.727 ; 4.727 ; Rise       ; CLOCK_50                                                           ;
;  LCD_DATA[2] ; CLOCK_50                                                           ; 4.600 ; 4.600 ; Rise       ; CLOCK_50                                                           ;
;  LCD_DATA[3] ; CLOCK_50                                                           ; 4.596 ; 4.596 ; Rise       ; CLOCK_50                                                           ;
;  LCD_DATA[4] ; CLOCK_50                                                           ; 4.502 ; 4.502 ; Rise       ; CLOCK_50                                                           ;
;  LCD_DATA[5] ; CLOCK_50                                                           ; 4.661 ; 4.661 ; Rise       ; CLOCK_50                                                           ;
;  LCD_DATA[6] ; CLOCK_50                                                           ; 4.638 ; 4.638 ; Rise       ; CLOCK_50                                                           ;
;  LCD_DATA[7] ; CLOCK_50                                                           ; 4.668 ; 4.668 ; Rise       ; CLOCK_50                                                           ;
; LCD_EN       ; CLOCK_50                                                           ; 4.370 ; 4.370 ; Rise       ; CLOCK_50                                                           ;
; LCD_RS       ; CLOCK_50                                                           ; 4.355 ; 4.355 ; Rise       ; CLOCK_50                                                           ;
; VGA_CLK      ; ddfs:inst15|freq_divider_DDFS:f_div_inst|count[19]                 ; 3.001 ;       ; Rise       ; ddfs:inst15|freq_divider_DDFS:f_div_inst|count[19]                 ;
; VGA_R[*]     ; ddfs:inst15|freq_divider_DDFS:f_div_inst|count[19]                 ; 4.269 ; 4.269 ; Rise       ; ddfs:inst15|freq_divider_DDFS:f_div_inst|count[19]                 ;
;  VGA_R[0]    ; ddfs:inst15|freq_divider_DDFS:f_div_inst|count[19]                 ; 4.637 ; 4.637 ; Rise       ; ddfs:inst15|freq_divider_DDFS:f_div_inst|count[19]                 ;
;  VGA_R[1]    ; ddfs:inst15|freq_divider_DDFS:f_div_inst|count[19]                 ; 4.608 ; 4.608 ; Rise       ; ddfs:inst15|freq_divider_DDFS:f_div_inst|count[19]                 ;
;  VGA_R[2]    ; ddfs:inst15|freq_divider_DDFS:f_div_inst|count[19]                 ; 4.578 ; 4.578 ; Rise       ; ddfs:inst15|freq_divider_DDFS:f_div_inst|count[19]                 ;
;  VGA_R[3]    ; ddfs:inst15|freq_divider_DDFS:f_div_inst|count[19]                 ; 4.642 ; 4.642 ; Rise       ; ddfs:inst15|freq_divider_DDFS:f_div_inst|count[19]                 ;
;  VGA_R[4]    ; ddfs:inst15|freq_divider_DDFS:f_div_inst|count[19]                 ; 4.563 ; 4.563 ; Rise       ; ddfs:inst15|freq_divider_DDFS:f_div_inst|count[19]                 ;
;  VGA_R[5]    ; ddfs:inst15|freq_divider_DDFS:f_div_inst|count[19]                 ; 4.633 ; 4.633 ; Rise       ; ddfs:inst15|freq_divider_DDFS:f_div_inst|count[19]                 ;
;  VGA_R[6]    ; ddfs:inst15|freq_divider_DDFS:f_div_inst|count[19]                 ; 4.719 ; 4.719 ; Rise       ; ddfs:inst15|freq_divider_DDFS:f_div_inst|count[19]                 ;
;  VGA_R[7]    ; ddfs:inst15|freq_divider_DDFS:f_div_inst|count[19]                 ; 4.646 ; 4.646 ; Rise       ; ddfs:inst15|freq_divider_DDFS:f_div_inst|count[19]                 ;
;  VGA_R[8]    ; ddfs:inst15|freq_divider_DDFS:f_div_inst|count[19]                 ; 4.719 ; 4.719 ; Rise       ; ddfs:inst15|freq_divider_DDFS:f_div_inst|count[19]                 ;
;  VGA_R[9]    ; ddfs:inst15|freq_divider_DDFS:f_div_inst|count[19]                 ; 4.269 ; 4.269 ; Rise       ; ddfs:inst15|freq_divider_DDFS:f_div_inst|count[19]                 ;
; VGA_CLK      ; ddfs:inst15|freq_divider_DDFS:f_div_inst|count[19]                 ;       ; 3.001 ; Fall       ; ddfs:inst15|freq_divider_DDFS:f_div_inst|count[19]                 ;
; GPIO_1[*]    ; keypad_freq_sel_module:inst1|freq_divider_keypad_module:freq_div|q ; 3.886 ; 3.886 ; Rise       ; keypad_freq_sel_module:inst1|freq_divider_keypad_module:freq_div|q ;
;  GPIO_1[0]   ; keypad_freq_sel_module:inst1|freq_divider_keypad_module:freq_div|q ; 4.155 ; 4.155 ; Rise       ; keypad_freq_sel_module:inst1|freq_divider_keypad_module:freq_div|q ;
;  GPIO_1[1]   ; keypad_freq_sel_module:inst1|freq_divider_keypad_module:freq_div|q ; 3.939 ; 3.939 ; Rise       ; keypad_freq_sel_module:inst1|freq_divider_keypad_module:freq_div|q ;
;  GPIO_1[2]   ; keypad_freq_sel_module:inst1|freq_divider_keypad_module:freq_div|q ; 4.132 ; 4.132 ; Rise       ; keypad_freq_sel_module:inst1|freq_divider_keypad_module:freq_div|q ;
;  GPIO_1[3]   ; keypad_freq_sel_module:inst1|freq_divider_keypad_module:freq_div|q ; 3.886 ; 3.886 ; Rise       ; keypad_freq_sel_module:inst1|freq_divider_keypad_module:freq_div|q ;
+--------------+--------------------------------------------------------------------+-------+-------+------------+--------------------------------------------------------------------+


+-------------------------------------------------------------------------------------------------------------------------------------------------------------------------------------------+
; Setup Transfers                                                                                                                                                                           ;
+--------------------------------------------------------------------+--------------------------------------------------------------------+------------+------------+------------+----------+
; From Clock                                                         ; To Clock                                                           ; RR Paths   ; FR Paths   ; RF Paths   ; FF Paths ;
+--------------------------------------------------------------------+--------------------------------------------------------------------+------------+------------+------------+----------+
; CLOCK_50                                                           ; CLOCK_50                                                           ; 15943      ; 0          ; 0          ; 0        ;
; keypad_freq_sel_module:inst1|freq_divider_keypad_module:freq_div|q ; CLOCK_50                                                           ; false path ; false path ; 0          ; 0        ;
; ddfs:inst15|freq_divider_DDFS:f_div_inst|count[19]                 ; ddfs:inst15|freq_divider_DDFS:f_div_inst|count[19]                 ; 2981       ; 1          ; 0          ; 0        ;
; inst|altpll_component|pll|clk[0]                                   ; ddfs:inst15|freq_divider_DDFS:f_div_inst|count[19]                 ; false path ; 0          ; false path ; 0        ;
; CLOCK_50                                                           ; inst|altpll_component|pll|clk[0]                                   ; false path ; 0          ; 0          ; 0        ;
; ddfs:inst15|freq_divider_DDFS:f_div_inst|count[19]                 ; inst|altpll_component|pll|clk[0]                                   ; false path ; false path ; 0          ; 0        ;
; inst|altpll_component|pll|clk[0]                                   ; inst|altpll_component|pll|clk[0]                                   ; 10159      ; 0          ; 0          ; 0        ;
; keypad_freq_sel_module:inst1|freq_divider_keypad_module:freq_div|q ; inst|altpll_component|pll|clk[0]                                   ; false path ; 0          ; 0          ; 0        ;
; CLOCK_50                                                           ; keypad_freq_sel_module:inst1|freq_divider_keypad_module:freq_div|q ; false path ; 0          ; false path ; 0        ;
; keypad_freq_sel_module:inst1|freq_divider_keypad_module:freq_div|q ; keypad_freq_sel_module:inst1|freq_divider_keypad_module:freq_div|q ; 26328      ; 0          ; 0          ; 0        ;
+--------------------------------------------------------------------+--------------------------------------------------------------------+------------+------------+------------+----------+
Entries labeled "false path" only account for clock-to-clock false paths and not path-based false paths. As a result, actual path counts may be lower than reported.


+-------------------------------------------------------------------------------------------------------------------------------------------------------------------------------------------+
; Hold Transfers                                                                                                                                                                            ;
+--------------------------------------------------------------------+--------------------------------------------------------------------+------------+------------+------------+----------+
; From Clock                                                         ; To Clock                                                           ; RR Paths   ; FR Paths   ; RF Paths   ; FF Paths ;
+--------------------------------------------------------------------+--------------------------------------------------------------------+------------+------------+------------+----------+
; CLOCK_50                                                           ; CLOCK_50                                                           ; 15943      ; 0          ; 0          ; 0        ;
; keypad_freq_sel_module:inst1|freq_divider_keypad_module:freq_div|q ; CLOCK_50                                                           ; false path ; false path ; 0          ; 0        ;
; ddfs:inst15|freq_divider_DDFS:f_div_inst|count[19]                 ; ddfs:inst15|freq_divider_DDFS:f_div_inst|count[19]                 ; 2981       ; 1          ; 0          ; 0        ;
; inst|altpll_component|pll|clk[0]                                   ; ddfs:inst15|freq_divider_DDFS:f_div_inst|count[19]                 ; false path ; 0          ; false path ; 0        ;
; CLOCK_50                                                           ; inst|altpll_component|pll|clk[0]                                   ; false path ; 0          ; 0          ; 0        ;
; ddfs:inst15|freq_divider_DDFS:f_div_inst|count[19]                 ; inst|altpll_component|pll|clk[0]                                   ; false path ; false path ; 0          ; 0        ;
; inst|altpll_component|pll|clk[0]                                   ; inst|altpll_component|pll|clk[0]                                   ; 10159      ; 0          ; 0          ; 0        ;
; keypad_freq_sel_module:inst1|freq_divider_keypad_module:freq_div|q ; inst|altpll_component|pll|clk[0]                                   ; false path ; 0          ; 0          ; 0        ;
; CLOCK_50                                                           ; keypad_freq_sel_module:inst1|freq_divider_keypad_module:freq_div|q ; false path ; 0          ; false path ; 0        ;
; keypad_freq_sel_module:inst1|freq_divider_keypad_module:freq_div|q ; keypad_freq_sel_module:inst1|freq_divider_keypad_module:freq_div|q ; 26328      ; 0          ; 0          ; 0        ;
+--------------------------------------------------------------------+--------------------------------------------------------------------+------------+------------+------------+----------+
Entries labeled "false path" only account for clock-to-clock false paths and not path-based false paths. As a result, actual path counts may be lower than reported.


+-------------------------------------------------------------------------------------------------------------+
; Recovery Transfers                                                                                          ;
+------------+----------------------------------------------------+----------+----------+----------+----------+
; From Clock ; To Clock                                           ; RR Paths ; FR Paths ; RF Paths ; FF Paths ;
+------------+----------------------------------------------------+----------+----------+----------+----------+
; CLOCK_50   ; ddfs:inst15|freq_divider_DDFS:f_div_inst|count[19] ; 12       ; 0        ; 0        ; 0        ;
+------------+----------------------------------------------------+----------+----------+----------+----------+
Entries labeled "false path" only account for clock-to-clock false paths and not path-based false paths. As a result, actual path counts may be lower than reported.


+-------------------------------------------------------------------------------------------------------------+
; Removal Transfers                                                                                           ;
+------------+----------------------------------------------------+----------+----------+----------+----------+
; From Clock ; To Clock                                           ; RR Paths ; FR Paths ; RF Paths ; FF Paths ;
+------------+----------------------------------------------------+----------+----------+----------+----------+
; CLOCK_50   ; ddfs:inst15|freq_divider_DDFS:f_div_inst|count[19] ; 12       ; 0        ; 0        ; 0        ;
+------------+----------------------------------------------------+----------+----------+----------+----------+
Entries labeled "false path" only account for clock-to-clock false paths and not path-based false paths. As a result, actual path counts may be lower than reported.


---------------
; Report TCCS ;
---------------
No dedicated SERDES Transmitter circuitry present in device or used in design


---------------
; Report RSKM ;
---------------
No dedicated SERDES Receiver circuitry present in device or used in design


+------------------------------------------------+
; Unconstrained Paths                            ;
+---------------------------------+-------+------+
; Property                        ; Setup ; Hold ;
+---------------------------------+-------+------+
; Illegal Clocks                  ; 0     ; 0    ;
; Unconstrained Clocks            ; 0     ; 0    ;
; Unconstrained Input Ports       ; 0     ; 0    ;
; Unconstrained Input Port Paths  ; 0     ; 0    ;
; Unconstrained Output Ports      ; 0     ; 0    ;
; Unconstrained Output Port Paths ; 0     ; 0    ;
+---------------------------------+-------+------+


+------------------------------------+
; TimeQuest Timing Analyzer Messages ;
+------------------------------------+
Info: *******************************************************************
Info: Running Quartus II 64-Bit TimeQuest Timing Analyzer
    Info: Version 13.0.1 Build 232 06/12/2013 Service Pack 1 SJ Web Edition
    Info: Processing started: Tue Dec 23 19:05:27 2025
Info: Command: quartus_sta main_function_generator -c main_function_generator
Info: qsta_default_script.tcl version: #1
Warning (20028): Parallel compilation is not licensed and has been disabled
Info (21077): Low junction temperature is 0 degrees C
Info (21077): High junction temperature is 85 degrees C
Info (332104): Reading SDC File: 'main_function_generator.out.sdc'
Critical Warning (332012): Synopsys Design Constraints File file not found: 'main_function_generator.sdc'. A Synopsys Design Constraints File is required by the TimeQuest Timing Analyzer to get proper timing constraints. Without it, the Compiler will not properly optimize the design.
Info: Found TIMEQUEST_REPORT_SCRIPT_INCLUDE_DEFAULT_ANALYSIS = ON
Info: Analyzing Slow Model
Info (332146): Worst-case setup slack is 2.352
    Info (332119):     Slack End Point TNS Clock 
    Info (332119): ========= ============= =====================
    Info (332119):     2.352         0.000 ddfs:inst15|freq_divider_DDFS:f_div_inst|count[19] 
    Info (332119):     2.800         0.000 inst|altpll_component|pll|clk[0] 
    Info (332119):     3.567         0.000 CLOCK_50 
    Info (332119):     4.774         0.000 keypad_freq_sel_module:inst1|freq_divider_keypad_module:freq_div|q 
Info (332146): Worst-case hold slack is 0.391
    Info (332119):     Slack End Point TNS Clock 
    Info (332119): ========= ============= =====================
    Info (332119):     0.391         0.000 CLOCK_50 
    Info (332119):     0.391         0.000 keypad_freq_sel_module:inst1|freq_divider_keypad_module:freq_div|q 
    Info (332119):     0.520         0.000 inst|altpll_component|pll|clk[0] 
    Info (332119):     1.200         0.000 ddfs:inst15|freq_divider_DDFS:f_div_inst|count[19] 
Info (332146): Worst-case recovery slack is 16.595
    Info (332119):     Slack End Point TNS Clock 
    Info (332119): ========= ============= =====================
    Info (332119):    16.595         0.000 ddfs:inst15|freq_divider_DDFS:f_div_inst|count[19] 
Info (332146): Worst-case removal slack is 3.153
    Info (332119):     Slack End Point TNS Clock 
    Info (332119): ========= ============= =====================
    Info (332119):     3.153         0.000 ddfs:inst15|freq_divider_DDFS:f_div_inst|count[19] 
Info (332146): Worst-case minimum pulse width slack is 4.000
    Info (332119):     Slack End Point TNS Clock 
    Info (332119): ========= ============= =====================
    Info (332119):     4.000         0.000 inst|altpll_component|pll|clk[0] 
    Info (332119):     8.077         0.000 CLOCK_50 
    Info (332119):     8.077         0.000 ddfs:inst15|freq_divider_DDFS:f_div_inst|count[19] 
    Info (332119):     9.000         0.000 keypad_freq_sel_module:inst1|freq_divider_keypad_module:freq_div|q 
Info (332001): The selected device family is not supported by the report_metastability command.
Info: Analyzing Fast Model
Info (332146): Worst-case setup slack is 4.999
    Info (332119):     Slack End Point TNS Clock 
    Info (332119): ========= ============= =====================
    Info (332119):     4.999         0.000 ddfs:inst15|freq_divider_DDFS:f_div_inst|count[19] 
    Info (332119):     6.783         0.000 inst|altpll_component|pll|clk[0] 
    Info (332119):     8.486         0.000 CLOCK_50 
    Info (332119):     9.764         0.000 keypad_freq_sel_module:inst1|freq_divider_keypad_module:freq_div|q 
Info (332146): Worst-case hold slack is 0.215
    Info (332119):     Slack End Point TNS Clock 
    Info (332119): ========= ============= =====================
    Info (332119):     0.215         0.000 CLOCK_50 
    Info (332119):     0.215         0.000 keypad_freq_sel_module:inst1|freq_divider_keypad_module:freq_div|q 
    Info (332119):     0.240         0.000 inst|altpll_component|pll|clk[0] 
    Info (332119):     0.520         0.000 ddfs:inst15|freq_divider_DDFS:f_div_inst|count[19] 
Info (332146): Worst-case recovery slack is 18.200
    Info (332119):     Slack End Point TNS Clock 
    Info (332119): ========= ============= =====================
    Info (332119):    18.200         0.000 ddfs:inst15|freq_divider_DDFS:f_div_inst|count[19] 
Info (332146): Worst-case removal slack is 1.671
    Info (332119):     Slack End Point TNS Clock 
    Info (332119): ========= ============= =====================
    Info (332119):     1.671         0.000 ddfs:inst15|freq_divider_DDFS:f_div_inst|count[19] 
Info (332146): Worst-case minimum pulse width slack is 4.000
    Info (332119):     Slack End Point TNS Clock 
    Info (332119): ========= ============= =====================
    Info (332119):     4.000         0.000 inst|altpll_component|pll|clk[0] 
    Info (332119):     8.077         0.000 CLOCK_50 
    Info (332119):     8.077         0.000 ddfs:inst15|freq_divider_DDFS:f_div_inst|count[19] 
    Info (332119):     9.000         0.000 keypad_freq_sel_module:inst1|freq_divider_keypad_module:freq_div|q 
Info (332001): The selected device family is not supported by the report_metastability command.
Info (332101): Design is fully constrained for setup requirements
Info (332101): Design is fully constrained for hold requirements
Info: Quartus II 64-Bit TimeQuest Timing Analyzer was successful. 0 errors, 2 warnings
    Info: Peak virtual memory: 4626 megabytes
    Info: Processing ended: Tue Dec 23 19:05:29 2025
    Info: Elapsed time: 00:00:02
    Info: Total CPU time (on all processors): 00:00:02


